activity,screen_name,module,module_name,feature,route_id,clone_decision,target_layer,risk_tags
com.caike.lomo.wxapi.WXEntryActivity,WXEntryActivity,wechat,微信适配,微信适配,w-x-entry,CLONE_1_TO_1,game,
com.caike.ticket.modules.friend.ui.InviteLogsActivity,InviteLogsActivity,com.caike.ticket.modules.friend,邀请裂变,邀请/社交,invite-logs,CLONE_1_TO_1,game,invite_reward
com.caike.ticket.modules.friend.ui.ChannelActivity,ChannelActivity,com.caike.ticket.modules.friend,邀请裂变,邀请/社交,channel,CLONE_1_TO_1,game,invite_reward
com.caike.ticket.modules.friend.ui.ProfitLogsActivity,ProfitLogsActivity,com.caike.ticket.modules.friend,邀请裂变,邀请/社交,profit-logs,CLONE_1_TO_1,game,invite_reward
com.caike.ticket.modules.friend.ui.ChannelInviteActivity,ChannelInviteActivity,com.caike.ticket.modules.friend,邀请裂变,邀请/社交,channel-invite,CLONE_1_TO_1,game,invite_reward
com.caike.ticket.modules.friend.ui.FriendCashRewardActivity,FriendCashRewardActivity,com.caike.ticket.modules.friend,邀请裂变,提现/结算,friend-cash-reward,UI_CLONE_TEST_ONLY_SETTLEMENT_DISABLED,game,payment;invite_reward
com.caike.ticket.modules.friend.ui.FriendLotteryRewardActivity,FriendLotteryRewardActivity,com.caike.ticket.modules.friend,邀请裂变,抽签/抽奖,friend-lottery-reward,CLONE_1_TO_1,game,random_reward;invite_reward
com.caike.ticket.modules.friend.ui.FriendPropRewardActivity,FriendPropRewardActivity,com.caike.ticket.modules.friend,邀请裂变,邀请/社交,friend-prop-reward,CLONE_1_TO_1,game,invite_reward
com.caike.ticket.modules.friend.ui.FriendActivity,FriendActivity,com.caike.ticket.modules.friend,邀请裂变,邀请/社交,friend,CLONE_1_TO_1,game,invite_reward
com.caike.ticket.modules.friend.ui.FriendTideRewardActivity,FriendTideRewardActivity,com.caike.ticket.modules.friend,邀请裂变,邀请/社交,friend-tide-reward,CLONE_1_TO_1,game,invite_reward
com.caike.ticket.modules.friend.ui.FriendTideCashRewardActivity,FriendTideCashRewardActivity,com.caike.ticket.modules.friend,邀请裂变,提现/结算,friend-tide-cash-reward,UI_CLONE_TEST_ONLY_SETTLEMENT_DISABLED,game,payment;invite_reward
com.caike.ticket.modules.friend.ui.FriendTideBlankRewardActivity,FriendTideBlankRewardActivity,com.caike.ticket.modules.friend,邀请裂变,邀请/社交,friend-tide-blank-reward,CLONE_1_TO_1,game,invite_reward
com.caike.ticket.modules.mine.ui.BalanceActivity,BalanceActivity,com.caike.ticket.modules.mine,我的/钱包,钱包/资产,balance,CLONE_1_TO_1,game,payment
com.caike.ticket.modules.mine.ui.SettingActivity,SettingActivity,com.caike.ticket.modules.mine,我的/钱包,系统/客服,setting,CLONE_1_TO_1,game,
com.caike.ticket.modules.mine.ui.InviterActivity,InviterActivity,com.caike.ticket.modules.mine,我的/钱包,邀请/社交,inviter,CLONE_1_TO_1,game,invite_reward
com.caike.ticket.modules.mine.ui.AboutUsActivity,AboutUsActivity,com.caike.ticket.modules.mine,我的/钱包,系统/客服,about-us,CLONE_1_TO_1,game,
com.caike.ticket.modules.mine.ui.PrivateActivity,PrivateActivity,com.caike.ticket.modules.mine,我的/钱包,系统/客服,private,CLONE_1_TO_1,game,
com.caike.ticket.modules.mine.ui.SocialInformationActivity,SocialInformationActivity,com.caike.ticket.modules.mine,我的/钱包,我的/钱包,social-information,CLONE_1_TO_1,game,
com.caike.ticket.modules.mine.ui.BindPhoneActivity,BindPhoneActivity,com.caike.ticket.modules.mine,我的/钱包,账号/身份,bind-phone,CLONE_1_TO_1,game,identity
com.caike.ticket.modules.mine.ui.CertificationActivity,CertificationActivity,com.caike.ticket.modules.mine,我的/钱包,账号/身份,certification,CLONE_1_TO_1,game,identity
com.caike.ticket.modules.mine.ui.BalanceLogsActivity,BalanceLogsActivity,com.caike.ticket.modules.mine,我的/钱包,钱包/资产,balance-logs,CLONE_1_TO_1,game,payment
com.caike.ticket.modules.mine.ui.InviteCodeActivity,InviteCodeActivity,com.caike.ticket.modules.mine,我的/钱包,邀请/社交,invite-code,CLONE_1_TO_1,game,invite_reward
com.caike.ticket.modules.mine.ui.EmptyActivity,EmptyActivity,com.caike.ticket.modules.mine,我的/钱包,我的/钱包,empty,CLONE_1_TO_1,game,
com.caike.ticket.modules.mine.ui.OnlineServiceActivity,OnlineServiceActivity,com.caike.ticket.modules.mine,我的/钱包,系统/客服,online-service,CLONE_1_TO_1,game,
com.caike.ticket.modules.mine.ui.CashResultActivity,CashResultActivity,com.caike.ticket.modules.mine,我的/钱包,提现/结算,cash-result,UI_CLONE_TEST_ONLY_SETTLEMENT_DISABLED,game,payment
com.caike.ticket.modules.mine.ui.ElectricityActivity,ElectricityActivity,com.caike.ticket.modules.mine,我的/钱包,我的/钱包,electricity,CLONE_1_TO_1,game,
com.caike.ticket.modules.mine.ui.CoinQuestionActivity,CoinQuestionActivity,com.caike.ticket.modules.mine,我的/钱包,钱包/资产,coin-question,CLONE_1_TO_1,game,payment
com.caike.ticket.modules.mine.ui.QuestionAnswerActivity,QuestionAnswerActivity,com.caike.ticket.modules.mine,我的/钱包,我的/钱包,question-answer,CLONE_1_TO_1,game,
com.caike.ticket.modules.mine.ui.CoinActivity,CoinActivity,com.caike.ticket.modules.mine,我的/钱包,钱包/资产,coin,CLONE_1_TO_1,game,payment
com.caike.ticket.modules.mine.ui.CoinLogsActivity,CoinLogsActivity,com.caike.ticket.modules.mine,我的/钱包,钱包/资产,coin-logs,CLONE_1_TO_1,game,payment
com.caike.ticket.modules.mine.ui.CoinCashActivity,CoinCashActivity,com.caike.ticket.modules.mine,我的/钱包,钱包/资产,coin-cash,UI_CLONE_TEST_ONLY_SETTLEMENT_DISABLED,game,payment
com.caike.ticket.modules.mine.ui.CoinSendActivity,CoinSendActivity,com.caike.ticket.modules.mine,我的/钱包,钱包/资产,coin-send,CLONE_1_TO_1,game,payment
com.caike.ticket.modules.mine.ui.WalletActivity,WalletActivity,com.caike.ticket.modules.mine,我的/钱包,钱包/资产,wallet,CLONE_1_TO_1,game,payment
com.caike.ticket.modules.mine.ui.GiftSuccessActivity,GiftSuccessActivity,com.caike.ticket.modules.mine,我的/钱包,我的/钱包,gift-success,CLONE_1_TO_1,game,
com.caike.ticket.modules.mine.ui.AvatarActivity,AvatarActivity,com.caike.ticket.modules.mine,我的/钱包,我的/钱包,avatar,CLONE_1_TO_1,game,
com.caike.ticket.modules.mine.ui.NicknameActivity,NicknameActivity,com.caike.ticket.modules.mine,我的/钱包,我的/钱包,nickname,CLONE_1_TO_1,game,
com.caike.ticket.modules.mine.ui.CoinAppActivity,CoinAppActivity,com.caike.ticket.modules.mine,我的/钱包,钱包/资产,coin-app,CLONE_1_TO_1,game,payment
com.caike.ticket.modules.mine.ui.MoreAppActivity,MoreAppActivity,com.caike.ticket.modules.mine,我的/钱包,黄金矿场,more-app,CLONE_1_TO_1,game,
com.caike.ticket.modules.mine.ui.NewCoinActivity,NewCoinActivity,com.caike.ticket.modules.mine,我的/钱包,钱包/资产,new-coin,CLONE_1_TO_1,game,payment
com.caike.ticket.modules.mine.ui.WithdrawalMainActivity,WithdrawalMainActivity,com.caike.ticket.modules.mine,我的/钱包,抽签/抽奖,withdrawal-main,UI_CLONE_TEST_ONLY_SETTLEMENT_DISABLED,game,payment;random_reward
com.caike.ticket.modules.mine.ui.UnbindPhoneActivity,UnbindPhoneActivity,com.caike.ticket.modules.mine,我的/钱包,账号/身份,unbind-phone,CLONE_1_TO_1,game,identity
com.caike.ticket.modules.mine.ui.CardActivity,CardActivity,com.caike.ticket.modules.mine,我的/钱包,卡牌/闪卡,card,CLONE_1_TO_1,game,card_virtual
com.caike.ticket.modules.mine.ui.CoinCashLogsActivity,CoinCashLogsActivity,com.caike.ticket.modules.mine,我的/钱包,钱包/资产,coin-cash-logs,UI_CLONE_TEST_ONLY_SETTLEMENT_DISABLED,game,payment
com.caike.ticket.modules.mine.ui.TideInviteCodeActivity,TideInviteCodeActivity,com.caike.ticket.modules.mine,我的/钱包,邀请/社交,tide-invite-code,CLONE_1_TO_1,game,invite_reward
com.caike.ticket.modules.mine.ui.TideInviterActivity,TideInviterActivity,com.caike.ticket.modules.mine,我的/钱包,邀请/社交,tide-inviter,CLONE_1_TO_1,game,invite_reward
com.caike.ticket.modules.mine.ui.TideSettingActivity,TideSettingActivity,com.caike.ticket.modules.mine,我的/钱包,系统/客服,tide-setting,CLONE_1_TO_1,game,
com.caike.ticket.modules.mine.ui.LomoAccountSecurityActivity,LomoAccountSecurityActivity,com.caike.ticket.modules.mine,我的/钱包,我的/钱包,lomo-account-security,CLONE_1_TO_1,game,identity
com.caike.ticket.modules.mine.ui.LomoAccountSecurityPayLogActivity,LomoAccountSecurityPayLogActivity,com.caike.ticket.modules.mine,我的/钱包,我的/钱包,lomo-account-security-pay-log,CLONE_1_TO_1,game,payment;identity
com.caike.ticket.modules.mine.ui.LomoDeviceDetailActivity,LomoDeviceDetailActivity,com.caike.ticket.modules.mine,我的/钱包,我的/钱包,lomo-device-detail,CLONE_1_TO_1,game,
com.caike.ticket.modules.mine.ui.MyEmptyModelActivity,MyEmptyModelActivity,com.caike.ticket.modules.mine,我的/钱包,我的/钱包,my-empty-model,CLONE_1_TO_1,game,
com.caike.ticket.modules.mine.ui.WhiteModelTradeMarketActivity,WhiteModelTradeMarketActivity,com.caike.ticket.modules.mine,我的/钱包,交易/寄售,white-model-trade-market,CLONE_1_TO_1,game,auction_trade
com.caike.ticket.modules.mine.ui.WhiteModelGiftActivity,WhiteModelGiftActivity,com.caike.ticket.modules.mine,我的/钱包,我的/钱包,white-model-gift,CLONE_1_TO_1,game,
com.caike.ticket.modules.mine.ui.MyEmptyModelRecordActivity,MyEmptyModelRecordActivity,com.caike.ticket.modules.mine,我的/钱包,我的/钱包,my-empty-model-record,CLONE_1_TO_1,game,
com.caike.ticket.modules.mine.ui.WhiteModelTradeRecordActivity,WhiteModelTradeRecordActivity,com.caike.ticket.modules.mine,我的/钱包,交易/寄售,white-model-trade-record,CLONE_1_TO_1,game,auction_trade
com.caike.ticket.modules.mine.ui.ServiceProviderActivity,ServiceProviderActivity,com.caike.ticket.modules.mine,我的/钱包,系统/客服,service-provider,CLONE_1_TO_1,game,
com.caike.ticket.modules.mine.ui.ServiceRecordActivity,ServiceRecordActivity,com.caike.ticket.modules.mine,我的/钱包,系统/客服,service-record,CLONE_1_TO_1,game,
com.caike.ticket.modules.mine.ui.BusinessOrderActivity,BusinessOrderActivity,com.caike.ticket.modules.mine,我的/钱包,商城/订单,business-order,CLONE_COMMERCE_FLOW_WITH_PAYMENT_ADAPTER,game,auction_trade;ecommerce
com.caike.ticket.modules.mine.ui.LomoMyCoinsActivity,LomoMyCoinsActivity,com.caike.ticket.modules.mine,我的/钱包,钱包/资产,lomo-my-coins,CLONE_1_TO_1,game,payment
com.caike.ticket.modules.mine.ui.MyAuctionActivity,MyAuctionActivity,com.caike.ticket.modules.mine,我的/钱包,竞拍,my-auction,CLONE_1_TO_1,game,auction_trade
com.caike.ticket.modules.mine.ui.AuctionRecordActivity,AuctionRecordActivity,com.caike.ticket.modules.mine,我的/钱包,竞拍,auction-record,CLONE_1_TO_1,game,auction_trade
com.caike.ticket.modules.mine.ui.AuctionBusinessActivity,AuctionBusinessActivity,com.caike.ticket.modules.mine,我的/钱包,竞拍,auction-business,CLONE_1_TO_1,game,auction_trade
com.caike.ticket.modules.mine.ui.AuctionSuccessActivity,AuctionSuccessActivity,com.caike.ticket.modules.mine,我的/钱包,竞拍,auction-success,CLONE_1_TO_1,game,auction_trade
com.caike.ticket.modules.mine.ui.LogisticsActivity,LogisticsActivity,com.caike.ticket.modules.mine,我的/钱包,商城/订单,logistics,CLONE_1_TO_1,game,ecommerce
com.caike.ticket.modules.mine.ui.NdtuExchangeCenterActivity,NdtuExchangeCenterActivity,com.caike.ticket.modules.mine,我的/钱包,我的/钱包,ndtu-exchange-center,CLONE_1_TO_1,game,
com.caike.ticket.modules.mine.ui.TradedOrderCoinActivity,TradedOrderCoinActivity,com.caike.ticket.modules.mine,我的/钱包,交易/寄售,traded-order-coin,CLONE_1_TO_1,game,payment;auction_trade;ecommerce
com.caike.ticket.modules.mine.ui.MyIntegralActivity,MyIntegralActivity,com.caike.ticket.modules.mine,我的/钱包,钱包/资产,my-integral,CLONE_1_TO_1,game,card_virtual
com.caike.ticket.modules.main.ui.SplashActivity,SplashActivity,com.caike.ticket.modules.main,账号/登录,账号/登录,splash,CLONE_1_TO_1,game,
com.caike.ticket.modules.main.ui.login.LoginActivity,LoginActivity,com.caike.ticket.modules.main,账号/登录,账号/身份,login,CLONE_1_TO_1,game,identity
com.caike.ticket.modules.main.ui.login.AccountLoginActivity,AccountLoginActivity,com.caike.ticket.modules.main,账号/登录,账号/身份,account-login,CLONE_1_TO_1,game,identity
com.caike.ticket.modules.main.ui.WebActivity,WebActivity,com.caike.ticket.modules.main,账号/登录,账号/登录,web,CLONE_1_TO_1,game,web
com.caike.ticket.modules.main.ui.AuthActivity,AuthActivity,com.caike.ticket.modules.main,账号/登录,账号/身份,auth,CLONE_1_TO_1,game,
com.caike.ticket.modules.main.ui.RouterActivity,RouterActivity,com.caike.ticket.modules.main,账号/登录,账号/登录,router,CLONE_1_TO_1,game,
com.caike.ticket.modules.main.ui.BrowserRouterActivity,BrowserRouterActivity,com.caike.ticket.modules.main,账号/登录,账号/登录,browser-router,CLONE_1_TO_1,game,web
com.caike.ticket.modules.main.ui.LocalWebActivity,LocalWebActivity,com.caike.ticket.modules.main,账号/登录,账号/登录,local-web,CLONE_1_TO_1,game,web
com.caike.ticket.modules.main.ui.UpdateActivity,UpdateActivity,com.caike.ticket.modules.main,账号/登录,账号/登录,update,CLONE_1_TO_1,game,
com.caike.ticket.modules.main.ui.CertVerifyActivity,CertVerifyActivity,com.caike.ticket.modules.main,账号/登录,账号/身份,cert-verify,CLONE_1_TO_1,game,identity
com.caike.ticket.modules.main.ui.FaceVerifyActivity,FaceVerifyActivity,com.caike.ticket.modules.main,账号/登录,账号/身份,face-verify,CLONE_1_TO_1,game,identity
com.caike.ticket.modules.main.ui.LomoAccountSecurityCertVerifyActivity,LomoAccountSecurityCertVerifyActivity,com.caike.ticket.modules.main,账号/登录,账号/身份,lomo-account-security-cert-verify,CLONE_1_TO_1,game,identity
com.caike.ticket.modules.main.ui.LomoAccountSecurityFaceVerifyActivity,LomoAccountSecurityFaceVerifyActivity,com.caike.ticket.modules.main,账号/登录,账号/身份,lomo-account-security-face-verify,CLONE_1_TO_1,game,identity
com.caike.ticket.modules.main.ui.login.AccountLoginActivityLomo,AccountLoginActivityLomo,com.caike.ticket.modules.main,账号/登录,账号/身份,account-login-activity-lomo,CLONE_1_TO_1,game,identity
com.caike.ticket.modules.main.ui.CertVerifyResultActivity,CertVerifyResultActivity,com.caike.ticket.modules.main,账号/登录,账号/身份,cert-verify-result,CLONE_1_TO_1,game,identity
com.caike.lomo.modules.mall.ui.FlashGoodsDetailsActivity,FlashGoodsDetailsActivity,com.caike.lomo.modules.mall,商城/卡牌,商城/订单,flash-goods-details,CLONE_1_TO_1,game,ecommerce
com.caike.lomo.modules.mall.ui.FlashOrderDetailsActivity,FlashOrderDetailsActivity,com.caike.lomo.modules.mall,商城/卡牌,商城/订单,flash-order-details,CLONE_COMMERCE_FLOW_WITH_PAYMENT_ADAPTER,game,ecommerce
com.caike.lomo.modules.mall.ui.FlashBagDetailsActivity,FlashBagDetailsActivity,com.caike.lomo.modules.mall,商城/卡牌,商城/卡牌,flash-bag-details,CLONE_1_TO_1,game,ecommerce
com.caike.lomo.modules.mall.ui.ExchangePrizeLogActivity,ExchangePrizeLogActivity,com.caike.lomo.modules.mall,商城/卡牌,商城/卡牌,exchange-prize-log,CLONE_1_TO_1,game,ecommerce
com.caike.lomo.modules.mall.ui.ExchangePrizeSuccessActivity,ExchangePrizeSuccessActivity,com.caike.lomo.modules.mall,商城/卡牌,商城/卡牌,exchange-prize-success,CLONE_1_TO_1,game,ecommerce
com.caike.lomo.modules.mall.ui.CashPrizeActivity,CashPrizeActivity,com.caike.lomo.modules.mall,商城/卡牌,提现/结算,cash-prize,CLONE_1_TO_1,game,payment;ecommerce
com.caike.lomo.modules.mall.ui.GoldCardActivity,GoldCardActivity,com.caike.lomo.modules.mall,商城/卡牌,黄金矿场,gold-card,CLONE_1_TO_1,game,card_virtual;ecommerce
com.caike.lomo.modules.mall.ui.CollectCardSeriesActivity,CollectCardSeriesActivity,com.caike.lomo.modules.mall,商城/卡牌,卡牌/闪卡,collect-card-series,CLONE_1_TO_1,game,card_virtual;ecommerce
com.caike.lomo.modules.mall.ui.CollectCardActivity,CollectCardActivity,com.caike.lomo.modules.mall,商城/卡牌,卡牌/闪卡,collect-card,CLONE_1_TO_1,game,card_virtual;ecommerce
com.caike.lomo.modules.mall.ui.DetachBoxDetailsActivity,DetachBoxDetailsActivity,com.caike.lomo.modules.mall,商城/卡牌,盲盒/福袋,detach-box-details,CLONE_1_TO_1,game,random_reward;ecommerce
com.caike.lomo.modules.mall.ui.DetachRecordActivity,DetachRecordActivity,com.caike.lomo.modules.mall,商城/卡牌,商城/卡牌,detach-record,CLONE_1_TO_1,game,ecommerce
com.caike.lomo.modules.mall.ui.MyCardLibraryActivity,MyCardLibraryActivity,com.caike.lomo.modules.mall,商城/卡牌,卡牌/闪卡,my-card-library,CLONE_1_TO_1,game,card_virtual;ecommerce
com.caike.lomo.modules.mall.ui.DetachBagResultActivity,DetachBagResultActivity,com.caike.lomo.modules.mall,商城/卡牌,商城/卡牌,detach-bag-result,CLONE_1_TO_1,game,ecommerce
com.caike.lomo.modules.mall.ui.DetachBagActivity,DetachBagActivity,com.caike.lomo.modules.mall,商城/卡牌,商城/卡牌,detach-bag,CLONE_1_TO_1,game,ecommerce
com.caike.lomo.modules.mall.ui.WithdrawalRecordActivity,WithdrawalRecordActivity,com.caike.lomo.modules.mall,商城/卡牌,抽签/抽奖,withdrawal-record,UI_CLONE_TEST_ONLY_SETTLEMENT_DISABLED,game,payment;random_reward;ecommerce
com.caike.lomo.modules.mall.ui.TransReleaseActivity,TransReleaseActivity,com.caike.lomo.modules.mall,商城/卡牌,商城/卡牌,trans-release,CLONE_1_TO_1,game,ecommerce
com.caike.lomo.modules.mall.ui.CopyrightSaleActivity,CopyrightSaleActivity,com.caike.lomo.modules.mall,商城/卡牌,交易/寄售,copyright-sale,CLONE_1_TO_1,game,ecommerce
com.caike.lomo.modules.mall.ui.CopyrightProfitDetailActivity,CopyrightProfitDetailActivity,com.caike.lomo.modules.mall,商城/卡牌,邀请/社交,copyright-profit-detail,CLONE_1_TO_1,game,ecommerce;invite_reward
com.caike.lomo.modules.mall.ui.CopyrightIncomeDetailActivity,CopyrightIncomeDetailActivity,com.caike.lomo.modules.mall,商城/卡牌,IP/设计师,copyright-income-detail,CLONE_1_TO_1,game,ecommerce
com.caike.lomo.modules.mall.ui.ConfirmCopyrightOrderActivity,ConfirmCopyrightOrderActivity,com.caike.lomo.modules.mall,商城/卡牌,IP/设计师,confirm-copyright-order,CLONE_COMMERCE_FLOW_WITH_PAYMENT_ADAPTER,game,ecommerce
com.caike.lomo.modules.mall.ui.CopyrightPaySuccessActivity,CopyrightPaySuccessActivity,com.caike.lomo.modules.mall,商城/卡牌,IP/设计师,copyright-pay-success,CLONE_1_TO_1,game,payment;ecommerce
com.caike.lomo.modules.mall.ui.MyCopyrightActivity,MyCopyrightActivity,com.caike.lomo.modules.mall,商城/卡牌,IP/设计师,my-copyright,CLONE_1_TO_1,game,ecommerce
com.caike.lomo.modules.mall.ui.CopyrightOrderDetailActivity,CopyrightOrderDetailActivity,com.caike.lomo.modules.mall,商城/卡牌,IP/设计师,copyright-order-detail,CLONE_COMMERCE_FLOW_WITH_PAYMENT_ADAPTER,game,ecommerce
com.caike.lomo.modules.mall.ui.IpJointlyActivity,IpJointlyActivity,com.caike.lomo.modules.mall,商城/卡牌,商城/卡牌,ip-jointly,CLONE_1_TO_1,game,ecommerce
com.caike.lomo.modules.mall.ui.CopyrightProductionActivity,CopyrightProductionActivity,com.caike.lomo.modules.mall,商城/卡牌,IP/设计师,copyright-production,CLONE_1_TO_1,game,ecommerce
com.caike.lomo.modules.mall.ui.TransactionDetailsActivity,TransactionDetailsActivity,com.caike.lomo.modules.mall,商城/卡牌,商城/卡牌,transaction-details,CLONE_1_TO_1,game,ecommerce
com.caike.lomo.modules.mall.ui.DetachDemoBagResultActivity,DetachDemoBagResultActivity,com.caike.lomo.modules.mall,商城/卡牌,商城/卡牌,detach-demo-bag-result,CLONE_1_TO_1,game,ecommerce
com.caike.lomo.modules.ape.ui.ApeStoneLogsActivity,ApeStoneLogsActivity,com.caike.lomo.modules.ape,猿宇宙,猿石/矿石,ape-stone-logs,CLONE_1_TO_1,game,card_virtual;game
com.caike.lomo.modules.mall.ui.GoldRabbitDeliveryActivity,GoldRabbitDeliveryActivity,com.caike.lomo.modules.mall,商城/卡牌,黄金矿场,gold-rabbit-delivery,CLONE_1_TO_1,game,card_virtual;ecommerce
com.caike.lomo.modules.home.ui.BattleRoyalActivity,BattleRoyalActivity,com.caike.lomo.modules.home,主城/潮玩主页,大逃杀,battle-royal,CLONE_1_TO_1,game,game
com.caike.lomo.modules.home.ui.BettingHistoryActivity,BettingHistoryActivity,com.caike.lomo.modules.home,主城/潮玩主页,大逃杀,betting-history,CLONE_1_TO_1,game,random_reward
com.caike.lomo.modules.home.ui.DepositOrderActivity,DepositOrderActivity,com.caike.lomo.modules.home,主城/潮玩主页,商城/订单,deposit-order,CLONE_COMMERCE_FLOW_WITH_PAYMENT_ADAPTER,game,ecommerce
com.caike.lomo.modules.home.ui.DepositExtendActivity,DepositExtendActivity,com.caike.lomo.modules.home,主城/潮玩主页,主城/潮玩主页,deposit-extend,CLONE_1_TO_1,game,
com.caike.lomo.modules.home.ui.DepositToysActivity,DepositToysActivity,com.caike.lomo.modules.home,主城/潮玩主页,主城/潮玩主页,deposit-toys,CLONE_1_TO_1,game,
com.caike.lomo.modules.home.ui.MainActivity,MainActivity,com.caike.lomo.modules.home,主城/潮玩主页,主城/潮玩主页,main,CLONE_1_TO_1,game,
com.caike.lomo.modules.home.ui.LomoOrderActivity,LomoOrderActivity,com.caike.lomo.modules.home,主城/潮玩主页,商城/订单,lomo-order,CLONE_COMMERCE_FLOW_WITH_PAYMENT_ADAPTER,game,ecommerce
com.caike.lomo.modules.home.ui.ShoppingCartActivity,ShoppingCartActivity,com.caike.lomo.modules.home,主城/潮玩主页,主城/潮玩主页,shopping-cart,CLONE_COMMERCE_FLOW_WITH_PAYMENT_ADAPTER,game,ecommerce
com.caike.lomo.modules.home.ui.ConfirmOrderActivity,ConfirmOrderActivity,com.caike.lomo.modules.home,主城/潮玩主页,商城/订单,confirm-order,CLONE_COMMERCE_FLOW_WITH_PAYMENT_ADAPTER,game,ecommerce
com.caike.lomo.modules.home.ui.GoodsDetailsActivity,GoodsDetailsActivity,com.caike.lomo.modules.home,主城/潮玩主页,商城/订单,goods-details,CLONE_1_TO_1,game,ecommerce
com.caike.lomo.modules.home.ui.OrderDetailsActivity,OrderDetailsActivity,com.caike.lomo.modules.home,主城/潮玩主页,商城/订单,order-details,CLONE_COMMERCE_FLOW_WITH_PAYMENT_ADAPTER,game,ecommerce
com.caike.lomo.modules.home.ui.ReadyPayActivity,ReadyPayActivity,com.caike.lomo.modules.home,主城/潮玩主页,主城/潮玩主页,ready-pay,CLONE_COMMERCE_FLOW_WITH_PAYMENT_ADAPTER,game,payment
com.caike.lomo.modules.home.ui.PayActivity,PayActivity,com.caike.lomo.modules.home,主城/潮玩主页,主城/潮玩主页,pay,CLONE_COMMERCE_FLOW_WITH_PAYMENT_ADAPTER,game,payment
com.caike.lomo.modules.home.ui.LomoAddressActivity,LomoAddressActivity,com.caike.lomo.modules.home,主城/潮玩主页,商城/订单,lomo-address,CLONE_1_TO_1,game,ecommerce
com.caike.lomo.modules.home.ui.LomoEditAddressActivity,LomoEditAddressActivity,com.caike.lomo.modules.home,主城/潮玩主页,商城/订单,lomo-edit-address,CLONE_1_TO_1,game,ecommerce
com.caike.lomo.modules.home.ui.SearchActivity,SearchActivity,com.caike.lomo.modules.home,主城/潮玩主页,主城/潮玩主页,search,CLONE_1_TO_1,game,
com.caike.lomo.modules.home.ui.PaymentStatusActivity,PaymentStatusActivity,com.caike.lomo.modules.home,主城/潮玩主页,主城/潮玩主页,payment-status,CLONE_COMMERCE_FLOW_WITH_PAYMENT_ADAPTER,game,payment
com.caike.lomo.modules.home.ui.SolidPrintDetailsActivity,SolidPrintDetailsActivity,com.caike.lomo.modules.home,主城/潮玩主页,主城/潮玩主页,solid-print-details,CLONE_1_TO_1,game,
com.caike.lomo.modules.home.ui.SellPrintsActivity,SellPrintsActivity,com.caike.lomo.modules.home,主城/潮玩主页,交易/寄售,sell-prints,CLONE_1_TO_1,game,auction_trade
com.caike.lomo.modules.home.ui.MyPrintsActivity,MyPrintsActivity,com.caike.lomo.modules.home,主城/潮玩主页,主城/潮玩主页,my-prints,CLONE_1_TO_1,game,
com.caike.lomo.modules.home.ui.MyPrintsDetailsActivity,MyPrintsDetailsActivity,com.caike.lomo.modules.home,主城/潮玩主页,主城/潮玩主页,my-prints-details,CLONE_1_TO_1,game,
com.caike.lomo.modules.home.ui.MakingPrintsActivity,MakingPrintsActivity,com.caike.lomo.modules.home,主城/潮玩主页,主城/潮玩主页,making-prints,CLONE_1_TO_1,game,
com.caike.lomo.modules.home.ui.PrintsHistoryActivity,PrintsHistoryActivity,com.caike.lomo.modules.home,主城/潮玩主页,主城/潮玩主页,prints-history,CLONE_1_TO_1,game,
com.caike.lomo.modules.home.ui.MyPrintsIOperationActivity,MyPrintsIOperationActivity,com.caike.lomo.modules.home,主城/潮玩主页,主城/潮玩主页,my-prints-i-operation,CLONE_1_TO_1,game,
com.caike.lomo.modules.home.ui.DestroyPrintsActivity,DestroyPrintsActivity,com.caike.lomo.modules.home,主城/潮玩主页,主城/潮玩主页,destroy-prints,CLONE_1_TO_1,game,
com.caike.lomo.modules.home.ui.GivePrintActivity,GivePrintActivity,com.caike.lomo.modules.home,主城/潮玩主页,主城/潮玩主页,give-print,CLONE_1_TO_1,game,
com.caike.lomo.modules.home.ui.MyWalletActivity,MyWalletActivity,com.caike.lomo.modules.home,主城/潮玩主页,钱包/资产,my-wallet,CLONE_1_TO_1,game,payment
com.caike.lomo.modules.home.ui.WithdrawalActivity,WithdrawalActivity,com.caike.lomo.modules.home,主城/潮玩主页,抽签/抽奖,withdrawal,UI_CLONE_TEST_ONLY_SETTLEMENT_DISABLED,game,payment;random_reward
com.caike.lomo.modules.home.ui.MyWalletHistoryActivity,MyWalletHistoryActivity,com.caike.lomo.modules.home,主城/潮玩主页,钱包/资产,my-wallet-history,CLONE_1_TO_1,game,payment
com.caike.lomo.modules.home.ui.LottieAnimationActivity,LottieAnimationActivity,com.caike.lomo.modules.home,主城/潮玩主页,主城/潮玩主页,lottie-animation,CLONE_1_TO_1,game,
com.caike.lomo.modules.home.ui.HotBonusActivity,HotBonusActivity,com.caike.lomo.modules.home,主城/潮玩主页,主城/潮玩主页,hot-bonus,CLONE_1_TO_1,game,
com.caike.lomo.modules.home.ui.MailHomeActivity,MailHomeActivity,com.caike.lomo.modules.home,主城/潮玩主页,主城/潮玩主页,mail-home,CLONE_1_TO_1,game,
com.caike.lomo.modules.home.ui.IPostedActivity,IPostedActivity,com.caike.lomo.modules.home,主城/潮玩主页,主城/潮玩主页,i-posted,CLONE_1_TO_1,game,
com.caike.lomo.modules.home.ui.ISoldActivity,ISoldActivity,com.caike.lomo.modules.home,主城/潮玩主页,主城/潮玩主页,i-sold,CLONE_1_TO_1,game,
com.caike.lomo.modules.home.ui.WinningListActivity,WinningListActivity,com.caike.lomo.modules.home,主城/潮玩主页,主城/潮玩主页,winning-list,CLONE_1_TO_1,game,
com.caike.lomo.modules.home.ui.MasterRabbitActivity,MasterRabbitActivity,com.caike.lomo.modules.home,主城/潮玩主页,主城/潮玩主页,master-rabbit,CLONE_1_TO_1,game,
com.caike.lomo.modules.home.ui.ConfirmDrawOrderActivity,ConfirmDrawOrderActivity,com.caike.lomo.modules.home,主城/潮玩主页,抽签/抽奖,confirm-draw-order,CLONE_COMMERCE_FLOW_WITH_PAYMENT_ADAPTER,game,random_reward;ecommerce
com.caike.lomo.modules.home.ui.PayDrawResultActivity,PayDrawResultActivity,com.caike.lomo.modules.home,主城/潮玩主页,抽签/抽奖,pay-draw-result,CLONE_1_TO_1,game,payment;random_reward
com.caike.lomo.modules.home.ui.AcceptGiftsActivity,AcceptGiftsActivity,com.caike.lomo.modules.home,主城/潮玩主页,主城/潮玩主页,accept-gifts,CLONE_1_TO_1,game,
com.caike.lomo.modules.home.ui.TideShareActivity,TideShareActivity,com.caike.lomo.modules.home,主城/潮玩主页,主城/潮玩主页,tide-share,CLONE_1_TO_1,game,
com.caike.lomo.modules.home.ui.BuySellDetailsActivity,BuySellDetailsActivity,com.caike.lomo.modules.home,主城/潮玩主页,交易/寄售,buy-sell-details,CLONE_1_TO_1,game,auction_trade
com.caike.lomo.modules.home.ui.GlobalTrendPlayActivity,GlobalTrendPlayActivity,com.caike.lomo.modules.home,主城/潮玩主页,主城/潮玩主页,global-trend-play,CLONE_1_TO_1,game,
com.caike.lomo.modules.home.ui.ConfirmMakeActivity,ConfirmMakeActivity,com.caike.lomo.modules.home,主城/潮玩主页,主城/潮玩主页,confirm-make,CLONE_1_TO_1,game,
com.caike.lomo.modules.home.ui.SaleByDrawActivity,SaleByDrawActivity,com.caike.lomo.modules.home,主城/潮玩主页,抽签/抽奖,sale-by-draw,CLONE_1_TO_1,game,random_reward
com.caike.lomo.modules.home.ui.SaleByDrawResultActivity,SaleByDrawResultActivity,com.caike.lomo.modules.home,主城/潮玩主页,抽签/抽奖,sale-by-draw-result,CLONE_1_TO_1,game,random_reward
com.caike.lomo.modules.home.ui.flashcard.FlashCardActivity,FlashCardActivity,com.caike.lomo.modules.home,主城/潮玩主页,卡牌/闪卡,flash-card,CLONE_1_TO_1,game,card_virtual
com.caike.lomo.modules.home.ui.SellGiftBagActivity,SellGiftBagActivity,com.caike.lomo.modules.home,主城/潮玩主页,交易/寄售,sell-gift-bag,CLONE_1_TO_1,game,auction_trade
com.caike.lomo.modules.home.ui.flashcard.FlashCardLogsActivity,FlashCardLogsActivity,com.caike.lomo.modules.home,主城/潮玩主页,卡牌/闪卡,flash-card-logs,CLONE_1_TO_1,game,card_virtual
com.caike.lomo.modules.home.ui.MasterPointsDetailsActivity,MasterPointsDetailsActivity,com.caike.lomo.modules.home,主城/潮玩主页,主城/潮玩主页,master-points-details,CLONE_1_TO_1,game,
com.caike.lomo.modules.home.ui.MasterDetailsActivity,MasterDetailsActivity,com.caike.lomo.modules.home,主城/潮玩主页,主城/潮玩主页,master-details,CLONE_1_TO_1,game,
com.caike.lomo.modules.home.ui.SendFlashcardActivity,SendFlashcardActivity,com.caike.lomo.modules.home,主城/潮玩主页,卡牌/闪卡,send-flashcard,CLONE_1_TO_1,game,card_virtual
com.caike.lomo.modules.home.ui.CommonConfirmOrderActivity,CommonConfirmOrderActivity,com.caike.lomo.modules.home,主城/潮玩主页,商城/订单,common-confirm-order,CLONE_COMMERCE_FLOW_WITH_PAYMENT_ADAPTER,game,ecommerce
com.caike.lomo.modules.home.ui.flashcard.FlashcardOrderDetailsActivity,FlashcardOrderDetailsActivity,com.caike.lomo.modules.home,主城/潮玩主页,卡牌/闪卡,flashcard-order-details,CLONE_COMMERCE_FLOW_WITH_PAYMENT_ADAPTER,game,card_virtual;ecommerce
com.caike.lomo.modules.home.ui.LuckyBagActivity,LuckyBagActivity,com.caike.lomo.modules.home,主城/潮玩主页,盲盒/福袋,lucky-bag,CLONE_1_TO_1,game,random_reward
com.caike.lomo.modules.home.ui.LuckyBagLogsActivity,LuckyBagLogsActivity,com.caike.lomo.modules.home,主城/潮玩主页,盲盒/福袋,lucky-bag-logs,CLONE_1_TO_1,game,random_reward
com.caike.lomo.modules.home.ui.LuckyBagRankingActivity,LuckyBagRankingActivity,com.caike.lomo.modules.home,主城/潮玩主页,盲盒/福袋,lucky-bag-ranking,CLONE_1_TO_1,game,random_reward
com.caike.lomo.modules.home.ui.LuckyBagOrderDetailsActivity,LuckyBagOrderDetailsActivity,com.caike.lomo.modules.home,主城/潮玩主页,盲盒/福袋,lucky-bag-order-details,CLONE_COMMERCE_FLOW_WITH_PAYMENT_ADAPTER,game,random_reward;ecommerce
com.caike.lomo.modules.home.ui.LogisticsActivity,LogisticsActivity,com.caike.lomo.modules.home,主城/潮玩主页,商城/订单,logistics,CLONE_1_TO_1,game,ecommerce
com.caike.lomo.modules.home.ui.ConfirmDepositOrderActivity,ConfirmDepositOrderActivity,com.caike.lomo.modules.home,主城/潮玩主页,商城/订单,confirm-deposit-order,CLONE_COMMERCE_FLOW_WITH_PAYMENT_ADAPTER,game,ecommerce
com.caike.lomo.modules.home.ui.DepositOrderDetailsActivity,DepositOrderDetailsActivity,com.caike.lomo.modules.home,主城/潮玩主页,商城/订单,deposit-order-details,CLONE_COMMERCE_FLOW_WITH_PAYMENT_ADAPTER,game,ecommerce
com.caike.lomo.modules.home.ui.flashcard.FlashCardByScanActivity,FlashCardByScanActivity,com.caike.lomo.modules.home,主城/潮玩主页,卡牌/闪卡,flash-card-by-scan,CLONE_1_TO_1,game,card_virtual
com.caike.lomo.modules.home.ui.flashcard.FlashcardTradeActivity,FlashcardTradeActivity,com.caike.lomo.modules.home,主城/潮玩主页,卡牌/闪卡,flashcard-trade,CLONE_1_TO_1,game,auction_trade;card_virtual
com.caike.lomo.modules.home.ui.flashcard.FlashcardTradeOperateActivity,FlashcardTradeOperateActivity,com.caike.lomo.modules.home,主城/潮玩主页,卡牌/闪卡,flashcard-trade-operate,CLONE_1_TO_1,game,auction_trade;card_virtual
com.caike.lomo.modules.home.ui.flashcard.FlashcardTradeLogsActivity,FlashcardTradeLogsActivity,com.caike.lomo.modules.home,主城/潮玩主页,卡牌/闪卡,flashcard-trade-logs,CLONE_1_TO_1,game,auction_trade;card_virtual
com.caike.lomo.modules.home.ui.flashcard.FlashcardOrderTradeActivity,FlashcardOrderTradeActivity,com.caike.lomo.modules.home,主城/潮玩主页,卡牌/闪卡,flashcard-order-trade,CLONE_1_TO_1,game,auction_trade;card_virtual;ecommerce
com.caike.lomo.modules.home.ui.flashcard.FlashcardSaleActivity,FlashcardSaleActivity,com.caike.lomo.modules.home,主城/潮玩主页,卡牌/闪卡,flashcard-sale,CLONE_1_TO_1,game,card_virtual
com.caike.lomo.modules.home.ui.WalletIntegralActivity,WalletIntegralActivity,com.caike.lomo.modules.home,主城/潮玩主页,钱包/资产,wallet-integral,CLONE_1_TO_1,game,payment;card_virtual
com.caike.lomo.modules.home.ui.MyIntegralActivity,MyIntegralActivity,com.caike.lomo.modules.home,主城/潮玩主页,钱包/资产,my-integral,CLONE_1_TO_1,game,card_virtual
com.caike.lomo.modules.home.ui.MyIntegralHistoryActivity,MyIntegralHistoryActivity,com.caike.lomo.modules.home,主城/潮玩主页,钱包/资产,my-integral-history,CLONE_1_TO_1,game,card_virtual
com.caike.lomo.modules.home.ui.SynthesisCardActivity,SynthesisCardActivity,com.caike.lomo.modules.home,主城/潮玩主页,卡牌/闪卡,synthesis-card,CLONE_1_TO_1,game,card_virtual
com.caike.lomo.modules.home.ui.flashcard.FlashCardSynthesisSuccessActivity,FlashCardSynthesisSuccessActivity,com.caike.lomo.modules.home,主城/潮玩主页,卡牌/闪卡,flash-card-synthesis-success,CLONE_1_TO_1,game,card_virtual
com.caike.lomo.modules.home.ui.MySynthesisActivity,MySynthesisActivity,com.caike.lomo.modules.home,主城/潮玩主页,主城/潮玩主页,my-synthesis,CLONE_1_TO_1,game,
com.caike.lomo.modules.home.ui.flashcard.FlashcardExchangeActivity,FlashcardExchangeActivity,com.caike.lomo.modules.home,主城/潮玩主页,卡牌/闪卡,flashcard-exchange,CLONE_1_TO_1,game,card_virtual
com.caike.lomo.modules.home.ui.RareCardTradeActivity,RareCardTradeActivity,com.caike.lomo.modules.home,主城/潮玩主页,卡牌/闪卡,rare-card-trade,CLONE_1_TO_1,game,auction_trade;card_virtual
com.caike.lomo.modules.home.ui.GoldCardTradeActivity,GoldCardTradeActivity,com.caike.lomo.modules.home,主城/潮玩主页,黄金矿场,gold-card-trade,CLONE_1_TO_1,game,auction_trade;card_virtual
com.caike.lomo.modules.home.ui.flashcard.CardServiceProviderActivity,CardServiceProviderActivity,com.caike.lomo.modules.home,主城/潮玩主页,卡牌/闪卡,card-service-provider,CLONE_1_TO_1,game,card_virtual
com.caike.lomo.modules.home.ui.flashcard.CardRecordActivity,CardRecordActivity,com.caike.lomo.modules.home,主城/潮玩主页,卡牌/闪卡,card-record,CLONE_1_TO_1,game,card_virtual
com.caike.lomo.modules.home.ui.SellGoldCardActivity,SellGoldCardActivity,com.caike.lomo.modules.home,主城/潮玩主页,黄金矿场,sell-gold-card,CLONE_1_TO_1,game,auction_trade;card_virtual
com.caike.lomo.modules.home.ui.flashcard.CardSellSuccessActivity,CardSellSuccessActivity,com.caike.lomo.modules.home,主城/潮玩主页,卡牌/闪卡,card-sell-success,CLONE_1_TO_1,game,auction_trade;card_virtual
com.caike.lomo.modules.home.ui.SellGoldRabbitActivity,SellGoldRabbitActivity,com.caike.lomo.modules.home,主城/潮玩主页,黄金矿场,sell-gold-rabbit,CLONE_1_TO_1,game,auction_trade;card_virtual
com.caike.lomo.modules.home.ui.CardCabinetActivity,CardCabinetActivity,com.caike.lomo.modules.home,主城/潮玩主页,卡牌/闪卡,card-cabinet,CLONE_1_TO_1,game,card_virtual
com.caike.lomo.modules.home.ui.CabinetPickUpActivity,CabinetPickUpActivity,com.caike.lomo.modules.home,主城/潮玩主页,主城/潮玩主页,cabinet-pick-up,CLONE_1_TO_1,game,
com.caike.lomo.modules.home.ui.CardPickupSuccActivity,CardPickupSuccActivity,com.caike.lomo.modules.home,主城/潮玩主页,卡牌/闪卡,card-pickup-succ,CLONE_1_TO_1,game,card_virtual
com.caike.lomo.modules.home.ui.CardStorageLogActivity,CardStorageLogActivity,com.caike.lomo.modules.home,主城/潮玩主页,卡牌/闪卡,card-storage-log,CLONE_1_TO_1,game,card_virtual
com.caike.lomo.modules.home.ui.WithdrawResultActivity,WithdrawResultActivity,com.caike.lomo.modules.home,主城/潮玩主页,抽签/抽奖,withdraw-result,UI_CLONE_TEST_ONLY_SETTLEMENT_DISABLED,game,payment;random_reward
com.caike.lomo.modules.home.ui.MonkeyFightingSiteActivity,MonkeyFightingSiteActivity,com.caike.lomo.modules.home,主城/潮玩主页,斗猿场,monkey-fighting-site,CLONE_1_TO_1,game,game
com.caike.lomo.modules.home.ui.MonkeyFightingHistoryActivity,MonkeyFightingHistoryActivity,com.caike.lomo.modules.home,主城/潮玩主页,斗猿场,monkey-fighting-history,CLONE_1_TO_1,game,game
com.caike.lomo.modules.home.ui.MyNXRedPackageHistoryActivity,MyNXRedPackageHistoryActivity,com.caike.lomo.modules.home,主城/潮玩主页,主城/潮玩主页,my-n-x-red-package-history,CLONE_1_TO_1,game,
com.caike.lomo.modules.home.ui.NewBattleRoyalActivity,NewBattleRoyalActivity,com.caike.lomo.modules.home,主城/潮玩主页,大逃杀,new-battle-royal,CLONE_1_TO_1,game,game
com.caike.lomo.modules.home.ui.NewBettingHistoryActivity,NewBettingHistoryActivity,com.caike.lomo.modules.home,主城/潮玩主页,大逃杀,new-betting-history,CLONE_1_TO_1,game,random_reward
com.caike.lomo.modules.home.ui.CardCabinetListActivity,CardCabinetListActivity,com.caike.lomo.modules.home,主城/潮玩主页,卡牌/闪卡,card-cabinet-list,CLONE_1_TO_1,game,card_virtual
com.caike.lomo.modules.digtal.ui.DigitalPaintingDetailsActivity,DigitalPaintingDetailsActivity,com.caike.lomo.modules.digtal,数字潮玩,数字潮玩,digital-painting-details,CLONE_1_TO_1,game,
com.caike.lomo.modules.digtal.ui.PrintAuctionActivity,PrintAuctionActivity,com.caike.lomo.modules.digtal,数字潮玩,竞拍,print-auction,CLONE_1_TO_1,game,auction_trade
com.caike.lomo.modules.digtal.ui.PrintBiddingActivity,PrintBiddingActivity,com.caike.lomo.modules.digtal,数字潮玩,竞拍,print-bidding,CLONE_1_TO_1,game,auction_trade
com.caike.lomo.modules.digtal.ui.BiddingDetailsActivity,BiddingDetailsActivity,com.caike.lomo.modules.digtal,数字潮玩,竞拍,bidding-details,CLONE_1_TO_1,game,auction_trade
com.caike.lomo.modules.digtal.ui.AuctionDetailsActivity,AuctionDetailsActivity,com.caike.lomo.modules.digtal,数字潮玩,竞拍,auction-details,CLONE_1_TO_1,game,auction_trade
com.caike.lomo.modules.digtal.ui.DrawDetailsActivity,DrawDetailsActivity,com.caike.lomo.modules.digtal,数字潮玩,抽签/抽奖,draw-details,CLONE_1_TO_1,game,random_reward
com.caike.lomo.modules.digtal.ui.ChoicePledgeActivity,ChoicePledgeActivity,com.caike.lomo.modules.digtal,数字潮玩,数字潮玩,choice-pledge,CLONE_1_TO_1,game,
com.caike.lomo.modules.digtal.ui.DrawCodeActivity,DrawCodeActivity,com.caike.lomo.modules.digtal,数字潮玩,抽签/抽奖,draw-code,CLONE_1_TO_1,game,random_reward
com.caike.lomo.modules.digtal.ui.ExchangeDetailsActivity,ExchangeDetailsActivity,com.caike.lomo.modules.digtal,数字潮玩,数字潮玩,exchange-details,CLONE_1_TO_1,game,
com.caike.lomo.modules.digtal.ui.OfferingCalendarActivity,OfferingCalendarActivity,com.caike.lomo.modules.digtal,数字潮玩,数字潮玩,offering-calendar,CLONE_1_TO_1,game,
com.caike.lomo.modules.digtal.ui.GlobalTideActivity,GlobalTideActivity,com.caike.lomo.modules.digtal,数字潮玩,数字潮玩,global-tide,CLONE_1_TO_1,game,
com.caike.lomo.modules.digtal.ui.ExchangeActivity,ExchangeActivity,com.caike.lomo.modules.digtal,数字潮玩,数字潮玩,exchange,CLONE_1_TO_1,game,
com.caike.lomo.modules.digtal.ui.AuctionRecordsActivity,AuctionRecordsActivity,com.caike.lomo.modules.digtal,数字潮玩,竞拍,auction-records,CLONE_1_TO_1,game,auction_trade
com.caike.lomo.modules.digtal.ui.PrintsConfirmOrderActivity,PrintsConfirmOrderActivity,com.caike.lomo.modules.digtal,数字潮玩,商城/订单,prints-confirm-order,CLONE_COMMERCE_FLOW_WITH_PAYMENT_ADAPTER,game,ecommerce
com.caike.lomo.modules.digtal.ui.PrintsPayActivity,PrintsPayActivity,com.caike.lomo.modules.digtal,数字潮玩,数字潮玩,prints-pay,CLONE_COMMERCE_FLOW_WITH_PAYMENT_ADAPTER,game,payment
com.caike.lomo.modules.digtal.ui.ScanCodeActivity,ScanCodeActivity,com.caike.lomo.modules.digtal,数字潮玩,数字潮玩,scan-code,CLONE_1_TO_1,game,
com.caike.lomo.modules.digtal.ui.DigitalLuckyDrawActivity,DigitalLuckyDrawActivity,com.caike.lomo.modules.digtal,数字潮玩,抽签/抽奖,digital-lucky-draw,CLONE_1_TO_1,game,random_reward
com.caike.lomo.modules.digtal.ui.DigitalLuckDrawWinnerActivity,DigitalLuckDrawWinnerActivity,com.caike.lomo.modules.digtal,数字潮玩,抽签/抽奖,digital-luck-draw-winner,CLONE_1_TO_1,game,random_reward
com.caike.lomo.modules.digtal.ui.DealInfoActivity,DealInfoActivity,com.caike.lomo.modules.digtal,数字潮玩,数字潮玩,deal-info,CLONE_1_TO_1,game,
com.caike.lomo.modules.digtal.ui.PrintDrawActivity,PrintDrawActivity,com.caike.lomo.modules.digtal,数字潮玩,抽签/抽奖,print-draw,CLONE_1_TO_1,game,random_reward
com.caike.lomo.modules.digtal.ui.TideDetailsActivity,TideDetailsActivity,com.caike.lomo.modules.digtal,数字潮玩,数字潮玩,tide-details,CLONE_1_TO_1,game,
com.caike.lomo.modules.digtal.ui.SaleReleaseTideActivity,SaleReleaseTideActivity,com.caike.lomo.modules.digtal,数字潮玩,交易/寄售,sale-release-tide,CLONE_1_TO_1,game,
com.caike.lomo.modules.digtal.ui.GlobalTideDetailsActivity,GlobalTideDetailsActivity,com.caike.lomo.modules.digtal,数字潮玩,数字潮玩,global-tide-details,CLONE_1_TO_1,game,
com.caike.lomo.modules.digtal.ui.LuckyDraw100Win400Activity,LuckyDraw100Win400Activity,com.caike.lomo.modules.digtal,数字潮玩,抽签/抽奖,lucky-draw100-win400,CLONE_1_TO_1,game,random_reward
com.caike.lomo.modules.digtal.ui.MostPopularRankActivity,MostPopularRankActivity,com.caike.lomo.modules.digtal,数字潮玩,数字潮玩,most-popular-rank,CLONE_1_TO_1,game,
com.caike.lomo.modules.digtal.ui.ApplyCooperationActivity,ApplyCooperationActivity,com.caike.lomo.modules.digtal,数字潮玩,数字潮玩,apply-cooperation,CLONE_1_TO_1,game,
com.caike.lomo.modules.digtal.ui.TideTradeDetailsActivity,TideTradeDetailsActivity,com.caike.lomo.modules.digtal,数字潮玩,交易/寄售,tide-trade-details,CLONE_1_TO_1,game,auction_trade
com.caike.lomo.modules.digtal.ui.DetailSoldActivity,DetailSoldActivity,com.caike.lomo.modules.digtal,数字潮玩,数字潮玩,detail-sold,CLONE_1_TO_1,game,
com.caike.lomo.modules.digtal.ui.MostPopularRecordActivity,MostPopularRecordActivity,com.caike.lomo.modules.digtal,数字潮玩,数字潮玩,most-popular-record,CLONE_1_TO_1,game,
com.caike.lomo.modules.digtal.ui.LuckDraw100Win400ListActivity,LuckDraw100Win400ListActivity,com.caike.lomo.modules.digtal,数字潮玩,抽签/抽奖,luck-draw100-win400-list,CLONE_1_TO_1,game,random_reward
com.caike.lomo.modules.digtal.ui.LomoLotteryActivity,LomoLotteryActivity,com.caike.lomo.modules.digtal,数字潮玩,抽签/抽奖,lomo-lottery,CLONE_1_TO_1,game,random_reward
com.caike.lomo.modules.digtal.ui.LotteryDetailsActivity,LotteryDetailsActivity,com.caike.lomo.modules.digtal,数字潮玩,抽签/抽奖,lottery-details,CLONE_1_TO_1,game,random_reward
com.caike.lomo.modules.digtal.ui.SearchTideActivity,SearchTideActivity,com.caike.lomo.modules.digtal,数字潮玩,数字潮玩,search-tide,CLONE_1_TO_1,game,
com.caike.lomo.modules.digtal.ui.DigitalCardDetailActivity,DigitalCardDetailActivity,com.caike.lomo.modules.digtal,数字潮玩,卡牌/闪卡,digital-card-detail,CLONE_1_TO_1,game,card_virtual
com.caike.lomo.modules.digtal.ui.DigitalcardIndexActivity,DigitalcardIndexActivity,com.caike.lomo.modules.digtal,数字潮玩,卡牌/闪卡,digitalcard-index,CLONE_1_TO_1,game,card_virtual
com.caike.lomo.modules.design.ui.BecomeDesignerActivity,BecomeDesignerActivity,com.caike.lomo.modules.design,设计师,IP/设计师,become-designer,CLONE_1_TO_1,game,
com.caike.lomo.modules.design.ui.UploadWorkActivity,UploadWorkActivity,com.caike.lomo.modules.design,设计师,设计师,upload-work,CLONE_1_TO_1,game,
com.caike.lomo.modules.design.ui.FillInfoActivity,FillInfoActivity,com.caike.lomo.modules.design,设计师,设计师,fill-info,CLONE_1_TO_1,game,
com.caike.lomo.modules.design.ui.DesignerAwardActivity,DesignerAwardActivity,com.caike.lomo.modules.design,设计师,IP/设计师,designer-award,CLONE_1_TO_1,game,
com.caike.lomo.modules.design.ui.MyWorkActivity,MyWorkActivity,com.caike.lomo.modules.design,设计师,设计师,my-work,CLONE_1_TO_1,game,
com.caike.lomo.modules.design.ui.IndividualDesignerActivity,IndividualDesignerActivity,com.caike.lomo.modules.design,设计师,IP/设计师,individual-designer,CLONE_1_TO_1,game,
com.caike.lomo.modules.design.ui.IpCooperationActivity,IpCooperationActivity,com.caike.lomo.modules.design,设计师,设计师,ip-cooperation,CLONE_1_TO_1,game,
com.caike.lomo.modules.design.ui.TideCreationActivity,TideCreationActivity,com.caike.lomo.modules.design,设计师,设计师,tide-creation,CLONE_1_TO_1,game,
com.caike.lomo.modules.undertown.ui.LevelRewardActivity,LevelRewardActivity,com.caike.lomo.modules.undertown,地下城,宝石地下城,level-reward,CLONE_1_TO_1,game,invite_reward
com.caike.lomo.modules.undertown.ui.ProbDetailActivity,ProbDetailActivity,com.caike.lomo.modules.undertown,地下城,宝石地下城,prob-detail,CLONE_1_TO_1,game,game
com.caike.lomo.modules.undertown.ui.UndertownLogsActivity,UndertownLogsActivity,com.caike.lomo.modules.undertown,地下城,宝石地下城,undertown-logs,CLONE_1_TO_1,game,
com.caike.lomo.modules.undertown.ui.LevelRewardLogsActivity,LevelRewardLogsActivity,com.caike.lomo.modules.undertown,地下城,宝石地下城,level-reward-logs,CLONE_1_TO_1,game,invite_reward
com.caike.lomo.modules.undertown.ui.TicketAllocationLogsActivity,TicketAllocationLogsActivity,com.caike.lomo.modules.undertown,地下城,宝石地下城,ticket-allocation-logs,CLONE_1_TO_1,game,
com.caike.lomo.modules.undertown.ui.ModelAllotActivity,ModelAllotActivity,com.caike.lomo.modules.undertown,地下城,地下城,model-allot,CLONE_1_TO_1,game,
com.caike.lomo.modules.undertown.ui.DailyTopHundredActivity,DailyTopHundredActivity,com.caike.lomo.modules.undertown,地下城,地下城,daily-top-hundred,CLONE_1_TO_1,game,game
com.caike.lomo.modules.undertown.ui.UndertownLogsDetailActivity,UndertownLogsDetailActivity,com.caike.lomo.modules.undertown,地下城,宝石地下城,undertown-logs-detail,CLONE_1_TO_1,game,
com.caike.lomo.modules.undertown.ui.UndertownActivity,UndertownActivity,com.caike.lomo.modules.undertown,地下城,宝石地下城,undertown,CLONE_1_TO_1,game,
com.caike.lomo.modules.undertown.ui.TideUndertownLogsActivity,TideUndertownLogsActivity,com.caike.lomo.modules.undertown,地下城,宝石地下城,tide-undertown-logs,CLONE_1_TO_1,game,
com.caike.lomo.modules.undertown.ui.ApeUndertownActivity,ApeUndertownActivity,com.caike.lomo.modules.undertown,地下城,宝石地下城,ape-undertown,CLONE_1_TO_1,game,game
com.caike.lomo.modules.undertown.ui.dungeons.MedalAllotActivity,MedalAllotActivity,com.caike.lomo.modules.undertown,地下城,勋章,medal-allot,CLONE_1_TO_1,game,card_virtual
com.caike.lomo.modules.undertown.ui.dungeons.NewLevelRewardActivity,NewLevelRewardActivity,com.caike.lomo.modules.undertown,地下城,宝石地下城,new-level-reward,CLONE_1_TO_1,game,invite_reward
com.caike.lomo.modules.undertown.ui.dungeons.NewTicketAllocationLogsActivity,NewTicketAllocationLogsActivity,com.caike.lomo.modules.undertown,地下城,宝石地下城,new-ticket-allocation-logs,CLONE_1_TO_1,game,
com.caike.lomo.modules.undertown.ui.dungeons.NewProbDetailActivity,NewProbDetailActivity,com.caike.lomo.modules.undertown,地下城,宝石地下城,new-prob-detail,CLONE_1_TO_1,game,game
com.caike.lomo.modules.undertown.ui.dungeons.ApeLadderLogsActivity,ApeLadderLogsActivity,com.caike.lomo.modules.undertown,地下城,宝石地下城,ape-ladder-logs,CLONE_1_TO_1,game,game
com.caike.lomo.modules.undertown.ui.dungeons.NewLevelRewardLogsActivity,NewLevelRewardLogsActivity,com.caike.lomo.modules.undertown,地下城,宝石地下城,new-level-reward-logs,CLONE_1_TO_1,game,invite_reward
com.caike.lomo.modules.undertown.ui.dungeons.NewDailyTopHundredActivity,NewDailyTopHundredActivity,com.caike.lomo.modules.undertown,地下城,地下城,new-daily-top-hundred,CLONE_1_TO_1,game,game
com.caike.lomo.modules.undertown.ui.dungeons.ApeLadderLogsDetailActivity,ApeLadderLogsDetailActivity,com.caike.lomo.modules.undertown,地下城,宝石地下城,ape-ladder-logs-detail,CLONE_1_TO_1,game,game
com.caike.lomo.modules.universe.ui.HeroListActivity,HeroListActivity,com.caike.lomo.modules.universe,宇宙探索,宇宙探索,hero-list,CLONE_1_TO_1,game,
com.caike.lomo.modules.universe.ui.WizardDeedActivity,WizardDeedActivity,com.caike.lomo.modules.universe,宇宙探索,宇宙探索,wizard-deed,CLONE_1_TO_1,game,
com.caike.lomo.modules.universe.ui.DarkPlanetActivity,DarkPlanetActivity,com.caike.lomo.modules.universe,宇宙探索,宇宙探索,dark-planet,CLONE_1_TO_1,game,
com.caike.lomo.modules.universe.ui.HeroActivity,HeroActivity,com.caike.lomo.modules.universe,宇宙探索,宇宙探索,hero,CLONE_1_TO_1,game,
com.caike.lomo.modules.universe.ui.UpgradeUFOActivity,UpgradeUFOActivity,com.caike.lomo.modules.universe,宇宙探索,宇宙探索,upgrade-u-f-o,CLONE_1_TO_1,game,
com.caike.lomo.modules.universe.ui.ExploreRecordActivity,ExploreRecordActivity,com.caike.lomo.modules.universe,宇宙探索,黄金矿场,explore-record,CLONE_1_TO_1,game,
com.caike.lomo.modules.universe.ui.AddWarehouseActivity,AddWarehouseActivity,com.caike.lomo.modules.universe,宇宙探索,宇宙探索,add-warehouse,CLONE_1_TO_1,game,
com.caike.lomo.modules.universe.ui.HeroDetailRecordActivity,HeroDetailRecordActivity,com.caike.lomo.modules.universe,宇宙探索,宇宙探索,hero-detail-record,CLONE_1_TO_1,game,
com.caike.lomo.modules.universe.ui.InviteAccelerateRecordActivity,InviteAccelerateRecordActivity,com.caike.lomo.modules.universe,宇宙探索,邀请/社交,invite-accelerate-record,CLONE_1_TO_1,game,invite_reward
com.caike.lomo.modules.universe.ui.InviteHelpActivity,InviteHelpActivity,com.caike.lomo.modules.universe,宇宙探索,邀请/社交,invite-help,CLONE_1_TO_1,game,invite_reward
com.caike.lomo.modules.universe.ui.HeroStoreActivity,HeroStoreActivity,com.caike.lomo.modules.universe,宇宙探索,黄金矿场,hero-store,CLONE_1_TO_1,game,
com.caike.lomo.modules.universe.ui.AirshipLogsActivity,AirshipLogsActivity,com.caike.lomo.modules.universe,宇宙探索,宇宙探索,airship-logs,CLONE_1_TO_1,game,
com.caike.lomo.modules.universe.ui.WizardStarActivity,WizardStarActivity,com.caike.lomo.modules.universe,宇宙探索,宇宙探索,wizard-star,CLONE_1_TO_1,game,
com.caike.lomo.modules.universe.ui.WizardContractDetailsActivity,WizardContractDetailsActivity,com.caike.lomo.modules.universe,宇宙探索,宇宙探索,wizard-contract-details,CLONE_1_TO_1,game,
com.caike.lomo.modules.universe.ui.WizardContractDetailsRabbitsActivity,WizardContractDetailsRabbitsActivity,com.caike.lomo.modules.universe,宇宙探索,宇宙探索,wizard-contract-details-rabbits,CLONE_1_TO_1,game,
com.caike.lomo.modules.universe.ui.WizardContractActivity,WizardContractActivity,com.caike.lomo.modules.universe,宇宙探索,宇宙探索,wizard-contract,CLONE_1_TO_1,game,
com.caike.lomo.modules.universe.ui.WizardDepositTakeRecordActivity,WizardDepositTakeRecordActivity,com.caike.lomo.modules.universe,宇宙探索,宇宙探索,wizard-deposit-take-record,CLONE_1_TO_1,game,
com.caike.lomo.modules.universe.ui.WizardNDTUPondActivity,WizardNDTUPondActivity,com.caike.lomo.modules.universe,宇宙探索,宇宙探索,wizard-n-d-t-u-pond,CLONE_1_TO_1,game,
com.caike.lomo.modules.universe.ui.ExploreWarehouseActivity,ExploreWarehouseActivity,com.caike.lomo.modules.universe,宇宙探索,黄金矿场,explore-warehouse,CLONE_1_TO_1,game,
com.caike.lomo.modules.universe.ui.ExplorePlanetActivity,ExplorePlanetActivity,com.caike.lomo.modules.universe,宇宙探索,黄金矿场,explore-planet,CLONE_1_TO_1,game,
com.caike.lomo.modules.universe.ui.ExploreLogsActivity,ExploreLogsActivity,com.caike.lomo.modules.universe,宇宙探索,黄金矿场,explore-logs,CLONE_1_TO_1,game,
com.caike.lomo.modules.universe.ui.TempleActivity,TempleActivity,com.caike.lomo.modules.universe,宇宙探索,宇宙探索,temple,CLONE_1_TO_1,game,
com.caike.lomo.modules.universe.ui.UniverseActivity,UniverseActivity,com.caike.lomo.modules.universe,宇宙探索,宇宙探索,universe,CLONE_1_TO_1,game,
com.caike.lomo.modules.gold.ui.activity.GoldMineActivity,GoldMineActivity,com.caike.lomo.modules.gold,黄金矿场,黄金矿场,gold-mine,CLONE_1_TO_1,game,card_virtual
com.caike.lomo.modules.gold.ui.activity.FineGoldActivity,FineGoldActivity,com.caike.lomo.modules.gold,黄金矿场,黄金矿场,fine-gold,CLONE_1_TO_1,game,card_virtual
com.caike.lomo.modules.gold.ui.activity.MyMineralActivity,MyMineralActivity,com.caike.lomo.modules.gold,黄金矿场,黄金矿场,my-mineral,CLONE_1_TO_1,game,card_virtual
com.caike.lomo.modules.gold.ui.activity.MineralRecordActivity,MineralRecordActivity,com.caike.lomo.modules.gold,黄金矿场,黄金矿场,mineral-record,CLONE_1_TO_1,game,card_virtual
com.caike.lomo.modules.gold.ui.activity.MineralDataActivity,MineralDataActivity,com.caike.lomo.modules.gold,黄金矿场,黄金矿场,mineral-data,CLONE_1_TO_1,game,card_virtual
com.caike.lomo.modules.gold.ui.activity.FineRecordActivity,FineRecordActivity,com.caike.lomo.modules.gold,黄金矿场,黄金矿场,fine-record,CLONE_1_TO_1,game,card_virtual
com.caike.lomo.modules.gold.ui.activity.StarPageActivity,StarPageActivity,com.caike.lomo.modules.gold,黄金矿场,黄金矿场,star-page,CLONE_1_TO_1,game,card_virtual
com.caike.lomo.modules.gold.ui.activity.GoldPageActivity,GoldPageActivity,com.caike.lomo.modules.gold,黄金矿场,黄金矿场,gold-page,CLONE_1_TO_1,game,card_virtual
com.caike.lomo.modules.gold.ui.activity.TakeGoldActivity,TakeGoldActivity,com.caike.lomo.modules.gold,黄金矿场,黄金矿场,take-gold,CLONE_1_TO_1,game,card_virtual
com.caike.lomo.modules.gold.ui.activity.TakeOrderInfoActivity,TakeOrderInfoActivity,com.caike.lomo.modules.gold,黄金矿场,商城/订单,take-order-info,CLONE_1_TO_1,game,card_virtual;ecommerce
com.caike.lomo.modules.gold.ui.activity.OreTradingActivity,OreTradingActivity,com.caike.lomo.modules.gold,黄金矿场,黄金矿场,ore-trading,CLONE_1_TO_1,game,card_virtual
com.caike.lomo.modules.gold.ui.activity.BecomeGoldServiceActivity,BecomeGoldServiceActivity,com.caike.lomo.modules.gold,黄金矿场,黄金矿场,become-gold-service,CLONE_1_TO_1,game,card_virtual
com.caike.lomo.modules.gold.ui.activity.GoldServiceProviderActivity,GoldServiceProviderActivity,com.caike.lomo.modules.gold,黄金矿场,黄金矿场,gold-service-provider,CLONE_1_TO_1,game,card_virtual
com.caike.lomo.modules.gold.ui.activity.ServiceProviderRecordActivity,ServiceProviderRecordActivity,com.caike.lomo.modules.gold,黄金矿场,系统/客服,service-provider-record,CLONE_1_TO_1,game,card_virtual
com.caike.lomo.modules.gold.ui.activity.GoldExchangeActivity,GoldExchangeActivity,com.caike.lomo.modules.gold,黄金矿场,黄金矿场,gold-exchange,CLONE_1_TO_1,game,card_virtual
com.caike.lomo.modules.gold.ui.activity.MonkeyContractActivity,MonkeyContractActivity,com.caike.lomo.modules.gold,黄金矿场,黄金矿场,monkey-contract,CLONE_1_TO_1,game,card_virtual;game
com.caike.lomo.modules.gold.ui.activity.ShipRecordActivity,ShipRecordActivity,com.caike.lomo.modules.gold,黄金矿场,黄金矿场,ship-record,CLONE_1_TO_1,game,card_virtual
com.caike.ticket.modules.moon.ui.activity.MoonCakeMainActivity,MoonCakeMainActivity,com.caike.ticket.modules.moon,月饼/兑换,月饼/兑换,moon-cake-main,CLONE_1_TO_1,game,
com.caike.ticket.modules.moon.ui.activity.AddAddressActivity,AddAddressActivity,com.caike.ticket.modules.moon,月饼/兑换,商城/订单,add-address,CLONE_1_TO_1,game,ecommerce
com.caike.ticket.modules.moon.ui.activity.AddressActivity,AddressActivity,com.caike.ticket.modules.moon,月饼/兑换,商城/订单,address,CLONE_1_TO_1,game,ecommerce
com.caike.ticket.modules.moon.ui.activity.PaySuccessActivity,PaySuccessActivity,com.caike.ticket.modules.moon,月饼/兑换,月饼/兑换,pay-success,CLONE_1_TO_1,game,payment
com.caike.ticket.modules.moon.ui.activity.order.MyMoonCakeVolumeOrderActivity,MyMoonCakeVolumeOrderActivity,com.caike.ticket.modules.moon,月饼/兑换,商城/订单,my-moon-cake-volume-order,CLONE_COMMERCE_FLOW_WITH_PAYMENT_ADAPTER,game,ecommerce
com.caike.ticket.modules.moon.ui.activity.order.MoonCakeVolumeOrderDetailsActivity,MoonCakeVolumeOrderDetailsActivity,com.caike.ticket.modules.moon,月饼/兑换,商城/订单,moon-cake-volume-order-details,CLONE_COMMERCE_FLOW_WITH_PAYMENT_ADAPTER,game,ecommerce
com.caike.ticket.modules.moon.ui.activity.order.MoonCakeOrderDetailsActivity,MoonCakeOrderDetailsActivity,com.caike.ticket.modules.moon,月饼/兑换,商城/订单,moon-cake-order-details,CLONE_COMMERCE_FLOW_WITH_PAYMENT_ADAPTER,game,ecommerce
com.caike.ticket.modules.moon.ui.activity.order.ConfirmMoonOrderActivity,ConfirmMoonOrderActivity,com.caike.ticket.modules.moon,月饼/兑换,商城/订单,confirm-moon-order,CLONE_COMMERCE_FLOW_WITH_PAYMENT_ADAPTER,game,ecommerce
com.caike.ticket.modules.moon.ui.activity.MoonCakeDetailsActivity,MoonCakeDetailsActivity,com.caike.ticket.modules.moon,月饼/兑换,月饼/兑换,moon-cake-details,CLONE_1_TO_1,game,
com.caike.ticket.modules.moon.ui.activity.order.MyMoonCakeOrderActivity,MyMoonCakeOrderActivity,com.caike.ticket.modules.moon,月饼/兑换,商城/订单,my-moon-cake-order,CLONE_COMMERCE_FLOW_WITH_PAYMENT_ADAPTER,game,ecommerce
com.huawei.hms.hmsscankit.ScanKitActivity,ScanKitActivity,third_party,第三方SDK,第三方SDK,scan-kit,PLATFORM_ADAPTER,adapter,
com.caike.ticket.modules.moon.ui.activity.ScanActivity,ScanActivity,com.caike.ticket.modules.moon,月饼/兑换,月饼/兑换,scan,CLONE_1_TO_1,game,
com.caike.ticket.modules.moon.ui.activity.order.LogisticsActivity,LogisticsActivity,com.caike.ticket.modules.moon,月饼/兑换,商城/订单,logistics,CLONE_1_TO_1,game,ecommerce
com.caike.ticket.modules.moon.ui.activity.ActivityExchangeMoonCake,ActivityExchangeMoonCake,com.caike.ticket.modules.moon,月饼/兑换,月饼/兑换,activity-exchange-moon-cake,CLONE_1_TO_1,game,card_virtual
com.caike.ticket.modules.moon.ui.activity.order.TakeDeliveryAddressActivity,TakeDeliveryAddressActivity,com.caike.ticket.modules.moon,月饼/兑换,商城/订单,take-delivery-address,CLONE_1_TO_1,game,ecommerce
com.caike.ticket.modules.moon.ui.activity.order.TakeSuccessActivity,TakeSuccessActivity,com.caike.ticket.modules.moon,月饼/兑换,月饼/兑换,take-success,CLONE_1_TO_1,game,ecommerce
com.caike.ticket.modules.moon.ui.activity.TakeDeliveryActivity,TakeDeliveryActivity,com.caike.ticket.modules.moon,月饼/兑换,月饼/兑换,take-delivery,CLONE_1_TO_1,game,
com.caike.ticket.modules.moon.ui.activity.MoonCakeVolumeDetailsActivity,MoonCakeVolumeDetailsActivity,com.caike.ticket.modules.moon,月饼/兑换,月饼/兑换,moon-cake-volume-details,CLONE_1_TO_1,game,
com.caike.ticket.modules.moon.ui.activity.TakeDeliverySuccessActivity,TakeDeliverySuccessActivity,com.caike.ticket.modules.moon,月饼/兑换,月饼/兑换,take-delivery-success,CLONE_1_TO_1,game,
com.caike.ticket.modules.moon.ui.activity.DigitalTrendyPlayActivity,DigitalTrendyPlayActivity,com.caike.ticket.modules.moon,月饼/兑换,月饼/兑换,digital-trendy-play,CLONE_1_TO_1,game,
com.caike.ticket.modules.moon.ui.activity.CodeErrorActivity,CodeErrorActivity,com.caike.ticket.modules.moon,月饼/兑换,月饼/兑换,code-error,CLONE_1_TO_1,game,
com.caike.ticket.modules.moon.ui.activity.MaxImageActivity,MaxImageActivity,com.caike.ticket.modules.moon,月饼/兑换,月饼/兑换,max-image,CLONE_1_TO_1,game,
com.caike.ticket.modules.moon.ui.activity.NewMoonCakeVolumeDetailsActivity,NewMoonCakeVolumeDetailsActivity,com.caike.ticket.modules.moon,月饼/兑换,月饼/兑换,new-moon-cake-volume-details,CLONE_1_TO_1,game,
com.caike.ticket.modules.moon.ui.activity.MoonCakeMaxImageActivity,MoonCakeMaxImageActivity,com.caike.ticket.modules.moon,月饼/兑换,月饼/兑换,moon-cake-max-image,CLONE_1_TO_1,game,
com.caike.ticket.modules.moon.ui.activity.NewTakeDeliverySuccessActivity,NewTakeDeliverySuccessActivity,com.caike.ticket.modules.moon,月饼/兑换,月饼/兑换,new-take-delivery-success,CLONE_1_TO_1,game,
com.caike.lomo.modules.box.ui.RecoveryConfirmActivity,RecoveryConfirmActivity,com.caike.lomo.modules.box,盲盒,盲盒,recovery-confirm,CLONE_1_TO_1,game,random_reward
com.caike.lomo.modules.box.ui.ExtractGoodsActivity,ExtractGoodsActivity,com.caike.lomo.modules.box,盲盒,商城/订单,extract-goods,CLONE_1_TO_1,game,random_reward;ecommerce
com.caike.lomo.modules.box.ui.OpenBoxResultActivity,OpenBoxResultActivity,com.caike.lomo.modules.box,盲盒,盲盒/福袋,open-box-result,CLONE_1_TO_1,game,random_reward
com.caike.lomo.modules.box.ui.OpenBoxActivity,OpenBoxActivity,com.caike.lomo.modules.box,盲盒,盲盒/福袋,open-box,CLONE_1_TO_1,game,random_reward
com.caike.lomo.modules.box.ui.TidalBoxSeriesActivity,TidalBoxSeriesActivity,com.caike.lomo.modules.box,盲盒,盲盒/福袋,tidal-box-series,CLONE_1_TO_1,game,random_reward
com.caike.lomo.modules.box.ui.BoxOpenRecordActivity,BoxOpenRecordActivity,com.caike.lomo.modules.box,盲盒,盲盒/福袋,box-open-record,CLONE_1_TO_1,game,random_reward
com.caike.lomo.modules.box.ui.TidalboxOrderActivity,TidalboxOrderActivity,com.caike.lomo.modules.box,盲盒,盲盒/福袋,tidalbox-order,CLONE_COMMERCE_FLOW_WITH_PAYMENT_ADAPTER,game,random_reward;ecommerce
com.caike.lomo.modules.box.ui.BoxOrderDetailsActivity,BoxOrderDetailsActivity,com.caike.lomo.modules.box,盲盒,盲盒/福袋,box-order-details,CLONE_COMMERCE_FLOW_WITH_PAYMENT_ADAPTER,game,random_reward;ecommerce
com.caike.lomo.modules.box.ui.BoxLogisticsActivity,BoxLogisticsActivity,com.caike.lomo.modules.box,盲盒,盲盒/福袋,box-logistics,CLONE_1_TO_1,game,random_reward;ecommerce
com.caike.lomo.modules.box.ui.BusinessInfoActivity,BusinessInfoActivity,com.caike.lomo.modules.box,盲盒,盲盒,business-info,CLONE_1_TO_1,game,auction_trade;random_reward
com.caike.lomo.modules.box.ui.MyCardPackageActivity,MyCardPackageActivity,com.caike.lomo.modules.box,盲盒,卡牌/闪卡,my-card-package,CLONE_1_TO_1,game,random_reward;card_virtual
com.caike.lomo.modules.box.ui.CardMaterialBenefitsActivity,CardMaterialBenefitsActivity,com.caike.lomo.modules.box,盲盒,卡牌/闪卡,card-material-benefits,CLONE_1_TO_1,game,random_reward;card_virtual
com.caike.lomo.modules.box.ui.CardMaterialDetailsActivity,CardMaterialDetailsActivity,com.caike.lomo.modules.box,盲盒,卡牌/闪卡,card-material-details,CLONE_1_TO_1,game,random_reward;card_virtual
com.caike.lomo.modules.box.ui.PrizeOrderDetailsActivity,PrizeOrderDetailsActivity,com.caike.lomo.modules.box,盲盒,商城/订单,prize-order-details,CLONE_COMMERCE_FLOW_WITH_PAYMENT_ADAPTER,game,random_reward;ecommerce
com.caike.lomo.modules.box.ui.PrizeRecoveryConfirmActivity,PrizeRecoveryConfirmActivity,com.caike.lomo.modules.box,盲盒,盲盒,prize-recovery-confirm,CLONE_1_TO_1,game,random_reward
com.caike.lomo.modules.box.ui.PrizeExtractGoodsActivity,PrizeExtractGoodsActivity,com.caike.lomo.modules.box,盲盒,商城/订单,prize-extract-goods,CLONE_1_TO_1,game,random_reward;ecommerce
com.caike.lomo.modules.treasure.ui.TreasureBoxActivity,TreasureBoxActivity,com.caike.lomo.modules.treasure,宝藏盲盒,盲盒/福袋,treasure-box,CLONE_1_TO_1,game,random_reward
com.caike.lomo.modules.treasure.ui.OpenBoxActivity,OpenBoxActivity,com.caike.lomo.modules.treasure,宝藏盲盒,盲盒/福袋,open-box,CLONE_1_TO_1,game,random_reward
com.caike.lomo.modules.treasure.ui.OpenBoxResultActivity,OpenBoxResultActivity,com.caike.lomo.modules.treasure,宝藏盲盒,盲盒/福袋,open-box-result,CLONE_1_TO_1,game,random_reward
com.caike.lomo.modules.treasure.ui.TidalBoxSeriesActivity,TidalBoxSeriesActivity,com.caike.lomo.modules.treasure,宝藏盲盒,盲盒/福袋,tidal-box-series,CLONE_1_TO_1,game,random_reward
com.caike.lomo.modules.treasure.ui.TreasureBoxOrderActivity,TreasureBoxOrderActivity,com.caike.lomo.modules.treasure,宝藏盲盒,盲盒/福袋,treasure-box-order,CLONE_COMMERCE_FLOW_WITH_PAYMENT_ADAPTER,game,random_reward;ecommerce
com.caike.lomo.modules.treasure.ui.TreasureBoxOrderDetailActivity,TreasureBoxOrderDetailActivity,com.caike.lomo.modules.treasure,宝藏盲盒,盲盒/福袋,treasure-box-order-detail,CLONE_COMMERCE_FLOW_WITH_PAYMENT_ADAPTER,game,random_reward;ecommerce
com.caike.lomo.modules.treasure.ui.TreasureExtractGoodsActivity,TreasureExtractGoodsActivity,com.caike.lomo.modules.treasure,宝藏盲盒,商城/订单,treasure-extract-goods,CLONE_1_TO_1,game,ecommerce
com.caike.lomo.modules.treasure.ui.TreasureLogisticsActivity,TreasureLogisticsActivity,com.caike.lomo.modules.treasure,宝藏盲盒,商城/订单,treasure-logistics,CLONE_1_TO_1,game,ecommerce
com.caike.lomo.modules.treasure.ui.TreasureProductDetailActivity,TreasureProductDetailActivity,com.caike.lomo.modules.treasure,宝藏盲盒,商城/订单,treasure-product-detail,CLONE_1_TO_1,game,
com.caike.lomo.modules.mine.ui.NoticeCenterActivity,NoticeCenterActivity,com.caike.lomo.modules.mine,消息/未成年人,系统/客服,notice-center,CLONE_1_TO_1,game,
com.caike.lomo.modules.mine.ui.NoticeListActivity,NoticeListActivity,com.caike.lomo.modules.mine,消息/未成年人,系统/客服,notice-list,CLONE_1_TO_1,game,
com.caike.lomo.modules.mine.ui.NoticeDetailActivity,NoticeDetailActivity,com.caike.lomo.modules.mine,消息/未成年人,系统/客服,notice-detail,CLONE_1_TO_1,game,
com.caike.lomo.modules.mine.ui.NonageAppealActivity,NonageAppealActivity,com.caike.lomo.modules.mine,消息/未成年人,消息/未成年人,nonage-appeal,CLONE_1_TO_1,game,
com.caike.lomo.modules.mine.ui.NonageAppealResultActivity,NonageAppealResultActivity,com.caike.lomo.modules.mine,消息/未成年人,消息/未成年人,nonage-appeal-result,CLONE_1_TO_1,game,
com.caike.lomo.modules.ape.ui.AddPitActivity,AddPitActivity,com.caike.lomo.modules.ape,猿宇宙,猿宇宙,add-pit,CLONE_1_TO_1,game,game
com.caike.lomo.modules.ape.ui.ApeMyGemstoneActivity,ApeMyGemstoneActivity,com.caike.lomo.modules.ape,猿宇宙,宝石,ape-my-gemstone,CLONE_1_TO_1,game,card_virtual;game
com.caike.lomo.modules.ape.ui.ApeStoneRankActivity,ApeStoneRankActivity,com.caike.lomo.modules.ape,猿宇宙,猿石/矿石,ape-stone-rank,CLONE_1_TO_1,game,card_virtual;game
com.caike.lomo.modules.ape.ui.ApeGemstoneGiftActivity,ApeGemstoneGiftActivity,com.caike.lomo.modules.ape,猿宇宙,宝石,ape-gemstone-gift,CLONE_1_TO_1,game,card_virtual;game
com.caike.lomo.modules.ape.ui.ApeBadgeBankMainActivity,ApeBadgeBankMainActivity,com.caike.lomo.modules.ape,猿宇宙,猿宇宙,ape-badge-bank-main,CLONE_1_TO_1,game,game
com.caike.lomo.modules.ape.ui.ApeBadgeLogActivity,ApeBadgeLogActivity,com.caike.lomo.modules.ape,猿宇宙,猿宇宙,ape-badge-log,CLONE_1_TO_1,game,game
com.caike.lomo.modules.ape.ui.RockDiscussionActivity,RockDiscussionActivity,com.caike.lomo.modules.ape,猿宇宙,猿石/矿石,rock-discussion,CLONE_1_TO_1,game,game
com.caike.lomo.modules.ape.ui.MonkeyPoolActivity,MonkeyPoolActivity,com.caike.lomo.modules.ape,猿宇宙,猿宇宙,monkey-pool,CLONE_1_TO_1,game,game
com.caike.lomo.modules.ape.ui.PlanetCardSetActivity,PlanetCardSetActivity,com.caike.lomo.modules.ape,猿宇宙,卡牌/闪卡,planet-card-set,CLONE_1_TO_1,game,card_virtual;game
com.caike.lomo.modules.ape.ui.BuyMonkeyTicketSuccessActivity,BuyMonkeyTicketSuccessActivity,com.caike.lomo.modules.ape,猿宇宙,猿宇宙,buy-monkey-ticket-success,CLONE_1_TO_1,game,game
com.caike.lomo.modules.ape.ui.BuyMonkeyTicketActivity,BuyMonkeyTicketActivity,com.caike.lomo.modules.ape,猿宇宙,猿宇宙,buy-monkey-ticket,CLONE_1_TO_1,game,game
com.caike.lomo.modules.ape.ui.MillionMonkeyTicketActivity,MillionMonkeyTicketActivity,com.caike.lomo.modules.ape,猿宇宙,猿宇宙,million-monkey-ticket,CLONE_1_TO_1,game,game
com.caike.lomo.modules.ape.ui.ApeCollectionActivity,ApeCollectionActivity,com.caike.lomo.modules.ape,猿宇宙,猿宇宙,ape-collection,CLONE_1_TO_1,game,game
com.caike.lomo.modules.ape.ui.ApeActivity,ApeActivity,com.caike.lomo.modules.ape,猿宇宙,猿宇宙,ape,CLONE_1_TO_1,game,game
com.caike.lomo.modules.ape.ui.ApePlanActivity,ApePlanActivity,com.caike.lomo.modules.ape,猿宇宙,猿宇宙,ape-plan,CLONE_1_TO_1,game,game
com.caike.lomo.modules.ape.ui.BuysNumberActivity,BuysNumberActivity,com.caike.lomo.modules.ape,猿宇宙,猿宇宙,buys-number,CLONE_1_TO_1,game,game
com.caike.lomo.modules.ape.ui.ApeDetailActivity,ApeDetailActivity,com.caike.lomo.modules.ape,猿宇宙,猿宇宙,ape-detail,CLONE_1_TO_1,game,game
com.caike.lomo.modules.ape.ui.ApeGlodExchangeActivity,ApeGlodExchangeActivity,com.caike.lomo.modules.ape,猿宇宙,猿宇宙,ape-glod-exchange,CLONE_1_TO_1,game,game
com.caike.lomo.modules.ape.ui.ApeExchangeRecordActivity,ApeExchangeRecordActivity,com.caike.lomo.modules.ape,猿宇宙,猿宇宙,ape-exchange-record,CLONE_1_TO_1,game,game
com.caike.lomo.modules.ape.ui.ApeMySandsActivity,ApeMySandsActivity,com.caike.lomo.modules.ape,猿宇宙,金沙,ape-my-sands,CLONE_1_TO_1,game,game
com.caike.lomo.modules.ape.ui.ApeMyMedalActivity,ApeMyMedalActivity,com.caike.lomo.modules.ape,猿宇宙,勋章,ape-my-medal,CLONE_1_TO_1,game,card_virtual;game
com.caike.lomo.modules.ape.ui.ApeTradeCenterActivity,ApeTradeCenterActivity,com.caike.lomo.modules.ape,猿宇宙,交易/寄售,ape-trade-center,CLONE_1_TO_1,game,auction_trade;game
com.caike.lomo.modules.ape.ui.ApeTradedOrderActivity,ApeTradedOrderActivity,com.caike.lomo.modules.ape,猿宇宙,交易/寄售,ape-traded-order,CLONE_COMMERCE_FLOW_WITH_PAYMENT_ADAPTER,game,auction_trade;ecommerce;game
com.caike.lomo.modules.ape.ui.ApePaymentStatusActivity,ApePaymentStatusActivity,com.caike.lomo.modules.ape,猿宇宙,猿宇宙,ape-payment-status,CLONE_COMMERCE_FLOW_WITH_PAYMENT_ADAPTER,game,payment;game
com.caike.lomo.modules.ape.ui.ApeMyCardsActivity,ApeMyCardsActivity,com.caike.lomo.modules.ape,猿宇宙,卡牌/闪卡,ape-my-cards,CLONE_1_TO_1,game,card_virtual;game
com.caike.lomo.modules.ape.ui.ApeSandsRecordActivity,ApeSandsRecordActivity,com.caike.lomo.modules.ape,猿宇宙,金沙,ape-sands-record,CLONE_1_TO_1,game,game
com.caike.lomo.modules.ape.ui.ApePickUpGoodsActivity,ApePickUpGoodsActivity,com.caike.lomo.modules.ape,猿宇宙,商城/订单,ape-pick-up-goods,CLONE_1_TO_1,game,ecommerce;game
com.caike.lomo.modules.ape.ui.ApeTakeOrderInfoActivity,ApeTakeOrderInfoActivity,com.caike.lomo.modules.ape,猿宇宙,商城/订单,ape-take-order-info,CLONE_1_TO_1,game,ecommerce;game
com.caike.lomo.modules.ape.ui.ApeMedalRecordActivity,ApeMedalRecordActivity,com.caike.lomo.modules.ape,猿宇宙,勋章,ape-medal-record,CLONE_1_TO_1,game,card_virtual;game
com.caike.lomo.modules.ape.ui.ApeConfirmOrderActivity,ApeConfirmOrderActivity,com.caike.lomo.modules.ape,猿宇宙,商城/订单,ape-confirm-order,CLONE_COMMERCE_FLOW_WITH_PAYMENT_ADAPTER,game,ecommerce;game
com.caike.lomo.modules.ape.ui.ApePayActivity,ApePayActivity,com.caike.lomo.modules.ape,猿宇宙,猿宇宙,ape-pay,CLONE_COMMERCE_FLOW_WITH_PAYMENT_ADAPTER,game,payment;game
com.caike.lomo.modules.ape.ui.ApeCardsRecordActivity,ApeCardsRecordActivity,com.caike.lomo.modules.ape,猿宇宙,卡牌/闪卡,ape-cards-record,CLONE_1_TO_1,game,card_virtual;game
com.caike.lomo.modules.ape.ui.ApeMakeToysActivity,ApeMakeToysActivity,com.caike.lomo.modules.ape,猿宇宙,猿宇宙,ape-make-toys,CLONE_1_TO_1,game,game
com.caike.lomo.modules.ape.ui.ApeInviteActivity,ApeInviteActivity,com.caike.lomo.modules.ape,猿宇宙,邀请/社交,ape-invite,CLONE_1_TO_1,game,invite_reward;game
com.caike.lomo.modules.ape.ui.ApeFriendActivity,ApeFriendActivity,com.caike.lomo.modules.ape,猿宇宙,邀请/社交,ape-friend,CLONE_1_TO_1,game,invite_reward;game
com.caike.lomo.modules.ape.ui.ApeArenaActivity,ApeArenaActivity,com.caike.lomo.modules.ape,猿宇宙,竞技场,ape-arena,CLONE_1_TO_1,game,game
com.caike.lomo.modules.ape.ui.ApeProfitRankActivity,ApeProfitRankActivity,com.caike.lomo.modules.ape,猿宇宙,邀请/社交,ape-profit-rank,CLONE_1_TO_1,game,invite_reward;game
com.caike.lomo.modules.ape.ui.ApeBattleLogsActivity,ApeBattleLogsActivity,com.caike.lomo.modules.ape,猿宇宙,猿宇宙,ape-battle-logs,CLONE_1_TO_1,game,game
com.caike.lomo.modules.ape.ui.ApeMyHeadActivity,ApeMyHeadActivity,com.caike.lomo.modules.ape,猿宇宙,猿宇宙,ape-my-head,CLONE_1_TO_1,game,game
com.caike.lomo.modules.ape.ui.ApeSandsGiftActivity,ApeSandsGiftActivity,com.caike.lomo.modules.ape,猿宇宙,金沙,ape-sands-gift,CLONE_1_TO_1,game,game
com.caike.lomo.modules.ape.ui.ApeCardSelectionActivity,ApeCardSelectionActivity,com.caike.lomo.modules.ape,猿宇宙,卡牌/闪卡,ape-card-selection,CLONE_1_TO_1,game,card_virtual;game
com.caike.lomo.modules.ape.ui.ApeSelectionCardsActivity,ApeSelectionCardsActivity,com.caike.lomo.modules.ape,猿宇宙,卡牌/闪卡,ape-selection-cards,CLONE_1_TO_1,game,card_virtual;game
com.caike.lomo.modules.ape.ui.ApeUniverseCardActivity,ApeUniverseCardActivity,com.caike.lomo.modules.ape,猿宇宙,卡牌/闪卡,ape-universe-card,CLONE_1_TO_1,game,card_virtual;game
com.caike.lomo.modules.ape.ui.ApeMedalExchangeActivity,ApeMedalExchangeActivity,com.caike.lomo.modules.ape,猿宇宙,勋章,ape-medal-exchange,CLONE_1_TO_1,game,card_virtual;game
com.caike.lomo.modules.ape.ui.ApeGoldRetrieveActivity,ApeGoldRetrieveActivity,com.caike.lomo.modules.ape,猿宇宙,黄金矿场,ape-gold-retrieve,CLONE_1_TO_1,game,card_virtual;game
com.caike.lomo.modules.ape.ui.ApeGoldRetrieveResultActivity,ApeGoldRetrieveResultActivity,com.caike.lomo.modules.ape,猿宇宙,黄金矿场,ape-gold-retrieve-result,CLONE_1_TO_1,game,card_virtual;game
com.caike.lomo.modules.ape.ui.ApeMakeToysSuccActivity,ApeMakeToysSuccActivity,com.caike.lomo.modules.ape,猿宇宙,猿宇宙,ape-make-toys-succ,CLONE_1_TO_1,game,game
com.caike.lomo.modules.ape.ui.ApeMyPlanetCardActivity,ApeMyPlanetCardActivity,com.caike.lomo.modules.ape,猿宇宙,卡牌/闪卡,ape-my-planet-card,CLONE_1_TO_1,game,card_virtual;game
com.caike.lomo.modules.ape.ui.ApeComposeCardActivity,ApeComposeCardActivity,com.caike.lomo.modules.ape,猿宇宙,卡牌/闪卡,ape-compose-card,CLONE_1_TO_1,game,card_virtual;game
com.caike.lomo.modules.ape.ui.ApeSplitCardActivity,ApeSplitCardActivity,com.caike.lomo.modules.ape,猿宇宙,卡牌/闪卡,ape-split-card,CLONE_1_TO_1,game,card_virtual;game
com.caike.lomo.modules.ape.ui.UniversePlanetCardActivity,UniversePlanetCardActivity,com.caike.lomo.modules.ape,猿宇宙,卡牌/闪卡,universe-planet-card,CLONE_1_TO_1,game,card_virtual;game
com.caike.lomo.modules.ape.ui.MillionMonkeyMyLogActivity,MillionMonkeyMyLogActivity,com.caike.lomo.modules.ape,猿宇宙,猿宇宙,million-monkey-my-log,CLONE_1_TO_1,game,game
com.caike.lomo.modules.ape.ui.MillionMonkeyHistoryLogActivity,MillionMonkeyHistoryLogActivity,com.caike.lomo.modules.ape,猿宇宙,猿宇宙,million-monkey-history-log,CLONE_1_TO_1,game,game
com.caike.lomo.modules.ape.ui.HistoryMonkeyTicketActivity,HistoryMonkeyTicketActivity,com.caike.lomo.modules.ape,猿宇宙,猿宇宙,history-monkey-ticket,CLONE_1_TO_1,game,game
com.caike.lomo.modules.ape.ui.MonkeyTicketDetailActivity,MonkeyTicketDetailActivity,com.caike.lomo.modules.ape,猿宇宙,猿宇宙,monkey-ticket-detail,CLONE_1_TO_1,game,game
com.caike.lomo.modules.ape.ui.ApeMedalGoldRecordActivity,ApeMedalGoldRecordActivity,com.caike.lomo.modules.ape,猿宇宙,勋章,ape-medal-gold-record,CLONE_1_TO_1,game,card_virtual;game
com.caike.lomo.modules.ape.ui.MonkeyKingActivity,MonkeyKingActivity,com.caike.lomo.modules.ape,猿宇宙,炸猴王,monkey-king,CLONE_1_TO_1,game,game
com.caike.lomo.modules.ape.ui.ApeCoinsTradedOrderActivity,ApeCoinsTradedOrderActivity,com.caike.lomo.modules.ape,猿宇宙,交易/寄售,ape-coins-traded-order,CLONE_COMMERCE_FLOW_WITH_PAYMENT_ADAPTER,game,payment;auction_trade;ecommerce;game
com.caike.lomo.modules.ape.ui.ApeApplicationActivity,ApeApplicationActivity,com.caike.lomo.modules.ape,猿宇宙,猿宇宙,ape-application,CLONE_1_TO_1,game,game
com.caike.lomo.modules.ape.ui.ApeTradeCenterBadgeActivity,ApeTradeCenterBadgeActivity,com.caike.lomo.modules.ape,猿宇宙,交易/寄售,ape-trade-center-badge,CLONE_1_TO_1,game,auction_trade;game
com.caike.lomo.modules.ape.ui.ApeTradedOrderBadgeActivity,ApeTradedOrderBadgeActivity,com.caike.lomo.modules.ape,猿宇宙,交易/寄售,ape-traded-order-badge,CLONE_1_TO_1,game,auction_trade;ecommerce;game
com.caike.lomo.modules.ape.ui.ApeFriendExamineActivity,ApeFriendExamineActivity,com.caike.lomo.modules.ape,猿宇宙,邀请/社交,ape-friend-examine,CLONE_1_TO_1,game,invite_reward;game
com.caike.lomo.modules.ape.ui.ApeSafeBoxActivity,ApeSafeBoxActivity,com.caike.lomo.modules.ape,猿宇宙,盲盒/福袋,ape-safe-box,CLONE_1_TO_1,game,random_reward;game
com.caike.lomo.modules.ape.ui.ApeSafeBoxOpActivity,ApeSafeBoxOpActivity,com.caike.lomo.modules.ape,猿宇宙,盲盒/福袋,ape-safe-box-op,CLONE_1_TO_1,game,random_reward;game
com.caike.lomo.modules.ape.ui.CardStorageActivity,CardStorageActivity,com.caike.lomo.modules.ape,猿宇宙,卡牌/闪卡,card-storage,CLONE_1_TO_1,game,card_virtual;game
com.caike.lomo.modules.ape.ui.MedalStorageActivity,MedalStorageActivity,com.caike.lomo.modules.ape,猿宇宙,勋章,medal-storage,CLONE_1_TO_1,game,card_virtual;game
com.caike.lomo.modules.ape.ui.ApePrivateMinesFriendActivity,ApePrivateMinesFriendActivity,com.caike.lomo.modules.ape,猿宇宙,邀请/社交,ape-private-mines-friend,CLONE_1_TO_1,game,invite_reward;game
com.caike.lomo.modules.ape.ui.ApeSafeBoxSeriesSelectActivity,ApeSafeBoxSeriesSelectActivity,com.caike.lomo.modules.ape,猿宇宙,盲盒/福袋,ape-safe-box-series-select,CLONE_1_TO_1,game,random_reward;game
com.caike.lomo.modules.ape.ui.GroupPurchaseConfirmActivity,GroupPurchaseConfirmActivity,com.caike.lomo.modules.ape,猿宇宙,拼团,group-purchase-confirm,CLONE_1_TO_1,game,game
com.caike.lomo.modules.ape.ui.GroupPurchasePayStatusActivity,GroupPurchasePayStatusActivity,com.caike.lomo.modules.ape,猿宇宙,拼团,group-purchase-pay-status,CLONE_1_TO_1,game,payment;game
com.caike.lomo.modules.ape.ui.ApeGroupPurchaseNewActivity,ApeGroupPurchaseNewActivity,com.caike.lomo.modules.ape,猿宇宙,拼团,ape-group-purchase-new,CLONE_1_TO_1,game,game
com.caike.lomo.modules.ape.ui.GroupPurchaseOrderActivity,GroupPurchaseOrderActivity,com.caike.lomo.modules.ape,猿宇宙,拼团,group-purchase-order,CLONE_COMMERCE_FLOW_WITH_PAYMENT_ADAPTER,game,ecommerce;game
com.caike.lomo.modules.ape.ui.GroupBuyOrderDetailAcitivity,GroupBuyOrderDetailAcitivity,com.caike.lomo.modules.ape,猿宇宙,拼团,group-buy-order-detail-acitivity,CLONE_COMMERCE_FLOW_WITH_PAYMENT_ADAPTER,game,ecommerce;game
com.caike.lomo.modules.ape.ui.GroupPurchaseHistoryActivity,GroupPurchaseHistoryActivity,com.caike.lomo.modules.ape,猿宇宙,拼团,group-purchase-history,CLONE_1_TO_1,game,game
com.caike.lomo.modules.ape.ui.ProductUniverseCardListActivity,ProductUniverseCardListActivity,com.caike.lomo.modules.ape,猿宇宙,卡牌/闪卡,product-universe-card-list,CLONE_1_TO_1,game,card_virtual;game
com.caike.lomo.modules.ape.ui.MonkeyKingRankActivity,MonkeyKingRankActivity,com.caike.lomo.modules.ape,猿宇宙,炸猴王,monkey-king-rank,CLONE_1_TO_1,game,game
com.caike.lomo.modules.ape.ui.ApeMyMiningFriendActivity,ApeMyMiningFriendActivity,com.caike.lomo.modules.ape,猿宇宙,邀请/社交,ape-my-mining-friend,CLONE_1_TO_1,game,invite_reward;game
com.caike.lomo.modules.ape.ui.ApeSearchActivity,ApeSearchActivity,com.caike.lomo.modules.ape,猿宇宙,猿宇宙,ape-search,CLONE_1_TO_1,game,game
com.caike.lomo.modules.ape.ui.ApeFriendGemstoneActivity,ApeFriendGemstoneActivity,com.caike.lomo.modules.ape,猿宇宙,宝石,ape-friend-gemstone,CLONE_1_TO_1,game,card_virtual;invite_reward;game
com.caike.lomo.modules.ape.ui.ApeRanksDetailsActivity,ApeRanksDetailsActivity,com.caike.lomo.modules.ape,猿宇宙,猿宇宙,ape-ranks-details,CLONE_1_TO_1,game,game
com.caike.lomo.modules.ape.ui.ApeProductSpecialActivity,ApeProductSpecialActivity,com.caike.lomo.modules.ape,猿宇宙,商城/订单,ape-product-special,CLONE_1_TO_1,game,game
com.caike.lomo.modules.ape.ui.PuzzleIndexActivity,PuzzleIndexActivity,com.caike.lomo.modules.ape,猿宇宙,拼图矿场,puzzle-index,CLONE_1_TO_1,game,game
com.caike.lomo.modules.ape.ui.PuzzleDetailActivity,PuzzleDetailActivity,com.caike.lomo.modules.ape,猿宇宙,拼图矿场,puzzle-detail,CLONE_1_TO_1,game,game
com.caike.lomo.modules.ape.ui.PuzzleMineAddActivity,PuzzleMineAddActivity,com.caike.lomo.modules.ape,猿宇宙,拼图矿场,puzzle-mine-add,CLONE_1_TO_1,game,game
com.caike.lomo.modules.ape.ui.PuzzleOrderDetailActivity,PuzzleOrderDetailActivity,com.caike.lomo.modules.ape,猿宇宙,拼图矿场,puzzle-order-detail,CLONE_COMMERCE_FLOW_WITH_PAYMENT_ADAPTER,game,ecommerce;game
com.caike.lomo.modules.ape.ui.PuzzleRecordActivity,PuzzleRecordActivity,com.caike.lomo.modules.ape,猿宇宙,拼图矿场,puzzle-record,CLONE_1_TO_1,game,game
com.caike.lomo.modules.ape.ui.GemstoneLeasingActivity,GemstoneLeasingActivity,com.caike.lomo.modules.ape,猿宇宙,宝石,gemstone-leasing,CLONE_1_TO_1,game,card_virtual;game
com.caike.lomo.modules.ape.ui.GemstoneLeasingDetailsActivity,GemstoneLeasingDetailsActivity,com.caike.lomo.modules.ape,猿宇宙,宝石,gemstone-leasing-details,CLONE_1_TO_1,game,card_virtual;game
com.caike.lomo.modules.ape.ui.ShopManagerActivity,ShopManagerActivity,com.caike.lomo.modules.ape,猿宇宙,猿宇宙,shop-manager,CLONE_1_TO_1,game,game
com.caike.lomo.modules.ape.ui.ApeHeadActivity,ApeHeadActivity,com.caike.lomo.modules.ape,猿宇宙,猿宇宙,ape-head,CLONE_1_TO_1,game,game
com.caike.lomo.modules.ape.ui.GemStatisticsActivity,GemStatisticsActivity,com.caike.lomo.modules.ape,猿宇宙,猿宇宙,gem-statistics,CLONE_1_TO_1,game,card_virtual;game
com.caike.lomo.modules.ape.ui.GiveRocksInfoActivity,GiveRocksInfoActivity,com.caike.lomo.modules.ape,猿宇宙,猿石/矿石,give-rocks-info,CLONE_1_TO_1,game,game
com.caike.lomo.modules.ape.ui.ApeHeadCopyrightActivity,ApeHeadCopyrightActivity,com.caike.lomo.modules.ape,猿宇宙,IP/设计师,ape-head-copyright,CLONE_1_TO_1,game,game
com.caike.lomo.modules.warcraft.ui.WarcraftWithdrawLogActivity,WarcraftWithdrawLogActivity,com.caike.lomo.modules.warcraft,猿石魔兽,猿石魔兽,warcraft-withdraw-log,UI_CLONE_TEST_ONLY_SETTLEMENT_DISABLED,game,payment;random_reward;game
com.caike.lomo.modules.warcraft.ui.WarcraftExchangeLogActivity,WarcraftExchangeLogActivity,com.caike.lomo.modules.warcraft,猿石魔兽,猿石魔兽,warcraft-exchange-log,CLONE_1_TO_1,game,game
com.caike.lomo.modules.battle.ui.ApeRabbitMainActivity,ApeRabbitMainActivity,com.caike.lomo.modules.battle,猿兔战斗,猿兔战斗,ape-rabbit-main,CLONE_1_TO_1,game,game
com.caike.lomo.modules.battle.ui.ApeRabbitLogActivity,ApeRabbitLogActivity,com.caike.lomo.modules.battle,猿兔战斗,猿兔战斗,ape-rabbit-log,CLONE_1_TO_1,game,game
com.caike.lomo.modules.battle.ui.ApeRabbitResultActivity,ApeRabbitResultActivity,com.caike.lomo.modules.battle,猿兔战斗,猿兔战斗,ape-rabbit-result,CLONE_1_TO_1,game,game
com.caike.lomo.modules.battle.ui.MiningLogActivity,MiningLogActivity,com.caike.lomo.modules.battle,猿兔战斗,猿兔战斗,mining-log,CLONE_1_TO_1,game,game
com.caike.lomo.modules.applet.ui.MarblesActivity,MarblesActivity,com.caike.lomo.modules.applet,小游戏集合,弹珠,marbles,CLONE_1_TO_1,game,
com.caike.lomo.modules.applet.ui.EscapeTigerMouthRecordActivity,EscapeTigerMouthRecordActivity,com.caike.lomo.modules.applet,小游戏集合,虎口逃生,escape-tiger-mouth-record,CLONE_1_TO_1,game,game
com.caike.lomo.modules.applet.ui.EscapeTigerMouthActivity,EscapeTigerMouthActivity,com.caike.lomo.modules.applet,小游戏集合,虎口逃生,escape-tiger-mouth,CLONE_1_TO_1,game,game
com.caike.lomo.modules.applet.ui.PunchInRecordActivity,PunchInRecordActivity,com.caike.lomo.modules.applet,小游戏集合,小游戏集合,punch-in-record,CLONE_1_TO_1,game,
com.caike.lomo.modules.applet.ui.PunchInRankActivity,PunchInRankActivity,com.caike.lomo.modules.applet,小游戏集合,小游戏集合,punch-in-rank,CLONE_1_TO_1,game,
com.caike.lomo.modules.applet.ui.PunchInActivity,PunchInActivity,com.caike.lomo.modules.applet,小游戏集合,小游戏集合,punch-in,CLONE_1_TO_1,game,
com.caike.lomo.modules.applet.ui.SportsMeetActivity,SportsMeetActivity,com.caike.lomo.modules.applet,小游戏集合,运动会,sports-meet,CLONE_1_TO_1,game,
com.caike.lomo.modules.applet.ui.SportLogsActivity,SportLogsActivity,com.caike.lomo.modules.applet,小游戏集合,运动会,sport-logs,CLONE_1_TO_1,game,
com.caike.lomo.modules.applet.ui.ChickenActivity,ChickenActivity,com.caike.lomo.modules.applet,小游戏集合,今晚吃鸡,chicken,CLONE_1_TO_1,game,
com.caike.lomo.modules.applet.ui.ChickenLogsActivity,ChickenLogsActivity,com.caike.lomo.modules.applet,小游戏集合,今晚吃鸡,chicken-logs,CLONE_1_TO_1,game,
com.caike.lomo.modules.applet.ui.BattleRoyalRankActivity,BattleRoyalRankActivity,com.caike.lomo.modules.applet,小游戏集合,大逃杀,battle-royal-rank,CLONE_1_TO_1,game,game
com.caike.lomo.modules.nx.ui.RedPackageInfoActivity,RedPackageInfoActivity,com.caike.lomo.modules.nx,NX竞技,NX竞技,red-package-info,CLONE_1_TO_1,game,
com.caike.lomo.modules.nx.ui.RedPackageGoodsActivity,RedPackageGoodsActivity,com.caike.lomo.modules.nx,NX竞技,商城/订单,red-package-goods,CLONE_1_TO_1,game,ecommerce
com.caike.lomo.modules.nx.ui.BattleRockActivity,BattleRockActivity,com.caike.lomo.modules.nx,NX竞技,猿石/矿石,battle-rock,CLONE_1_TO_1,game,game
com.caike.lomo.modules.nx.ui.ChallengeBossActivity,ChallengeBossActivity,com.caike.lomo.modules.nx,NX竞技,Boss挑战,challenge-boss,CLONE_1_TO_1,game,
com.caike.lomo.modules.nx.ui.NxFriendExamineActivity,NxFriendExamineActivity,com.caike.lomo.modules.nx,NX竞技,邀请/社交,nx-friend-examine,CLONE_1_TO_1,game,invite_reward
com.caike.lomo.modules.nx.ui.NxRanksDetailsActivity,NxRanksDetailsActivity,com.caike.lomo.modules.nx,NX竞技,NX竞技,nx-ranks-details,CLONE_1_TO_1,game,
com.caike.lomo.modules.nx.ui.MyNxFriendActivity,MyNxFriendActivity,com.caike.lomo.modules.nx,NX竞技,邀请/社交,my-nx-friend,CLONE_1_TO_1,game,invite_reward
com.caike.lomo.modules.nx.ui.NxSearchActivity,NxSearchActivity,com.caike.lomo.modules.nx,NX竞技,NX竞技,nx-search,CLONE_1_TO_1,game,
com.caike.lomo.modules.nx.ui.NxFriendWorkActivity,NxFriendWorkActivity,com.caike.lomo.modules.nx,NX竞技,邀请/社交,nx-friend-work,CLONE_1_TO_1,game,invite_reward
com.caike.lomo.modules.nx.ui.NxFriendGemstoneActivity,NxFriendGemstoneActivity,com.caike.lomo.modules.nx,NX竞技,宝石,nx-friend-gemstone,CLONE_1_TO_1,game,card_virtual;invite_reward
com.caike.lomo.modules.nx.ui.MoreActActivity,MoreActActivity,com.caike.lomo.modules.nx,NX竞技,黄金矿场,more-act,CLONE_1_TO_1,game,
com.caike.lomo.modules.nx.ui.MyActActivity,MyActActivity,com.caike.lomo.modules.nx,NX竞技,NX竞技,my-act,CLONE_1_TO_1,game,
com.caike.lomo.modules.nx.ui.ActDetailActivity,ActDetailActivity,com.caike.lomo.modules.nx,NX竞技,NX竞技,act-detail,CLONE_1_TO_1,game,
com.caike.lomo.modules.nx.ui.RewardLogsActivity,RewardLogsActivity,com.caike.lomo.modules.nx,NX竞技,NX竞技,reward-logs,CLONE_1_TO_1,game,invite_reward
com.caike.lomo.modules.nx.ui.MyPrizeActivity,MyPrizeActivity,com.caike.lomo.modules.nx,NX竞技,NX竞技,my-prize,CLONE_1_TO_1,game,
com.caike.lomo.modules.nx.ui.OrderDetailsActivity,OrderDetailsActivity,com.caike.lomo.modules.nx,NX竞技,商城/订单,order-details,CLONE_COMMERCE_FLOW_WITH_PAYMENT_ADAPTER,game,ecommerce
com.caike.lomo.modules.nx.ui.BuyPrizeActivity,BuyPrizeActivity,com.caike.lomo.modules.nx,NX竞技,NX竞技,buy-prize,CLONE_1_TO_1,game,
com.caike.lomo.modules.nx.ui.ArenaHomeActivity,ArenaHomeActivity,com.caike.lomo.modules.nx,NX竞技,竞技场,arena-home,CLONE_1_TO_1,game,
com.caike.lomo.modules.nx.ui.ArenaRankActivity,ArenaRankActivity,com.caike.lomo.modules.nx,NX竞技,竞技场,arena-rank,CLONE_1_TO_1,game,
com.caike.lomo.modules.nx.ui.ArenaLogsActivity,ArenaLogsActivity,com.caike.lomo.modules.nx,NX竞技,竞技场,arena-logs,CLONE_1_TO_1,game,
com.caike.lomo.modules.nx.ui.ArenaPoolActivity,ArenaPoolActivity,com.caike.lomo.modules.nx,NX竞技,竞技场,arena-pool,CLONE_1_TO_1,game,
com.caike.lomo.modules.agent.ui.MyStoreManagerOrderActivity,MyStoreManagerOrderActivity,com.caike.lomo.modules.agent,店长/代理,黄金矿场,my-store-manager-order,CLONE_COMMERCE_FLOW_WITH_PAYMENT_ADAPTER,game,ecommerce
com.caike.lomo.modules.agent.ui.GiveCardActivity,GiveCardActivity,com.caike.lomo.modules.agent,店长/代理,卡牌/闪卡,give-card,CLONE_1_TO_1,game,card_virtual
com.caike.lomo.modules.agent.ui.AgentLogActivity,AgentLogActivity,com.caike.lomo.modules.agent,店长/代理,店长/代理,agent-log,CLONE_1_TO_1,game,
com.caike.lomo.modules.agent.ui.AgentStockDetailsActivity,AgentStockDetailsActivity,com.caike.lomo.modules.agent,店长/代理,店长/代理,agent-stock-details,CLONE_1_TO_1,game,
com.caike.lomo.modules.agent.ui.AgentListActivity,AgentListActivity,com.caike.lomo.modules.agent,店长/代理,店长/代理,agent-list,CLONE_1_TO_1,game,
com.caike.lomo.modules.agent.ui.AgentThirdLevelListActivity,AgentThirdLevelListActivity,com.caike.lomo.modules.agent,店长/代理,店长/代理,agent-third-level-list,CLONE_1_TO_1,game,
com.caike.lomo.modules.agent.ui.AddAgentActivity,AddAgentActivity,com.caike.lomo.modules.agent,店长/代理,店长/代理,add-agent,CLONE_1_TO_1,game,
com.caike.lomo.modules.agent.ui.AgentCardOrderActivity,AgentCardOrderActivity,com.caike.lomo.modules.agent,店长/代理,卡牌/闪卡,agent-card-order,CLONE_COMMERCE_FLOW_WITH_PAYMENT_ADAPTER,game,card_virtual;ecommerce
com.caike.lomo.modules.agent.ui.AgentPaymentActivity,AgentPaymentActivity,com.caike.lomo.modules.agent,店长/代理,店长/代理,agent-payment,CLONE_1_TO_1,game,payment
com.caike.lomo.modules.agent.ui.PaymentToExamineActivity,PaymentToExamineActivity,com.caike.lomo.modules.agent,店长/代理,店长/代理,payment-to-examine,CLONE_1_TO_1,game,payment
com.caike.lomo.modules.agent.ui.AgentMainActivity,AgentMainActivity,com.caike.lomo.modules.agent,店长/代理,店长/代理,agent-main,CLONE_1_TO_1,game,
com.caike.lomo.modules.agent.ui.AgentInfoActivity,AgentInfoActivity,com.caike.lomo.modules.agent,店长/代理,店长/代理,agent-info,CLONE_1_TO_1,game,
com.caike.lomo.modules.agent.ui.AgentStockActivity,AgentStockActivity,com.caike.lomo.modules.agent,店长/代理,店长/代理,agent-stock,CLONE_1_TO_1,game,
com.caike.lomo.modules.agent.ui.AgentMarginActivity,AgentMarginActivity,com.caike.lomo.modules.agent,店长/代理,店长/代理,agent-margin,CLONE_1_TO_1,game,
com.caike.lomo.modules.agent.ui.AgentConfirmOrderActivity,AgentConfirmOrderActivity,com.caike.lomo.modules.agent,店长/代理,店长/代理,agent-confirm-order,CLONE_COMMERCE_FLOW_WITH_PAYMENT_ADAPTER,game,ecommerce
com.caike.lomo.modules.agent.ui.StoreDataActivity,StoreDataActivity,com.caike.lomo.modules.agent,店长/代理,黄金矿场,store-data,CLONE_1_TO_1,game,
com.caike.lomo.modules.agent.ui.AgentOrderDetailActivity,AgentOrderDetailActivity,com.caike.lomo.modules.agent,店长/代理,店长/代理,agent-order-detail,CLONE_COMMERCE_FLOW_WITH_PAYMENT_ADAPTER,game,ecommerce
com.caike.lomo.modules.agent.ui.PickConfirmOrderActivity,PickConfirmOrderActivity,com.caike.lomo.modules.agent,店长/代理,商城/订单,pick-confirm-order,CLONE_COMMERCE_FLOW_WITH_PAYMENT_ADAPTER,game,ecommerce
com.caike.lomo.modules.agent.ui.PickStatusActivity,PickStatusActivity,com.caike.lomo.modules.agent,店长/代理,店长/代理,pick-status,CLONE_1_TO_1,game,
com.caike.ticket.modules.rocks.beast.ui.AnimalsMainActivity,AnimalsMainActivity,com.caike.ticket.modules.rocks,方块兽/动物玩法,方块兽/动物玩法,animals-main,CLONE_1_TO_1,game,
com.caike.ticket.modules.rocks.beast.ui.activity.BeastPrizesActivity,BeastPrizesActivity,com.caike.ticket.modules.rocks,方块兽/动物玩法,方块兽/动物玩法,beast-prizes,CLONE_1_TO_1,game,
com.caike.ticket.modules.rocks.beast.ui.activity.ResultsActivity,ResultsActivity,com.caike.ticket.modules.rocks,方块兽/动物玩法,方块兽/动物玩法,results,CLONE_1_TO_1,game,
com.caike.ticket.modules.rocks.beast.ui.activity.RankActivity,RankActivity,com.caike.ticket.modules.rocks,方块兽/动物玩法,方块兽/动物玩法,rank,CLONE_1_TO_1,game,
com.caike.ticket.modules.rocks.beast.ui.activity.HistoryRecordActivity,HistoryRecordActivity,com.caike.ticket.modules.rocks,方块兽/动物玩法,方块兽/动物玩法,history-record,CLONE_1_TO_1,game,
com.caike.lomo.modules.hundred.ui.ApeWebActivity,ApeWebActivity,com.caike.lomo.modules.hundred,百人/IP内容,百人/IP内容,ape-web,CLONE_1_TO_1,game,game;web
com.caike.lomo.modules.hundred.ui.HundredImageViewerActivity,HundredImageViewerActivity,com.caike.lomo.modules.hundred,百人/IP内容,百人/IP内容,hundred-image-viewer,CLONE_1_TO_1,game,game
com.caike.lomo.modules.hundred.ui.ApeProductActivity,ApeProductActivity,com.caike.lomo.modules.hundred,百人/IP内容,商城/订单,ape-product,CLONE_1_TO_1,game,game
com.caike.lomo.modules.hundred.ui.ApeTrendsActivity,ApeTrendsActivity,com.caike.lomo.modules.hundred,百人/IP内容,百人/IP内容,ape-trends,CLONE_1_TO_1,game,game
com.caike.lomo.modules.hundred.ui.ApeBrandActivity,ApeBrandActivity,com.caike.lomo.modules.hundred,百人/IP内容,百人/IP内容,ape-brand,CLONE_1_TO_1,game,game
com.caike.lomo.modules.hundred.ui.ApeBrandDetailActivity,ApeBrandDetailActivity,com.caike.lomo.modules.hundred,百人/IP内容,百人/IP内容,ape-brand-detail,CLONE_1_TO_1,game,game
com.caike.lomo.modules.reboom.ui.RocksMonkeyKingActivity,RocksMonkeyKingActivity,com.caike.lomo.modules.reboom,炸猴王,炸猴王,rocks-monkey-king,CLONE_1_TO_1,game,game
com.caike.lomo.modules.reboom.ui.RocksMonkeyKingRankActivity,RocksMonkeyKingRankActivity,com.caike.lomo.modules.reboom,炸猴王,炸猴王,rocks-monkey-king-rank,CLONE_1_TO_1,game,game
com.caike.lomo.modules.reboom.ui.RocksMonkeyPoolActivity,RocksMonkeyPoolActivity,com.caike.lomo.modules.reboom,炸猴王,猿石/矿石,rocks-monkey-pool,CLONE_1_TO_1,game,game
com.caike.lomo.modules.superlink.ui.SuperBoxLinkActivity,SuperBoxLinkActivity,com.caike.lomo.modules.superlink,超级链接,盲盒/福袋,super-box-link,CLONE_1_TO_1,game,random_reward
com.caike.lomo.modules.superlink.ui.BuyRecordsActivity,BuyRecordsActivity,com.caike.lomo.modules.superlink,超级链接,超级链接,buy-records,CLONE_1_TO_1,game,
com.caike.lomo.modules.superlink.ui.FriendsDetailActivity,FriendsDetailActivity,com.caike.lomo.modules.superlink,超级链接,邀请/社交,friends-detail,CLONE_1_TO_1,game,invite_reward
com.caike.lomo.modules.superlink.ui.SuperLinkBindInviterActivity,SuperLinkBindInviterActivity,com.caike.lomo.modules.superlink,超级链接,邀请/社交,super-link-bind-inviter,CLONE_1_TO_1,game,invite_reward
com.caike.lomo.modules.superlink.ui.SuperLinkInviteCodeActivity,SuperLinkInviteCodeActivity,com.caike.lomo.modules.superlink,超级链接,邀请/社交,super-link-invite-code,CLONE_1_TO_1,game,invite_reward
com.caike.lomo.modules.superlink.ui.LinkInviteLogsActivity,LinkInviteLogsActivity,com.caike.lomo.modules.superlink,超级链接,邀请/社交,link-invite-logs,CLONE_1_TO_1,game,invite_reward
com.caike.lomo.modules.rob.ui.RobMainActivity,RobMainActivity,com.caike.lomo.modules.rob,抢夺,抢夺/抢劫,rob-main,CLONE_1_TO_1,game,game
com.caike.lomo.modules.rob.ui.RobRankActivity,RobRankActivity,com.caike.lomo.modules.rob,抢夺,抢夺/抢劫,rob-rank,CLONE_1_TO_1,game,game
com.caike.lomo.modules.rob.ui.RobLogActivity,RobLogActivity,com.caike.lomo.modules.rob,抢夺,抢夺/抢劫,rob-log,CLONE_1_TO_1,game,game
com.caike.lomo.modules.blocks.mall.ui.BlocksDetailActivity,BlocksDetailActivity,com.caike.lomo.modules.blocks,方块兽,方块兽,blocks-detail,CLONE_1_TO_1,game,ecommerce;game
com.caike.lomo.modules.blocks.mall.ui.BlockGoodsActivity,BlockGoodsActivity,com.caike.lomo.modules.blocks,方块兽,商城/订单,block-goods,CLONE_1_TO_1,game,ecommerce;game
com.caike.lomo.modules.blocks.mall.ui.BlocksDeliveryGoodsActivity,BlocksDeliveryGoodsActivity,com.caike.lomo.modules.blocks,方块兽,商城/订单,blocks-delivery-goods,CLONE_1_TO_1,game,ecommerce;game
com.caike.lomo.modules.blocks.mall.ui.BlocksDeviceAdapterActivity,BlocksDeviceAdapterActivity,com.caike.lomo.modules.blocks,方块兽,方块兽,blocks-device-adapter,CLONE_1_TO_1,game,ecommerce;game
com.caike.lomo.modules.multiple.ui.MultiplePitActivity,MultiplePitActivity,com.caike.lomo.modules.multiple,多人矿坑,多人矿坑,multiple-pit,CLONE_1_TO_1,game,
com.caike.lomo.modules.multiple.ui.GrandPrizeLogActivity,GrandPrizeLogActivity,com.caike.lomo.modules.multiple,多人矿坑,多人矿坑,grand-prize-log,CLONE_1_TO_1,game,
com.caike.lomo.modules.multiple.ui.ParticipateInLogActivity,ParticipateInLogActivity,com.caike.lomo.modules.multiple,多人矿坑,多人矿坑,participate-in-log,CLONE_1_TO_1,game,
com.caike.ticket.modules.rocksTug.ui.activity.TugActivity,TugActivity,com.caike.ticket.modules.rocksTug,拔河,拔河,tug,CLONE_1_TO_1,game,
com.caike.ticket.modules.rocksTug.ui.activity.TugRecordActivity,TugRecordActivity,com.caike.ticket.modules.rocksTug,拔河,拔河,tug-record,CLONE_1_TO_1,game,
com.caike.ticket.modules.rocksTug.ui.activity.TugRankActivity,TugRankActivity,com.caike.ticket.modules.rocksTug,拔河,拔河,tug-rank,CLONE_1_TO_1,game,
com.caike.lomo.modules.blocks.battle.ui.DaggerActivity,DaggerActivity,com.caike.lomo.modules.blocks,方块兽,匕首/刺杀,dagger,CLONE_1_TO_1,game,game
com.caike.lomo.modules.blocks.battle.ui.DaggerNewActivity,DaggerNewActivity,com.caike.lomo.modules.blocks,方块兽,匕首/刺杀,dagger-new,CLONE_1_TO_1,game,game
com.caike.lomo.modules.blocks.battle.ui.DaggerRecordActivity,DaggerRecordActivity,com.caike.lomo.modules.blocks,方块兽,匕首/刺杀,dagger-record,CLONE_1_TO_1,game,game
com.caike.lomo.modules.blocks.battle.ui.NailActivity,NailActivity,com.caike.lomo.modules.blocks,方块兽,方块兽,nail,CLONE_1_TO_1,game,game
com.caike.lomo.modules.blocks.battle.ui.DaggerTradeActivity,DaggerTradeActivity,com.caike.lomo.modules.blocks,方块兽,匕首/刺杀,dagger-trade,CLONE_1_TO_1,game,auction_trade;game
com.caike.lomo.modules.blocks.battle.ui.TradeRecordActivity,TradeRecordActivity,com.caike.lomo.modules.blocks,方块兽,交易/寄售,trade-record,CLONE_1_TO_1,game,auction_trade;game
com.caike.lomo.modules.blocks.battle.ui.DaggerReleaseActivity,DaggerReleaseActivity,com.caike.lomo.modules.blocks,方块兽,匕首/刺杀,dagger-release,CLONE_1_TO_1,game,game
com.caike.lomo.modules.blocks.battle.ui.ShareActivity,ShareActivity,com.caike.lomo.modules.blocks,方块兽,方块兽,share,CLONE_1_TO_1,game,game
com.caike.lomo.modules.blocks.battle.ui.ShareFriendActivity,ShareFriendActivity,com.caike.lomo.modules.blocks,方块兽,邀请/社交,share-friend,CLONE_1_TO_1,game,invite_reward;game
com.caike.lomo.modules.blocks.battle.ui.ShareInputActivity,ShareInputActivity,com.caike.lomo.modules.blocks,方块兽,方块兽,share-input,CLONE_1_TO_1,game,game
com.caike.lomo.modules.blocks.battle.ui.RobberyLogActivity,RobberyLogActivity,com.caike.lomo.modules.blocks,方块兽,抢夺/抢劫,robbery-log,CLONE_1_TO_1,game,game
com.caike.lomo.modules.blocks.battle.ui.RobberyRankActivity,RobberyRankActivity,com.caike.lomo.modules.blocks,方块兽,抢夺/抢劫,robbery-rank,CLONE_1_TO_1,game,game
com.caike.lomo.modules.blocks.battle.ui.MyInviterActivity,MyInviterActivity,com.caike.lomo.modules.blocks,方块兽,邀请/社交,my-inviter,CLONE_1_TO_1,game,invite_reward;game
com.caike.lomo.modules.blocks.battle.ui.BattleRoyalActivity,BattleRoyalActivity,com.caike.lomo.modules.blocks,方块兽,大逃杀,battle-royal,CLONE_1_TO_1,game,game
com.caike.lomo.modules.blocks.battle.ui.BettingHistoryActivity,BettingHistoryActivity,com.caike.lomo.modules.blocks,方块兽,大逃杀,betting-history,CLONE_1_TO_1,game,random_reward;game
com.caike.lomo.modules.blocks.battle.ui.RobberyKillerActivity,RobberyKillerActivity,com.caike.lomo.modules.blocks,方块兽,抢夺/抢劫,robbery-killer,CLONE_1_TO_1,game,game
com.caike.lomo.modules.blocks.battle.ui.BattleRoyalRankActivity,BattleRoyalRankActivity,com.caike.lomo.modules.blocks,方块兽,大逃杀,battle-royal-rank,CLONE_1_TO_1,game,game
com.caike.lomo.modules.blocks.battle.ui.AssassinationHistoryActivity,AssassinationHistoryActivity,com.caike.lomo.modules.blocks,方块兽,匕首/刺杀,assassination-history,CLONE_1_TO_1,game,game
com.caike.lomo.modules.blocks.battle.ui.MyDaggerActivity,MyDaggerActivity,com.caike.lomo.modules.blocks,方块兽,匕首/刺杀,my-dagger,CLONE_1_TO_1,game,game
com.qq.e.ads.ADActivity,ADActivity,third_party,第三方SDK,第三方SDK,a-d,PLATFORM_ADAPTER,adapter,
com.qq.e.ads.PortraitADActivity,PortraitADActivity,third_party,第三方SDK,第三方SDK,portrait-a-d,PLATFORM_ADAPTER,adapter,
com.qq.e.ads.LandscapeADActivity,LandscapeADActivity,third_party,第三方SDK,第三方SDK,landscape-a-d,PLATFORM_ADAPTER,adapter,game
com.caike.lomo.modules.common.ui.CollectShipActivity,CollectShipActivity,com.caike.lomo.modules.common,公共/飞船,公共/飞船,collect-ship,CLONE_1_TO_1,game,
com.caike.lomo.modules.common.ui.LomoLoginActivity,LomoLoginActivity,com.caike.lomo.modules.common,公共/飞船,账号/身份,lomo-login,CLONE_1_TO_1,game,identity
com.caike.lomo.modules.common.ui.ShipLogActivity,ShipLogActivity,com.caike.lomo.modules.common,公共/飞船,公共/飞船,ship-log,CLONE_1_TO_1,game,
com.caike.lomo.modules.common.ui.AirshipListActivity,AirshipListActivity,com.caike.lomo.modules.common,公共/飞船,宇宙探索,airship-list,CLONE_1_TO_1,game,
com.caike.lomo.modules.common.ui.AirshipActivity,AirshipActivity,com.caike.lomo.modules.common,公共/飞船,宇宙探索,airship,CLONE_1_TO_1,game,
com.caike.lomo.modules.common.ui.SystemMaintenanceActivity,SystemMaintenanceActivity,com.caike.lomo.modules.common,公共/飞船,公共/飞船,system-maintenance,CLONE_1_TO_1,game,
com.caike.lomo.modules.common.ui.GoodsPreviewActivity,GoodsPreviewActivity,com.caike.lomo.modules.common,公共/飞船,商城/订单,goods-preview,CLONE_1_TO_1,game,ecommerce
com.caike.lomo.slapi.SLEntryActivity,SLEntryActivity,com.caike.lomo.slapi,系统入口,系统入口,s-l-entry,CLONE_1_TO_1,game,
ezy.arch.router.RouterActivity,RouterActivity,third_party,第三方SDK,第三方SDK,router,PLATFORM_ADAPTER,adapter,
com.alipay.sdk.app.AlipayResultActivity,AlipayResultActivity,third_party,第三方SDK,第三方SDK,alipay-result,PLATFORM_ADAPTER,adapter,payment
com.yanzhenjie.album.app.album.AlbumActivity,AlbumActivity,third_party,第三方SDK,第三方SDK,album,PLATFORM_ADAPTER,adapter,
com.yanzhenjie.album.app.album.GalleryActivity,GalleryActivity,third_party,第三方SDK,第三方SDK,gallery,PLATFORM_ADAPTER,adapter,
com.yanzhenjie.album.app.album.NullActivity,NullActivity,third_party,第三方SDK,第三方SDK,null,PLATFORM_ADAPTER,adapter,
com.yanzhenjie.album.app.gallery.GalleryActivity,GalleryActivity,third_party,第三方SDK,第三方SDK,gallery,PLATFORM_ADAPTER,adapter,
com.yanzhenjie.album.app.gallery.GalleryAlbumActivity,GalleryAlbumActivity,third_party,第三方SDK,第三方SDK,gallery-album,PLATFORM_ADAPTER,adapter,
com.yanzhenjie.album.app.camera.CameraActivity,CameraActivity,third_party,第三方SDK,第三方SDK,camera,PLATFORM_ADAPTER,adapter,
com.zhihu.matisse.ui.MatisseActivity,MatisseActivity,third_party,第三方SDK,第三方SDK,matisse,PLATFORM_ADAPTER,adapter,
com.zhihu.matisse.internal.ui.AlbumPreviewActivity,AlbumPreviewActivity,third_party,第三方SDK,第三方SDK,album-preview,PLATFORM_ADAPTER,adapter,
com.zhihu.matisse.internal.ui.SelectedPreviewActivity,SelectedPreviewActivity,third_party,第三方SDK,第三方SDK,selected-preview,PLATFORM_ADAPTER,adapter,
com.yanzhenjie.durban.DurbanActivity,DurbanActivity,third_party,第三方SDK,第三方SDK,durban,PLATFORM_ADAPTER,adapter,
com.draggable.library.extension.ImagesViewerActivity,ImagesViewerActivity,third_party,第三方SDK,第三方SDK,images-viewer,PLATFORM_ADAPTER,adapter,
ezy.sdk3rd.social.platforms.weixin.WXCallbackActivity,WXCallbackActivity,third_party,第三方SDK,第三方SDK,w-x-callback,PLATFORM_ADAPTER,adapter,
com.yanzhenjie.permission.bridge.BridgeActivity,BridgeActivity,third_party,第三方SDK,第三方SDK,bridge,PLATFORM_ADAPTER,adapter,
com.qiyukf.unicorn.ui.activity.ServiceMessageActivity,ServiceMessageActivity,third_party,第三方SDK,系统/客服,service-message,PLATFORM_ADAPTER,adapter,
com.qiyukf.uikit.session.activity.WatchMessagePictureActivity,WatchMessagePictureActivity,third_party,第三方SDK,第三方SDK,watch-message-picture,PLATFORM_ADAPTER,adapter,
com.qiyukf.uikit.session.activity.PickImageActivity,PickImageActivity,third_party,第三方SDK,第三方SDK,pick-image,PLATFORM_ADAPTER,adapter,
com.qiyukf.uikit.common.media.picker.activity.PickerAlbumActivity,PickerAlbumActivity,third_party,第三方SDK,第三方SDK,picker-album,PLATFORM_ADAPTER,adapter,
com.qiyukf.uikit.common.media.picker.activity.PickerAlbumPreviewActivity,PickerAlbumPreviewActivity,third_party,第三方SDK,第三方SDK,picker-album-preview,PLATFORM_ADAPTER,adapter,
com.qiyukf.uikit.common.media.picker.activity.PreviewImageFromCameraActivity,PreviewImageFromCameraActivity,third_party,第三方SDK,第三方SDK,preview-image-from-camera,PLATFORM_ADAPTER,adapter,
com.qiyukf.unicorn.ui.activity.FileDownloadActivity,FileDownloadActivity,third_party,第三方SDK,第三方SDK,file-download,PLATFORM_ADAPTER,adapter,
com.qiyukf.unicorn.ui.activity.UrlImagePreviewActivity,UrlImagePreviewActivity,third_party,第三方SDK,第三方SDK,url-image-preview,PLATFORM_ADAPTER,adapter,
com.qiyukf.unicorn.ui.activity.CardPopupActivity,CardPopupActivity,third_party,第三方SDK,卡牌/闪卡,card-popup,PLATFORM_ADAPTER,adapter,card_virtual
com.qiyukf.uikit.session.activity.CaptureVideoActivity,CaptureVideoActivity,third_party,第三方SDK,第三方SDK,capture-video,PLATFORM_ADAPTER,adapter,
com.qiyukf.uikit.session.activity.WatchVideoActivity,WatchVideoActivity,third_party,第三方SDK,第三方SDK,watch-video,PLATFORM_ADAPTER,adapter,
com.qiyukf.unicorn.ui.activity.LeaveMessageActivity,LeaveMessageActivity,third_party,第三方SDK,第三方SDK,leave-message,PLATFORM_ADAPTER,adapter,
com.qiyukf.unicorn.ui.activity.WatchPictureActivity,WatchPictureActivity,third_party,第三方SDK,第三方SDK,watch-picture,PLATFORM_ADAPTER,adapter,
com.qiyukf.unicorn.ui.activity.LeaveMsgCustomFieldMenuActivity,LeaveMsgCustomFieldMenuActivity,third_party,第三方SDK,第三方SDK,leave-msg-custom-field-menu,PLATFORM_ADAPTER,adapter,
com.qiyukf.unicorn.mediaselect.internal.ui.activity.AlbumPreviewActivity,AlbumPreviewActivity,third_party,第三方SDK,第三方SDK,album-preview,PLATFORM_ADAPTER,adapter,
com.qiyukf.unicorn.mediaselect.internal.ui.activity.SelectedPreviewActivity,SelectedPreviewActivity,third_party,第三方SDK,第三方SDK,selected-preview,PLATFORM_ADAPTER,adapter,
com.qiyukf.unicorn.mediaselect.internal.ui.activity.MatisseActivity,MatisseActivity,third_party,第三方SDK,第三方SDK,matisse,PLATFORM_ADAPTER,adapter,
com.qiyukf.unicorn.fileselect.ui.activity.FilePickerActivity,FilePickerActivity,third_party,第三方SDK,第三方SDK,file-picker,PLATFORM_ADAPTER,adapter,
com.qiyukf.unicorn.ui.activity.UserWorkSheetListActivity,UserWorkSheetListActivity,third_party,第三方SDK,第三方SDK,user-work-sheet-list,PLATFORM_ADAPTER,adapter,
com.qiyukf.unicorn.ui.activity.WorkSheetDetailActivity,WorkSheetDetailActivity,third_party,第三方SDK,第三方SDK,work-sheet-detail,PLATFORM_ADAPTER,adapter,
com.alipay.sdk.app.H5PayActivity,H5PayActivity,third_party,第三方SDK,第三方SDK,h5-pay,PLATFORM_ADAPTER,adapter,payment
com.alipay.sdk.app.H5AuthActivity,H5AuthActivity,third_party,第三方SDK,账号/身份,h5-auth,PLATFORM_ADAPTER,adapter,payment
com.alipay.sdk.app.PayResultActivity,PayResultActivity,third_party,第三方SDK,第三方SDK,pay-result,PLATFORM_ADAPTER,adapter,payment
com.alipay.sdk.app.H5OpenAuthActivity,H5OpenAuthActivity,third_party,第三方SDK,账号/身份,h5-open-auth,PLATFORM_ADAPTER,adapter,payment
com.alipay.sdk.app.APayEntranceActivity,APayEntranceActivity,third_party,第三方SDK,第三方SDK,a-pay-entrance,PLATFORM_ADAPTER,adapter,payment
com.tencent.bugly.beta.ui.BetaActivity,BetaActivity,third_party,第三方SDK,第三方SDK,beta,PLATFORM_ADAPTER,adapter,random_reward
cn.jpush.android.ui.PopWinActivity,PopWinActivity,third_party,第三方SDK,第三方SDK,pop-win,PLATFORM_ADAPTER,adapter,
cn.jpush.android.ui.PushActivity,PushActivity,third_party,第三方SDK,第三方SDK,push,PLATFORM_ADAPTER,adapter,
cn.jpush.android.service.DActivity,DActivity,third_party,第三方SDK,第三方SDK,d,PLATFORM_ADAPTER,adapter,
cn.jpush.android.service.JNotifyActivity,JNotifyActivity,third_party,第三方SDK,第三方SDK,j-notify,PLATFORM_ADAPTER,adapter,
com.xuexiang.xupdate.widget.UpdateDialogActivity,UpdateDialogActivity,third_party,第三方SDK,第三方SDK,update-dialog,PLATFORM_ADAPTER,adapter,
com.dtf.face.ui.PortFaceLoadingActivity,PortFaceLoadingActivity,third_party,第三方SDK,第三方SDK,port-face-loading,PLATFORM_ADAPTER,adapter,identity
com.dtf.face.ui.LandFaceLoadingActivity,LandFaceLoadingActivity,third_party,第三方SDK,第三方SDK,land-face-loading,PLATFORM_ADAPTER,adapter,identity
com.dtf.face.ui.ToygerLandActivity,ToygerLandActivity,third_party,第三方SDK,第三方SDK,toyger-land,PLATFORM_ADAPTER,adapter,identity
com.dtf.face.ui.ToygerPortActivity,ToygerPortActivity,third_party,第三方SDK,第三方SDK,toyger-port,PLATFORM_ADAPTER,adapter,identity
com.yiqun.superlink.open.SLEntryActivity,SLEntryActivity,third_party,第三方SDK,第三方SDK,s-l-entry,PLATFORM_ADAPTER,adapter,
com.bytedance.labcv.bytedcertsdk.activities.FaceLiveSDKActivity,FaceLiveSDKActivity,third_party,第三方SDK,第三方SDK,face-live-s-d-k,PLATFORM_ADAPTER,adapter,identity
com.bytedance.labcv.bytedcertsdk.activities.FaceLivePreActivity,FaceLivePreActivity,third_party,第三方SDK,第三方SDK,face-live-pre,PLATFORM_ADAPTER,adapter,identity
com.bytedance.labcv.bytedcertsdk.activities.SDKWebActivity,SDKWebActivity,third_party,第三方SDK,第三方SDK,s-d-k-web,PLATFORM_ADAPTER,adapter,identity;web
com.bytedance.labcv.bytedcertsdk.activities.OCRTakePhotoActivity,OCRTakePhotoActivity,third_party,第三方SDK,第三方SDK,o-c-r-take-photo,PLATFORM_ADAPTER,adapter,identity
com.bytedance.applog.migrate.MigrateDetectorActivity,MigrateDetectorActivity,third_party,第三方SDK,第三方SDK,migrate-detector,PLATFORM_ADAPTER,adapter,
com.bytedance.sdk.openadsdk.stub.activity.Stub_Standard_Activity,Stub_Standard_Activity,third_party,第三方SDK,第三方SDK,stub_-standard_,PLATFORM_ADAPTER,adapter,
com.bytedance.sdk.openadsdk.stub.activity.Stub_Standard_Portrait_Activity,Stub_Standard_Portrait_Activity,third_party,第三方SDK,第三方SDK,stub_-standard_-portrait_,PLATFORM_ADAPTER,adapter,
com.bytedance.sdk.openadsdk.stub.activity.Stub_Standard_Activity_T,Stub_Standard_Activity_T,third_party,第三方SDK,第三方SDK,stub_-standard_-activity_-t,PLATFORM_ADAPTER,adapter,
com.bytedance.sdk.openadsdk.stub.activity.Stub_Standard_Landscape_Activity,Stub_Standard_Landscape_Activity,third_party,第三方SDK,第三方SDK,stub_-standard_-landscape_,PLATFORM_ADAPTER,adapter,game
com.bytedance.sdk.openadsdk.stub.activity.Stub_Activity,Stub_Activity,third_party,第三方SDK,第三方SDK,stub_,PLATFORM_ADAPTER,adapter,
com.bytedance.sdk.openadsdk.stub.activity.Stub_SingleTask_Activity_T,Stub_SingleTask_Activity_T,third_party,第三方SDK,第三方SDK,stub_-single-task_-activity_-t,PLATFORM_ADAPTER,adapter,
com.bytedance.sdk.openadsdk.stub.activity.Stub_SingleTask_Activity,Stub_SingleTask_Activity,third_party,第三方SDK,第三方SDK,stub_-single-task_,PLATFORM_ADAPTER,adapter,
com.ss.android.downloadlib.addownload.compliance.AppPrivacyPolicyActivity,AppPrivacyPolicyActivity,third_party,第三方SDK,第三方SDK,app-privacy-policy,PLATFORM_ADAPTER,adapter,
com.ss.android.downloadlib.addownload.compliance.AppDetailInfoActivity,AppDetailInfoActivity,third_party,第三方SDK,第三方SDK,app-detail-info,PLATFORM_ADAPTER,adapter,
com.ss.android.downloadlib.activity.TTDelegateActivity,TTDelegateActivity,third_party,第三方SDK,第三方SDK,t-t-delegate,PLATFORM_ADAPTER,adapter,
com.ss.android.downloadlib.activity.JumpKllkActivity,JumpKllkActivity,third_party,第三方SDK,第三方SDK,jump-kllk,PLATFORM_ADAPTER,adapter,
com.ss.android.socialbase.appdownloader.view.DownloadTaskDeleteActivity,DownloadTaskDeleteActivity,third_party,第三方SDK,第三方SDK,download-task-delete,PLATFORM_ADAPTER,adapter,
com.ss.android.socialbase.appdownloader.view.JumpUnknownSourceActivity,JumpUnknownSourceActivity,third_party,第三方SDK,第三方SDK,jump-unknown-source,PLATFORM_ADAPTER,adapter,
com.kwad.sdk.api.proxy.app.AdWebViewActivity,AdWebViewActivity,third_party,第三方SDK,第三方SDK,ad-web-view,PLATFORM_ADAPTER,adapter,web
com.kwad.sdk.api.proxy.app.KsFullScreenVideoActivity,KsFullScreenVideoActivity,third_party,第三方SDK,第三方SDK,ks-full-screen-video,PLATFORM_ADAPTER,adapter,
com.kwad.sdk.api.proxy.app.KsFullScreenLandScapeVideoActivity,KsFullScreenLandScapeVideoActivity,third_party,第三方SDK,第三方SDK,ks-full-screen-land-scape-video,PLATFORM_ADAPTER,adapter,game
com.kwad.sdk.api.proxy.app.KsRewardVideoActivity,KsRewardVideoActivity,third_party,第三方SDK,第三方SDK,ks-reward-video,PLATFORM_ADAPTER,adapter,invite_reward
com.kwad.sdk.api.proxy.app.KSRewardLandScapeVideoActivity,KSRewardLandScapeVideoActivity,third_party,第三方SDK,第三方SDK,k-s-reward-land-scape-video,PLATFORM_ADAPTER,adapter,invite_reward;game
com.kwad.sdk.api.proxy.app.FeedDownloadActivity,FeedDownloadActivity,third_party,第三方SDK,第三方SDK,feed-download,PLATFORM_ADAPTER,adapter,
com.kwad.sdk.api.proxy.app.BaseFragmentActivity$KsTrendsActivity,BaseFragmentActivity$KsTrendsActivity,third_party,第三方SDK,第三方SDK,base-fragment-activity$-ks-trends,PLATFORM_ADAPTER,adapter,
com.kwad.sdk.api.proxy.app.BaseFragmentActivity$ProfileHomeActivity,BaseFragmentActivity$ProfileHomeActivity,third_party,第三方SDK,第三方SDK,base-fragment-activity$-profile-home,PLATFORM_ADAPTER,adapter,
com.kwad.sdk.api.proxy.app.BaseFragmentActivity$ProfileVideoDetailActivity,BaseFragmentActivity$ProfileVideoDetailActivity,third_party,第三方SDK,第三方SDK,base-fragment-activity$-profile-video-detail,PLATFORM_ADAPTER,adapter,
com.kwad.sdk.api.proxy.app.BaseFragmentActivity$TubeProfileActivity,BaseFragmentActivity$TubeProfileActivity,third_party,第三方SDK,第三方SDK,base-fragment-activity$-tube-profile,PLATFORM_ADAPTER,adapter,
com.kwad.sdk.api.proxy.app.BaseFragmentActivity$ChannelDetailActivity,BaseFragmentActivity$ChannelDetailActivity,third_party,第三方SDK,邀请/社交,base-fragment-activity$-channel-detail,PLATFORM_ADAPTER,adapter,
com.kwad.sdk.api.proxy.app.BaseFragmentActivity$TubeDetailActivity,BaseFragmentActivity$TubeDetailActivity,third_party,第三方SDK,第三方SDK,base-fragment-activity$-tube-detail,PLATFORM_ADAPTER,adapter,
com.kwad.sdk.api.proxy.app.BaseFragmentActivity$EpisodeDetailActivity,BaseFragmentActivity$EpisodeDetailActivity,third_party,第三方SDK,第三方SDK,base-fragment-activity$-episode-detail,PLATFORM_ADAPTER,adapter,
com.kwad.sdk.api.proxy.app.BaseFragmentActivity$RequestInstallPermissionActivity,BaseFragmentActivity$RequestInstallPermissionActivity,third_party,第三方SDK,第三方SDK,base-fragment-activity$-request-install-permission,PLATFORM_ADAPTER,adapter,
com.kwad.sdk.api.proxy.app.BaseFragmentActivity$FragmentActivity1,BaseFragmentActivity$FragmentActivity1,third_party,第三方SDK,第三方SDK,base-fragment-activity$-fragment-activity1,PLATFORM_ADAPTER,adapter,
com.kwad.sdk.api.proxy.app.BaseFragmentActivity$GoodsPlayBackActivity,BaseFragmentActivity$GoodsPlayBackActivity,third_party,第三方SDK,商城/订单,base-fragment-activity$-goods-play-back,PLATFORM_ADAPTER,adapter,ecommerce
com.kwad.sdk.api.proxy.app.BaseFragmentActivity$FragmentActivity2,BaseFragmentActivity$FragmentActivity2,third_party,第三方SDK,第三方SDK,base-fragment-activity$-fragment-activity2,PLATFORM_ADAPTER,adapter,
com.kwad.sdk.api.proxy.app.BaseFragmentActivity$FragmentActivity3,BaseFragmentActivity$FragmentActivity3,third_party,第三方SDK,第三方SDK,base-fragment-activity$-fragment-activity3,PLATFORM_ADAPTER,adapter,
com.kwad.sdk.api.proxy.app.BaseFragmentActivity$FragmentActivity4,BaseFragmentActivity$FragmentActivity4,third_party,第三方SDK,第三方SDK,base-fragment-activity$-fragment-activity4,PLATFORM_ADAPTER,adapter,
com.kwad.sdk.api.proxy.app.BaseFragmentActivity$FragmentActivity5,BaseFragmentActivity$FragmentActivity5,third_party,第三方SDK,第三方SDK,base-fragment-activity$-fragment-activity5,PLATFORM_ADAPTER,adapter,
com.kwad.sdk.api.proxy.app.BaseFragmentActivity$FragmentActivity6,BaseFragmentActivity$FragmentActivity6,third_party,第三方SDK,第三方SDK,base-fragment-activity$-fragment-activity6,PLATFORM_ADAPTER,adapter,
com.kwad.sdk.api.proxy.app.BaseFragmentActivity$FragmentActivity7,BaseFragmentActivity$FragmentActivity7,third_party,第三方SDK,第三方SDK,base-fragment-activity$-fragment-activity7,PLATFORM_ADAPTER,adapter,
com.kwad.sdk.api.proxy.app.BaseFragmentActivity$FragmentActivity8,BaseFragmentActivity$FragmentActivity8,third_party,第三方SDK,第三方SDK,base-fragment-activity$-fragment-activity8,PLATFORM_ADAPTER,adapter,
com.kwad.sdk.api.proxy.app.BaseFragmentActivity$FragmentActivity9,BaseFragmentActivity$FragmentActivity9,third_party,第三方SDK,第三方SDK,base-fragment-activity$-fragment-activity9,PLATFORM_ADAPTER,adapter,
com.kwad.sdk.api.proxy.app.BaseFragmentActivity$FragmentActivity10,BaseFragmentActivity$FragmentActivity10,third_party,第三方SDK,第三方SDK,base-fragment-activity$-fragment-activity10,PLATFORM_ADAPTER,adapter,
com.kwad.sdk.api.proxy.app.BaseFragmentActivity$FragmentActivitySingleTop1,BaseFragmentActivity$FragmentActivitySingleTop1,third_party,第三方SDK,第三方SDK,base-fragment-activity$-fragment-activity-single-top1,PLATFORM_ADAPTER,adapter,
com.kwad.sdk.api.proxy.app.BaseFragmentActivity$FragmentActivitySingleTop2,BaseFragmentActivity$FragmentActivitySingleTop2,third_party,第三方SDK,第三方SDK,base-fragment-activity$-fragment-activity-single-top2,PLATFORM_ADAPTER,adapter,
com.kwad.sdk.api.proxy.app.BaseFragmentActivity$FragmentActivitySingleInstance1,BaseFragmentActivity$FragmentActivitySingleInstance1,third_party,第三方SDK,第三方SDK,base-fragment-activity$-fragment-activity-single-instance1,PLATFORM_ADAPTER,adapter,
com.kwad.sdk.api.proxy.app.BaseFragmentActivity$FragmentActivitySingleInstance2,BaseFragmentActivity$FragmentActivitySingleInstance2,third_party,第三方SDK,第三方SDK,base-fragment-activity$-fragment-activity-single-instance2,PLATFORM_ADAPTER,adapter,
com.kwad.sdk.api.proxy.app.BaseFragmentActivity$DeveloperConfigActivity,BaseFragmentActivity$DeveloperConfigActivity,third_party,第三方SDK,第三方SDK,base-fragment-activity$-developer-config,PLATFORM_ADAPTER,adapter,
com.kwad.sdk.api.proxy.app.BaseFragmentActivity$LandscapeFragmentActivity,BaseFragmentActivity$LandscapeFragmentActivity,third_party,第三方SDK,第三方SDK,base-fragment-activity$-landscape-fragment,PLATFORM_ADAPTER,adapter,game
com.kwad.sdk.api.proxy.app.BaseFragmentActivity$LandscapeFragmentActivitySingleTop1,BaseFragmentActivity$LandscapeFragmentActivitySingleTop1,third_party,第三方SDK,第三方SDK,base-fragment-activity$-landscape-fragment-activity-single-top1,PLATFORM_ADAPTER,adapter,game
com.kwad.sdk.api.proxy.app.BaseFragmentActivity$LandscapeFragmentActivitySingleTop2,BaseFragmentActivity$LandscapeFragmentActivitySingleTop2,third_party,第三方SDK,第三方SDK,base-fragment-activity$-landscape-fragment-activity-single-top2,PLATFORM_ADAPTER,adapter,game
com.kwad.sdk.api.proxy.app.BaseFragmentActivity$LandscapeFragmentActivitySingleTask1,BaseFragmentActivity$LandscapeFragmentActivitySingleTask1,third_party,第三方SDK,第三方SDK,base-fragment-activity$-landscape-fragment-activity-single-task1,PLATFORM_ADAPTER,adapter,game
com.kwad.sdk.api.proxy.app.BaseFragmentActivity$LandscapeFragmentActivitySingleTask2,BaseFragmentActivity$LandscapeFragmentActivitySingleTask2,third_party,第三方SDK,第三方SDK,base-fragment-activity$-landscape-fragment-activity-single-task2,PLATFORM_ADAPTER,adapter,game
com.kwad.sdk.api.proxy.app.BaseFragmentActivity$LandscapeFragmentActivitySingleInstance1,BaseFragmentActivity$LandscapeFragmentActivitySingleInstance1,third_party,第三方SDK,第三方SDK,base-fragment-activity$-landscape-fragment-activity-single-instance1,PLATFORM_ADAPTER,adapter,game
com.kwad.sdk.api.proxy.app.BaseFragmentActivity$LandscapeFragmentActivitySingleInstance2,BaseFragmentActivity$LandscapeFragmentActivitySingleInstance2,third_party,第三方SDK,第三方SDK,base-fragment-activity$-landscape-fragment-activity-single-instance2,PLATFORM_ADAPTER,adapter,game
com.qq.e.ads.RewardvideoPortraitADActivity,RewardvideoPortraitADActivity,third_party,第三方SDK,第三方SDK,rewardvideo-portrait-a-d,PLATFORM_ADAPTER,adapter,invite_reward
com.qq.e.ads.RewardvideoLandscapeADActivity,RewardvideoLandscapeADActivity,third_party,第三方SDK,第三方SDK,rewardvideo-landscape-a-d,PLATFORM_ADAPTER,adapter,invite_reward;game
com.qq.e.ads.DialogActivity,DialogActivity,third_party,第三方SDK,第三方SDK,dialog,PLATFORM_ADAPTER,adapter,
