path,size_bytes,compressed_bytes,ext,group,top_group
AndroidManifest.xml,199296,25389,.xml,android,AndroidManifest.xml
DebugProbesKt.bin,1719,777,.bin,android,DebugProbesKt.bin
META-INF/BytedCertSdk_release.kotlin_module,100,83,.kotlin_module,android,META-INF/BytedCertSdk_release.kotlin_module
META-INF/CenteredTitleBar_release.kotlin_module,16,12,.kotlin_module,android,META-INF/CenteredTitleBar_release.kotlin_module
META-INF/CountingTextView_release.kotlin_module,16,12,.kotlin_module,android,META-INF/CountingTextView_release.kotlin_module
META-INF/ThreeTextView_release.kotlin_module,16,12,.kotlin_module,android,META-INF/ThreeTextView_release.kotlin_module
META-INF/activity-ktx_release.kotlin_module,89,80,.kotlin_module,android,META-INF/activity-ktx_release.kotlin_module
META-INF/ad_grRelease.kotlin_module,136,90,.kotlin_module,android,META-INF/ad_grRelease.kotlin_module
META-INF/agent_grRelease.kotlin_module,93,88,.kotlin_module,android,META-INF/agent_grRelease.kotlin_module
META-INF/androidx.activity_activity.version,6,8,.version,android,META-INF/androidx.activity_activity.version
META-INF/androidx.annotation_annotation-experimental.version,6,8,.version,android,META-INF/androidx.annotation_annotation-experimental.version
META-INF/androidx.appcompat_appcompat-resources.version,6,8,.version,android,META-INF/androidx.appcompat_appcompat-resources.version
META-INF/androidx.appcompat_appcompat.version,6,8,.version,android,META-INF/androidx.appcompat_appcompat.version
META-INF/androidx.arch.core_core-runtime.version,6,8,.version,android,META-INF/androidx.arch.core_core-runtime.version
META-INF/androidx.asynclayoutinflater_asynclayoutinflater.version,6,8,.version,android,META-INF/androidx.asynclayoutinflater_asynclayoutinflater.version
META-INF/androidx.cardview_cardview.version,6,8,.version,android,META-INF/androidx.cardview_cardview.version
META-INF/androidx.coordinatorlayout_coordinatorlayout.version,6,8,.version,android,META-INF/androidx.coordinatorlayout_coordinatorlayout.version
META-INF/androidx.core_core-ktx.version,6,8,.version,android,META-INF/androidx.core_core-ktx.version
META-INF/androidx.core_core.version,6,8,.version,android,META-INF/androidx.core_core.version
META-INF/androidx.cursoradapter_cursoradapter.version,6,8,.version,android,META-INF/androidx.cursoradapter_cursoradapter.version
META-INF/androidx.customview_customview.version,6,8,.version,android,META-INF/androidx.customview_customview.version
META-INF/androidx.databinding_baseAdapters.version,5,7,.version,android,META-INF/androidx.databinding_baseAdapters.version
META-INF/androidx.databinding_library.version,5,7,.version,android,META-INF/androidx.databinding_library.version
META-INF/androidx.databinding_viewbinding.version,5,7,.version,android,META-INF/androidx.databinding_viewbinding.version
META-INF/androidx.documentfile_documentfile.version,6,8,.version,android,META-INF/androidx.documentfile_documentfile.version
META-INF/androidx.drawerlayout_drawerlayout.version,6,8,.version,android,META-INF/androidx.drawerlayout_drawerlayout.version
META-INF/androidx.dynamicanimation_dynamicanimation.version,6,8,.version,android,META-INF/androidx.dynamicanimation_dynamicanimation.version
META-INF/androidx.exifinterface_exifinterface.version,6,8,.version,android,META-INF/androidx.exifinterface_exifinterface.version
META-INF/androidx.fragment_fragment.version,6,8,.version,android,META-INF/androidx.fragment_fragment.version
META-INF/androidx.gridlayout_gridlayout.version,6,8,.version,android,META-INF/androidx.gridlayout_gridlayout.version
META-INF/androidx.interpolator_interpolator.version,6,8,.version,android,META-INF/androidx.interpolator_interpolator.version
META-INF/androidx.legacy_legacy-support-core-ui.version,6,8,.version,android,META-INF/androidx.legacy_legacy-support-core-ui.version
META-INF/androidx.legacy_legacy-support-core-utils.version,6,8,.version,android,META-INF/androidx.legacy_legacy-support-core-utils.version
META-INF/androidx.legacy_legacy-support-v4.version,6,8,.version,android,META-INF/androidx.legacy_legacy-support-v4.version
META-INF/androidx.lifecycle_lifecycle-extensions.version,6,8,.version,android,META-INF/androidx.lifecycle_lifecycle-extensions.version
META-INF/androidx.lifecycle_lifecycle-livedata-core.version,6,8,.version,android,META-INF/androidx.lifecycle_lifecycle-livedata-core.version
META-INF/androidx.lifecycle_lifecycle-process.version,6,8,.version,android,META-INF/androidx.lifecycle_lifecycle-process.version
META-INF/androidx.lifecycle_lifecycle-runtime.version,6,8,.version,android,META-INF/androidx.lifecycle_lifecycle-runtime.version
META-INF/androidx.lifecycle_lifecycle-service.version,6,8,.version,android,META-INF/androidx.lifecycle_lifecycle-service.version
META-INF/androidx.lifecycle_lifecycle-viewmodel-savedstate.version,6,8,.version,android,META-INF/androidx.lifecycle_lifecycle-viewmodel-savedstate.version
META-INF/androidx.lifecycle_lifecycle-viewmodel.version,6,8,.version,android,META-INF/androidx.lifecycle_lifecycle-viewmodel.version
META-INF/androidx.loader_loader.version,6,8,.version,android,META-INF/androidx.loader_loader.version
META-INF/androidx.localbroadcastmanager_localbroadcastmanager.version,6,8,.version,android,META-INF/androidx.localbroadcastmanager_localbroadcastmanager.version
META-INF/androidx.media_media.version,6,8,.version,android,META-INF/androidx.media_media.version
META-INF/androidx.paging_paging-runtime.version,6,8,.version,android,META-INF/androidx.paging_paging-runtime.version
META-INF/androidx.palette_palette.version,6,8,.version,android,META-INF/androidx.palette_palette.version
META-INF/androidx.print_print.version,6,8,.version,android,META-INF/androidx.print_print.version
META-INF/androidx.recyclerview_recyclerview.version,6,8,.version,android,META-INF/androidx.recyclerview_recyclerview.version
META-INF/androidx.savedstate_savedstate.version,6,8,.version,android,META-INF/androidx.savedstate_savedstate.version
META-INF/androidx.slidingpanelayout_slidingpanelayout.version,6,8,.version,android,META-INF/androidx.slidingpanelayout_slidingpanelayout.version
META-INF/androidx.startup_startup-runtime.version,6,8,.version,android,META-INF/androidx.startup_startup-runtime.version
META-INF/androidx.swiperefreshlayout_swiperefreshlayout.version,6,8,.version,android,META-INF/androidx.swiperefreshlayout_swiperefreshlayout.version
META-INF/androidx.tracing_tracing.version,6,8,.version,android,META-INF/androidx.tracing_tracing.version
META-INF/androidx.transition_transition.version,6,8,.version,android,META-INF/androidx.transition_transition.version
META-INF/androidx.vectordrawable_vectordrawable-animated.version,6,8,.version,android,META-INF/androidx.vectordrawable_vectordrawable-animated.version
META-INF/androidx.vectordrawable_vectordrawable.version,6,8,.version,android,META-INF/androidx.vectordrawable_vectordrawable.version
META-INF/androidx.versionedparcelable_versionedparcelable.version,6,8,.version,android,META-INF/androidx.versionedparcelable_versionedparcelable.version
META-INF/androidx.viewpager2_viewpager2.version,6,8,.version,android,META-INF/androidx.viewpager2_viewpager2.version
META-INF/androidx.viewpager_viewpager.version,6,8,.version,android,META-INF/androidx.viewpager_viewpager.version
META-INF/animators_release.kotlin_module,24,19,.kotlin_module,android,META-INF/animators_release.kotlin_module
META-INF/apeApplet_grRelease.kotlin_module,24,19,.kotlin_module,android,META-INF/apeApplet_grRelease.kotlin_module
META-INF/apeHundred_grRelease.kotlin_module,175,128,.kotlin_module,android,META-INF/apeHundred_grRelease.kotlin_module
META-INF/background_release.kotlin_module,16,12,.kotlin_module,android,META-INF/background_release.kotlin_module
META-INF/badge_release.kotlin_module,16,12,.kotlin_module,android,META-INF/badge_release.kotlin_module
META-INF/blockRob_grRelease.kotlin_module,98,90,.kotlin_module,android,META-INF/blockRob_grRelease.kotlin_module
META-INF/blocksMall_grRelease.kotlin_module,77,72,.kotlin_module,android,META-INF/blocksMall_grRelease.kotlin_module
META-INF/blocks_grRelease.kotlin_module,24,19,.kotlin_module,android,META-INF/blocks_grRelease.kotlin_module
META-INF/collection-ktx.kotlin_module,109,81,.kotlin_module,android,META-INF/collection-ktx.kotlin_module
META-INF/com.google.android.material_material.version,6,8,.version,android,META-INF/com.google.android.material_material.version
META-INF/com.opensource.svgaplayer.kotlin_module,139,98,.kotlin_module,android,META-INF/com.opensource.svgaplayer.kotlin_module
META-INF/com/android/build/gradle/app-metadata.properties,55,51,.properties,android,META-INF/com
META-INF/core-ktx_release.kotlin_module,1034,528,.kotlin_module,android,META-INF/core-ktx_release.kotlin_module
META-INF/delegate_release.kotlin_module,16,12,.kotlin_module,android,META-INF/delegate_release.kotlin_module
META-INF/descriptors.jvm.kotlin_module,1578,470,.kotlin_module,android,META-INF/descriptors.jvm.kotlin_module
META-INF/descriptors.kotlin_module,3429,954,.kotlin_module,android,META-INF/descriptors.kotlin_module
META-INF/descriptors.runtime.kotlin_module,432,183,.kotlin_module,android,META-INF/descriptors.runtime.kotlin_module
META-INF/deserialization.kotlin_module,196,114,.kotlin_module,android,META-INF/deserialization.kotlin_module
META-INF/dialog_release.kotlin_module,16,12,.kotlin_module,android,META-INF/dialog_release.kotlin_module
META-INF/dragable_image_viewer_release.kotlin_module,16,12,.kotlin_module,android,META-INF/dragable_image_viewer_release.kotlin_module
META-INF/fragment-ktx_release.kotlin_module,85,70,.kotlin_module,android,META-INF/fragment-ktx_release.kotlin_module
META-INF/framework_release.kotlin_module,1259,645,.kotlin_module,android,META-INF/framework_release.kotlin_module
META-INF/friend_grRelease.kotlin_module,97,88,.kotlin_module,android,META-INF/friend_grRelease.kotlin_module
META-INF/indicator_release.kotlin_module,16,12,.kotlin_module,android,META-INF/indicator_release.kotlin_module
META-INF/initiator-annotation.kotlin_module,16,12,.kotlin_module,android,META-INF/initiator-annotation.kotlin_module
META-INF/initiator_release.kotlin_module,16,12,.kotlin_module,android,META-INF/initiator_release.kotlin_module
META-INF/input-mask-android_release.kotlin_module,16,12,.kotlin_module,android,META-INF/input-mask-android_release.kotlin_module
META-INF/koin-android_release.kotlin_module,125,86,.kotlin_module,android,META-INF/koin-android_release.kotlin_module
META-INF/koin-core.kotlin_module,470,251,.kotlin_module,android,META-INF/koin-core.kotlin_module
META-INF/kotlin-android-extensions-runtime.kotlin_module,24,19,.kotlin_module,android,META-INF/kotlin-android-extensions-runtime.kotlin_module
META-INF/kotlin-reflection.kotlin_module,432,259,.kotlin_module,android,META-INF/kotlin-reflection.kotlin_module
META-INF/kotlin-stdlib-common.kotlin_module,1602,806,.kotlin_module,android,META-INF/kotlin-stdlib-common.kotlin_module
META-INF/kotlin-stdlib-jdk7.kotlin_module,146,110,.kotlin_module,android,META-INF/kotlin-stdlib-jdk7.kotlin_module
META-INF/kotlin-stdlib-jdk8.kotlin_module,319,182,.kotlin_module,android,META-INF/kotlin-stdlib-jdk8.kotlin_module
META-INF/kotlin-stdlib.kotlin_module,6877,2593,.kotlin_module,android,META-INF/kotlin-stdlib.kotlin_module
META-INF/kotlinx-coroutines-android.kotlin_module,75,68,.kotlin_module,android,META-INF/kotlinx-coroutines-android.kotlin_module
META-INF/kotlinx-coroutines-core.kotlin_module,2810,1227,.kotlin_module,android,META-INF/kotlinx-coroutines-core.kotlin_module
META-INF/kotlinx_coroutines_android.version,5,7,.version,android,META-INF/kotlinx_coroutines_android.version
META-INF/kotlinx_coroutines_core.version,5,7,.version,android,META-INF/kotlinx_coroutines_core.version
META-INF/lifecycle-livedata-core-ktx_release.kotlin_module,50,46,.kotlin_module,android,META-INF/lifecycle-livedata-core-ktx_release.kotlin_module
META-INF/lifecycle-livedata-ktx_release.kotlin_module,104,84,.kotlin_module,android,META-INF/lifecycle-livedata-ktx_release.kotlin_module
META-INF/lifecycle-runtime-ktx_release.kotlin_module,90,69,.kotlin_module,android,META-INF/lifecycle-runtime-ktx_release.kotlin_module
META-INF/lifecycle-viewmodel-ktx_release.kotlin_module,72,61,.kotlin_module,android,META-INF/lifecycle-viewmodel-ktx_release.kotlin_module
META-INF/loading_release.kotlin_module,16,12,.kotlin_module,android,META-INF/loading_release.kotlin_module
META-INF/lomoApe_grRelease.kotlin_module,665,374,.kotlin_module,android,META-INF/lomoApe_grRelease.kotlin_module
META-INF/lomoApp_grRelease.kotlin_module,24,19,.kotlin_module,android,META-INF/lomoApp_grRelease.kotlin_module
META-INF/lomoBattleRoyal_grRelease.kotlin_module,351,186,.kotlin_module,android,META-INF/lomoBattleRoyal_grRelease.kotlin_module
META-INF/lomoBox_grRelease.kotlin_module,348,217,.kotlin_module,android,META-INF/lomoBox_grRelease.kotlin_module
META-INF/lomoCommon_grRelease.kotlin_module,578,333,.kotlin_module,android,META-INF/lomoCommon_grRelease.kotlin_module
META-INF/lomoDesign_grRelease.kotlin_module,82,77,.kotlin_module,android,META-INF/lomoDesign_grRelease.kotlin_module
META-INF/lomoDigital_grRelease.kotlin_module,455,261,.kotlin_module,android,META-INF/lomoDigital_grRelease.kotlin_module
META-INF/lomoGoldMine_grRelease.kotlin_module,122,86,.kotlin_module,android,META-INF/lomoGoldMine_grRelease.kotlin_module
META-INF/lomoHome_grRelease.kotlin_module,922,476,.kotlin_module,android,META-INF/lomoHome_grRelease.kotlin_module
META-INF/lomoMall_grRelease.kotlin_module,319,207,.kotlin_module,android,META-INF/lomoMall_grRelease.kotlin_module
META-INF/lomoMine_grRelease.kotlin_module,74,69,.kotlin_module,android,META-INF/lomoMine_grRelease.kotlin_module
META-INF/lomoMonkeyRabbitBattle_grRelease.kotlin_module,24,19,.kotlin_module,android,META-INF/lomoMonkeyRabbitBattle_grRelease.kotlin_module
META-INF/lomoNx_grRelease.kotlin_module,212,158,.kotlin_module,android,META-INF/lomoNx_grRelease.kotlin_module
META-INF/lomoTreasureBox_grRelease.kotlin_module,232,163,.kotlin_module,android,META-INF/lomoTreasureBox_grRelease.kotlin_module
META-INF/lomoUndertown_grRelease.kotlin_module,543,261,.kotlin_module,android,META-INF/lomoUndertown_grRelease.kotlin_module
META-INF/lomoUniverse_grRelease.kotlin_module,169,130,.kotlin_module,android,META-INF/lomoUniverse_grRelease.kotlin_module
META-INF/lomoWarcraft_grRelease.kotlin_module,135,96,.kotlin_module,android,META-INF/lomoWarcraft_grRelease.kotlin_module
META-INF/main_grRelease.kotlin_module,145,102,.kotlin_module,android,META-INF/main_grRelease.kotlin_module
META-INF/marquee_release.kotlin_module,16,12,.kotlin_module,android,META-INF/marquee_release.kotlin_module
META-INF/metadata.jvm.kotlin_module,179,109,.kotlin_module,android,META-INF/metadata.jvm.kotlin_module
META-INF/metadata.kotlin_module,204,132,.kotlin_module,android,META-INF/metadata.kotlin_module
META-INF/method.info,894,260,.info,android,META-INF/method.info
META-INF/mine_grRelease.kotlin_module,594,319,.kotlin_module,android,META-INF/mine_grRelease.kotlin_module
META-INF/moonCake_grRelease.kotlin_module,144,112,.kotlin_module,android,META-INF/moonCake_grRelease.kotlin_module
META-INF/multiple_grRelease.kotlin_module,223,129,.kotlin_module,android,META-INF/multiple_grRelease.kotlin_module
META-INF/opensdklib_release.kotlin_module,24,19,.kotlin_module,android,META-INF/opensdklib_release.kotlin_module
META-INF/popup_release.kotlin_module,16,12,.kotlin_module,android,META-INF/popup_release.kotlin_module
META-INF/recyclerview_release.kotlin_module,16,12,.kotlin_module,android,META-INF/recyclerview_release.kotlin_module
META-INF/retrofit.kotlin_module,47,43,.kotlin_module,android,META-INF/retrofit.kotlin_module
META-INF/rocksBeast_grRelease.kotlin_module,139,122,.kotlin_module,android,META-INF/rocksBeast_grRelease.kotlin_module
META-INF/rocksMoonkeyKing_grRelease.kotlin_module,79,73,.kotlin_module,android,META-INF/rocksMoonkeyKing_grRelease.kotlin_module
META-INF/rocksTug_grRelease.kotlin_module,257,161,.kotlin_module,android,META-INF/rocksTug_grRelease.kotlin_module
META-INF/router-annotation.kotlin_module,16,12,.kotlin_module,android,META-INF/router-annotation.kotlin_module
META-INF/router_release.kotlin_module,16,12,.kotlin_module,android,META-INF/router_release.kotlin_module
META-INF/services/javax.ws.rs.ext.MessageBodyReader,51,50,.messagebodyreader,android,META-INF/services
META-INF/services/javax.ws.rs.ext.MessageBodyWriter,51,50,.messagebodywriter,android,META-INF/services
META-INF/services/javax.ws.rs.ext.Providers,51,50,.providers,android,META-INF/services
META-INF/services/kotlin.reflect.jvm.internal.impl.builtins.BuiltInsLoader,90,72,.builtinsloader,android,META-INF/services
META-INF/services/kotlin.reflect.jvm.internal.impl.resolve.ExternalOverridabilityCondition,235,99,.externaloverridabilitycondition,android,META-INF/services
META-INF/services/kotlinx.coroutines.CoroutineExceptionHandler,54,50,.coroutineexceptionhandler,android,META-INF/services
META-INF/services/kotlinx.coroutines.internal.MainDispatcherFactory,52,49,.maindispatcherfactory,android,META-INF/services
META-INF/services/org.glassfish.jersey.internal.spi.AutoDiscoverable,59,58,.autodiscoverable,android,META-INF/services
META-INF/soft-input-event_release.kotlin_module,78,62,.kotlin_module,android,META-INF/soft-input-event_release.kotlin_module
META-INF/span_release.kotlin_module,16,12,.kotlin_module,android,META-INF/span_release.kotlin_module
META-INF/superLink_grRelease.kotlin_module,137,100,.kotlin_module,android,META-INF/superLink_grRelease.kotlin_module
META-INF/type-system.kotlin_module,182,117,.kotlin_module,android,META-INF/type-system.kotlin_module
META-INF/util.runtime.kotlin_module,559,207,.kotlin_module,android,META-INF/util.runtime.kotlin_module
META-INF/utility_release.kotlin_module,243,177,.kotlin_module,android,META-INF/utility_release.kotlin_module
META-INF/xmarqueeview_release.kotlin_module,16,12,.kotlin_module,android,META-INF/xmarqueeview_release.kotlin_module
agconnect-core.properties,37,39,.properties,android,agconnect-core.properties
androidsupportmultidexversion.txt,53,55,.txt,android,androidsupportmultidexversion.txt
assets/.jgapp,16,16,,android,assets/.jgapp
assets/1694131332,4612386,4531919,,android,assets/1694131332
assets/address/address.json,136996,29092,.json,android,assets/address
assets/anchors.bin,32544,6673,.bin,android,assets/anchors.bin
assets/angle.ms,116848,102041,.ms,android,assets/angle.ms
assets/anim/refresh.json,4330,760,.json,android,assets/anim
assets/beast/pag/fish_blue.pag,32676,32600,.pag,android,assets/beast
assets/beast/pag/fish_green.pag,28382,28308,.pag,android,assets/beast
assets/beast/pag/fish_purple.pag,25186,25111,.pag,android,assets/beast
assets/beast/pag/fish_red.pag,28058,27984,.pag,android,assets/beast
assets/beast/pag/fish_yellow.pag,31302,31222,.pag,android,assets/beast
assets/beast/pag/star.pag,50068,49907,.pag,android,assets/beast
assets/bid-log-key-public.key,450,363,.key,android,assets/bid-log-key-public.key
assets/blockBattleRoyal/avoid.mp3,68496,68496,.mp3,audio,assets/blockBattleRoyal
assets/blockBattleRoyal/countdownMusic.mp3,20705,20705,.mp3,audio,assets/blockBattleRoyal
assets/blockBattleRoyal/die_gold.lottie,910744,906921,.lottie,battle_royale_assets,assets/blockBattleRoyal
assets/blockBattleRoyal/killBGM.mp3,1694985,1694985,.mp3,audio,assets/blockBattleRoyal
assets/blockBattleRoyal/kill_coloured_ribbon.pag,3394,2337,.pag,battle_royale_assets,assets/blockBattleRoyal
assets/blockBattleRoyal/killed.mp3,9367,9367,.mp3,audio,assets/blockBattleRoyal
assets/blockBattleRoyal/killer_kill_action.pag,21241,20046,.pag,battle_royale_assets,assets/blockBattleRoyal
assets/blockBattleRoyal/killer_walk.pag,13156,11344,.pag,battle_royale_assets,assets/blockBattleRoyal
assets/blockBattleRoyal/killer_walk_return.pag,11600,9763,.pag,battle_royale_assets,assets/blockBattleRoyal
assets/blockBattleRoyal/killer_wield_knife.mp3,15400,15400,.mp3,audio,assets/blockBattleRoyal
assets/blockBattleRoyal/myself_die_copper.pag,35476,27822,.pag,battle_royale_assets,assets/blockBattleRoyal
assets/blockBattleRoyal/myself_die_gold.pag,41504,33909,.pag,battle_royale_assets,assets/blockBattleRoyal
assets/blockBattleRoyal/myself_die_normal.pag,28703,21107,.pag,battle_royale_assets,assets/blockBattleRoyal
assets/blockBattleRoyal/myself_die_silver.pag,41254,33662,.pag,battle_royale_assets,assets/blockBattleRoyal
assets/blockBattleRoyal/myself_idle_copper.pag,18045,10298,.pag,battle_royale_assets,assets/blockBattleRoyal
assets/blockBattleRoyal/myself_idle_gold.pag,19221,11480,.pag,battle_royale_assets,assets/blockBattleRoyal
assets/blockBattleRoyal/myself_idle_normal.pag,13848,6037,.pag,battle_royale_assets,assets/blockBattleRoyal
assets/blockBattleRoyal/myself_idle_silver.pag,18398,10626,.pag,battle_royale_assets,assets/blockBattleRoyal
assets/blockBattleRoyal/myself_walk_copper.pag,20835,12907,.pag,battle_royale_assets,assets/blockBattleRoyal
assets/blockBattleRoyal/myself_walk_gold.pag,22649,14734,.pag,battle_royale_assets,assets/blockBattleRoyal
assets/blockBattleRoyal/myself_walk_normal.pag,16224,8262,.pag,battle_royale_assets,assets/blockBattleRoyal
assets/blockBattleRoyal/myself_walk_silver.pag,21727,13812,.pag,battle_royale_assets,assets/blockBattleRoyal
assets/blockBattleRoyal/playClick.mp3,1687,1687,.mp3,audio,assets/blockBattleRoyal
assets/blockBattleRoyal/up_nail.mp3,35221,35221,.mp3,audio,assets/blockBattleRoyal
assets/blockBattleRoyal/up_nail_fail.mp3,37573,37573,.mp3,audio,assets/blockBattleRoyal
assets/countdown/ic_red_time_0.png,4864,4864,.png,android,assets/countdown
assets/countdown/ic_red_time_1.png,3606,3606,.png,android,assets/countdown
assets/countdown/ic_red_time_2.png,4729,4729,.png,android,assets/countdown
assets/countdown/ic_red_time_3.png,4536,4536,.png,android,assets/countdown
assets/countdown/ic_red_time_4.png,4025,4025,.png,android,assets/countdown
assets/countdown/ic_red_time_5.png,4655,4655,.png,android,assets/countdown
assets/countdown/ic_red_time_6.png,4459,4459,.png,android,assets/countdown
assets/countdown/ic_red_time_7.png,3828,3828,.png,android,assets/countdown
assets/countdown/ic_red_time_8.png,4832,4832,.png,android,assets/countdown
assets/countdown/ic_red_time_9.png,4622,4622,.png,android,assets/countdown
assets/countdown/ic_red_time_suffix.png,2463,2463,.png,android,assets/countdown
assets/countdown/ic_time_0.png,5099,5099,.png,android,assets/countdown
assets/countdown/ic_time_1.png,3595,3595,.png,android,assets/countdown
assets/countdown/ic_time_2.png,5167,5167,.png,android,assets/countdown
assets/countdown/ic_time_3.png,4940,4940,.png,android,assets/countdown
assets/countdown/ic_time_4.png,4293,4293,.png,android,assets/countdown
assets/countdown/ic_time_5.png,4720,4720,.png,android,assets/countdown
assets/countdown/ic_time_6.png,4875,4875,.png,android,assets/countdown
assets/countdown/ic_time_7.png,3768,3768,.png,android,assets/countdown
assets/countdown/ic_time_8.png,5218,5218,.png,android,assets/countdown
assets/countdown/ic_time_9.png,5120,5120,.png,android,assets/countdown
assets/countdown/ic_time_suffix.png,2022,2022,.png,android,assets/countdown
assets/dagger/bed_killer_sleep.pag,28580,16810,.pag,dagger_assets,assets/dagger
assets/dagger/bed_killer_stabbed.pag,27259,11611,.pag,dagger_assets,assets/dagger
assets/dagger/dagger_put_down_rock.pag,20680,8709,.pag,dagger_assets,assets/dagger
assets/dagger/home_killer_walk.pag,20690,8819,.pag,dagger_assets,assets/dagger
assets/dagger/myself_dagger_attack.pag,15419,7545,.pag,dagger_assets,assets/dagger
assets/dagger/myself_dagger_idle.pag,13439,5738,.pag,dagger_assets,assets/dagger
assets/dagger/myself_dagger_walk.pag,14476,6588,.pag,dagger_assets,assets/dagger
assets/dagger/other_attack.pag,13562,5766,.pag,dagger_assets,assets/dagger
assets/dagger/other_idle.pag,12022,4321,.pag,dagger_assets,assets/dagger
assets/dagger/other_walk.pag,13161,5314,.pag,dagger_assets,assets/dagger
assets/dagger/sofa_killer_sleep.pag,28332,16776,.pag,dagger_assets,assets/dagger
assets/dagger/sofa_killer_stabbed.pag,23557,11185,.pag,dagger_assets,assets/dagger
assets/detect.ms,874904,710972,.ms,android,assets/detect.ms
assets/dtf/audio/dtf_angle.mp3,6192,6192,.mp3,audio,assets/dtf
assets/dtf/audio/dtf_away.mp3,5760,5760,.mp3,audio,assets/dtf
assets/dtf/audio/dtf_blink.mp3,4464,4464,.mp3,audio,assets/dtf
assets/dtf/audio/dtf_closer.mp3,5760,5760,.mp3,audio,assets/dtf
assets/dtf/audio/dtf_integrity.mp3,8496,8496,.mp3,audio,assets/dtf
assets/dtf/audio/dtf_left_yaw.mp3,6912,6912,.mp3,audio,assets/dtf
assets/dtf/audio/dtf_light.mp3,6480,6480,.mp3,audio,assets/dtf
assets/dtf/audio/dtf_right_yaw.mp3,6768,6768,.mp3,audio,assets/dtf
assets/dtf/audio/dtf_stay.mp3,6192,6192,.mp3,audio,assets/dtf
assets/dtf/audio/dtf_too_more_face.mp3,8208,8208,.mp3,audio,assets/dtf
assets/dtf_code_config.json,2354,1059,.json,android,assets/dtf_code_config.json
assets/face_js.html,964,439,.html,android,assets/face_js.html
assets/font/Akrobat-Black.otf,57600,34834,.otf,android,assets/font
assets/fonts/din151.ttf,6852,4411,.ttf,android,assets/fonts
assets/fonts/din_bold.otf,28640,15431,.otf,android,assets/fonts
assets/fonts/din_medium.otf,27828,15207,.otf,android,assets/fonts
assets/gdt_plugin/gdtadv2.jar,1706882,1700542,.jar,android,assets/gdt_plugin
assets/grs_sdk_server_config.json,326,143,.json,android,assets/grs_sdk_server_config.json
assets/grs_sp.bks,1470,1389,.bks,android,assets/grs_sp.bks
assets/hmsincas.bks,3081,2667,.bks,android,assets/hmsincas.bks
assets/hmsrootcas.bks,34844,24924,.bks,android,assets/hmsrootcas.bks
assets/jpush_close.png,2186,2186,.png,android,assets/jpush_close.png
assets/keystore_unicorn,166,171,,android,assets/keystore_unicorn
assets/keystore_unicorn2,166,171,,android,assets/keystore_unicorn2
assets/ksad_common_encrypt_image.png,2880,2880,.png,android,assets/ksad_common_encrypt_image.png
assets/libjiagu.so,909204,728440,.so,android,assets/libjiagu.so
assets/libjiagu_a64.so,1230488,939734,.so,android,assets/libjiagu_a64.so
assets/libjiagu_x64.so,902392,766377,.so,android,assets/libjiagu_x64.so
assets/libjiagu_x86.so,808008,670368,.so,android,assets/libjiagu_x86.so
assets/lottie/ape/cleanSite/data.json,11940,2864,.json,lottie_animation,assets/lottie
assets/lottie/ape/cleanSite/images/img_0.png,19109,19109,.png,lottie_animation,assets/lottie
assets/lottie/ape/cleanSite/images/img_1.png,33164,33164,.png,lottie_animation,assets/lottie
assets/lottie/ape/goToNextFloor/data.json,11399,2614,.json,lottie_animation,assets/lottie
assets/lottie/ape/goToNextFloor/images/img_0.png,19109,19109,.png,lottie_animation,assets/lottie
assets/lottie/ape/goToNextFloor/images/img_1.png,33164,33164,.png,lottie_animation,assets/lottie
assets/lottie/ape/join/data.json,7992,2113,.json,lottie_animation,assets/lottie
assets/lottie/ape/join/images/img_0.png,19109,19109,.png,lottie_animation,assets/lottie
assets/lottie/ape/join/images/img_1.png,33164,33164,.png,lottie_animation,assets/lottie
assets/lottie/ape/startOpenLottery/data.json,5788,1414,.json,lottie_animation,assets/lottie
assets/lottie/ape/startOpenLottery/images/img_0.png,28658,28658,.png,lottie_animation,assets/lottie
assets/lottie/ape/startOpenLottery/images/img_1.png,48754,48754,.png,lottie_animation,assets/lottie
assets/lottie/apeBorder/data.json,2083,515,.json,lottie_animation,assets/lottie
assets/lottie/apeBorder/images/img_0.png,471,471,.png,lottie_animation,assets/lottie
assets/lottie/apeBorder/images/img_1.png,8563,8563,.png,lottie_animation,assets/lottie
assets/lottie/battleRoyal/otherMonkey/walk/data.json,1274,306,.json,lottie_animation,assets/lottie
assets/lottie/battleRoyal/otherMonkey/walk/images/img_0.png,1568,1568,.png,lottie_animation,assets/lottie
assets/lottie/battleRoyal/otherMonkey/walk/images/img_1.png,1487,1487,.png,lottie_animation,assets/lottie
assets/lottie/battleRoyal/otherMonkey/walk/images/img_2.png,1495,1495,.png,lottie_animation,assets/lottie
assets/lottie/battleRoyal/other_monkey_idle_copper.json,1522849,1117850,.json,lottie_animation,assets/lottie
assets/lottie/battleRoyal/other_monkey_idle_gold.json,1731807,1276457,.json,lottie_animation,assets/lottie
assets/lottie/battleRoyal/other_monkey_idle_normal.json,199349,129816,.json,lottie_animation,assets/lottie
assets/lottie/battleRoyal/other_monkey_idle_silver.json,1701359,1253476,.json,lottie_animation,assets/lottie
assets/lottie/battleRoyal/other_monkey_walk_copper.json,1522848,1117847,.json,lottie_animation,assets/lottie
assets/lottie/battleRoyal/other_monkey_walk_gold.json,1557686,1146130,.json,lottie_animation,assets/lottie
assets/lottie/battleRoyal/other_monkey_walk_silver.json,1701360,1253482,.json,lottie_animation,assets/lottie
assets/lottie/beginLottery/data.json,7381,794,.json,lottie_animation,assets/lottie
assets/lottie/beginLottery/images/img_0.png,1265,1265,.png,lottie_animation,assets/lottie
assets/lottie/beginLottery/images/img_1.png,1106,1106,.png,lottie_animation,assets/lottie
assets/lottie/beginLottery/images/img_2.png,678,678,.png,lottie_animation,assets/lottie
assets/lottie/beginLottery/images/img_3.png,4764,4764,.png,lottie_animation,assets/lottie
assets/lottie/beginLottery/images/img_4.png,1680,1680,.png,lottie_animation,assets/lottie
assets/lottie/beginLottery/images/img_5.png,6745,6745,.png,lottie_animation,assets/lottie
assets/lottie/beginLottery/images/img_6.png,1166,1166,.png,lottie_animation,assets/lottie
assets/lottie/bigMushroomEat/data.json,1297,463,.json,lottie_animation,assets/lottie
assets/lottie/bigMushroomEat/images/img_0.png,6003,6003,.png,lottie_animation,assets/lottie
assets/lottie/bigMushroomGrow/data.json,1184,374,.json,lottie_animation,assets/lottie
assets/lottie/bigMushroomGrow/images/img_0.png,6003,6003,.png,lottie_animation,assets/lottie
assets/lottie/bom/data.json,4342,705,.json,lottie_animation,assets/lottie
assets/lottie/bom/images/img_0.png,9696,9696,.png,lottie_animation,assets/lottie
assets/lottie/bom/images/img_1.png,12469,12469,.png,lottie_animation,assets/lottie
assets/lottie/bom/images/img_2.png,11947,11947,.png,lottie_animation,assets/lottie
assets/lottie/bom/images/img_3.png,4789,4789,.png,lottie_animation,assets/lottie
assets/lottie/bom/images/img_4.png,11923,11923,.png,lottie_animation,assets/lottie
assets/lottie/bom/images/img_5.png,21731,21731,.png,lottie_animation,assets/lottie
assets/lottie/bom/images/img_6.png,31854,31854,.png,lottie_animation,assets/lottie
assets/lottie/bom/images/img_7.png,27739,27739,.png,lottie_animation,assets/lottie
assets/lottie/bom/images/img_8.png,34732,34732,.png,lottie_animation,assets/lottie
assets/lottie/bom/images/img_9.png,37855,37855,.png,lottie_animation,assets/lottie
assets/lottie/bombHundred/data.json,12915,1514,.json,lottie_animation,assets/lottie
assets/lottie/bombHundred/images/img_0.png,12531,12531,.png,lottie_animation,assets/lottie
assets/lottie/bombHundred/images/img_1.png,452,452,.png,lottie_animation,assets/lottie
assets/lottie/bombHundred/images/img_10.png,12238,12238,.png,lottie_animation,assets/lottie
assets/lottie/bombHundred/images/img_11.png,12691,12691,.png,lottie_animation,assets/lottie
assets/lottie/bombHundred/images/img_12.png,8288,8288,.png,lottie_animation,assets/lottie
assets/lottie/bombHundred/images/img_13.png,1549,1549,.png,lottie_animation,assets/lottie
assets/lottie/bombHundred/images/img_2.png,783,783,.png,lottie_animation,assets/lottie
assets/lottie/bombHundred/images/img_3.png,1073,1073,.png,lottie_animation,assets/lottie
assets/lottie/bombHundred/images/img_4.png,1774,1774,.png,lottie_animation,assets/lottie
assets/lottie/bombHundred/images/img_5.png,2876,2876,.png,lottie_animation,assets/lottie
assets/lottie/bombHundred/images/img_6.png,4215,4215,.png,lottie_animation,assets/lottie
assets/lottie/bombHundred/images/img_7.png,5829,5829,.png,lottie_animation,assets/lottie
assets/lottie/bombHundred/images/img_8.png,8235,8235,.png,lottie_animation,assets/lottie
assets/lottie/bombHundred/images/img_9.png,11039,11039,.png,lottie_animation,assets/lottie
assets/lottie/bombOne/data.json,6810,945,.json,lottie_animation,assets/lottie
assets/lottie/bombOne/images/img_0.png,11236,11236,.png,lottie_animation,assets/lottie
assets/lottie/bombOne/images/img_1.png,1412,1412,.png,lottie_animation,assets/lottie
assets/lottie/bombOne/images/img_10.png,77200,77200,.png,lottie_animation,assets/lottie
assets/lottie/bombOne/images/img_11.png,82497,82497,.png,lottie_animation,assets/lottie
assets/lottie/bombOne/images/img_12.png,57160,57160,.png,lottie_animation,assets/lottie
assets/lottie/bombOne/images/img_13.png,10113,10113,.png,lottie_animation,assets/lottie
assets/lottie/bombOne/images/img_2.png,2296,2296,.png,lottie_animation,assets/lottie
assets/lottie/bombOne/images/img_3.png,3180,3180,.png,lottie_animation,assets/lottie
assets/lottie/bombOne/images/img_4.png,6911,6911,.png,lottie_animation,assets/lottie
assets/lottie/bombOne/images/img_5.png,11874,11874,.png,lottie_animation,assets/lottie
assets/lottie/bombOne/images/img_6.png,19178,19178,.png,lottie_animation,assets/lottie
assets/lottie/bombOne/images/img_7.png,27276,27276,.png,lottie_animation,assets/lottie
assets/lottie/bombOne/images/img_8.png,59479,59479,.png,lottie_animation,assets/lottie
assets/lottie/bombOne/images/img_9.png,76714,76714,.png,lottie_animation,assets/lottie
assets/lottie/bombTen/data.json,9903,1289,.json,lottie_animation,assets/lottie
assets/lottie/bombTen/images/img_0.png,12531,12531,.png,lottie_animation,assets/lottie
assets/lottie/bombTen/images/img_1.png,452,452,.png,lottie_animation,assets/lottie
assets/lottie/bombTen/images/img_10.png,12238,12238,.png,lottie_animation,assets/lottie
assets/lottie/bombTen/images/img_11.png,12691,12691,.png,lottie_animation,assets/lottie
assets/lottie/bombTen/images/img_12.png,8288,8288,.png,lottie_animation,assets/lottie
assets/lottie/bombTen/images/img_13.png,1549,1549,.png,lottie_animation,assets/lottie
assets/lottie/bombTen/images/img_2.png,783,783,.png,lottie_animation,assets/lottie
assets/lottie/bombTen/images/img_3.png,1073,1073,.png,lottie_animation,assets/lottie
assets/lottie/bombTen/images/img_4.png,1774,1774,.png,lottie_animation,assets/lottie
assets/lottie/bombTen/images/img_5.png,2876,2876,.png,lottie_animation,assets/lottie
assets/lottie/bombTen/images/img_6.png,4215,4215,.png,lottie_animation,assets/lottie
assets/lottie/bombTen/images/img_7.png,5829,5829,.png,lottie_animation,assets/lottie
assets/lottie/bombTen/images/img_8.png,8235,8235,.png,lottie_animation,assets/lottie
assets/lottie/bombTen/images/img_9.png,11039,11039,.png,lottie_animation,assets/lottie
assets/lottie/boredapeairship/airship.json,30144,2577,.json,lottie_animation,assets/lottie
assets/lottie/boredapeairship/images/img_0.png,30261,30261,.png,lottie_animation,assets/lottie
assets/lottie/boredapeairship/images/img_1.png,14708,14708,.png,lottie_animation,assets/lottie
assets/lottie/boredapeairship/images/img_2.png,3403,3403,.png,lottie_animation,assets/lottie
assets/lottie/brickOther/data.json,2341,555,.json,lottie_animation,assets/lottie
assets/lottie/brickOther/images/img_0.png,22003,22003,.png,lottie_animation,assets/lottie
assets/lottie/brickOther/images/img_1.png,48152,48152,.png,lottie_animation,assets/lottie
assets/lottie/brickOther/images/img_2.png,53700,53700,.png,lottie_animation,assets/lottie
assets/lottie/brickOther/images/img_3.png,48488,48488,.png,lottie_animation,assets/lottie
assets/lottie/brickOther/images/img_4.png,16386,16386,.png,lottie_animation,assets/lottie
assets/lottie/brickSelf/data.json,2287,519,.json,lottie_animation,assets/lottie
assets/lottie/brickSelf/images/img_0.png,23687,23687,.png,lottie_animation,assets/lottie
assets/lottie/brickSelf/images/img_1.png,52284,52284,.png,lottie_animation,assets/lottie
assets/lottie/brickSelf/images/img_2.png,55954,55954,.png,lottie_animation,assets/lottie
assets/lottie/brickSelf/images/img_3.png,46447,46447,.png,lottie_animation,assets/lottie
assets/lottie/brickSelf/images/img_4.png,22572,22572,.png,lottie_animation,assets/lottie
assets/lottie/bricksRupture/data.json,8311,1166,.json,lottie_animation,assets/lottie
assets/lottie/bricksRupture/images/img_0.png,27023,27023,.png,lottie_animation,assets/lottie
assets/lottie/bricksRupture/images/img_1.png,25384,25384,.png,lottie_animation,assets/lottie
assets/lottie/bricksRupture/images/img_2.png,27762,27762,.png,lottie_animation,assets/lottie
assets/lottie/bricksRupture/images/img_3.png,18194,18194,.png,lottie_animation,assets/lottie
assets/lottie/bricksRupture/images/img_4.png,41578,41578,.png,lottie_animation,assets/lottie
assets/lottie/bricksRupture/images/img_5.png,47857,47857,.png,lottie_animation,assets/lottie
assets/lottie/bricksRupture/images/img_6.png,36443,36443,.png,lottie_animation,assets/lottie
assets/lottie/bricksRupture/images/img_7.png,28516,28516,.png,lottie_animation,assets/lottie
assets/lottie/bricksRupture/images/img_8.png,19502,19502,.png,lottie_animation,assets/lottie
assets/lottie/broom/data.json,3305,681,.json,lottie_animation,assets/lottie
assets/lottie/broom/images/img_0.png,34840,34840,.png,lottie_animation,assets/lottie
assets/lottie/broom/images/img_1.png,2438,2438,.png,lottie_animation,assets/lottie
assets/lottie/broom/images/img_2.png,1284,1284,.png,lottie_animation,assets/lottie
assets/lottie/catBack/data.json,3256,464,.json,lottie_animation,assets/lottie
assets/lottie/catBack/images/img_0.png,16600,16600,.png,lottie_animation,assets/lottie
assets/lottie/catBack/images/img_1.png,16721,16721,.png,lottie_animation,assets/lottie
assets/lottie/catBack/images/img_2.png,16965,16965,.png,lottie_animation,assets/lottie
assets/lottie/catBack/images/img_3.png,16276,16276,.png,lottie_animation,assets/lottie
assets/lottie/catBack/images/img_4.png,16559,16559,.png,lottie_animation,assets/lottie
assets/lottie/catBack/images/img_5.png,16785,16785,.png,lottie_animation,assets/lottie
assets/lottie/catBack/images/img_6.png,16509,16509,.png,lottie_animation,assets/lottie
assets/lottie/catBack/images/img_7.png,16880,16880,.png,lottie_animation,assets/lottie
assets/lottie/catBack/images/img_8.png,4952,4952,.png,lottie_animation,assets/lottie
assets/lottie/catLeft/data.json,3277,465,.json,lottie_animation,assets/lottie
assets/lottie/catLeft/images/img_0.png,13277,13277,.png,lottie_animation,assets/lottie
assets/lottie/catLeft/images/img_1.png,13146,13146,.png,lottie_animation,assets/lottie
assets/lottie/catLeft/images/img_2.png,13231,13231,.png,lottie_animation,assets/lottie
assets/lottie/catLeft/images/img_3.png,14657,14657,.png,lottie_animation,assets/lottie
assets/lottie/catLeft/images/img_4.png,13061,13061,.png,lottie_animation,assets/lottie
assets/lottie/catLeft/images/img_5.png,13525,13525,.png,lottie_animation,assets/lottie
assets/lottie/catLeft/images/img_6.png,13418,13418,.png,lottie_animation,assets/lottie
assets/lottie/catLeft/images/img_7.png,14660,14660,.png,lottie_animation,assets/lottie
assets/lottie/catLeft/images/img_8.png,4990,4990,.png,lottie_animation,assets/lottie
assets/lottie/catPositive/data.json,3277,464,.json,lottie_animation,assets/lottie
assets/lottie/catPositive/images/img_0.png,17746,17746,.png,lottie_animation,assets/lottie
assets/lottie/catPositive/images/img_1.png,17544,17544,.png,lottie_animation,assets/lottie
assets/lottie/catPositive/images/img_2.png,17667,17667,.png,lottie_animation,assets/lottie
assets/lottie/catPositive/images/img_3.png,17524,17524,.png,lottie_animation,assets/lottie
assets/lottie/catPositive/images/img_4.png,17716,17716,.png,lottie_animation,assets/lottie
assets/lottie/catPositive/images/img_5.png,17536,17536,.png,lottie_animation,assets/lottie
assets/lottie/catPositive/images/img_6.png,17720,17720,.png,lottie_animation,assets/lottie
assets/lottie/catPositive/images/img_7.png,17722,17722,.png,lottie_animation,assets/lottie
assets/lottie/catPositive/images/img_8.png,4952,4952,.png,lottie_animation,assets/lottie
assets/lottie/catRight/data.json,3274,459,.json,lottie_animation,assets/lottie
assets/lottie/catRight/images/img_0.png,14384,14384,.png,lottie_animation,assets/lottie
assets/lottie/catRight/images/img_1.png,15472,15472,.png,lottie_animation,assets/lottie
assets/lottie/catRight/images/img_2.png,14910,14910,.png,lottie_animation,assets/lottie
assets/lottie/catRight/images/img_3.png,13921,13921,.png,lottie_animation,assets/lottie
assets/lottie/catRight/images/img_4.png,14625,14625,.png,lottie_animation,assets/lottie
assets/lottie/catRight/images/img_5.png,15366,15366,.png,lottie_animation,assets/lottie
assets/lottie/catRight/images/img_6.png,14363,14363,.png,lottie_animation,assets/lottie
assets/lottie/catRight/images/img_7.png,13453,13453,.png,lottie_animation,assets/lottie
assets/lottie/catRight/images/img_8.png,4990,4990,.png,lottie_animation,assets/lottie
assets/lottie/cleanSite/data.json,3250,560,.json,lottie_animation,assets/lottie
assets/lottie/cleanSite/images/img_0.png,5751,5751,.png,lottie_animation,assets/lottie
assets/lottie/cleanSite/images/img_1.png,1680,1680,.png,lottie_animation,assets/lottie
assets/lottie/cleanSite/images/img_2.png,6745,6745,.png,lottie_animation,assets/lottie
assets/lottie/cleanSite/images/img_3.png,1166,1166,.png,lottie_animation,assets/lottie
assets/lottie/coinRotate/data.json,15172,1134,.json,lottie_animation,assets/lottie
assets/lottie/coinRotate/images/img_0.png,33198,33198,.png,lottie_animation,assets/lottie
assets/lottie/coinRotate/images/img_1.png,29948,29948,.png,lottie_animation,assets/lottie
assets/lottie/coinRotate/images/img_10.png,30025,30025,.png,lottie_animation,assets/lottie
assets/lottie/coinRotate/images/img_11.png,30155,30155,.png,lottie_animation,assets/lottie
assets/lottie/coinRotate/images/img_2.png,32004,32004,.png,lottie_animation,assets/lottie
assets/lottie/coinRotate/images/img_3.png,27653,27653,.png,lottie_animation,assets/lottie
assets/lottie/coinRotate/images/img_4.png,22052,22052,.png,lottie_animation,assets/lottie
assets/lottie/coinRotate/images/img_5.png,15398,15398,.png,lottie_animation,assets/lottie
assets/lottie/coinRotate/images/img_6.png,6708,6708,.png,lottie_animation,assets/lottie
assets/lottie/coinRotate/images/img_7.png,16110,16110,.png,lottie_animation,assets/lottie
assets/lottie/coinRotate/images/img_8.png,22764,22764,.png,lottie_animation,assets/lottie
assets/lottie/coinRotate/images/img_9.png,26551,26551,.png,lottie_animation,assets/lottie
assets/lottie/drawResult/data.json,22123,1540,.json,lottie_animation,assets/lottie
assets/lottie/drawResult/images/img_0.png,6950,6950,.png,lottie_animation,assets/lottie
assets/lottie/drawResult/images/img_1.png,7040,7040,.png,lottie_animation,assets/lottie
assets/lottie/drawResult/images/img_10.png,6266,6266,.png,lottie_animation,assets/lottie
assets/lottie/drawResult/images/img_11.png,6084,6084,.png,lottie_animation,assets/lottie
assets/lottie/drawResult/images/img_12.png,6028,6028,.png,lottie_animation,assets/lottie
assets/lottie/drawResult/images/img_13.png,6066,6066,.png,lottie_animation,assets/lottie
assets/lottie/drawResult/images/img_14.png,6084,6084,.png,lottie_animation,assets/lottie
assets/lottie/drawResult/images/img_15.png,6166,6166,.png,lottie_animation,assets/lottie
assets/lottie/drawResult/images/img_16.png,6075,6075,.png,lottie_animation,assets/lottie
assets/lottie/drawResult/images/img_17.png,6168,6168,.png,lottie_animation,assets/lottie
assets/lottie/drawResult/images/img_18.png,5893,5893,.png,lottie_animation,assets/lottie
assets/lottie/drawResult/images/img_19.png,6163,6163,.png,lottie_animation,assets/lottie
assets/lottie/drawResult/images/img_2.png,6713,6713,.png,lottie_animation,assets/lottie
assets/lottie/drawResult/images/img_20.png,6029,6029,.png,lottie_animation,assets/lottie
assets/lottie/drawResult/images/img_21.png,6086,6086,.png,lottie_animation,assets/lottie
assets/lottie/drawResult/images/img_22.png,5956,5956,.png,lottie_animation,assets/lottie
assets/lottie/drawResult/images/img_23.png,10495,10495,.png,lottie_animation,assets/lottie
assets/lottie/drawResult/images/img_24.png,10612,10612,.png,lottie_animation,assets/lottie
assets/lottie/drawResult/images/img_25.png,10789,10789,.png,lottie_animation,assets/lottie
assets/lottie/drawResult/images/img_26.png,11844,11844,.png,lottie_animation,assets/lottie
assets/lottie/drawResult/images/img_27.png,12337,12337,.png,lottie_animation,assets/lottie
assets/lottie/drawResult/images/img_28.png,12824,12824,.png,lottie_animation,assets/lottie
assets/lottie/drawResult/images/img_29.png,12516,12516,.png,lottie_animation,assets/lottie
assets/lottie/drawResult/images/img_3.png,6805,6805,.png,lottie_animation,assets/lottie
assets/lottie/drawResult/images/img_30.png,7056,7056,.png,lottie_animation,assets/lottie
assets/lottie/drawResult/images/img_31.png,6851,6851,.png,lottie_animation,assets/lottie
assets/lottie/drawResult/images/img_32.png,6980,6980,.png,lottie_animation,assets/lottie
assets/lottie/drawResult/images/img_33.png,6851,6851,.png,lottie_animation,assets/lottie
assets/lottie/drawResult/images/img_34.png,6901,6901,.png,lottie_animation,assets/lottie
assets/lottie/drawResult/images/img_35.png,6822,6822,.png,lottie_animation,assets/lottie
assets/lottie/drawResult/images/img_36.png,6773,6773,.png,lottie_animation,assets/lottie
assets/lottie/drawResult/images/img_37.png,6645,6645,.png,lottie_animation,assets/lottie
assets/lottie/drawResult/images/img_38.png,6684,6684,.png,lottie_animation,assets/lottie
assets/lottie/drawResult/images/img_39.png,6257,6257,.png,lottie_animation,assets/lottie
assets/lottie/drawResult/images/img_4.png,6925,6925,.png,lottie_animation,assets/lottie
assets/lottie/drawResult/images/img_40.png,6326,6326,.png,lottie_animation,assets/lottie
assets/lottie/drawResult/images/img_41.png,6314,6314,.png,lottie_animation,assets/lottie
assets/lottie/drawResult/images/img_42.png,6370,6370,.png,lottie_animation,assets/lottie
assets/lottie/drawResult/images/img_43.png,6301,6301,.png,lottie_animation,assets/lottie
assets/lottie/drawResult/images/img_44.png,6289,6289,.png,lottie_animation,assets/lottie
assets/lottie/drawResult/images/img_45.png,6470,6470,.png,lottie_animation,assets/lottie
assets/lottie/drawResult/images/img_46.png,6433,6433,.png,lottie_animation,assets/lottie
assets/lottie/drawResult/images/img_47.png,6266,6266,.png,lottie_animation,assets/lottie
assets/lottie/drawResult/images/img_48.png,6335,6335,.png,lottie_animation,assets/lottie
assets/lottie/drawResult/images/img_49.png,6271,6271,.png,lottie_animation,assets/lottie
assets/lottie/drawResult/images/img_5.png,6902,6902,.png,lottie_animation,assets/lottie
assets/lottie/drawResult/images/img_50.png,6343,6343,.png,lottie_animation,assets/lottie
assets/lottie/drawResult/images/img_51.png,6235,6235,.png,lottie_animation,assets/lottie
assets/lottie/drawResult/images/img_52.png,6444,6444,.png,lottie_animation,assets/lottie
assets/lottie/drawResult/images/img_53.png,6583,6583,.png,lottie_animation,assets/lottie
assets/lottie/drawResult/images/img_54.png,6868,6868,.png,lottie_animation,assets/lottie
assets/lottie/drawResult/images/img_55.png,7175,7175,.png,lottie_animation,assets/lottie
assets/lottie/drawResult/images/img_56.png,6911,6911,.png,lottie_animation,assets/lottie
assets/lottie/drawResult/images/img_57.png,7050,7050,.png,lottie_animation,assets/lottie
assets/lottie/drawResult/images/img_58.png,6984,6984,.png,lottie_animation,assets/lottie
assets/lottie/drawResult/images/img_59.png,7255,7255,.png,lottie_animation,assets/lottie
assets/lottie/drawResult/images/img_6.png,6929,6929,.png,lottie_animation,assets/lottie
assets/lottie/drawResult/images/img_7.png,6851,6851,.png,lottie_animation,assets/lottie
assets/lottie/drawResult/images/img_8.png,6934,6934,.png,lottie_animation,assets/lottie
assets/lottie/drawResult/images/img_9.png,6291,6291,.png,lottie_animation,assets/lottie
assets/lottie/fire/data.json,22180,3001,.json,lottie_animation,assets/lottie
assets/lottie/flashcard/data.json,21279,1511,.json,lottie_animation,assets/lottie
assets/lottie/flashcard/images/img_0.png,6661,6661,.png,lottie_animation,assets/lottie
assets/lottie/flashcard/images/img_1.png,6552,6552,.png,lottie_animation,assets/lottie
assets/lottie/flashcard/images/img_10.png,6140,6140,.png,lottie_animation,assets/lottie
assets/lottie/flashcard/images/img_11.png,6415,6415,.png,lottie_animation,assets/lottie
assets/lottie/flashcard/images/img_12.png,6165,6165,.png,lottie_animation,assets/lottie
assets/lottie/flashcard/images/img_13.png,6168,6168,.png,lottie_animation,assets/lottie
assets/lottie/flashcard/images/img_14.png,6306,6306,.png,lottie_animation,assets/lottie
assets/lottie/flashcard/images/img_15.png,6348,6348,.png,lottie_animation,assets/lottie
assets/lottie/flashcard/images/img_16.png,6078,6078,.png,lottie_animation,assets/lottie
assets/lottie/flashcard/images/img_17.png,6244,6244,.png,lottie_animation,assets/lottie
assets/lottie/flashcard/images/img_18.png,6251,6251,.png,lottie_animation,assets/lottie
assets/lottie/flashcard/images/img_19.png,6242,6242,.png,lottie_animation,assets/lottie
assets/lottie/flashcard/images/img_2.png,6682,6682,.png,lottie_animation,assets/lottie
assets/lottie/flashcard/images/img_20.png,6163,6163,.png,lottie_animation,assets/lottie
assets/lottie/flashcard/images/img_21.png,6558,6558,.png,lottie_animation,assets/lottie
assets/lottie/flashcard/images/img_22.png,6313,6313,.png,lottie_animation,assets/lottie
assets/lottie/flashcard/images/img_23.png,6551,6551,.png,lottie_animation,assets/lottie
assets/lottie/flashcard/images/img_24.png,6831,6831,.png,lottie_animation,assets/lottie
assets/lottie/flashcard/images/img_25.png,6746,6746,.png,lottie_animation,assets/lottie
assets/lottie/flashcard/images/img_26.png,6443,6443,.png,lottie_animation,assets/lottie
assets/lottie/flashcard/images/img_27.png,6798,6798,.png,lottie_animation,assets/lottie
assets/lottie/flashcard/images/img_28.png,6628,6628,.png,lottie_animation,assets/lottie
assets/lottie/flashcard/images/img_29.png,6614,6614,.png,lottie_animation,assets/lottie
assets/lottie/flashcard/images/img_3.png,6480,6480,.png,lottie_animation,assets/lottie
assets/lottie/flashcard/images/img_30.png,6319,6319,.png,lottie_animation,assets/lottie
assets/lottie/flashcard/images/img_31.png,6170,6170,.png,lottie_animation,assets/lottie
assets/lottie/flashcard/images/img_32.png,6162,6162,.png,lottie_animation,assets/lottie
assets/lottie/flashcard/images/img_33.png,5961,5961,.png,lottie_animation,assets/lottie
assets/lottie/flashcard/images/img_34.png,6123,6123,.png,lottie_animation,assets/lottie
assets/lottie/flashcard/images/img_35.png,6300,6300,.png,lottie_animation,assets/lottie
assets/lottie/flashcard/images/img_36.png,6360,6360,.png,lottie_animation,assets/lottie
assets/lottie/flashcard/images/img_37.png,6164,6164,.png,lottie_animation,assets/lottie
assets/lottie/flashcard/images/img_38.png,5963,5963,.png,lottie_animation,assets/lottie
assets/lottie/flashcard/images/img_39.png,6082,6082,.png,lottie_animation,assets/lottie
assets/lottie/flashcard/images/img_4.png,6142,6142,.png,lottie_animation,assets/lottie
assets/lottie/flashcard/images/img_40.png,6088,6088,.png,lottie_animation,assets/lottie
assets/lottie/flashcard/images/img_41.png,6087,6087,.png,lottie_animation,assets/lottie
assets/lottie/flashcard/images/img_42.png,5902,5902,.png,lottie_animation,assets/lottie
assets/lottie/flashcard/images/img_43.png,6153,6153,.png,lottie_animation,assets/lottie
assets/lottie/flashcard/images/img_44.png,6578,6578,.png,lottie_animation,assets/lottie
assets/lottie/flashcard/images/img_45.png,6385,6385,.png,lottie_animation,assets/lottie
assets/lottie/flashcard/images/img_46.png,6277,6277,.png,lottie_animation,assets/lottie
assets/lottie/flashcard/images/img_47.png,6690,6690,.png,lottie_animation,assets/lottie
assets/lottie/flashcard/images/img_48.png,6769,6769,.png,lottie_animation,assets/lottie
assets/lottie/flashcard/images/img_49.png,6856,6856,.png,lottie_animation,assets/lottie
assets/lottie/flashcard/images/img_5.png,6402,6402,.png,lottie_animation,assets/lottie
assets/lottie/flashcard/images/img_50.png,6935,6935,.png,lottie_animation,assets/lottie
assets/lottie/flashcard/images/img_51.png,6763,6763,.png,lottie_animation,assets/lottie
assets/lottie/flashcard/images/img_52.png,6831,6831,.png,lottie_animation,assets/lottie
assets/lottie/flashcard/images/img_53.png,6626,6626,.png,lottie_animation,assets/lottie
assets/lottie/flashcard/images/img_54.png,6659,6659,.png,lottie_animation,assets/lottie
assets/lottie/flashcard/images/img_55.png,6632,6632,.png,lottie_animation,assets/lottie
assets/lottie/flashcard/images/img_56.png,6612,6612,.png,lottie_animation,assets/lottie
assets/lottie/flashcard/images/img_57.png,6658,6658,.png,lottie_animation,assets/lottie
assets/lottie/flashcard/images/img_58.png,6574,6574,.png,lottie_animation,assets/lottie
assets/lottie/flashcard/images/img_6.png,6318,6318,.png,lottie_animation,assets/lottie
assets/lottie/flashcard/images/img_7.png,6398,6398,.png,lottie_animation,assets/lottie
assets/lottie/flashcard/images/img_8.png,6167,6167,.png,lottie_animation,assets/lottie
assets/lottie/flashcard/images/img_9.png,6173,6173,.png,lottie_animation,assets/lottie
assets/lottie/goNextFloor/data.json,4892,654,.json,lottie_animation,assets/lottie
assets/lottie/goNextFloor/images/img_0.png,625,625,.png,lottie_animation,assets/lottie
assets/lottie/goNextFloor/images/img_1.png,6092,6092,.png,lottie_animation,assets/lottie
assets/lottie/goNextFloor/images/img_2.png,1680,1680,.png,lottie_animation,assets/lottie
assets/lottie/goNextFloor/images/img_3.png,6745,6745,.png,lottie_animation,assets/lottie
assets/lottie/goNextFloor/images/img_4.png,1166,1166,.png,lottie_animation,assets/lottie
assets/lottie/hand/data.json,4278,851,.json,lottie_animation,assets/lottie
assets/lottie/hand/images/img_0.png,5636,5636,.png,lottie_animation,assets/lottie
assets/lottie/handClick/data.json,2339,539,.json,lottie_animation,assets/lottie
assets/lottie/handClick/images/img_0.png,22579,22579,.png,lottie_animation,assets/lottie
assets/lottie/handClick/images/img_1.png,18458,18458,.png,lottie_animation,assets/lottie
assets/lottie/handMove/data.json,2143,546,.json,lottie_animation,assets/lottie
assets/lottie/handMove/images/img_0.png,22579,22579,.png,lottie_animation,assets/lottie
assets/lottie/handMove/images/img_1.png,18458,18458,.png,lottie_animation,assets/lottie
assets/lottie/hb/data.json,8326,897,.json,lottie_animation,assets/lottie
assets/lottie/hb/images/img_0.png,271,271,.png,lottie_animation,assets/lottie
assets/lottie/hb/images/img_1.png,2832,2832,.png,lottie_animation,assets/lottie
assets/lottie/hb/images/img_2.png,4426,4426,.png,lottie_animation,assets/lottie
assets/lottie/hbRotate/data.json,23750,1655,.json,lottie_animation,assets/lottie
assets/lottie/hbRotate/images/img_0.png,6740,6740,.png,lottie_animation,assets/lottie
assets/lottie/hbRotate/images/img_1.png,6960,6960,.png,lottie_animation,assets/lottie
assets/lottie/hbRotate/images/img_10.png,5189,5189,.png,lottie_animation,assets/lottie
assets/lottie/hbRotate/images/img_11.png,5493,5493,.png,lottie_animation,assets/lottie
assets/lottie/hbRotate/images/img_12.png,5488,5488,.png,lottie_animation,assets/lottie
assets/lottie/hbRotate/images/img_13.png,5893,5893,.png,lottie_animation,assets/lottie
assets/lottie/hbRotate/images/img_14.png,5875,5875,.png,lottie_animation,assets/lottie
assets/lottie/hbRotate/images/img_15.png,5104,5104,.png,lottie_animation,assets/lottie
assets/lottie/hbRotate/images/img_16.png,4235,4235,.png,lottie_animation,assets/lottie
assets/lottie/hbRotate/images/img_17.png,3854,3854,.png,lottie_animation,assets/lottie
assets/lottie/hbRotate/images/img_18.png,1917,1917,.png,lottie_animation,assets/lottie
assets/lottie/hbRotate/images/img_19.png,3913,3913,.png,lottie_animation,assets/lottie
assets/lottie/hbRotate/images/img_2.png,6831,6831,.png,lottie_animation,assets/lottie
assets/lottie/hbRotate/images/img_20.png,5870,5870,.png,lottie_animation,assets/lottie
assets/lottie/hbRotate/images/img_21.png,5107,5107,.png,lottie_animation,assets/lottie
assets/lottie/hbRotate/images/img_22.png,6555,6555,.png,lottie_animation,assets/lottie
assets/lottie/hbRotate/images/img_23.png,6717,6717,.png,lottie_animation,assets/lottie
assets/lottie/hbRotate/images/img_3.png,5917,5917,.png,lottie_animation,assets/lottie
assets/lottie/hbRotate/images/img_4.png,5271,5271,.png,lottie_animation,assets/lottie
assets/lottie/hbRotate/images/img_5.png,3911,3911,.png,lottie_animation,assets/lottie
assets/lottie/hbRotate/images/img_6.png,1905,1905,.png,lottie_animation,assets/lottie
assets/lottie/hbRotate/images/img_7.png,3476,3476,.png,lottie_animation,assets/lottie
assets/lottie/hbRotate/images/img_8.png,5043,5043,.png,lottie_animation,assets/lottie
assets/lottie/hbRotate/images/img_9.png,4584,4584,.png,lottie_animation,assets/lottie
assets/lottie/hearts/data.json,1357,401,.json,lottie_animation,assets/lottie
assets/lottie/hearts/images/img_0.png,3787,3787,.png,lottie_animation,assets/lottie
assets/lottie/join/data.json,3235,555,.json,lottie_animation,assets/lottie
assets/lottie/join/images/img_0.png,4363,4363,.png,lottie_animation,assets/lottie
assets/lottie/join/images/img_1.png,1680,1680,.png,lottie_animation,assets/lottie
assets/lottie/join/images/img_2.png,6745,6745,.png,lottie_animation,assets/lottie
assets/lottie/join/images/img_3.png,1166,1166,.png,lottie_animation,assets/lottie
assets/lottie/jointGuide/data.json,1411,485,.json,lottie_animation,assets/lottie
assets/lottie/jointGuide/images/image_0.png,120969,120969,.png,lottie_animation,assets/lottie
assets/lottie/jointGuide/images/image_1.png,219197,219197,.png,lottie_animation,assets/lottie
assets/lottie/killerKnife/data.json,25003,2057,.json,lottie_animation,assets/lottie
assets/lottie/killerKnife/images/img_0.png,192,192,.png,lottie_animation,assets/lottie
assets/lottie/killerKnife/images/seq_0_0.png,2816,2816,.png,lottie_animation,assets/lottie
assets/lottie/killerKnife/images/seq_0_1.png,2823,2823,.png,lottie_animation,assets/lottie
assets/lottie/killerKnife/images/seq_0_10.png,3016,3016,.png,lottie_animation,assets/lottie
assets/lottie/killerKnife/images/seq_0_11.png,3062,3062,.png,lottie_animation,assets/lottie
assets/lottie/killerKnife/images/seq_0_12.png,3624,3624,.png,lottie_animation,assets/lottie
assets/lottie/killerKnife/images/seq_0_13.png,4184,4184,.png,lottie_animation,assets/lottie
assets/lottie/killerKnife/images/seq_0_14.png,3517,3517,.png,lottie_animation,assets/lottie
assets/lottie/killerKnife/images/seq_0_15.png,3990,3990,.png,lottie_animation,assets/lottie
assets/lottie/killerKnife/images/seq_0_16.png,4031,4031,.png,lottie_animation,assets/lottie
assets/lottie/killerKnife/images/seq_0_17.png,2738,2738,.png,lottie_animation,assets/lottie
assets/lottie/killerKnife/images/seq_0_18.png,2720,2720,.png,lottie_animation,assets/lottie
assets/lottie/killerKnife/images/seq_0_19.png,2638,2638,.png,lottie_animation,assets/lottie
assets/lottie/killerKnife/images/seq_0_2.png,2771,2771,.png,lottie_animation,assets/lottie
assets/lottie/killerKnife/images/seq_0_20.png,2640,2640,.png,lottie_animation,assets/lottie
assets/lottie/killerKnife/images/seq_0_21.png,2722,2722,.png,lottie_animation,assets/lottie
assets/lottie/killerKnife/images/seq_0_22.png,2816,2816,.png,lottie_animation,assets/lottie
assets/lottie/killerKnife/images/seq_0_23.png,2695,2695,.png,lottie_animation,assets/lottie
assets/lottie/killerKnife/images/seq_0_24.png,2758,2758,.png,lottie_animation,assets/lottie
assets/lottie/killerKnife/images/seq_0_25.png,2678,2678,.png,lottie_animation,assets/lottie
assets/lottie/killerKnife/images/seq_0_26.png,2620,2620,.png,lottie_animation,assets/lottie
assets/lottie/killerKnife/images/seq_0_27.png,2600,2600,.png,lottie_animation,assets/lottie
assets/lottie/killerKnife/images/seq_0_28.png,2600,2600,.png,lottie_animation,assets/lottie
assets/lottie/killerKnife/images/seq_0_29.png,2638,2638,.png,lottie_animation,assets/lottie
assets/lottie/killerKnife/images/seq_0_3.png,2708,2708,.png,lottie_animation,assets/lottie
assets/lottie/killerKnife/images/seq_0_30.png,2664,2664,.png,lottie_animation,assets/lottie
assets/lottie/killerKnife/images/seq_0_31.png,2666,2666,.png,lottie_animation,assets/lottie
assets/lottie/killerKnife/images/seq_0_32.png,2619,2619,.png,lottie_animation,assets/lottie
assets/lottie/killerKnife/images/seq_0_33.png,2565,2565,.png,lottie_animation,assets/lottie
assets/lottie/killerKnife/images/seq_0_34.png,2680,2680,.png,lottie_animation,assets/lottie
assets/lottie/killerKnife/images/seq_0_35.png,2546,2546,.png,lottie_animation,assets/lottie
assets/lottie/killerKnife/images/seq_0_36.png,2758,2758,.png,lottie_animation,assets/lottie
assets/lottie/killerKnife/images/seq_0_37.png,2675,2675,.png,lottie_animation,assets/lottie
assets/lottie/killerKnife/images/seq_0_38.png,2621,2621,.png,lottie_animation,assets/lottie
assets/lottie/killerKnife/images/seq_0_39.png,2679,2679,.png,lottie_animation,assets/lottie
assets/lottie/killerKnife/images/seq_0_4.png,2610,2610,.png,lottie_animation,assets/lottie
assets/lottie/killerKnife/images/seq_0_40.png,2796,2796,.png,lottie_animation,assets/lottie
assets/lottie/killerKnife/images/seq_0_41.png,2674,2674,.png,lottie_animation,assets/lottie
assets/lottie/killerKnife/images/seq_0_42.png,2816,2816,.png,lottie_animation,assets/lottie
assets/lottie/killerKnife/images/seq_0_43.png,2707,2707,.png,lottie_animation,assets/lottie
assets/lottie/killerKnife/images/seq_0_44.png,2756,2756,.png,lottie_animation,assets/lottie
assets/lottie/killerKnife/images/seq_0_45.png,2652,2652,.png,lottie_animation,assets/lottie
assets/lottie/killerKnife/images/seq_0_46.png,2670,2670,.png,lottie_animation,assets/lottie
assets/lottie/killerKnife/images/seq_0_47.png,2619,2619,.png,lottie_animation,assets/lottie
assets/lottie/killerKnife/images/seq_0_48.png,2674,2674,.png,lottie_animation,assets/lottie
assets/lottie/killerKnife/images/seq_0_49.png,2696,2696,.png,lottie_animation,assets/lottie
assets/lottie/killerKnife/images/seq_0_5.png,2652,2652,.png,lottie_animation,assets/lottie
assets/lottie/killerKnife/images/seq_0_50.png,2664,2664,.png,lottie_animation,assets/lottie
assets/lottie/killerKnife/images/seq_0_51.png,2666,2666,.png,lottie_animation,assets/lottie
assets/lottie/killerKnife/images/seq_0_52.png,2619,2619,.png,lottie_animation,assets/lottie
assets/lottie/killerKnife/images/seq_0_53.png,2565,2565,.png,lottie_animation,assets/lottie
assets/lottie/killerKnife/images/seq_0_54.png,2680,2680,.png,lottie_animation,assets/lottie
assets/lottie/killerKnife/images/seq_0_55.png,2648,2648,.png,lottie_animation,assets/lottie
assets/lottie/killerKnife/images/seq_0_56.png,2758,2758,.png,lottie_animation,assets/lottie
assets/lottie/killerKnife/images/seq_0_57.png,2675,2675,.png,lottie_animation,assets/lottie
assets/lottie/killerKnife/images/seq_0_58.png,2621,2621,.png,lottie_animation,assets/lottie
assets/lottie/killerKnife/images/seq_0_59.png,2664,2664,.png,lottie_animation,assets/lottie
assets/lottie/killerKnife/images/seq_0_6.png,2797,2797,.png,lottie_animation,assets/lottie
assets/lottie/killerKnife/images/seq_0_60.png,2796,2796,.png,lottie_animation,assets/lottie
assets/lottie/killerKnife/images/seq_0_61.png,2674,2674,.png,lottie_animation,assets/lottie
assets/lottie/killerKnife/images/seq_0_62.png,2816,2816,.png,lottie_animation,assets/lottie
assets/lottie/killerKnife/images/seq_0_63.png,2733,2733,.png,lottie_animation,assets/lottie
assets/lottie/killerKnife/images/seq_0_64.png,2727,2727,.png,lottie_animation,assets/lottie
assets/lottie/killerKnife/images/seq_0_65.png,2616,2616,.png,lottie_animation,assets/lottie
assets/lottie/killerKnife/images/seq_0_66.png,2615,2615,.png,lottie_animation,assets/lottie
assets/lottie/killerKnife/images/seq_0_67.png,2671,2671,.png,lottie_animation,assets/lottie
assets/lottie/killerKnife/images/seq_0_68.png,2812,2812,.png,lottie_animation,assets/lottie
assets/lottie/killerKnife/images/seq_0_69.png,2602,2602,.png,lottie_animation,assets/lottie
assets/lottie/killerKnife/images/seq_0_7.png,2827,2827,.png,lottie_animation,assets/lottie
assets/lottie/killerKnife/images/seq_0_70.png,2618,2618,.png,lottie_animation,assets/lottie
assets/lottie/killerKnife/images/seq_0_71.png,2642,2642,.png,lottie_animation,assets/lottie
assets/lottie/killerKnife/images/seq_0_72.png,2656,2656,.png,lottie_animation,assets/lottie
assets/lottie/killerKnife/images/seq_0_73.png,2622,2622,.png,lottie_animation,assets/lottie
assets/lottie/killerKnife/images/seq_0_74.png,2679,2679,.png,lottie_animation,assets/lottie
assets/lottie/killerKnife/images/seq_0_75.png,2636,2636,.png,lottie_animation,assets/lottie
assets/lottie/killerKnife/images/seq_0_76.png,2756,2756,.png,lottie_animation,assets/lottie
assets/lottie/killerKnife/images/seq_0_77.png,2606,2606,.png,lottie_animation,assets/lottie
assets/lottie/killerKnife/images/seq_0_78.png,2642,2642,.png,lottie_animation,assets/lottie
assets/lottie/killerKnife/images/seq_0_79.png,2682,2682,.png,lottie_animation,assets/lottie
assets/lottie/killerKnife/images/seq_0_8.png,2969,2969,.png,lottie_animation,assets/lottie
assets/lottie/killerKnife/images/seq_0_80.png,2748,2748,.png,lottie_animation,assets/lottie
assets/lottie/killerKnife/images/seq_0_81.png,2742,2742,.png,lottie_animation,assets/lottie
assets/lottie/killerKnife/images/seq_0_9.png,2970,2970,.png,lottie_animation,assets/lottie
assets/lottie/killerMonkey/data.json,25004,2060,.json,lottie_animation,assets/lottie
assets/lottie/killerMonkey/images/img_0.png,192,192,.png,lottie_animation,assets/lottie
assets/lottie/killerMonkey/images/seq_0_0.png,2816,2816,.png,lottie_animation,assets/lottie
assets/lottie/killerMonkey/images/seq_0_1.png,2823,2823,.png,lottie_animation,assets/lottie
assets/lottie/killerMonkey/images/seq_0_10.png,3016,3016,.png,lottie_animation,assets/lottie
assets/lottie/killerMonkey/images/seq_0_11.png,3062,3062,.png,lottie_animation,assets/lottie
assets/lottie/killerMonkey/images/seq_0_12.png,3624,3624,.png,lottie_animation,assets/lottie
assets/lottie/killerMonkey/images/seq_0_13.png,4184,4184,.png,lottie_animation,assets/lottie
assets/lottie/killerMonkey/images/seq_0_14.png,3517,3517,.png,lottie_animation,assets/lottie
assets/lottie/killerMonkey/images/seq_0_15.png,3990,3990,.png,lottie_animation,assets/lottie
assets/lottie/killerMonkey/images/seq_0_16.png,4031,4031,.png,lottie_animation,assets/lottie
assets/lottie/killerMonkey/images/seq_0_17.png,2738,2738,.png,lottie_animation,assets/lottie
assets/lottie/killerMonkey/images/seq_0_18.png,2720,2720,.png,lottie_animation,assets/lottie
assets/lottie/killerMonkey/images/seq_0_19.png,2638,2638,.png,lottie_animation,assets/lottie
assets/lottie/killerMonkey/images/seq_0_2.png,2771,2771,.png,lottie_animation,assets/lottie
assets/lottie/killerMonkey/images/seq_0_20.png,2640,2640,.png,lottie_animation,assets/lottie
assets/lottie/killerMonkey/images/seq_0_21.png,2722,2722,.png,lottie_animation,assets/lottie
assets/lottie/killerMonkey/images/seq_0_22.png,2816,2816,.png,lottie_animation,assets/lottie
assets/lottie/killerMonkey/images/seq_0_23.png,2695,2695,.png,lottie_animation,assets/lottie
assets/lottie/killerMonkey/images/seq_0_24.png,2758,2758,.png,lottie_animation,assets/lottie
assets/lottie/killerMonkey/images/seq_0_25.png,2678,2678,.png,lottie_animation,assets/lottie
assets/lottie/killerMonkey/images/seq_0_26.png,2620,2620,.png,lottie_animation,assets/lottie
assets/lottie/killerMonkey/images/seq_0_27.png,2600,2600,.png,lottie_animation,assets/lottie
assets/lottie/killerMonkey/images/seq_0_28.png,2600,2600,.png,lottie_animation,assets/lottie
assets/lottie/killerMonkey/images/seq_0_29.png,2638,2638,.png,lottie_animation,assets/lottie
assets/lottie/killerMonkey/images/seq_0_3.png,2708,2708,.png,lottie_animation,assets/lottie
assets/lottie/killerMonkey/images/seq_0_30.png,2664,2664,.png,lottie_animation,assets/lottie
assets/lottie/killerMonkey/images/seq_0_31.png,2666,2666,.png,lottie_animation,assets/lottie
assets/lottie/killerMonkey/images/seq_0_32.png,2619,2619,.png,lottie_animation,assets/lottie
assets/lottie/killerMonkey/images/seq_0_33.png,2565,2565,.png,lottie_animation,assets/lottie
assets/lottie/killerMonkey/images/seq_0_34.png,2680,2680,.png,lottie_animation,assets/lottie
assets/lottie/killerMonkey/images/seq_0_35.png,2546,2546,.png,lottie_animation,assets/lottie
assets/lottie/killerMonkey/images/seq_0_36.png,2758,2758,.png,lottie_animation,assets/lottie
assets/lottie/killerMonkey/images/seq_0_37.png,2675,2675,.png,lottie_animation,assets/lottie
assets/lottie/killerMonkey/images/seq_0_38.png,2621,2621,.png,lottie_animation,assets/lottie
assets/lottie/killerMonkey/images/seq_0_39.png,2679,2679,.png,lottie_animation,assets/lottie
assets/lottie/killerMonkey/images/seq_0_4.png,2610,2610,.png,lottie_animation,assets/lottie
assets/lottie/killerMonkey/images/seq_0_40.png,2796,2796,.png,lottie_animation,assets/lottie
assets/lottie/killerMonkey/images/seq_0_41.png,2674,2674,.png,lottie_animation,assets/lottie
assets/lottie/killerMonkey/images/seq_0_42.png,2816,2816,.png,lottie_animation,assets/lottie
assets/lottie/killerMonkey/images/seq_0_43.png,2707,2707,.png,lottie_animation,assets/lottie
assets/lottie/killerMonkey/images/seq_0_44.png,2756,2756,.png,lottie_animation,assets/lottie
assets/lottie/killerMonkey/images/seq_0_45.png,2652,2652,.png,lottie_animation,assets/lottie
assets/lottie/killerMonkey/images/seq_0_46.png,2670,2670,.png,lottie_animation,assets/lottie
assets/lottie/killerMonkey/images/seq_0_47.png,2619,2619,.png,lottie_animation,assets/lottie
assets/lottie/killerMonkey/images/seq_0_48.png,2674,2674,.png,lottie_animation,assets/lottie
assets/lottie/killerMonkey/images/seq_0_49.png,2696,2696,.png,lottie_animation,assets/lottie
assets/lottie/killerMonkey/images/seq_0_5.png,2652,2652,.png,lottie_animation,assets/lottie
assets/lottie/killerMonkey/images/seq_0_50.png,2664,2664,.png,lottie_animation,assets/lottie
assets/lottie/killerMonkey/images/seq_0_51.png,2666,2666,.png,lottie_animation,assets/lottie
assets/lottie/killerMonkey/images/seq_0_52.png,2619,2619,.png,lottie_animation,assets/lottie
assets/lottie/killerMonkey/images/seq_0_53.png,2565,2565,.png,lottie_animation,assets/lottie
assets/lottie/killerMonkey/images/seq_0_54.png,2680,2680,.png,lottie_animation,assets/lottie
assets/lottie/killerMonkey/images/seq_0_55.png,2648,2648,.png,lottie_animation,assets/lottie
assets/lottie/killerMonkey/images/seq_0_56.png,2758,2758,.png,lottie_animation,assets/lottie
assets/lottie/killerMonkey/images/seq_0_57.png,2675,2675,.png,lottie_animation,assets/lottie
assets/lottie/killerMonkey/images/seq_0_58.png,2621,2621,.png,lottie_animation,assets/lottie
assets/lottie/killerMonkey/images/seq_0_59.png,2664,2664,.png,lottie_animation,assets/lottie
assets/lottie/killerMonkey/images/seq_0_6.png,2797,2797,.png,lottie_animation,assets/lottie
assets/lottie/killerMonkey/images/seq_0_60.png,2796,2796,.png,lottie_animation,assets/lottie
assets/lottie/killerMonkey/images/seq_0_61.png,2674,2674,.png,lottie_animation,assets/lottie
assets/lottie/killerMonkey/images/seq_0_62.png,2816,2816,.png,lottie_animation,assets/lottie
assets/lottie/killerMonkey/images/seq_0_63.png,2733,2733,.png,lottie_animation,assets/lottie
assets/lottie/killerMonkey/images/seq_0_64.png,2727,2727,.png,lottie_animation,assets/lottie
assets/lottie/killerMonkey/images/seq_0_65.png,2616,2616,.png,lottie_animation,assets/lottie
assets/lottie/killerMonkey/images/seq_0_66.png,2615,2615,.png,lottie_animation,assets/lottie
assets/lottie/killerMonkey/images/seq_0_67.png,2671,2671,.png,lottie_animation,assets/lottie
assets/lottie/killerMonkey/images/seq_0_68.png,2812,2812,.png,lottie_animation,assets/lottie
assets/lottie/killerMonkey/images/seq_0_69.png,2602,2602,.png,lottie_animation,assets/lottie
assets/lottie/killerMonkey/images/seq_0_7.png,2827,2827,.png,lottie_animation,assets/lottie
assets/lottie/killerMonkey/images/seq_0_70.png,2618,2618,.png,lottie_animation,assets/lottie
assets/lottie/killerMonkey/images/seq_0_71.png,2642,2642,.png,lottie_animation,assets/lottie
assets/lottie/killerMonkey/images/seq_0_72.png,2656,2656,.png,lottie_animation,assets/lottie
assets/lottie/killerMonkey/images/seq_0_73.png,2622,2622,.png,lottie_animation,assets/lottie
assets/lottie/killerMonkey/images/seq_0_74.png,2679,2679,.png,lottie_animation,assets/lottie
assets/lottie/killerMonkey/images/seq_0_75.png,2636,2636,.png,lottie_animation,assets/lottie
assets/lottie/killerMonkey/images/seq_0_76.png,2756,2756,.png,lottie_animation,assets/lottie
assets/lottie/killerMonkey/images/seq_0_77.png,2606,2606,.png,lottie_animation,assets/lottie
assets/lottie/killerMonkey/images/seq_0_78.png,2642,2642,.png,lottie_animation,assets/lottie
assets/lottie/killerMonkey/images/seq_0_79.png,2682,2682,.png,lottie_animation,assets/lottie
assets/lottie/killerMonkey/images/seq_0_8.png,2969,2969,.png,lottie_animation,assets/lottie
assets/lottie/killerMonkey/images/seq_0_80.png,2748,2748,.png,lottie_animation,assets/lottie
assets/lottie/killerMonkey/images/seq_0_81.png,2742,2742,.png,lottie_animation,assets/lottie
assets/lottie/killerMonkey/images/seq_0_9.png,2970,2970,.png,lottie_animation,assets/lottie
assets/lottie/midMushroomEat/data.json,1293,454,.json,lottie_animation,assets/lottie
assets/lottie/midMushroomEat/images/img_0.png,3649,3649,.png,lottie_animation,assets/lottie
assets/lottie/midMushroomGrow/data.json,1186,373,.json,lottie_animation,assets/lottie
assets/lottie/midMushroomGrow/images/img_0.png,3649,3649,.png,lottie_animation,assets/lottie
assets/lottie/modelEntry/data.json,1858,725,.json,lottie_animation,assets/lottie
assets/lottie/modelEntry/images/img_0.png,22672,22672,.png,lottie_animation,assets/lottie
assets/lottie/monkeyFight/Idle/1/data.json,734,290,.json,lottie_animation,assets/lottie
assets/lottie/monkeyFight/Idle/1/images/img_0.png,1173,1173,.png,lottie_animation,assets/lottie
assets/lottie/monkeyFight/Idle/10/data.json,734,290,.json,lottie_animation,assets/lottie
assets/lottie/monkeyFight/Idle/10/images/img_0.png,1751,1751,.png,lottie_animation,assets/lottie
assets/lottie/monkeyFight/Idle/11/data.json,734,290,.json,lottie_animation,assets/lottie
assets/lottie/monkeyFight/Idle/11/images/img_0.png,1968,1968,.png,lottie_animation,assets/lottie
assets/lottie/monkeyFight/Idle/2/data.json,734,290,.json,lottie_animation,assets/lottie
assets/lottie/monkeyFight/Idle/2/images/img_0.png,1873,1873,.png,lottie_animation,assets/lottie
assets/lottie/monkeyFight/Idle/3/data.json,734,290,.json,lottie_animation,assets/lottie
assets/lottie/monkeyFight/Idle/3/images/img_0.png,1673,1673,.png,lottie_animation,assets/lottie
assets/lottie/monkeyFight/Idle/4/data.json,734,290,.json,lottie_animation,assets/lottie
assets/lottie/monkeyFight/Idle/4/images/img_0.png,1789,1789,.png,lottie_animation,assets/lottie
assets/lottie/monkeyFight/Idle/5/data.json,734,290,.json,lottie_animation,assets/lottie
assets/lottie/monkeyFight/Idle/5/images/img_0.png,1569,1569,.png,lottie_animation,assets/lottie
assets/lottie/monkeyFight/Idle/6/data.json,734,290,.json,lottie_animation,assets/lottie
assets/lottie/monkeyFight/Idle/6/images/img_0.png,1729,1729,.png,lottie_animation,assets/lottie
assets/lottie/monkeyFight/Idle/7/data.json,734,290,.json,lottie_animation,assets/lottie
assets/lottie/monkeyFight/Idle/7/images/img_0.png,1463,1463,.png,lottie_animation,assets/lottie
assets/lottie/monkeyFight/Idle/8/data.json,734,290,.json,lottie_animation,assets/lottie
assets/lottie/monkeyFight/Idle/8/images/img_0.png,1781,1781,.png,lottie_animation,assets/lottie
assets/lottie/monkeyFight/Idle/9/data.json,734,290,.json,lottie_animation,assets/lottie
assets/lottie/monkeyFight/Idle/9/images/img_0.png,1598,1598,.png,lottie_animation,assets/lottie
assets/lottie/monkeyFight/walk/1/data.json,2389,385,.json,lottie_animation,assets/lottie
assets/lottie/monkeyFight/walk/1/images/img_0.png,1259,1259,.png,lottie_animation,assets/lottie
assets/lottie/monkeyFight/walk/1/images/img_1.png,1284,1284,.png,lottie_animation,assets/lottie
assets/lottie/monkeyFight/walk/1/images/img_2.png,1240,1240,.png,lottie_animation,assets/lottie
assets/lottie/monkeyFight/walk/1/images/img_3.png,1242,1242,.png,lottie_animation,assets/lottie
assets/lottie/monkeyFight/walk/1/images/img_4.png,1175,1175,.png,lottie_animation,assets/lottie
assets/lottie/monkeyFight/walk/1/images/img_5.png,1261,1261,.png,lottie_animation,assets/lottie
assets/lottie/monkeyFight/walk/10/data.json,2389,385,.json,lottie_animation,assets/lottie
assets/lottie/monkeyFight/walk/10/images/img_0.png,1838,1838,.png,lottie_animation,assets/lottie
assets/lottie/monkeyFight/walk/10/images/img_1.png,1821,1821,.png,lottie_animation,assets/lottie
assets/lottie/monkeyFight/walk/10/images/img_2.png,1811,1811,.png,lottie_animation,assets/lottie
assets/lottie/monkeyFight/walk/10/images/img_3.png,1790,1790,.png,lottie_animation,assets/lottie
assets/lottie/monkeyFight/walk/10/images/img_4.png,1755,1755,.png,lottie_animation,assets/lottie
assets/lottie/monkeyFight/walk/10/images/img_5.png,1832,1832,.png,lottie_animation,assets/lottie
assets/lottie/monkeyFight/walk/11/data.json,2389,385,.json,lottie_animation,assets/lottie
assets/lottie/monkeyFight/walk/11/images/img_0.png,2052,2052,.png,lottie_animation,assets/lottie
assets/lottie/monkeyFight/walk/11/images/img_1.png,2002,2002,.png,lottie_animation,assets/lottie
assets/lottie/monkeyFight/walk/11/images/img_2.png,1934,1934,.png,lottie_animation,assets/lottie
assets/lottie/monkeyFight/walk/11/images/img_3.png,1936,1936,.png,lottie_animation,assets/lottie
assets/lottie/monkeyFight/walk/11/images/img_4.png,1951,1951,.png,lottie_animation,assets/lottie
assets/lottie/monkeyFight/walk/11/images/img_5.png,1969,1969,.png,lottie_animation,assets/lottie
assets/lottie/monkeyFight/walk/2/data.json,2389,385,.json,lottie_animation,assets/lottie
assets/lottie/monkeyFight/walk/2/images/img_0.png,1993,1993,.png,lottie_animation,assets/lottie
assets/lottie/monkeyFight/walk/2/images/img_1.png,1997,1997,.png,lottie_animation,assets/lottie
assets/lottie/monkeyFight/walk/2/images/img_2.png,1922,1922,.png,lottie_animation,assets/lottie
assets/lottie/monkeyFight/walk/2/images/img_3.png,1912,1912,.png,lottie_animation,assets/lottie
assets/lottie/monkeyFight/walk/2/images/img_4.png,1916,1916,.png,lottie_animation,assets/lottie
assets/lottie/monkeyFight/walk/2/images/img_5.png,1966,1966,.png,lottie_animation,assets/lottie
assets/lottie/monkeyFight/walk/3/data.json,2389,385,.json,lottie_animation,assets/lottie
assets/lottie/monkeyFight/walk/3/images/img_0.png,1885,1885,.png,lottie_animation,assets/lottie
assets/lottie/monkeyFight/walk/3/images/img_1.png,1998,1998,.png,lottie_animation,assets/lottie
assets/lottie/monkeyFight/walk/3/images/img_2.png,1778,1778,.png,lottie_animation,assets/lottie
assets/lottie/monkeyFight/walk/3/images/img_3.png,1747,1747,.png,lottie_animation,assets/lottie
assets/lottie/monkeyFight/walk/3/images/img_4.png,1784,1784,.png,lottie_animation,assets/lottie
assets/lottie/monkeyFight/walk/3/images/img_5.png,1868,1868,.png,lottie_animation,assets/lottie
assets/lottie/monkeyFight/walk/4/data.json,2389,385,.json,lottie_animation,assets/lottie
assets/lottie/monkeyFight/walk/4/images/img_0.png,1823,1823,.png,lottie_animation,assets/lottie
assets/lottie/monkeyFight/walk/4/images/img_1.png,1958,1958,.png,lottie_animation,assets/lottie
assets/lottie/monkeyFight/walk/4/images/img_2.png,1803,1803,.png,lottie_animation,assets/lottie
assets/lottie/monkeyFight/walk/4/images/img_3.png,1737,1737,.png,lottie_animation,assets/lottie
assets/lottie/monkeyFight/walk/4/images/img_4.png,1738,1738,.png,lottie_animation,assets/lottie
assets/lottie/monkeyFight/walk/4/images/img_5.png,1819,1819,.png,lottie_animation,assets/lottie
assets/lottie/monkeyFight/walk/5/data.json,2389,385,.json,lottie_animation,assets/lottie
assets/lottie/monkeyFight/walk/5/images/img_0.png,1697,1697,.png,lottie_animation,assets/lottie
assets/lottie/monkeyFight/walk/5/images/img_1.png,1691,1691,.png,lottie_animation,assets/lottie
assets/lottie/monkeyFight/walk/5/images/img_2.png,1573,1573,.png,lottie_animation,assets/lottie
assets/lottie/monkeyFight/walk/5/images/img_3.png,1597,1597,.png,lottie_animation,assets/lottie
assets/lottie/monkeyFight/walk/5/images/img_4.png,1610,1610,.png,lottie_animation,assets/lottie
assets/lottie/monkeyFight/walk/5/images/img_5.png,1649,1649,.png,lottie_animation,assets/lottie
assets/lottie/monkeyFight/walk/6/data.json,2389,385,.json,lottie_animation,assets/lottie
assets/lottie/monkeyFight/walk/6/images/img_0.png,1883,1883,.png,lottie_animation,assets/lottie
assets/lottie/monkeyFight/walk/6/images/img_1.png,1842,1842,.png,lottie_animation,assets/lottie
assets/lottie/monkeyFight/walk/6/images/img_2.png,1706,1706,.png,lottie_animation,assets/lottie
assets/lottie/monkeyFight/walk/6/images/img_3.png,1780,1780,.png,lottie_animation,assets/lottie
assets/lottie/monkeyFight/walk/6/images/img_4.png,1782,1782,.png,lottie_animation,assets/lottie
assets/lottie/monkeyFight/walk/6/images/img_5.png,1862,1862,.png,lottie_animation,assets/lottie
assets/lottie/monkeyFight/walk/7/data.json,2389,385,.json,lottie_animation,assets/lottie
assets/lottie/monkeyFight/walk/7/images/img_0.png,1580,1580,.png,lottie_animation,assets/lottie
assets/lottie/monkeyFight/walk/7/images/img_1.png,1514,1514,.png,lottie_animation,assets/lottie
assets/lottie/monkeyFight/walk/7/images/img_2.png,1521,1521,.png,lottie_animation,assets/lottie
assets/lottie/monkeyFight/walk/7/images/img_3.png,1535,1535,.png,lottie_animation,assets/lottie
assets/lottie/monkeyFight/walk/7/images/img_4.png,1533,1533,.png,lottie_animation,assets/lottie
assets/lottie/monkeyFight/walk/7/images/img_5.png,1595,1595,.png,lottie_animation,assets/lottie
assets/lottie/monkeyFight/walk/8/data.json,2389,385,.json,lottie_animation,assets/lottie
assets/lottie/monkeyFight/walk/8/images/img_0.png,1841,1841,.png,lottie_animation,assets/lottie
assets/lottie/monkeyFight/walk/8/images/img_1.png,1895,1895,.png,lottie_animation,assets/lottie
assets/lottie/monkeyFight/walk/8/images/img_2.png,1848,1848,.png,lottie_animation,assets/lottie
assets/lottie/monkeyFight/walk/8/images/img_3.png,1786,1786,.png,lottie_animation,assets/lottie
assets/lottie/monkeyFight/walk/8/images/img_4.png,1794,1794,.png,lottie_animation,assets/lottie
assets/lottie/monkeyFight/walk/8/images/img_5.png,1867,1867,.png,lottie_animation,assets/lottie
assets/lottie/monkeyFight/walk/9/data.json,2389,385,.json,lottie_animation,assets/lottie
assets/lottie/monkeyFight/walk/9/images/img_0.png,1624,1624,.png,lottie_animation,assets/lottie
assets/lottie/monkeyFight/walk/9/images/img_1.png,1683,1683,.png,lottie_animation,assets/lottie
assets/lottie/monkeyFight/walk/9/images/img_2.png,1585,1585,.png,lottie_animation,assets/lottie
assets/lottie/monkeyFight/walk/9/images/img_3.png,1535,1535,.png,lottie_animation,assets/lottie
assets/lottie/monkeyFight/walk/9/images/img_4.png,1539,1539,.png,lottie_animation,assets/lottie
assets/lottie/monkeyFight/walk/9/images/img_5.png,1578,1578,.png,lottie_animation,assets/lottie
assets/lottie/myMonkey/data.json,18725,1693,.json,lottie_animation,assets/lottie
assets/lottie/myMonkey/images/img_0.png,192,192,.png,lottie_animation,assets/lottie
assets/lottie/myMonkey/images/seq_0_0.png,2105,2105,.png,lottie_animation,assets/lottie
assets/lottie/myMonkey/images/seq_0_1.png,2095,2095,.png,lottie_animation,assets/lottie
assets/lottie/myMonkey/images/seq_0_10.png,2116,2116,.png,lottie_animation,assets/lottie
assets/lottie/myMonkey/images/seq_0_11.png,2135,2135,.png,lottie_animation,assets/lottie
assets/lottie/myMonkey/images/seq_0_12.png,2064,2064,.png,lottie_animation,assets/lottie
assets/lottie/myMonkey/images/seq_0_13.png,2044,2044,.png,lottie_animation,assets/lottie
assets/lottie/myMonkey/images/seq_0_14.png,2030,2030,.png,lottie_animation,assets/lottie
assets/lottie/myMonkey/images/seq_0_15.png,1991,1991,.png,lottie_animation,assets/lottie
assets/lottie/myMonkey/images/seq_0_16.png,2068,2068,.png,lottie_animation,assets/lottie
assets/lottie/myMonkey/images/seq_0_17.png,1918,1918,.png,lottie_animation,assets/lottie
assets/lottie/myMonkey/images/seq_0_18.png,1980,1980,.png,lottie_animation,assets/lottie
assets/lottie/myMonkey/images/seq_0_19.png,2044,2044,.png,lottie_animation,assets/lottie
assets/lottie/myMonkey/images/seq_0_2.png,1976,1976,.png,lottie_animation,assets/lottie
assets/lottie/myMonkey/images/seq_0_20.png,2127,2127,.png,lottie_animation,assets/lottie
assets/lottie/myMonkey/images/seq_0_21.png,2073,2073,.png,lottie_animation,assets/lottie
assets/lottie/myMonkey/images/seq_0_22.png,1976,1976,.png,lottie_animation,assets/lottie
assets/lottie/myMonkey/images/seq_0_23.png,2104,2104,.png,lottie_animation,assets/lottie
assets/lottie/myMonkey/images/seq_0_24.png,1978,1978,.png,lottie_animation,assets/lottie
assets/lottie/myMonkey/images/seq_0_25.png,2155,2155,.png,lottie_animation,assets/lottie
assets/lottie/myMonkey/images/seq_0_26.png,1996,1996,.png,lottie_animation,assets/lottie
assets/lottie/myMonkey/images/seq_0_27.png,2106,2106,.png,lottie_animation,assets/lottie
assets/lottie/myMonkey/images/seq_0_28.png,2104,2104,.png,lottie_animation,assets/lottie
assets/lottie/myMonkey/images/seq_0_29.png,2275,2275,.png,lottie_animation,assets/lottie
assets/lottie/myMonkey/images/seq_0_3.png,1937,1937,.png,lottie_animation,assets/lottie
assets/lottie/myMonkey/images/seq_0_30.png,2116,2116,.png,lottie_animation,assets/lottie
assets/lottie/myMonkey/images/seq_0_31.png,2135,2135,.png,lottie_animation,assets/lottie
assets/lottie/myMonkey/images/seq_0_32.png,2064,2064,.png,lottie_animation,assets/lottie
assets/lottie/myMonkey/images/seq_0_33.png,2044,2044,.png,lottie_animation,assets/lottie
assets/lottie/myMonkey/images/seq_0_34.png,2030,2030,.png,lottie_animation,assets/lottie
assets/lottie/myMonkey/images/seq_0_35.png,1991,1991,.png,lottie_animation,assets/lottie
assets/lottie/myMonkey/images/seq_0_36.png,2068,2068,.png,lottie_animation,assets/lottie
assets/lottie/myMonkey/images/seq_0_37.png,1918,1918,.png,lottie_animation,assets/lottie
assets/lottie/myMonkey/images/seq_0_38.png,1980,1980,.png,lottie_animation,assets/lottie
assets/lottie/myMonkey/images/seq_0_39.png,2044,2044,.png,lottie_animation,assets/lottie
assets/lottie/myMonkey/images/seq_0_4.png,1978,1978,.png,lottie_animation,assets/lottie
assets/lottie/myMonkey/images/seq_0_40.png,2127,2127,.png,lottie_animation,assets/lottie
assets/lottie/myMonkey/images/seq_0_41.png,2073,2073,.png,lottie_animation,assets/lottie
assets/lottie/myMonkey/images/seq_0_42.png,1976,1976,.png,lottie_animation,assets/lottie
assets/lottie/myMonkey/images/seq_0_43.png,2104,2104,.png,lottie_animation,assets/lottie
assets/lottie/myMonkey/images/seq_0_44.png,1978,1978,.png,lottie_animation,assets/lottie
assets/lottie/myMonkey/images/seq_0_45.png,2155,2155,.png,lottie_animation,assets/lottie
assets/lottie/myMonkey/images/seq_0_46.png,1996,1996,.png,lottie_animation,assets/lottie
assets/lottie/myMonkey/images/seq_0_47.png,2127,2127,.png,lottie_animation,assets/lottie
assets/lottie/myMonkey/images/seq_0_48.png,2104,2104,.png,lottie_animation,assets/lottie
assets/lottie/myMonkey/images/seq_0_49.png,2275,2275,.png,lottie_animation,assets/lottie
assets/lottie/myMonkey/images/seq_0_5.png,2155,2155,.png,lottie_animation,assets/lottie
assets/lottie/myMonkey/images/seq_0_50.png,2116,2116,.png,lottie_animation,assets/lottie
assets/lottie/myMonkey/images/seq_0_51.png,2135,2135,.png,lottie_animation,assets/lottie
assets/lottie/myMonkey/images/seq_0_52.png,2064,2064,.png,lottie_animation,assets/lottie
assets/lottie/myMonkey/images/seq_0_53.png,1955,1955,.png,lottie_animation,assets/lottie
assets/lottie/myMonkey/images/seq_0_54.png,1940,1940,.png,lottie_animation,assets/lottie
assets/lottie/myMonkey/images/seq_0_55.png,2048,2048,.png,lottie_animation,assets/lottie
assets/lottie/myMonkey/images/seq_0_56.png,2033,2033,.png,lottie_animation,assets/lottie
assets/lottie/myMonkey/images/seq_0_57.png,2078,2078,.png,lottie_animation,assets/lottie
assets/lottie/myMonkey/images/seq_0_58.png,1937,1937,.png,lottie_animation,assets/lottie
assets/lottie/myMonkey/images/seq_0_59.png,2035,2035,.png,lottie_animation,assets/lottie
assets/lottie/myMonkey/images/seq_0_6.png,1996,1996,.png,lottie_animation,assets/lottie
assets/lottie/myMonkey/images/seq_0_7.png,2127,2127,.png,lottie_animation,assets/lottie
assets/lottie/myMonkey/images/seq_0_8.png,2104,2104,.png,lottie_animation,assets/lottie
assets/lottie/myMonkey/images/seq_0_9.png,2275,2275,.png,lottie_animation,assets/lottie
assets/lottie/otherMonkey/data.json,18303,1480,.json,lottie_animation,assets/lottie
assets/lottie/otherMonkey/images/img_0.png,187,187,.png,lottie_animation,assets/lottie
assets/lottie/otherMonkey/images/seq_0_0.png,1944,1944,.png,lottie_animation,assets/lottie
assets/lottie/otherMonkey/images/seq_0_1.png,1823,1823,.png,lottie_animation,assets/lottie
assets/lottie/otherMonkey/images/seq_0_10.png,2107,2107,.png,lottie_animation,assets/lottie
assets/lottie/otherMonkey/images/seq_0_11.png,2115,2115,.png,lottie_animation,assets/lottie
assets/lottie/otherMonkey/images/seq_0_12.png,2124,2124,.png,lottie_animation,assets/lottie
assets/lottie/otherMonkey/images/seq_0_13.png,2104,2104,.png,lottie_animation,assets/lottie
assets/lottie/otherMonkey/images/seq_0_14.png,2131,2131,.png,lottie_animation,assets/lottie
assets/lottie/otherMonkey/images/seq_0_15.png,2099,2099,.png,lottie_animation,assets/lottie
assets/lottie/otherMonkey/images/seq_0_16.png,2089,2089,.png,lottie_animation,assets/lottie
assets/lottie/otherMonkey/images/seq_0_17.png,2010,2010,.png,lottie_animation,assets/lottie
assets/lottie/otherMonkey/images/seq_0_18.png,2088,2088,.png,lottie_animation,assets/lottie
assets/lottie/otherMonkey/images/seq_0_19.png,1982,1982,.png,lottie_animation,assets/lottie
assets/lottie/otherMonkey/images/seq_0_2.png,1967,1967,.png,lottie_animation,assets/lottie
assets/lottie/otherMonkey/images/seq_0_20.png,2012,2012,.png,lottie_animation,assets/lottie
assets/lottie/otherMonkey/images/seq_0_21.png,1870,1870,.png,lottie_animation,assets/lottie
assets/lottie/otherMonkey/images/seq_0_22.png,1908,1908,.png,lottie_animation,assets/lottie
assets/lottie/otherMonkey/images/seq_0_23.png,1877,1877,.png,lottie_animation,assets/lottie
assets/lottie/otherMonkey/images/seq_0_24.png,1942,1942,.png,lottie_animation,assets/lottie
assets/lottie/otherMonkey/images/seq_0_25.png,2033,2033,.png,lottie_animation,assets/lottie
assets/lottie/otherMonkey/images/seq_0_26.png,2084,2084,.png,lottie_animation,assets/lottie
assets/lottie/otherMonkey/images/seq_0_27.png,2077,2077,.png,lottie_animation,assets/lottie
assets/lottie/otherMonkey/images/seq_0_28.png,2114,2114,.png,lottie_animation,assets/lottie
assets/lottie/otherMonkey/images/seq_0_29.png,1974,1974,.png,lottie_animation,assets/lottie
assets/lottie/otherMonkey/images/seq_0_3.png,1881,1881,.png,lottie_animation,assets/lottie
assets/lottie/otherMonkey/images/seq_0_30.png,2023,2023,.png,lottie_animation,assets/lottie
assets/lottie/otherMonkey/images/seq_0_31.png,2133,2133,.png,lottie_animation,assets/lottie
assets/lottie/otherMonkey/images/seq_0_32.png,2161,2161,.png,lottie_animation,assets/lottie
assets/lottie/otherMonkey/images/seq_0_33.png,2096,2096,.png,lottie_animation,assets/lottie
assets/lottie/otherMonkey/images/seq_0_34.png,2047,2047,.png,lottie_animation,assets/lottie
assets/lottie/otherMonkey/images/seq_0_35.png,2097,2097,.png,lottie_animation,assets/lottie
assets/lottie/otherMonkey/images/seq_0_36.png,2048,2048,.png,lottie_animation,assets/lottie
assets/lottie/otherMonkey/images/seq_0_37.png,2085,2085,.png,lottie_animation,assets/lottie
assets/lottie/otherMonkey/images/seq_0_38.png,2160,2160,.png,lottie_animation,assets/lottie
assets/lottie/otherMonkey/images/seq_0_39.png,2084,2084,.png,lottie_animation,assets/lottie
assets/lottie/otherMonkey/images/seq_0_4.png,1920,1920,.png,lottie_animation,assets/lottie
assets/lottie/otherMonkey/images/seq_0_40.png,1949,1949,.png,lottie_animation,assets/lottie
assets/lottie/otherMonkey/images/seq_0_41.png,1907,1907,.png,lottie_animation,assets/lottie
assets/lottie/otherMonkey/images/seq_0_42.png,1918,1918,.png,lottie_animation,assets/lottie
assets/lottie/otherMonkey/images/seq_0_43.png,1883,1883,.png,lottie_animation,assets/lottie
assets/lottie/otherMonkey/images/seq_0_44.png,1942,1942,.png,lottie_animation,assets/lottie
assets/lottie/otherMonkey/images/seq_0_45.png,2033,2033,.png,lottie_animation,assets/lottie
assets/lottie/otherMonkey/images/seq_0_46.png,2084,2084,.png,lottie_animation,assets/lottie
assets/lottie/otherMonkey/images/seq_0_47.png,2077,2077,.png,lottie_animation,assets/lottie
assets/lottie/otherMonkey/images/seq_0_48.png,2114,2114,.png,lottie_animation,assets/lottie
assets/lottie/otherMonkey/images/seq_0_49.png,1974,1974,.png,lottie_animation,assets/lottie
assets/lottie/otherMonkey/images/seq_0_5.png,2008,2008,.png,lottie_animation,assets/lottie
assets/lottie/otherMonkey/images/seq_0_50.png,2023,2023,.png,lottie_animation,assets/lottie
assets/lottie/otherMonkey/images/seq_0_51.png,2133,2133,.png,lottie_animation,assets/lottie
assets/lottie/otherMonkey/images/seq_0_52.png,2161,2161,.png,lottie_animation,assets/lottie
assets/lottie/otherMonkey/images/seq_0_53.png,2070,2070,.png,lottie_animation,assets/lottie
assets/lottie/otherMonkey/images/seq_0_54.png,2031,2031,.png,lottie_animation,assets/lottie
assets/lottie/otherMonkey/images/seq_0_55.png,2124,2124,.png,lottie_animation,assets/lottie
assets/lottie/otherMonkey/images/seq_0_56.png,2173,2173,.png,lottie_animation,assets/lottie
assets/lottie/otherMonkey/images/seq_0_57.png,2080,2080,.png,lottie_animation,assets/lottie
assets/lottie/otherMonkey/images/seq_0_58.png,2120,2120,.png,lottie_animation,assets/lottie
assets/lottie/otherMonkey/images/seq_0_59.png,2002,2002,.png,lottie_animation,assets/lottie
assets/lottie/otherMonkey/images/seq_0_6.png,2071,2071,.png,lottie_animation,assets/lottie
assets/lottie/otherMonkey/images/seq_0_7.png,2007,2007,.png,lottie_animation,assets/lottie
assets/lottie/otherMonkey/images/seq_0_8.png,2075,2075,.png,lottie_animation,assets/lottie
assets/lottie/otherMonkey/images/seq_0_9.png,2075,2075,.png,lottie_animation,assets/lottie
assets/lottie/popOpen/data.json,54018,3590,.json,lottie_animation,assets/lottie
assets/lottie/popOpen/images/img_0.png,22128,22128,.png,lottie_animation,assets/lottie
assets/lottie/popOpen/images/img_1.png,15138,15138,.png,lottie_animation,assets/lottie
assets/lottie/popOpen/images/img_2.png,99358,99358,.png,lottie_animation,assets/lottie
assets/lottie/popOpen/images/img_3.png,17868,17868,.png,lottie_animation,assets/lottie
assets/lottie/prizeRibbon/data.json,27586,3156,.json,lottie_animation,assets/lottie
assets/lottie/shipBack/data.json,20243,1947,.json,lottie_animation,assets/lottie
assets/lottie/shipBack/images/img_0.png,334,334,.png,lottie_animation,assets/lottie
assets/lottie/shipBack/images/img_1.png,483,483,.png,lottie_animation,assets/lottie
assets/lottie/shipBack/images/img_10.png,1836,1836,.png,lottie_animation,assets/lottie
assets/lottie/shipBack/images/img_2.png,355,355,.png,lottie_animation,assets/lottie
assets/lottie/shipBack/images/img_3.png,397,397,.png,lottie_animation,assets/lottie
assets/lottie/shipBack/images/img_4.png,321,321,.png,lottie_animation,assets/lottie
assets/lottie/shipBack/images/img_5.png,6009,6009,.png,lottie_animation,assets/lottie
assets/lottie/shipBack/images/img_6.png,4499,4499,.png,lottie_animation,assets/lottie
assets/lottie/shipBack/images/img_7.png,3082,3082,.png,lottie_animation,assets/lottie
assets/lottie/shipBack/images/img_8.png,3079,3079,.png,lottie_animation,assets/lottie
assets/lottie/shipBack/images/img_9.png,5796,5796,.png,lottie_animation,assets/lottie
assets/lottie/shipDismissLight/data.json,978,351,.json,lottie_animation,assets/lottie
assets/lottie/shipDismissLight/images/img_0.png,2886,2886,.png,lottie_animation,assets/lottie
assets/lottie/shipLaunch/data.json,18772,1656,.json,lottie_animation,assets/lottie
assets/lottie/shipLaunch/images/img_0.png,398,398,.png,lottie_animation,assets/lottie
assets/lottie/shipLaunch/images/img_1.png,572,572,.png,lottie_animation,assets/lottie
assets/lottie/shipLaunch/images/img_10.png,4470,4470,.png,lottie_animation,assets/lottie
assets/lottie/shipLaunch/images/img_2.png,469,469,.png,lottie_animation,assets/lottie
assets/lottie/shipLaunch/images/img_3.png,492,492,.png,lottie_animation,assets/lottie
assets/lottie/shipLaunch/images/img_4.png,393,393,.png,lottie_animation,assets/lottie
assets/lottie/shipLaunch/images/img_5.png,13978,13978,.png,lottie_animation,assets/lottie
assets/lottie/shipLaunch/images/img_6.png,11147,11147,.png,lottie_animation,assets/lottie
assets/lottie/shipLaunch/images/img_7.png,6117,6117,.png,lottie_animation,assets/lottie
assets/lottie/shipLaunch/images/img_8.png,10963,10963,.png,lottie_animation,assets/lottie
assets/lottie/shipLaunch/images/img_9.png,14405,14405,.png,lottie_animation,assets/lottie
assets/lottie/shipLaunchShort/data.json,18807,1667,.json,lottie_animation,assets/lottie
assets/lottie/shipLaunchShort/images/img_0.png,398,398,.png,lottie_animation,assets/lottie
assets/lottie/shipLaunchShort/images/img_1.png,572,572,.png,lottie_animation,assets/lottie
assets/lottie/shipLaunchShort/images/img_10.png,4470,4470,.png,lottie_animation,assets/lottie
assets/lottie/shipLaunchShort/images/img_2.png,469,469,.png,lottie_animation,assets/lottie
assets/lottie/shipLaunchShort/images/img_3.png,492,492,.png,lottie_animation,assets/lottie
assets/lottie/shipLaunchShort/images/img_4.png,393,393,.png,lottie_animation,assets/lottie
assets/lottie/shipLaunchShort/images/img_5.png,13978,13978,.png,lottie_animation,assets/lottie
assets/lottie/shipLaunchShort/images/img_6.png,11147,11147,.png,lottie_animation,assets/lottie
assets/lottie/shipLaunchShort/images/img_7.png,6117,6117,.png,lottie_animation,assets/lottie
assets/lottie/shipLaunchShort/images/img_8.png,10963,10963,.png,lottie_animation,assets/lottie
assets/lottie/shipLaunchShort/images/img_9.png,14405,14405,.png,lottie_animation,assets/lottie
assets/lottie/smMushroomEat/data.json,1273,454,.json,lottie_animation,assets/lottie
assets/lottie/smMushroomEat/images/img_0.png,2834,2834,.png,lottie_animation,assets/lottie
assets/lottie/smMushroomGrow/data.json,1187,375,.json,lottie_animation,assets/lottie
assets/lottie/smMushroomGrow/images/img_0.png,2834,2834,.png,lottie_animation,assets/lottie
assets/lottie/stairway/data.json,1567,413,.json,lottie_animation,assets/lottie
assets/lottie/stairway/images/img_0.png,4534,4534,.png,lottie_animation,assets/lottie
assets/lottie/stairway/images/img_1.png,20869,20869,.png,lottie_animation,assets/lottie
assets/lottie/star/data.json,7902,906,.json,lottie_animation,assets/lottie
assets/lottie/strike/data.json,1868,447,.json,lottie_animation,assets/lottie
assets/lottie/strike/images/img_0.png,9696,9696,.png,lottie_animation,assets/lottie
assets/lottie/strike/images/img_1.png,12469,12469,.png,lottie_animation,assets/lottie
assets/lottie/strike/images/img_2.png,11947,11947,.png,lottie_animation,assets/lottie
assets/lottie/strike/images/img_3.png,4789,4789,.png,lottie_animation,assets/lottie
assets/lottie/strikeLight/data.json,1371,411,.json,lottie_animation,assets/lottie
assets/lottie/strikeLight/images/img_0.png,11388,11388,.png,lottie_animation,assets/lottie
assets/lottie/tideEntry/data.json,2471,828,.json,lottie_animation,assets/lottie
assets/lottie/tideEntry/images/img_0.png,16917,16917,.png,lottie_animation,assets/lottie
assets/lottie/tideEntry/images/img_1.png,16917,16917,.png,lottie_animation,assets/lottie
assets/lottie/tideRabbit/data.json,908,350,.json,lottie_animation,assets/lottie
assets/lottie/tideRabbit/images/img_0.png,22536,22536,.png,lottie_animation,assets/lottie
assets/lottie/tideStairway/data.json,1384,418,.json,lottie_animation,assets/lottie
assets/lottie/tideStairway/images/img_0.png,6433,6433,.png,lottie_animation,assets/lottie
assets/lottie/tideStairway/images/img_1.png,18805,18805,.png,lottie_animation,assets/lottie
assets/lottie/ufo/data.json,15812,1705,.json,lottie_animation,assets/lottie
assets/lottie/ufo/images/img_0.png,2088,2088,.png,lottie_animation,assets/lottie
assets/lottie/ufo/images/img_1.png,2124,2124,.png,lottie_animation,assets/lottie
assets/lottie/ufo/images/img_2.png,2021,2021,.png,lottie_animation,assets/lottie
assets/lottie/ufo/images/img_3.png,1888,1888,.png,lottie_animation,assets/lottie
assets/lottie/ufo/images/img_4.png,1172,1172,.png,lottie_animation,assets/lottie
assets/lottie/ufo/images/img_5.png,1242,1242,.png,lottie_animation,assets/lottie
assets/lottie/ufo/images/img_6.png,1415,1415,.png,lottie_animation,assets/lottie
assets/lottie/ufo/images/img_7.png,43197,43197,.png,lottie_animation,assets/lottie
assets/lottie/ufo/images/img_8.png,30048,30048,.png,lottie_animation,assets/lottie
assets/lottie/ufo/images/img_9.png,16100,16100,.png,lottie_animation,assets/lottie
assets/lottie/useBomb/data.json,5218,624,.json,lottie_animation,assets/lottie
assets/lottie/useBomb/images/img_0.png,1412,1412,.png,lottie_animation,assets/lottie
assets/lottie/useBomb/images/img_1.png,2325,2325,.png,lottie_animation,assets/lottie
assets/lottie/useBomb/images/img_10.png,84193,84193,.png,lottie_animation,assets/lottie
assets/lottie/useBomb/images/img_11.png,57647,57647,.png,lottie_animation,assets/lottie
assets/lottie/useBomb/images/img_12.png,10113,10113,.png,lottie_animation,assets/lottie
assets/lottie/useBomb/images/img_2.png,3369,3369,.png,lottie_animation,assets/lottie
assets/lottie/useBomb/images/img_3.png,6911,6911,.png,lottie_animation,assets/lottie
assets/lottie/useBomb/images/img_4.png,11874,11874,.png,lottie_animation,assets/lottie
assets/lottie/useBomb/images/img_5.png,19178,19178,.png,lottie_animation,assets/lottie
assets/lottie/useBomb/images/img_6.png,27328,27328,.png,lottie_animation,assets/lottie
assets/lottie/useBomb/images/img_7.png,60511,60511,.png,lottie_animation,assets/lottie
assets/lottie/useBomb/images/img_8.png,76743,76743,.png,lottie_animation,assets/lottie
assets/lottie/useBomb/images/img_9.png,77329,77329,.png,lottie_animation,assets/lottie
assets/lottie/warehouse/data.json,11698,1110,.json,lottie_animation,assets/lottie
assets/lottie/warehouse/images/img_0.png,3106,3106,.png,lottie_animation,assets/lottie
assets/lottie/warehouse/images/img_1.png,3353,3353,.png,lottie_animation,assets/lottie
assets/lottie/warehouse/images/img_10.png,2937,2937,.png,lottie_animation,assets/lottie
assets/lottie/warehouse/images/img_11.png,3027,3027,.png,lottie_animation,assets/lottie
assets/lottie/warehouse/images/img_2.png,3141,3141,.png,lottie_animation,assets/lottie
assets/lottie/warehouse/images/img_3.png,2933,2933,.png,lottie_animation,assets/lottie
assets/lottie/warehouse/images/img_4.png,2933,2933,.png,lottie_animation,assets/lottie
assets/lottie/warehouse/images/img_5.png,2677,2677,.png,lottie_animation,assets/lottie
assets/lottie/warehouse/images/img_6.png,3000,3000,.png,lottie_animation,assets/lottie
assets/lottie/warehouse/images/img_7.png,2958,2958,.png,lottie_animation,assets/lottie
assets/lottie/warehouse/images/img_8.png,3257,3257,.png,lottie_animation,assets/lottie
assets/lottie/warehouse/images/img_9.png,3110,3110,.png,lottie_animation,assets/lottie
assets/lottie/winDraw/data.json,6550,857,.json,lottie_animation,assets/lottie
assets/lottie/winDraw/images/img_0.png,1138,1138,.png,lottie_animation,assets/lottie
assets/lottie/winDraw/images/img_1.png,1263,1263,.png,lottie_animation,assets/lottie
assets/lottie/winDraw/images/img_2.png,1212,1212,.png,lottie_animation,assets/lottie
assets/lottie/winDraw/images/img_3.png,797,797,.png,lottie_animation,assets/lottie
assets/lottie/winDraw/images/img_4.png,764,764,.png,lottie_animation,assets/lottie
assets/lottie/winDraw/images/img_5.png,1290,1290,.png,lottie_animation,assets/lottie
assets/lottie/winDraw/images/img_6.png,1230,1230,.png,lottie_animation,assets/lottie
assets/lottie/xueliang.json,10004,2629,.json,lottie_animation,assets/lottie
assets/lottie/yindao.json,9241,1041,.json,lottie_animation,assets/lottie
assets/luckyBag/ic_bag_grey.png,288940,288940,.png,android,assets/luckyBag
assets/luckyBag/ic_bag_red.png,258179,258179,.png,android,assets/luckyBag
assets/luckyBag/ic_bag_yellow.png,325298,325298,.png,android,assets/luckyBag
assets/moonaddress/address.json,137801,29221,.json,android,assets/moonaddress
assets/mushroom_map.json,5280,610,.json,android,assets/mushroom_map.json
assets/music/chicken/bgm.mp3,641016,641016,.mp3,audio,assets/music
assets/music/chicken/chicken_steal.mp3,7940,7940,.mp3,audio,assets/music
assets/music/chicken/click.mp3,968,968,.mp3,audio,assets/music
assets/music/chicken/countdown.mp3,17112,17112,.mp3,audio,assets/music
assets/music/chicken/fail.mp3,26396,26396,.mp3,audio,assets/music
assets/music/chicken/stealer_coming.mp3,295452,295452,.mp3,audio,assets/music
assets/music/chicken/win.mp3,19908,19908,.mp3,audio,assets/music
assets/music/escape/banana.mp3,14064,14064,.mp3,audio,assets/music
assets/music/escape/bgm.mp3,230541,230541,.mp3,audio,assets/music
assets/music/escape/bite.mp3,15511,15511,.mp3,audio,assets/music
assets/music/escape/branches.mp3,9340,9340,.mp3,audio,assets/music
assets/music/escape/button.mp3,1924,1924,.mp3,audio,assets/music
assets/music/escape/pick_up.mp3,5047,5047,.mp3,audio,assets/music
assets/music/escape/pit.mp3,40843,40843,.mp3,audio,assets/music
assets/music/escape/quagmire.mp3,5941,5941,.mp3,audio,assets/music
assets/music/marbles/bgm.mp3,1559040,1559040,.mp3,audio,assets/music
assets/music/marbles/collision.mp3,8745,8745,.mp3,audio,assets/music
assets/music/marbles/launch.mp3,2734,2734,.mp3,audio,assets/music
assets/music/marbles/win.mp3,13044,13044,.mp3,audio,assets/music
assets/music/multiple_pit_gaming_bg.mp3,151822,151822,.mp3,audio,assets/music
assets/music/multiple_pit_win.mp3,86681,86681,.mp3,audio,assets/music
assets/music/pit_bg.ogg,1077870,1077870,.ogg,audio,assets/music
assets/music/pit_dig.mp3,26663,26663,.mp3,audio,assets/music
assets/music/rob/running.mp3,2418927,2418927,.mp3,audio,assets/music
assets/music/sport/bgm.mp3,145029,145029,.mp3,audio,assets/music
assets/music/sport/click.mp3,968,968,.mp3,audio,assets/music
assets/music/sport/countdown.mp3,32524,32524,.mp3,audio,assets/music
assets/music/sport/fail.mp3,26396,26396,.mp3,audio,assets/music
assets/music/sport/pass_end.mp3,70628,70628,.mp3,audio,assets/music
assets/music/sport/ready_go.mp3,17694,17694,.mp3,audio,assets/music
assets/music/sport/run.mp3,67227,67227,.mp3,audio,assets/music
assets/music/sport/slow_down.mp3,12304,12304,.mp3,audio,assets/music
assets/music/sport/speed_up.mp3,123224,123224,.mp3,audio,assets/music
assets/music/sport/win.mp3,19908,19908,.mp3,audio,assets/music
assets/na.czl,2094,1873,.czl,android,assets/na.czl
assets/nd,5520,2139,,android,assets/nd
assets/nim/nim_keystore,166,171,,android,assets/nim
assets/nim/nim_keystore2,166,171,,android,assets/nim
assets/nim/rsa/r.jks,174,179,.jks,android,assets/nim
assets/nim/rsa/t.jks,174,179,.jks,android,assets/nim
assets/nim/sm2/r.jks,77,82,.jks,android,assets/nim
assets/nim/sm2/t.jks,77,82,.jks,android,assets/nim
assets/pag/airdrop.pag,17878,17888,.pag,pag_animation,assets/pag
assets/pag/airship.pag,49888,47485,.pag,pag_animation,assets/pag
assets/pag/airship_coin_buy.pag,22043,20497,.pag,pag_animation,assets/pag
assets/pag/airship_medal_buy.pag,22146,20541,.pag,pag_animation,assets/pag
assets/pag/airship_stone_buy.pag,21761,20157,.pag,pag_animation,assets/pag
assets/pag/ape/smog_big.pag,98731,86851,.pag,pag_animation,assets/pag
assets/pag/ape/smog_middle.pag,150933,149131,.pag,pag_animation,assets/pag
assets/pag/ape/smog_small.pag,94828,93328,.pag,pag_animation,assets/pag
assets/pag/ape/stairs.pag,55174,54862,.pag,pag_animation,assets/pag
assets/pag/ape/ud_light.pag,2700,2128,.pag,pag_animation,assets/pag
assets/pag/ape_atmosphere.pag,230441,195432,.pag,pag_animation,assets/pag
assets/pag/ape_badge.pag,3608,2870,.pag,pag_animation,assets/pag
assets/pag/ape_border_slide.pag,6964,6090,.pag,pag_animation,assets/pag
assets/pag/ape_buy.pag,2084,1854,.pag,pag_animation,assets/pag
assets/pag/ape_dig_sand.pag,15332,14556,.pag,pag_animation,assets/pag
assets/pag/ape_dig_sand_sleep.pag,11806,11163,.pag,pag_animation,assets/pag
assets/pag/ape_finger.pag,32797,31433,.pag,pag_animation,assets/pag
assets/pag/ape_friend_bg_seek.pag,57461,56472,.pag,pag_animation,assets/pag
assets/pag/ape_friend_final.pag,71284,13629,.pag,pag_animation,assets/pag
assets/pag/ape_friend_second.pag,70367,13570,.pag,pag_animation,assets/pag
assets/pag/ape_group_fog.pag,286677,284647,.pag,pag_animation,assets/pag
assets/pag/ape_group_lottle.pag,104427,103368,.pag,pag_animation,assets/pag
assets/pag/ape_group_top_banner.pag,313264,306857,.pag,pag_animation,assets/pag
assets/pag/ape_home_new.pag,15187,13788,.pag,pag_animation,assets/pag
assets/pag/ape_index_product.pag,144109,143356,.pag,pag_animation,assets/pag
assets/pag/ape_medal_coins.pag,4619,3368,.pag,pag_animation,assets/pag
assets/pag/ape_rabbit_airship.pag,344779,340290,.pag,pag_animation,assets/pag
assets/pag/ape_ribbon.pag,249387,215915,.pag,pag_animation,assets/pag
assets/pag/ape_seek1.pag,112348,55419,.pag,pag_animation,assets/pag
assets/pag/ape_seek2.pag,58439,33532,.pag,pag_animation,assets/pag
assets/pag/ape_special_entry.pag,10957,10957,.pag,pag_animation,assets/pag
assets/pag/ape_stage1.pag,996460,990644,.pag,pag_animation,assets/pag
assets/pag/ape_stage2.pag,991782,987727,.pag,pag_animation,assets/pag
assets/pag/ape_stage3.pag,991790,987727,.pag,pag_animation,assets/pag
assets/pag/ape_upgradation_success.pag,24713,24685,.pag,pag_animation,assets/pag
assets/pag/arena/battle.pag,852513,802793,.pag,pag_animation,assets/pag
assets/pag/arena/btn_my.pag,12229,12010,.pag,pag_animation,assets/pag
assets/pag/arena/btn_other.pag,2197,2046,.pag,pag_animation,assets/pag
assets/pag/arena/index.pag,84934,77106,.pag,pag_animation,assets/pag
assets/pag/arena/left_bg.pag,76582,56779,.pag,pag_animation,assets/pag
assets/pag/arena/pool.pag,366765,353013,.pag,pag_animation,assets/pag
assets/pag/arena/result_failure.pag,189786,175461,.pag,pag_animation,assets/pag
assets/pag/arena/result_success.pag,272874,242178,.pag,pag_animation,assets/pag
assets/pag/arena/right_bg.pag,87679,67895,.pag,pag_animation,assets/pag
assets/pag/arena/vs_battle.pag,26897,16225,.pag,pag_animation,assets/pag
assets/pag/arena/vs_in.pag,5228,3861,.pag,pag_animation,assets/pag
assets/pag/arena/vs_out.pag,5278,3851,.pag,pag_animation,assets/pag
assets/pag/arrow.pag,3217,2359,.pag,pag_animation,assets/pag
assets/pag/auto_open_normal_egg.pag,297159,224959,.pag,pag_animation,assets/pag
assets/pag/battleRoyal/killer_kill_action.pag,18735,17469,.pag,pag_animation,assets/pag
assets/pag/battleRoyal/killer_walk.pag,24909,13713,.pag,pag_animation,assets/pag
assets/pag/battleRoyal/myself_idle_copper.pag,20191,14179,.pag,pag_animation,assets/pag
assets/pag/battleRoyal/myself_idle_gold.pag,20997,14931,.pag,pag_animation,assets/pag
assets/pag/battleRoyal/myself_idle_normal.pag,13517,7559,.pag,pag_animation,assets/pag
assets/pag/battleRoyal/myself_idle_silver.pag,20559,14489,.pag,pag_animation,assets/pag
assets/pag/battleRoyal/myself_walk_copper.pag,10698,9928,.pag,pag_animation,assets/pag
assets/pag/battleRoyal/myself_walk_gold.pag,12735,11973,.pag,pag_animation,assets/pag
assets/pag/battleRoyal/myself_walk_normal.pag,6651,5858,.pag,pag_animation,assets/pag
assets/pag/battleRoyal/myself_walk_silver.pag,12159,11386,.pag,pag_animation,assets/pag
assets/pag/battleRoyal/new_killer_door.pag,9403,8674,.pag,pag_animation,assets/pag
assets/pag/battleRoyal/new_killer_idle2.pag,9650,8775,.pag,pag_animation,assets/pag
assets/pag/battleRoyal/new_killer_person.pag,18610,17134,.pag,pag_animation,assets/pag
assets/pag/battleRoyal/new_killer_walk.pag,11576,10116,.pag,pag_animation,assets/pag
assets/pag/battle_fist.pag,11042,9842,.pag,pag_animation,assets/pag
assets/pag/battle_light.pag,7790,7182,.pag,pag_animation,assets/pag
assets/pag/bg_.pag,1609808,1599494,.pag,pag_animation,assets/pag
assets/pag/bg_ape_fffline.pag,498966,455890,.pag,pag_animation,assets/pag
assets/pag/bg_box.pag,34496,13459,.pag,pag_animation,assets/pag
assets/pag/bg_joint.pag,904157,878776,.pag,pag_animation,assets/pag
assets/pag/bg_light.pag,1752997,1732271,.pag,pag_animation,assets/pag
assets/pag/bg_starship.pag,2010843,1975037,.pag,pag_animation,assets/pag
assets/pag/box_animation1.pag,83896,73637,.pag,pag_animation,assets/pag
assets/pag/box_animation2.pag,133639,102161,.pag,pag_animation,assets/pag
assets/pag/box_animation3.pag,46807,45497,.pag,pag_animation,assets/pag
assets/pag/box_animation4.pag,323299,276077,.pag,pag_animation,assets/pag
assets/pag/box_bg.pag,48394,20415,.pag,pag_animation,assets/pag
assets/pag/box_card_pag_lv1.pag,614508,612306,.pag,pag_animation,assets/pag
assets/pag/box_card_pag_lv2.pag,707924,705789,.pag,pag_animation,assets/pag
assets/pag/box_card_pag_lv3.pag,1214988,1213052,.pag,pag_animation,assets/pag
assets/pag/box_card_pag_lv4.pag,1119655,1117600,.pag,pag_animation,assets/pag
assets/pag/box_card_pag_lv5.pag,1167053,1165062,.pag,pag_animation,assets/pag
assets/pag/box_card_pag_lv6.pag,1378086,1376192,.pag,pag_animation,assets/pag
assets/pag/btn_blcoks_buy_group.pag,5591,5174,.pag,pag_animation,assets/pag
assets/pag/btnopen.pag,30351,29990,.pag,pag_animation,assets/pag
assets/pag/buff/buff_bmp.pag,37945,16643,.pag,pag_animation,assets/pag
assets/pag/button_art.pag,360456,327292,.pag,pag_animation,assets/pag
assets/pag/button_light.pag,8494,8488,.pag,pag_animation,assets/pag
assets/pag/card_appear_bmp.pag,167207,135078,.pag,pag_animation,assets/pag
assets/pag/card_blue_card_bmp.pag,276000,237201,.pag,pag_animation,assets/pag
assets/pag/card_blue_open_bmp.pag,593484,547440,.pag,pag_animation,assets/pag
assets/pag/card_compose.pag,332751,329015,.pag,pag_animation,assets/pag
assets/pag/card_finger_bmp.pag,46807,45497,.pag,pag_animation,assets/pag
assets/pag/card_golden_card_bmp.pag,356976,318266,.pag,pag_animation,assets/pag
assets/pag/card_golden_open_bmp.pag,592736,546703,.pag,pag_animation,assets/pag
assets/pag/card_idle_bmp.pag,340589,314344,.pag,pag_animation,assets/pag
assets/pag/card_normal_open_bmp.pag,361495,321658,.pag,pag_animation,assets/pag
assets/pag/card_open.pag,179259,155685,.pag,pag_animation,assets/pag
assets/pag/card_open_selection.pag,197898,175258,.pag,pag_animation,assets/pag
assets/pag/card_pink_card_bmp.pag,328126,289633,.pag,pag_animation,assets/pag
assets/pag/card_pink_open_bmp.pag,599285,553388,.pag,pag_animation,assets/pag
assets/pag/card_play.pag,25227,23977,.pag,pag_animation,assets/pag
assets/pag/card_split.pag,387881,386064,.pag,pag_animation,assets/pag
assets/pag/challenge_boss/boss_appear.pag,31074,27461,.pag,pag_animation,assets/pag
assets/pag/challenge_boss/boss_attack.pag,446398,414023,.pag,pag_animation,assets/pag
assets/pag/challenge_boss/boss_attack_avatar_stroke.pag,254856,231919,.pag,pag_animation,assets/pag
assets/pag/challenge_boss/boss_be_attacked.pag,154229,151258,.pag,pag_animation,assets/pag
assets/pag/challenge_boss/boss_circle_blue.pag,195624,195505,.pag,pag_animation,assets/pag
assets/pag/challenge_boss/boss_circle_red.pag,233884,233665,.pag,pag_animation,assets/pag
assets/pag/challenge_boss/boss_idle.pag,26476,25941,.pag,pag_animation,assets/pag
assets/pag/challenge_boss/rabbit_attack.pag,491134,459397,.pag,pag_animation,assets/pag
assets/pag/challenge_boss/rabbit_attack_light.pag,503920,477797,.pag,pag_animation,assets/pag
assets/pag/challenge_boss/rabbit_be_attack.pag,45326,39930,.pag,pag_animation,assets/pag
assets/pag/challenge_boss/vs_pag.pag,435967,381679,.pag,pag_animation,assets/pag
assets/pag/chicken/chick_myself_selected.pag,23583,21274,.pag,pag_animation,assets/pag
assets/pag/chicken/chick_myself_unselected.pag,16341,14660,.pag,pag_animation,assets/pag
assets/pag/chicken/chicken_nest_dismiss.pag,52222,27803,.pag,pag_animation,assets/pag
assets/pag/chicken/stealer1.pag,78575,56801,.pag,pag_animation,assets/pag
assets/pag/chicken/stealer2.pag,43899,20360,.pag,pag_animation,assets/pag
assets/pag/chicken/stealer3.pag,76063,54387,.pag,pag_animation,assets/pag
assets/pag/chicken/warning.pag,16763,16390,.pag,pag_animation,assets/pag
assets/pag/coins.pag,12096,11473,.pag,pag_animation,assets/pag
assets/pag/coloured_ribbon.pag,2362,1165,.pag,pag_animation,assets/pag
assets/pag/compose_acquire.pag,278144,272025,.pag,pag_animation,assets/pag
assets/pag/countdown.pag,12376,12149,.pag,pag_animation,assets/pag
assets/pag/debuff/db1.pag,20691,11143,.pag,pag_animation,assets/pag
assets/pag/debuff/db2.pag,22278,12745,.pag,pag_animation,assets/pag
assets/pag/debuff/db3.pag,23093,13598,.pag,pag_animation,assets/pag
assets/pag/debuff/db4.pag,22549,13179,.pag,pag_animation,assets/pag
assets/pag/debuff/db5.pag,22328,12977,.pag,pag_animation,assets/pag
assets/pag/debuff/db6.pag,23070,13602,.pag,pag_animation,assets/pag
assets/pag/dialog_long_out_light.pag,1197805,1196980,.pag,pag_animation,assets/pag
assets/pag/dialog_normal_out_light.pag,437523,435288,.pag,pag_animation,assets/pag
assets/pag/dialog_parts_light.pag,193106,190779,.pag,pag_animation,assets/pag
assets/pag/dialog_super_out_light.pag,445563,443499,.pag,pag_animation,assets/pag
assets/pag/digital_collect_card.pag,653842,645410,.pag,pag_animation,assets/pag
assets/pag/dress_medal/body_up.pag,96765,87171,.pag,pag_animation,assets/pag
assets/pag/dress_medal/head_up.pag,97188,87600,.pag,pag_animation,assets/pag
assets/pag/dress_medal/left_ear_up.pag,53205,44250,.pag,pag_animation,assets/pag
assets/pag/dress_medal/left_footer_up.pag,39019,30355,.pag,pag_animation,assets/pag
assets/pag/dress_medal/left_hand_up.pag,65630,56551,.pag,pag_animation,assets/pag
assets/pag/dress_medal/leg_up.pag,71805,62645,.pag,pag_animation,assets/pag
assets/pag/dress_medal/right_ear_up.pag,62673,53502,.pag,pag_animation,assets/pag
assets/pag/dress_medal/right_footer_up.pag,38940,30250,.pag,pag_animation,assets/pag
assets/pag/dress_medal/right_hand_up.pag,67470,58400,.pag,pag_animation,assets/pag
assets/pag/dress_normal/body_down.pag,80716,69789,.pag,pag_animation,assets/pag
assets/pag/dress_normal/body_up.pag,93168,83471,.pag,pag_animation,assets/pag
assets/pag/dress_normal/head_down.pag,56413,45957,.pag,pag_animation,assets/pag
assets/pag/dress_normal/head_up.pag,95682,86073,.pag,pag_animation,assets/pag
assets/pag/dress_normal/left_ear_down.pag,27320,17327,.pag,pag_animation,assets/pag
assets/pag/dress_normal/left_ear_up.pag,51671,42710,.pag,pag_animation,assets/pag
assets/pag/dress_normal/left_footer_down.pag,22861,12807,.pag,pag_animation,assets/pag
assets/pag/dress_normal/left_footer_up.pag,37624,28937,.pag,pag_animation,assets/pag
assets/pag/dress_normal/left_hand_down.pag,48385,37736,.pag,pag_animation,assets/pag
assets/pag/dress_normal/left_hand_up.pag,66135,57035,.pag,pag_animation,assets/pag
assets/pag/dress_normal/leg_down.pag,62415,51760,.pag,pag_animation,assets/pag
assets/pag/dress_normal/leg_up.pag,71025,61844,.pag,pag_animation,assets/pag
assets/pag/dress_normal/right_ear_down.pag,33479,23403,.pag,pag_animation,assets/pag
assets/pag/dress_normal/right_ear_up.pag,57947,48832,.pag,pag_animation,assets/pag
assets/pag/dress_normal/right_footer_down.pag,23058,12993,.pag,pag_animation,assets/pag
assets/pag/dress_normal/right_footer_up.pag,37250,28524,.pag,pag_animation,assets/pag
assets/pag/dress_normal/right_hand_down.pag,45032,34480,.pag,pag_animation,assets/pag
assets/pag/dress_normal/right_hand_up.pag,66451,57370,.pag,pag_animation,assets/pag
assets/pag/dress_rock/body_up.pag,92384,82796,.pag,pag_animation,assets/pag
assets/pag/dress_rock/head_up.pag,93143,83494,.pag,pag_animation,assets/pag
assets/pag/dress_rock/left_ear_up.pag,50872,41886,.pag,pag_animation,assets/pag
assets/pag/dress_rock/left_footer_up.pag,36392,27592,.pag,pag_animation,assets/pag
assets/pag/dress_rock/left_hand_up.pag,69497,60425,.pag,pag_animation,assets/pag
assets/pag/dress_rock/leg_up.pag,69098,59921,.pag,pag_animation,assets/pag
assets/pag/dress_rock/right_ear_up.pag,57539,48428,.pag,pag_animation,assets/pag
assets/pag/dress_rock/right_footer_up.pag,36796,28053,.pag,pag_animation,assets/pag
assets/pag/dress_rock/right_hand_up.pag,65921,56828,.pag,pag_animation,assets/pag
assets/pag/drop_red_package.pag,10043,7918,.pag,pag_animation,assets/pag
assets/pag/egg_info_arrow.pag,30863,20256,.pag,pag_animation,assets/pag
assets/pag/escape_animal/countdown.pag,169269,83171,.pag,pag_animation,assets/pag
assets/pag/escape_animal/cow/catch.pag,36604,36015,.pag,pag_animation,assets/pag
assets/pag/escape_animal/cow/choice.pag,82375,40582,.pag,pag_animation,assets/pag
assets/pag/escape_animal/cow/fall_down.pag,13103,12599,.pag,pag_animation,assets/pag
assets/pag/escape_animal/cow/idle.pag,24658,11008,.pag,pag_animation,assets/pag
assets/pag/escape_animal/cow/idle_choice.pag,30506,16885,.pag,pag_animation,assets/pag
assets/pag/escape_animal/cow/mud.pag,22184,21657,.pag,pag_animation,assets/pag
assets/pag/escape_animal/cow/palsy.pag,12771,12239,.pag,pag_animation,assets/pag
assets/pag/escape_animal/cow/run.pag,15445,14909,.pag,pag_animation,assets/pag
assets/pag/escape_animal/cow/run_choice.pag,20718,20191,.pag,pag_animation,assets/pag
assets/pag/escape_animal/dog/catch.pag,31156,30538,.pag,pag_animation,assets/pag
assets/pag/escape_animal/dog/choice.pag,82731,40971,.pag,pag_animation,assets/pag
assets/pag/escape_animal/dog/fall_down.pag,12357,11845,.pag,pag_animation,assets/pag
assets/pag/escape_animal/dog/idle.pag,23950,10233,.pag,pag_animation,assets/pag
assets/pag/escape_animal/dog/idle_choice.pag,29222,15573,.pag,pag_animation,assets/pag
assets/pag/escape_animal/dog/mud.pag,21484,20956,.pag,pag_animation,assets/pag
assets/pag/escape_animal/dog/palsy.pag,13273,12747,.pag,pag_animation,assets/pag
assets/pag/escape_animal/dog/run.pag,15529,15006,.pag,pag_animation,assets/pag
assets/pag/escape_animal/dog/run_choice.pag,20472,19929,.pag,pag_animation,assets/pag
assets/pag/escape_animal/fox/catch.pag,34003,33322,.pag,pag_animation,assets/pag
assets/pag/escape_animal/fox/choice.pag,82749,40984,.pag,pag_animation,assets/pag
assets/pag/escape_animal/fox/fall_down.pag,13675,13162,.pag,pag_animation,assets/pag
assets/pag/escape_animal/fox/idle.pag,24115,10431,.pag,pag_animation,assets/pag
assets/pag/escape_animal/fox/idle_choice.pag,30602,16906,.pag,pag_animation,assets/pag
assets/pag/escape_animal/fox/mud.pag,22822,22291,.pag,pag_animation,assets/pag
assets/pag/escape_animal/fox/palsy.pag,13535,13007,.pag,pag_animation,assets/pag
assets/pag/escape_animal/fox/run.pag,15772,15247,.pag,pag_animation,assets/pag
assets/pag/escape_animal/fox/run_choice.pag,22082,21561,.pag,pag_animation,assets/pag
assets/pag/escape_animal/monkey/catch.pag,33540,32965,.pag,pag_animation,assets/pag
assets/pag/escape_animal/monkey/choice.pag,83339,41595,.pag,pag_animation,assets/pag
assets/pag/escape_animal/monkey/fall_down.pag,13310,12801,.pag,pag_animation,assets/pag
assets/pag/escape_animal/monkey/idle.pag,26729,13077,.pag,pag_animation,assets/pag
assets/pag/escape_animal/monkey/idle_choice.pag,32847,19093,.pag,pag_animation,assets/pag
assets/pag/escape_animal/monkey/mud.pag,23053,22533,.pag,pag_animation,assets/pag
assets/pag/escape_animal/monkey/palsy.pag,13847,13322,.pag,pag_animation,assets/pag
assets/pag/escape_animal/monkey/run.pag,16613,16093,.pag,pag_animation,assets/pag
assets/pag/escape_animal/monkey/run_choice.pag,24948,24438,.pag,pag_animation,assets/pag
assets/pag/escape_animal/pig/catch.pag,34823,34192,.pag,pag_animation,assets/pag
assets/pag/escape_animal/pig/choice.pag,82543,40755,.pag,pag_animation,assets/pag
assets/pag/escape_animal/pig/fall_down.pag,13447,12938,.pag,pag_animation,assets/pag
assets/pag/escape_animal/pig/idle.pag,24676,10994,.pag,pag_animation,assets/pag
assets/pag/escape_animal/pig/idle_choice.pag,30687,17077,.pag,pag_animation,assets/pag
assets/pag/escape_animal/pig/mud.pag,21183,20648,.pag,pag_animation,assets/pag
assets/pag/escape_animal/pig/palsy.pag,13257,12729,.pag,pag_animation,assets/pag
assets/pag/escape_animal/pig/run.pag,12942,12422,.pag,pag_animation,assets/pag
assets/pag/escape_animal/pig/run_choice.pag,19149,18608,.pag,pag_animation,assets/pag
assets/pag/escape_animal/prop/bless.pag,1423628,1422537,.pag,pag_animation,assets/pag
assets/pag/escape_animal/prop/invincible/idle.pag,48784,17713,.pag,pag_animation,assets/pag
assets/pag/escape_animal/prop/invincible/invincible.pag,16809,16295,.pag,pag_animation,assets/pag
assets/pag/escape_animal/prop/lightning.pag,347939,346733,.pag,pag_animation,assets/pag
assets/pag/escape_animal/prop/punish.pag,1372613,1370098,.pag,pag_animation,assets/pag
assets/pag/escape_animal/prop/shield/idle.pag,49520,18438,.pag,pag_animation,assets/pag
assets/pag/escape_animal/prop/speed/idle.pag,41916,10999,.pag,pag_animation,assets/pag
assets/pag/escape_animal/prop/speed/speed.pag,15086,14571,.pag,pag_animation,assets/pag
assets/pag/escape_animal/raccoon/catch.pag,33331,32748,.pag,pag_animation,assets/pag
assets/pag/escape_animal/raccoon/choice.pag,82941,41173,.pag,pag_animation,assets/pag
assets/pag/escape_animal/raccoon/fall_down.pag,11733,11221,.pag,pag_animation,assets/pag
assets/pag/escape_animal/raccoon/idle.pag,23737,10048,.pag,pag_animation,assets/pag
assets/pag/escape_animal/raccoon/idle_choice.pag,30067,16442,.pag,pag_animation,assets/pag
assets/pag/escape_animal/raccoon/mud.pag,19538,18994,.pag,pag_animation,assets/pag
assets/pag/escape_animal/raccoon/palsy.pag,12564,12032,.pag,pag_animation,assets/pag
assets/pag/escape_animal/raccoon/run.pag,12194,11670,.pag,pag_animation,assets/pag
assets/pag/escape_animal/raccoon/run_choice.pag,18295,17714,.pag,pag_animation,assets/pag
assets/pag/escape_animal/ready_go.pag,263463,82649,.pag,pag_animation,assets/pag
assets/pag/escape_animal/rope_breaks.pag,46036,45565,.pag,pag_animation,assets/pag
assets/pag/escape_animal/tiger/fall_down.pag,25292,14548,.pag,pag_animation,assets/pag
assets/pag/escape_animal/tiger/idle.pag,19853,18974,.pag,pag_animation,assets/pag
assets/pag/escape_animal/tiger/jump.pag,56821,45979,.pag,pag_animation,assets/pag
assets/pag/escape_animal/tiger/mud.pag,35990,25089,.pag,pag_animation,assets/pag
assets/pag/escape_animal/tiger/palsy.pag,30275,18925,.pag,pag_animation,assets/pag
assets/pag/escape_animal/tiger/run.pag,28032,17120,.pag,pag_animation,assets/pag
assets/pag/escape_animal/tiger/small_idle_me.pag,16906,16034,.pag,pag_animation,assets/pag
assets/pag/escape_animal/tiger/small_run_me.pag,12623,12094,.pag,pag_animation,assets/pag
assets/pag/fill_red_package.pag,5076,2551,.pag,pag_animation,assets/pag
assets/pag/fill_red_package_light.pag,38097,35623,.pag,pag_animation,assets/pag
assets/pag/flash.pag,28778,26051,.pag,pag_animation,assets/pag
assets/pag/flash_card_banner_animation.pag,518308,515640,.pag,pag_animation,assets/pag
assets/pag/flashcard_bg.pag,657356,654793,.pag,pag_animation,assets/pag
assets/pag/get_parts.pag,16590,14452,.pag,pag_animation,assets/pag
assets/pag/hz1_bmp.pag,53729,52879,.pag,pag_animation,assets/pag
assets/pag/idle/idle1.pag,59027,55845,.pag,pag_animation,assets/pag
assets/pag/idle/idle2.pag,46412,38631,.pag,pag_animation,assets/pag
assets/pag/idle/idle3.pag,49403,41756,.pag,pag_animation,assets/pag
assets/pag/idle/idle4.pag,51367,43650,.pag,pag_animation,assets/pag
assets/pag/idle/idle5.pag,70068,66849,.pag,pag_animation,assets/pag
assets/pag/idle/idle6.pag,49683,41984,.pag,pag_animation,assets/pag
assets/pag/invate_loading.pag,109262,91205,.pag,pag_animation,assets/pag
assets/pag/joint_index_product.pag,291643,289177,.pag,pag_animation,assets/pag
assets/pag/kill_coloured_ribbon.pag,3394,2337,.pag,pag_animation,assets/pag
assets/pag/lay_egg.pag,146632,135982,.pag,pag_animation,assets/pag
assets/pag/link_success_clap_hands.pag,102262,100492,.pag,pag_animation,assets/pag
assets/pag/luckybag.pag,62048,61505,.pag,pag_animation,assets/pag
assets/pag/luckybagEvenOpen.pag,64292,62591,.pag,pag_animation,assets/pag
assets/pag/luckybagShadow.pag,16975,16982,.pag,pag_animation,assets/pag
assets/pag/luckybagSky.pag,30370,28540,.pag,pag_animation,assets/pag
assets/pag/marbles/blue.pag,338,275,.pag,pag_animation,assets/pag
assets/pag/marbles/gray/left.pag,2879,2884,.pag,pag_animation,assets/pag
assets/pag/marbles/gray/left_down.pag,5107,4802,.pag,pag_animation,assets/pag
assets/pag/marbles/gray/left_jump.pag,3191,3196,.pag,pag_animation,assets/pag
assets/pag/marbles/gray/middle.pag,10748,10645,.pag,pag_animation,assets/pag
assets/pag/marbles/gray/quick.pag,10748,10645,.pag,pag_animation,assets/pag
assets/pag/marbles/gray/right.pag,2919,2924,.pag,pag_animation,assets/pag
assets/pag/marbles/gray/right_down.pag,5099,4797,.pag,pag_animation,assets/pag
assets/pag/marbles/gray/right_jump.pag,3187,3192,.pag,pag_animation,assets/pag
assets/pag/marbles/gray/slow.pag,10748,10645,.pag,pag_animation,assets/pag
assets/pag/marbles/gray/standby.pag,10521,10441,.pag,pag_animation,assets/pag
assets/pag/marbles/launch_click.pag,13267,13181,.pag,pag_animation,assets/pag
assets/pag/marbles/launch_long_click.pag,13396,13299,.pag,pag_animation,assets/pag
assets/pag/marbles/orange.pag,338,273,.pag,pag_animation,assets/pag
assets/pag/marbles/orange/left.pag,3207,3212,.pag,pag_animation,assets/pag
assets/pag/marbles/orange/left_down.pag,10666,9080,.pag,pag_animation,assets/pag
assets/pag/marbles/orange/left_jump.pag,3433,3438,.pag,pag_animation,assets/pag
assets/pag/marbles/orange/middle.pag,13725,13577,.pag,pag_animation,assets/pag
assets/pag/marbles/orange/quick.pag,13725,13577,.pag,pag_animation,assets/pag
assets/pag/marbles/orange/right.pag,3217,3222,.pag,pag_animation,assets/pag
assets/pag/marbles/orange/right_down.pag,10658,9071,.pag,pag_animation,assets/pag
assets/pag/marbles/orange/right_jump.pag,3493,3498,.pag,pag_animation,assets/pag
assets/pag/marbles/orange/slow.pag,13725,13578,.pag,pag_animation,assets/pag
assets/pag/marbles/orange/standby.pag,13641,12817,.pag,pag_animation,assets/pag
assets/pag/marbles/purple.pag,338,272,.pag,pag_animation,assets/pag
assets/pag/marbles/spring.pag,7858,7830,.pag,pag_animation,assets/pag
assets/pag/marbles/swing.pag,4656,4460,.pag,pag_animation,assets/pag
assets/pag/marbles/white.pag,338,271,.pag,pag_animation,assets/pag
assets/pag/marbles/white/left.pag,3006,3011,.pag,pag_animation,assets/pag
assets/pag/marbles/white/left_down.pag,10204,8666,.pag,pag_animation,assets/pag
assets/pag/marbles/white/left_jump.pag,3321,3326,.pag,pag_animation,assets/pag
assets/pag/marbles/white/middle.pag,13502,13358,.pag,pag_animation,assets/pag
assets/pag/marbles/white/quick.pag,13502,13357,.pag,pag_animation,assets/pag
assets/pag/marbles/white/right.pag,3016,3021,.pag,pag_animation,assets/pag
assets/pag/marbles/white/right_down.pag,10196,8658,.pag,pag_animation,assets/pag
assets/pag/marbles/white/right_jump.pag,3347,3352,.pag,pag_animation,assets/pag
assets/pag/marbles/white/slow.pag,13502,13358,.pag,pag_animation,assets/pag
assets/pag/marbles/white/standby.pag,13440,12614,.pag,pag_animation,assets/pag
assets/pag/marbles/yellow/left.pag,3249,3254,.pag,pag_animation,assets/pag
assets/pag/marbles/yellow/left_down.pag,10852,9093,.pag,pag_animation,assets/pag
assets/pag/marbles/yellow/left_jump.pag,3649,3654,.pag,pag_animation,assets/pag
assets/pag/marbles/yellow/middle.pag,13767,13625,.pag,pag_animation,assets/pag
assets/pag/marbles/yellow/quick.pag,13767,13625,.pag,pag_animation,assets/pag
assets/pag/marbles/yellow/right.pag,3275,3280,.pag,pag_animation,assets/pag
assets/pag/marbles/yellow/right_down.pag,10844,9088,.pag,pag_animation,assets/pag
assets/pag/marbles/yellow/right_jump.pag,3669,3674,.pag,pag_animation,assets/pag
assets/pag/marbles/yellow/slow.pag,13767,13626,.pag,pag_animation,assets/pag
assets/pag/marbles/yellow/standby.pag,13683,13530,.pag,pag_animation,assets/pag
assets/pag/me/idle.pag,8724,7655,.pag,pag_animation,assets/pag
assets/pag/me/run.pag,6159,5575,.pag,pag_animation,assets/pag
assets/pag/medal_egg.pag,179701,123341,.pag,pag_animation,assets/pag
assets/pag/medal_reward/glass.pag,35141,34521,.pag,pag_animation,assets/pag
assets/pag/medal_reward/glass_light.pag,58604,46714,.pag,pag_animation,assets/pag
assets/pag/medal_reward/medal_fight.pag,725242,714239,.pag,pag_animation,assets/pag
assets/pag/medal_reward/screen_idle.pag,112646,104233,.pag,pag_animation,assets/pag
assets/pag/medal_reward/screen_start.pag,67628,57625,.pag,pag_animation,assets/pag
assets/pag/medal_reward/start_ship.pag,87516,85821,.pag,pag_animation,assets/pag
assets/pag/medal_reward/universe_sky.pag,345453,342639,.pag,pag_animation,assets/pag
assets/pag/mines_join_light.pag,556863,509028,.pag,pag_animation,assets/pag
assets/pag/mines_join_ribbon.pag,230441,195432,.pag,pag_animation,assets/pag
assets/pag/monkey.pag,1017763,1015777,.pag,pag_animation,assets/pag
assets/pag/monkeyFighting/bad_monkey_attach.pag,145659,143333,.pag,pag_animation,assets/pag
assets/pag/monkeyFighting/bad_monkey_idle.pag,9877,8989,.pag,pag_animation,assets/pag
assets/pag/monkeyFighting/bad_monkey_run.pag,18062,17293,.pag,pag_animation,assets/pag
assets/pag/monkeyFighting/bad_monkey_start.pag,31140,29885,.pag,pag_animation,assets/pag
assets/pag/monkeyFighting/kill_seat_alert.pag,1804,1749,.pag,pag_animation,assets/pag
assets/pag/monkeyFighting/monkey_fighting_appear.pag,229122,227850,.pag,pag_animation,assets/pag
assets/pag/monkeyFighting/monkey_fighting_cage.pag,68379,67453,.pag,pag_animation,assets/pag
assets/pag/monkeyFighting/monkey_fighting_cage_boom.pag,66080,65310,.pag,pag_animation,assets/pag
assets/pag/monkeyFighting/monkey_fighting_ground_fissure.pag,25328,23503,.pag,pag_animation,assets/pag
assets/pag/monkeyFighting/monkey_fighting_stele.pag,112875,107074,.pag,pag_animation,assets/pag
assets/pag/monkey_attack_foot.pag,40369,20436,.pag,pag_animation,assets/pag
assets/pag/monkey_attack_hand.pag,32396,13077,.pag,pag_animation,assets/pag
assets/pag/monkey_challenge_down_win.pag,50621,27806,.pag,pag_animation,assets/pag
assets/pag/monkey_challenge_up_win.pag,42481,20783,.pag,pag_animation,assets/pag
assets/pag/monkey_defeat_down.pag,43820,22797,.pag,pag_animation,assets/pag
assets/pag/monkey_defeat_up.pag,46857,25884,.pag,pag_animation,assets/pag
assets/pag/monkey_die.pag,46381,25715,.pag,pag_animation,assets/pag
assets/pag/monkey_idle.pag,31523,12802,.pag,pag_animation,assets/pag
assets/pag/monkey_recover.pag,130526,110817,.pag,pag_animation,assets/pag
assets/pag/monkey_win.pag,43769,24907,.pag,pag_animation,assets/pag
assets/pag/more_light.pag,24713,24685,.pag,pag_animation,assets/pag
assets/pag/multiple_pit_dig.pag,5313,4244,.pag,pag_animation,assets/pag
assets/pag/multiple_pit_light.pag,103889,98909,.pag,pag_animation,assets/pag
assets/pag/normal_bmp.pag,356440,354713,.pag,pag_animation,assets/pag
assets/pag/normal_egg.pag,101222,100671,.pag,pag_animation,assets/pag
assets/pag/nx_chest.pag,439246,424929,.pag,pag_animation,assets/pag
assets/pag/nx_home_boss.pag,33903,26468,.pag,pag_animation,assets/pag
assets/pag/nx_home_rock.pag,29121,21040,.pag,pag_animation,assets/pag
assets/pag/nx_home_strong.pag,35949,27172,.pag,pag_animation,assets/pag
assets/pag/nx_progress.pag,45433,42806,.pag,pag_animation,assets/pag
assets/pag/open_egg_exp_light.pag,122599,121571,.pag,pag_animation,assets/pag
assets/pag/open_gold_card.pag,367156,325436,.pag,pag_animation,assets/pag
assets/pag/open_medal_egg.pag,330760,258439,.pag,pag_animation,assets/pag
assets/pag/open_normal_egg.pag,268052,199781,.pag,pag_animation,assets/pag
assets/pag/open_rock_egg.pag,339033,266914,.pag,pag_animation,assets/pag
assets/pag/opening.pag,289550,281171,.pag,pag_animation,assets/pag
assets/pag/openresult.pag,240967,235542,.pag,pag_animation,assets/pag
assets/pag/pag_levelup.pag,293279,279073,.pag,pag_animation,assets/pag
assets/pag/pag_levelup_fail.pag,433360,410650,.pag,pag_animation,assets/pag
assets/pag/pag_levelup_success.pag,836482,820016,.pag,pag_animation,assets/pag
assets/pag/pag_nail.pag,90613,82738,.pag,pag_animation,assets/pag
assets/pag/pag_product_special.pag,157948,156949,.pag,pag_animation,assets/pag
assets/pag/pag_sleep.pag,74300,66579,.pag,pag_animation,assets/pag
assets/pag/pag_tiadalbox_open.pag,6190,4467,.pag,pag_animation,assets/pag
assets/pag/pit_leading.pag,5033,5033,.pag,pag_animation,assets/pag
assets/pag/pit_update_ribbon.pag,3909,1780,.pag,pag_animation,assets/pag
assets/pag/presell_welfare.pag,25715,25573,.pag,pag_animation,assets/pag
assets/pag/private_miners.pag,12674,11943,.pag,pag_animation,assets/pag
assets/pag/private_mines_light.pag,7059,6855,.pag,pag_animation,assets/pag
assets/pag/puzzle_detail_light.pag,767539,754457,.pag,pag_animation,assets/pag
assets/pag/puzzle_exchange_product.pag,16001,14375,.pag,pag_animation,assets/pag
assets/pag/puzzle_mine_get_all.pag,88669,83937,.pag,pag_animation,assets/pag
assets/pag/puzzle_mine_item.pag,114345,112483,.pag,pag_animation,assets/pag
assets/pag/puzzle_mine_loading.pag,25383,20610,.pag,pag_animation,assets/pag
assets/pag/ready_go/ready_go.pag,9202,9043,.pag,pag_animation,assets/pag
assets/pag/receive_prize.pag,13274,12541,.pag,pag_animation,assets/pag
assets/pag/red_package_appear.pag,115521,112182,.pag,pag_animation,assets/pag
assets/pag/red_package_idle.pag,115573,112214,.pag,pag_animation,assets/pag
assets/pag/red_package_open.pag,115573,112211,.pag,pag_animation,assets/pag
assets/pag/red_package_win.pag,3579,2426,.pag,pag_animation,assets/pag
assets/pag/rob/duwulaixi.pag,1122776,1089189,.pag,pag_animation,assets/pag
assets/pag/rob/duzhuanchang.pag,690251,678547,.pag,pag_animation,assets/pag
assets/pag/rob/light_1.pag,29819,28047,.pag,pag_animation,assets/pag
assets/pag/rob/light_2.pag,30088,28292,.pag,pag_animation,assets/pag
assets/pag/rob/light_3.pag,27006,25231,.pag,pag_animation,assets/pag
assets/pag/rob/potu.pag,5313,4244,.pag,pag_animation,assets/pag
assets/pag/rob/result_bar_1.pag,3486,2212,.pag,pag_animation,assets/pag
assets/pag/rob/result_bar_2.pag,4038,3682,.pag,pag_animation,assets/pag
assets/pag/rob/selected.pag,44641,11305,.pag,pag_animation,assets/pag
assets/pag/rob/speedup.pag,52636,18182,.pag,pag_animation,assets/pag
assets/pag/rock_battle_royal_banner_new.pag,71326,63787,.pag,pag_animation,assets/pag
assets/pag/rock_egg.pag,179094,123080,.pag,pag_animation,assets/pag
assets/pag/rss_box_indicator.pag,6380,4003,.pag,pag_animation,assets/pag
assets/pag/run/run1.pag,20555,11061,.pag,pag_animation,assets/pag
assets/pag/run/run2.pag,17754,8493,.pag,pag_animation,assets/pag
assets/pag/run/run3.pag,17060,7737,.pag,pag_animation,assets/pag
assets/pag/run/run4.pag,17356,8046,.pag,pag_animation,assets/pag
assets/pag/run/run5.pag,21929,12564,.pag,pag_animation,assets/pag
assets/pag/run/run6.pag,17752,8329,.pag,pag_animation,assets/pag
assets/pag/smog_big.pag,85740,78214,.pag,pag_animation,assets/pag
assets/pag/smog_middle.pag,81900,77335,.pag,pag_animation,assets/pag
assets/pag/smog_small.pag,80659,77092,.pag,pag_animation,assets/pag
assets/pag/smoke.pag,130748,129819,.pag,pag_animation,assets/pag
assets/pag/sport/player_selected1.pag,16174,15084,.pag,pag_animation,assets/pag
assets/pag/sport/player_selected2.pag,18648,17505,.pag,pag_animation,assets/pag
assets/pag/sport/player_selected3.pag,18375,17219,.pag,pag_animation,assets/pag
assets/pag/sport/player_selected4.pag,19931,18832,.pag,pag_animation,assets/pag
assets/pag/sport/player_selected5.pag,18485,17332,.pag,pag_animation,assets/pag
assets/pag/sport/player_selected6.pag,18321,17159,.pag,pag_animation,assets/pag
assets/pag/sport_ribbon/ribbon.pag,3457,2365,.pag,pag_animation,assets/pag
assets/pag/sport_stay/stay1.pag,12292,11225,.pag,pag_animation,assets/pag
assets/pag/sport_stay/stay2.pag,14804,13744,.pag,pag_animation,assets/pag
assets/pag/sport_stay/stay3.pag,15671,14614,.pag,pag_animation,assets/pag
assets/pag/sport_stay/stay4.pag,15085,14029,.pag,pag_animation,assets/pag
assets/pag/sport_stay/stay5.pag,14937,13880,.pag,pag_animation,assets/pag
assets/pag/sport_stay/stay6.pag,16493,15438,.pag,pag_animation,assets/pag
assets/pag/sport_win/win1.pag,16218,15167,.pag,pag_animation,assets/pag
assets/pag/sport_win/win2.pag,19945,18889,.pag,pag_animation,assets/pag
assets/pag/sport_win/win3.pag,20591,19536,.pag,pag_animation,assets/pag
assets/pag/sport_win/win4.pag,21936,20882,.pag,pag_animation,assets/pag
assets/pag/sport_win/win5.pag,19978,18914,.pag,pag_animation,assets/pag
assets/pag/sport_win/win6.pag,21830,20770,.pag,pag_animation,assets/pag
assets/pag/star_airdrop.pag,15452,15457,.pag,pag_animation,assets/pag
assets/pag/starship_mining.pag,232494,175668,.pag,pag_animation,assets/pag
assets/pag/starship_travel.pag,10351,6689,.pag,pag_animation,assets/pag
assets/pag/strengthen/airplane_loop.pag,899,834,.pag,pag_animation,assets/pag
assets/pag/strengthen/body.pag,137883,126571,.pag,pag_animation,assets/pag
assets/pag/strengthen/ear_left.pag,100846,89941,.pag,pag_animation,assets/pag
assets/pag/strengthen/ear_right.pag,104280,93409,.pag,pag_animation,assets/pag
assets/pag/strengthen/eye_nose.pag,130772,119409,.pag,pag_animation,assets/pag
assets/pag/strengthen/face.pag,125671,114386,.pag,pag_animation,assets/pag
assets/pag/strengthen/footer_left.pag,80128,69232,.pag,pag_animation,assets/pag
assets/pag/strengthen/footer_right.pag,80266,69374,.pag,pag_animation,assets/pag
assets/pag/strengthen/hand_left.pag,97398,86681,.pag,pag_animation,assets/pag
assets/pag/strengthen/hand_right.pag,84850,74149,.pag,pag_animation,assets/pag
assets/pag/strengthen/light_appear.pag,15831,15304,.pag,pag_animation,assets/pag
assets/pag/strengthen/light_loop.pag,15879,15339,.pag,pag_animation,assets/pag
assets/pag/strengthen/pants.pag,110029,99111,.pag,pag_animation,assets/pag
assets/pag/super_bmp.pag,598285,596626,.pag,pag_animation,assets/pag
assets/pag/super_vip_btn.pag,919,509,.pag,pag_animation,assets/pag
assets/pag/synthesis_card_index.pag,572534,544208,.pag,pag_animation,assets/pag
assets/pag/task_egg_light.pag,36451,33714,.pag,pag_animation,assets/pag
assets/pag/tz1_bmp.pag,41148,40299,.pag,pag_animation,assets/pag
assets/pag/universe_banner.pag,366214,336756,.pag,pag_animation,assets/pag
assets/pag/universe_destination.pag,1560,443,.pag,pag_animation,assets/pag
assets/pag/universe_log_scale_big.pag,33363,33141,.pag,pag_animation,assets/pag
assets/pag/universe_log_summary.pag,45565,42379,.pag,pag_animation,assets/pag
assets/pag/universe_room_upgrade.pag,137524,127424,.pag,pag_animation,assets/pag
assets/pag/update_egg_outer_light.pag,154288,143500,.pag,pag_animation,assets/pag
assets/pag/update_hint.pag,5948,5947,.pag,pag_animation,assets/pag
assets/pag/updated_loop.pag,213884,178277,.pag,pag_animation,assets/pag
assets/pag/updating.pag,450907,406742,.pag,pag_animation,assets/pag
assets/pag/use_bomb.pag,666991,666405,.pag,pag_animation,assets/pag
assets/pag/warcraft_finger.pag,15799,15665,.pag,pag_animation,assets/pag
assets/pag/wizard_box.pag,52424,52444,.pag,pag_animation,assets/pag
assets/pag/wizard_pop_1.pag,2553,2355,.pag,pag_animation,assets/pag
assets/pag/wizard_pop_2.pag,2550,2347,.pag,pag_animation,assets/pag
assets/pag/wizard_pop_3.pag,1893,1823,.pag,pag_animation,assets/pag
assets/pag/wizard_rabbit.pag,44429,44444,.pag,pag_animation,assets/pag
assets/pag/xiyou_bmp.pag,436893,435163,.pag,pag_animation,assets/pag
assets/png/ape_null.png,157,157,.png,png_sequence,assets/png
assets/png/miner/1001/appear/appear_00020.png,129,129,.png,png_sequence,assets/png
assets/png/miner/1001/appear/appear_00022.png,945,945,.png,png_sequence,assets/png
assets/png/miner/1001/appear/appear_00024.png,2181,2181,.png,png_sequence,assets/png
assets/png/miner/1001/appear/appear_00026.png,4034,4034,.png,png_sequence,assets/png
assets/png/miner/1001/appear/appear_00028.png,6338,6338,.png,png_sequence,assets/png
assets/png/miner/1001/appear/appear_00030.png,6153,6153,.png,png_sequence,assets/png
assets/png/miner/1001/appear/appear_00032.png,5421,5421,.png,png_sequence,assets/png
assets/png/miner/1001/appear/appear_00034.png,5235,5235,.png,png_sequence,assets/png
assets/png/miner/1001/appear/appear_00036.png,4919,4919,.png,png_sequence,assets/png
assets/png/miner/1001/appear/appear_00038.png,4509,4509,.png,png_sequence,assets/png
assets/png/miner/1001/appear/appear_00040.png,4298,4298,.png,png_sequence,assets/png
assets/png/miner/1001/appear/appear_00042.png,4207,4207,.png,png_sequence,assets/png
assets/png/miner/1001/appear/appear_00044.png,3935,3935,.png,png_sequence,assets/png
assets/png/miner/1001/appear/appear_00046.png,3952,3952,.png,png_sequence,assets/png
assets/png/miner/1001/appear/appear_00048.png,3916,3916,.png,png_sequence,assets/png
assets/png/miner/1001/appear/appear_00050.png,3865,3865,.png,png_sequence,assets/png
assets/png/miner/1001/back/back_00000.png,4138,4138,.png,png_sequence,assets/png
assets/png/miner/1001/back/back_00002.png,4273,4273,.png,png_sequence,assets/png
assets/png/miner/1001/back/back_00004.png,4025,4025,.png,png_sequence,assets/png
assets/png/miner/1001/back/back_00006.png,3836,3836,.png,png_sequence,assets/png
assets/png/miner/1001/back/back_00008.png,4123,4123,.png,png_sequence,assets/png
assets/png/miner/1001/back/back_00010.png,3978,3978,.png,png_sequence,assets/png
assets/png/miner/1001/back/back_00012.png,4582,4582,.png,png_sequence,assets/png
assets/png/miner/1001/back/back_00014.png,8631,8631,.png,png_sequence,assets/png
assets/png/miner/1001/back/back_00016.png,9392,9392,.png,png_sequence,assets/png
assets/png/miner/1001/back/back_00018.png,8277,8277,.png,png_sequence,assets/png
assets/png/miner/1001/back/back_00020.png,6045,6045,.png,png_sequence,assets/png
assets/png/miner/1001/back/back_00022.png,4138,4138,.png,png_sequence,assets/png
assets/png/miner/1001/back/back_00024.png,4151,4151,.png,png_sequence,assets/png
assets/png/miner/1001/back/back_00026.png,4138,4138,.png,png_sequence,assets/png
assets/png/miner/1001/back/back_00028.png,4210,4210,.png,png_sequence,assets/png
assets/png/miner/1001/back/back_00030.png,4086,4086,.png,png_sequence,assets/png
assets/png/miner/1001/back/back_00032.png,4069,4069,.png,png_sequence,assets/png
assets/png/miner/1001/back/back_00034.png,4109,4109,.png,png_sequence,assets/png
assets/png/miner/1001/back/back_00036.png,4167,4167,.png,png_sequence,assets/png
assets/png/miner/1001/back/back_00038.png,4185,4185,.png,png_sequence,assets/png
assets/png/miner/1001/back/back_00040.png,4175,4175,.png,png_sequence,assets/png
assets/png/miner/1001/back/back_00042.png,4156,4156,.png,png_sequence,assets/png
assets/png/miner/1001/back/back_00044.png,4165,4165,.png,png_sequence,assets/png
assets/png/miner/1001/front/front_00000.png,3821,3821,.png,png_sequence,assets/png
assets/png/miner/1001/front/front_00002.png,3828,3828,.png,png_sequence,assets/png
assets/png/miner/1001/front/front_00004.png,3931,3931,.png,png_sequence,assets/png
assets/png/miner/1001/front/front_00006.png,3875,3875,.png,png_sequence,assets/png
assets/png/miner/1001/front/front_00008.png,3811,3811,.png,png_sequence,assets/png
assets/png/miner/1001/front/front_00010.png,2473,2473,.png,png_sequence,assets/png
assets/png/miner/1001/front/front_00012.png,3979,3979,.png,png_sequence,assets/png
assets/png/miner/1001/front/front_00014.png,6272,6272,.png,png_sequence,assets/png
assets/png/miner/1001/front/front_00016.png,10361,10361,.png,png_sequence,assets/png
assets/png/miner/1001/front/front_00018.png,9169,9169,.png,png_sequence,assets/png
assets/png/miner/1001/front/front_00020.png,6139,6139,.png,png_sequence,assets/png
assets/png/miner/1001/front/front_00022.png,3816,3816,.png,png_sequence,assets/png
assets/png/miner/1001/front/front_00024.png,3877,3877,.png,png_sequence,assets/png
assets/png/miner/1001/front/front_00026.png,3821,3821,.png,png_sequence,assets/png
assets/png/miner/1001/front/front_00028.png,3815,3815,.png,png_sequence,assets/png
assets/png/miner/1001/front/front_00030.png,3794,3794,.png,png_sequence,assets/png
assets/png/miner/1001/front/front_00032.png,3799,3799,.png,png_sequence,assets/png
assets/png/miner/1001/front/front_00034.png,3791,3791,.png,png_sequence,assets/png
assets/png/miner/1001/front/front_00036.png,3916,3916,.png,png_sequence,assets/png
assets/png/miner/1001/front/front_00038.png,3823,3823,.png,png_sequence,assets/png
assets/png/miner/1001/front/front_00040.png,3847,3847,.png,png_sequence,assets/png
assets/png/miner/1001/front/front_00042.png,3842,3842,.png,png_sequence,assets/png
assets/png/miner/1001/front/front_00044.png,3822,3822,.png,png_sequence,assets/png
assets/png/miner/1001/idle/idle_00000.png,3840,3840,.png,png_sequence,assets/png
assets/png/miner/1001/idle/idle_00002.png,3958,3958,.png,png_sequence,assets/png
assets/png/miner/1001/idle/idle_00004.png,4119,4119,.png,png_sequence,assets/png
assets/png/miner/1001/idle/idle_00006.png,4303,4303,.png,png_sequence,assets/png
assets/png/miner/1001/idle/idle_00008.png,4265,4265,.png,png_sequence,assets/png
assets/png/miner/1001/idle/idle_00010.png,4205,4205,.png,png_sequence,assets/png
assets/png/miner/1001/idle/idle_00012.png,4182,4182,.png,png_sequence,assets/png
assets/png/miner/1001/idle/idle_00014.png,4259,4259,.png,png_sequence,assets/png
assets/png/miner/1001/idle/idle_00016.png,4188,4188,.png,png_sequence,assets/png
assets/png/miner/1001/idle/idle_00018.png,4181,4181,.png,png_sequence,assets/png
assets/png/miner/1001/idle/idle_00020.png,4181,4181,.png,png_sequence,assets/png
assets/png/miner/1001/idle/idle_00022.png,4181,4181,.png,png_sequence,assets/png
assets/png/miner/1001/idle/idle_00024.png,4181,4181,.png,png_sequence,assets/png
assets/png/miner/1001/idle/idle_00026.png,4181,4181,.png,png_sequence,assets/png
assets/png/miner/1001/idle/idle_00028.png,4181,4181,.png,png_sequence,assets/png
assets/png/miner/1001/idle/idle_00030.png,4229,4229,.png,png_sequence,assets/png
assets/png/miner/1001/idle/idle_00032.png,4200,4200,.png,png_sequence,assets/png
assets/png/miner/1001/idle/idle_00034.png,4237,4237,.png,png_sequence,assets/png
assets/png/miner/1001/idle/idle_00036.png,4224,4224,.png,png_sequence,assets/png
assets/png/miner/1001/idle/idle_00038.png,4100,4100,.png,png_sequence,assets/png
assets/png/miner/1001/idle/idle_00040.png,3860,3860,.png,png_sequence,assets/png
assets/png/miner/1001/idle/idle_00042.png,4120,4120,.png,png_sequence,assets/png
assets/png/miner/1001/idle/idle_00044.png,4167,4167,.png,png_sequence,assets/png
assets/png/miner/1001/idle/idle_00046.png,4193,4193,.png,png_sequence,assets/png
assets/png/miner/1001/idle/idle_00048.png,4198,4198,.png,png_sequence,assets/png
assets/png/miner/1001/idle/idle_00050.png,4205,4205,.png,png_sequence,assets/png
assets/png/miner/1001/idle/idle_00052.png,4184,4184,.png,png_sequence,assets/png
assets/png/miner/1001/idle/idle_00054.png,4140,4140,.png,png_sequence,assets/png
assets/png/miner/1001/idle/idle_00056.png,4208,4208,.png,png_sequence,assets/png
assets/png/miner/1001/idle/idle_00058.png,4273,4273,.png,png_sequence,assets/png
assets/png/miner/1001/idle/idle_00060.png,4156,4156,.png,png_sequence,assets/png
assets/png/miner/1001/idle/idle_00062.png,4178,4178,.png,png_sequence,assets/png
assets/png/miner/1001/idle/idle_00064.png,4107,4107,.png,png_sequence,assets/png
assets/png/miner/1001/idle/idle_00066.png,4081,4081,.png,png_sequence,assets/png
assets/png/miner/1001/idle/idle_00068.png,4036,4036,.png,png_sequence,assets/png
assets/png/miner/1001/idle/idle_00070.png,3912,3912,.png,png_sequence,assets/png
assets/png/miner/1001/idle/idle_00072.png,3822,3822,.png,png_sequence,assets/png
assets/png/miner/1001/idle/idle_00074.png,3826,3826,.png,png_sequence,assets/png
assets/png/miner/1001/left/left_00000.png,4086,4086,.png,png_sequence,assets/png
assets/png/miner/1001/left/left_00002.png,4124,4124,.png,png_sequence,assets/png
assets/png/miner/1001/left/left_00004.png,4399,4399,.png,png_sequence,assets/png
assets/png/miner/1001/left/left_00006.png,4581,4581,.png,png_sequence,assets/png
assets/png/miner/1001/left/left_00008.png,3897,3897,.png,png_sequence,assets/png
assets/png/miner/1001/left/left_00010.png,4963,4963,.png,png_sequence,assets/png
assets/png/miner/1001/left/left_00012.png,5591,5591,.png,png_sequence,assets/png
assets/png/miner/1001/left/left_00014.png,8945,8945,.png,png_sequence,assets/png
assets/png/miner/1001/left/left_00016.png,11389,11389,.png,png_sequence,assets/png
assets/png/miner/1001/left/left_00018.png,10243,10243,.png,png_sequence,assets/png
assets/png/miner/1001/left/left_00020.png,7156,7156,.png,png_sequence,assets/png
assets/png/miner/1001/left/left_00022.png,4335,4335,.png,png_sequence,assets/png
assets/png/miner/1001/left/left_00024.png,4017,4017,.png,png_sequence,assets/png
assets/png/miner/1001/left/left_00026.png,3940,3940,.png,png_sequence,assets/png
assets/png/miner/1001/left/left_00028.png,3933,3933,.png,png_sequence,assets/png
assets/png/miner/1001/left/left_00030.png,3961,3961,.png,png_sequence,assets/png
assets/png/miner/1001/left/left_00032.png,3886,3886,.png,png_sequence,assets/png
assets/png/miner/1001/left/left_00034.png,3930,3930,.png,png_sequence,assets/png
assets/png/miner/1001/left/left_00036.png,3936,3936,.png,png_sequence,assets/png
assets/png/miner/1001/left/left_00038.png,3920,3920,.png,png_sequence,assets/png
assets/png/miner/1001/left/left_00040.png,4034,4034,.png,png_sequence,assets/png
assets/png/miner/1001/left/left_00042.png,4032,4032,.png,png_sequence,assets/png
assets/png/miner/1001/left/left_00044.png,3990,3990,.png,png_sequence,assets/png
assets/png/miner/1001/right/right_00000.png,4070,4070,.png,png_sequence,assets/png
assets/png/miner/1001/right/right_00002.png,4245,4245,.png,png_sequence,assets/png
assets/png/miner/1001/right/right_00004.png,4622,4622,.png,png_sequence,assets/png
assets/png/miner/1001/right/right_00006.png,4829,4829,.png,png_sequence,assets/png
assets/png/miner/1001/right/right_00008.png,3990,3990,.png,png_sequence,assets/png
assets/png/miner/1001/right/right_00010.png,4861,4861,.png,png_sequence,assets/png
assets/png/miner/1001/right/right_00012.png,6054,6054,.png,png_sequence,assets/png
assets/png/miner/1001/right/right_00014.png,9031,9031,.png,png_sequence,assets/png
assets/png/miner/1001/right/right_00016.png,9775,9775,.png,png_sequence,assets/png
assets/png/miner/1001/right/right_00018.png,8979,8979,.png,png_sequence,assets/png
assets/png/miner/1001/right/right_00020.png,6277,6277,.png,png_sequence,assets/png
assets/png/miner/1001/right/right_00022.png,4218,4218,.png,png_sequence,assets/png
assets/png/miner/1001/right/right_00024.png,4134,4134,.png,png_sequence,assets/png
assets/png/miner/1001/right/right_00026.png,4033,4033,.png,png_sequence,assets/png
assets/png/miner/1001/right/right_00028.png,3952,3952,.png,png_sequence,assets/png
assets/png/miner/1001/right/right_00030.png,4024,4024,.png,png_sequence,assets/png
assets/png/miner/1001/right/right_00032.png,3982,3982,.png,png_sequence,assets/png
assets/png/miner/1001/right/right_00034.png,4007,4007,.png,png_sequence,assets/png
assets/png/miner/1001/right/right_00036.png,3938,3938,.png,png_sequence,assets/png
assets/png/miner/1001/right/right_00038.png,4025,4025,.png,png_sequence,assets/png
assets/png/miner/1001/right/right_00040.png,4008,4008,.png,png_sequence,assets/png
assets/png/miner/1001/right/right_00042.png,4054,4054,.png,png_sequence,assets/png
assets/png/miner/1001/right/right_00044.png,4045,4045,.png,png_sequence,assets/png
assets/png/miner/1002/appear/appear_00020.png,129,129,.png,png_sequence,assets/png
assets/png/miner/1002/appear/appear_00022.png,945,945,.png,png_sequence,assets/png
assets/png/miner/1002/appear/appear_00024.png,2181,2181,.png,png_sequence,assets/png
assets/png/miner/1002/appear/appear_00026.png,4013,4013,.png,png_sequence,assets/png
assets/png/miner/1002/appear/appear_00028.png,6281,6281,.png,png_sequence,assets/png
assets/png/miner/1002/appear/appear_00030.png,6064,6064,.png,png_sequence,assets/png
assets/png/miner/1002/appear/appear_00032.png,5551,5551,.png,png_sequence,assets/png
assets/png/miner/1002/appear/appear_00034.png,5506,5506,.png,png_sequence,assets/png
assets/png/miner/1002/appear/appear_00036.png,5162,5162,.png,png_sequence,assets/png
assets/png/miner/1002/appear/appear_00038.png,4804,4804,.png,png_sequence,assets/png
assets/png/miner/1002/appear/appear_00040.png,4526,4526,.png,png_sequence,assets/png
assets/png/miner/1002/appear/appear_00042.png,4418,4418,.png,png_sequence,assets/png
assets/png/miner/1002/appear/appear_00044.png,4343,4343,.png,png_sequence,assets/png
assets/png/miner/1002/appear/appear_00046.png,4255,4255,.png,png_sequence,assets/png
assets/png/miner/1002/appear/appear_00048.png,4233,4233,.png,png_sequence,assets/png
assets/png/miner/1002/appear/appear_00050.png,4263,4263,.png,png_sequence,assets/png
assets/png/miner/1002/back/back_00000.png,4545,4545,.png,png_sequence,assets/png
assets/png/miner/1002/back/back_00002.png,4636,4636,.png,png_sequence,assets/png
assets/png/miner/1002/back/back_00004.png,4528,4528,.png,png_sequence,assets/png
assets/png/miner/1002/back/back_00006.png,4395,4395,.png,png_sequence,assets/png
assets/png/miner/1002/back/back_00008.png,4374,4374,.png,png_sequence,assets/png
assets/png/miner/1002/back/back_00010.png,3677,3677,.png,png_sequence,assets/png
assets/png/miner/1002/back/back_00012.png,4342,4342,.png,png_sequence,assets/png
assets/png/miner/1002/back/back_00014.png,7475,7475,.png,png_sequence,assets/png
assets/png/miner/1002/back/back_00016.png,9037,9037,.png,png_sequence,assets/png
assets/png/miner/1002/back/back_00018.png,8190,8190,.png,png_sequence,assets/png
assets/png/miner/1002/back/back_00020.png,6492,6492,.png,png_sequence,assets/png
assets/png/miner/1002/back/back_00022.png,4542,4542,.png,png_sequence,assets/png
assets/png/miner/1002/back/back_00024.png,4534,4534,.png,png_sequence,assets/png
assets/png/miner/1002/back/back_00026.png,4558,4558,.png,png_sequence,assets/png
assets/png/miner/1002/back/back_00028.png,4518,4518,.png,png_sequence,assets/png
assets/png/miner/1002/back/back_00030.png,4490,4490,.png,png_sequence,assets/png
assets/png/miner/1002/back/back_00032.png,4517,4517,.png,png_sequence,assets/png
assets/png/miner/1002/back/back_00034.png,4501,4501,.png,png_sequence,assets/png
assets/png/miner/1002/back/back_00036.png,4534,4534,.png,png_sequence,assets/png
assets/png/miner/1002/back/back_00038.png,4506,4506,.png,png_sequence,assets/png
assets/png/miner/1002/back/back_00040.png,4490,4490,.png,png_sequence,assets/png
assets/png/miner/1002/back/back_00042.png,4562,4562,.png,png_sequence,assets/png
assets/png/miner/1002/back/back_00044.png,4557,4557,.png,png_sequence,assets/png
assets/png/miner/1002/front/front_00000.png,4262,4262,.png,png_sequence,assets/png
assets/png/miner/1002/front/front_00002.png,4124,4124,.png,png_sequence,assets/png
assets/png/miner/1002/front/front_00004.png,4051,4051,.png,png_sequence,assets/png
assets/png/miner/1002/front/front_00006.png,4010,4010,.png,png_sequence,assets/png
assets/png/miner/1002/front/front_00008.png,4080,4080,.png,png_sequence,assets/png
assets/png/miner/1002/front/front_00010.png,4214,4214,.png,png_sequence,assets/png
assets/png/miner/1002/front/front_00012.png,4303,4303,.png,png_sequence,assets/png
assets/png/miner/1002/front/front_00014.png,6458,6458,.png,png_sequence,assets/png
assets/png/miner/1002/front/front_00016.png,10560,10560,.png,png_sequence,assets/png
assets/png/miner/1002/front/front_00018.png,9482,9482,.png,png_sequence,assets/png
assets/png/miner/1002/front/front_00020.png,6680,6680,.png,png_sequence,assets/png
assets/png/miner/1002/front/front_00022.png,4204,4204,.png,png_sequence,assets/png
assets/png/miner/1002/front/front_00024.png,4237,4237,.png,png_sequence,assets/png
assets/png/miner/1002/front/front_00026.png,4246,4246,.png,png_sequence,assets/png
assets/png/miner/1002/front/front_00028.png,4180,4180,.png,png_sequence,assets/png
assets/png/miner/1002/front/front_00030.png,4142,4142,.png,png_sequence,assets/png
assets/png/miner/1002/front/front_00032.png,4197,4197,.png,png_sequence,assets/png
assets/png/miner/1002/front/front_00034.png,4195,4195,.png,png_sequence,assets/png
assets/png/miner/1002/front/front_00036.png,4275,4275,.png,png_sequence,assets/png
assets/png/miner/1002/front/front_00038.png,4308,4308,.png,png_sequence,assets/png
assets/png/miner/1002/front/front_00040.png,4267,4267,.png,png_sequence,assets/png
assets/png/miner/1002/front/front_00042.png,4229,4229,.png,png_sequence,assets/png
assets/png/miner/1002/front/front_00044.png,4236,4236,.png,png_sequence,assets/png
assets/png/miner/1002/idle/idle_00000.png,4368,4368,.png,png_sequence,assets/png
assets/png/miner/1002/idle/idle_00002.png,4427,4427,.png,png_sequence,assets/png
assets/png/miner/1002/idle/idle_00004.png,4575,4575,.png,png_sequence,assets/png
assets/png/miner/1002/idle/idle_00006.png,4611,4611,.png,png_sequence,assets/png
assets/png/miner/1002/idle/idle_00008.png,4555,4555,.png,png_sequence,assets/png
assets/png/miner/1002/idle/idle_00010.png,4580,4580,.png,png_sequence,assets/png
assets/png/miner/1002/idle/idle_00012.png,4710,4710,.png,png_sequence,assets/png
assets/png/miner/1002/idle/idle_00014.png,4701,4701,.png,png_sequence,assets/png
assets/png/miner/1002/idle/idle_00016.png,4642,4642,.png,png_sequence,assets/png
assets/png/miner/1002/idle/idle_00018.png,4580,4580,.png,png_sequence,assets/png
assets/png/miner/1002/idle/idle_00020.png,4580,4580,.png,png_sequence,assets/png
assets/png/miner/1002/idle/idle_00022.png,4580,4580,.png,png_sequence,assets/png
assets/png/miner/1002/idle/idle_00024.png,4580,4580,.png,png_sequence,assets/png
assets/png/miner/1002/idle/idle_00026.png,4580,4580,.png,png_sequence,assets/png
assets/png/miner/1002/idle/idle_00028.png,4580,4580,.png,png_sequence,assets/png
assets/png/miner/1002/idle/idle_00030.png,4626,4626,.png,png_sequence,assets/png
assets/png/miner/1002/idle/idle_00032.png,4638,4638,.png,png_sequence,assets/png
assets/png/miner/1002/idle/idle_00034.png,4544,4544,.png,png_sequence,assets/png
assets/png/miner/1002/idle/idle_00036.png,4536,4536,.png,png_sequence,assets/png
assets/png/miner/1002/idle/idle_00038.png,4285,4285,.png,png_sequence,assets/png
assets/png/miner/1002/idle/idle_00040.png,3969,3969,.png,png_sequence,assets/png
assets/png/miner/1002/idle/idle_00042.png,4285,4285,.png,png_sequence,assets/png
assets/png/miner/1002/idle/idle_00044.png,4328,4328,.png,png_sequence,assets/png
assets/png/miner/1002/idle/idle_00046.png,4325,4325,.png,png_sequence,assets/png
assets/png/miner/1002/idle/idle_00048.png,4381,4381,.png,png_sequence,assets/png
assets/png/miner/1002/idle/idle_00050.png,4318,4318,.png,png_sequence,assets/png
assets/png/miner/1002/idle/idle_00052.png,4314,4314,.png,png_sequence,assets/png
assets/png/miner/1002/idle/idle_00054.png,4335,4335,.png,png_sequence,assets/png
assets/png/miner/1002/idle/idle_00056.png,4351,4351,.png,png_sequence,assets/png
assets/png/miner/1002/idle/idle_00058.png,4413,4413,.png,png_sequence,assets/png
assets/png/miner/1002/idle/idle_00060.png,4386,4386,.png,png_sequence,assets/png
assets/png/miner/1002/idle/idle_00062.png,4282,4282,.png,png_sequence,assets/png
assets/png/miner/1002/idle/idle_00064.png,4372,4372,.png,png_sequence,assets/png
assets/png/miner/1002/idle/idle_00066.png,4349,4349,.png,png_sequence,assets/png
assets/png/miner/1002/idle/idle_00068.png,4207,4207,.png,png_sequence,assets/png
assets/png/miner/1002/idle/idle_00070.png,4273,4273,.png,png_sequence,assets/png
assets/png/miner/1002/idle/idle_00072.png,4211,4211,.png,png_sequence,assets/png
assets/png/miner/1002/idle/idle_00074.png,4340,4340,.png,png_sequence,assets/png
assets/png/miner/1002/left/left_00000.png,5084,5084,.png,png_sequence,assets/png
assets/png/miner/1002/left/left_00002.png,5208,5208,.png,png_sequence,assets/png
assets/png/miner/1002/left/left_00004.png,5284,5284,.png,png_sequence,assets/png
assets/png/miner/1002/left/left_00006.png,5375,5375,.png,png_sequence,assets/png
assets/png/miner/1002/left/left_00008.png,5015,5015,.png,png_sequence,assets/png
assets/png/miner/1002/left/left_00010.png,5341,5341,.png,png_sequence,assets/png
assets/png/miner/1002/left/left_00012.png,5996,5996,.png,png_sequence,assets/png
assets/png/miner/1002/left/left_00014.png,9391,9391,.png,png_sequence,assets/png
assets/png/miner/1002/left/left_00016.png,11268,11268,.png,png_sequence,assets/png
assets/png/miner/1002/left/left_00018.png,11002,11002,.png,png_sequence,assets/png
assets/png/miner/1002/left/left_00020.png,8032,8032,.png,png_sequence,assets/png
assets/png/miner/1002/left/left_00022.png,5383,5383,.png,png_sequence,assets/png
assets/png/miner/1002/left/left_00024.png,5098,5098,.png,png_sequence,assets/png
assets/png/miner/1002/left/left_00026.png,5025,5025,.png,png_sequence,assets/png
assets/png/miner/1002/left/left_00028.png,5105,5105,.png,png_sequence,assets/png
assets/png/miner/1002/left/left_00030.png,5072,5072,.png,png_sequence,assets/png
assets/png/miner/1002/left/left_00032.png,5066,5066,.png,png_sequence,assets/png
assets/png/miner/1002/left/left_00034.png,5077,5077,.png,png_sequence,assets/png
assets/png/miner/1002/left/left_00036.png,5045,5045,.png,png_sequence,assets/png
assets/png/miner/1002/left/left_00038.png,5046,5046,.png,png_sequence,assets/png
assets/png/miner/1002/left/left_00040.png,5093,5093,.png,png_sequence,assets/png
assets/png/miner/1002/left/left_00042.png,5017,5017,.png,png_sequence,assets/png
assets/png/miner/1002/left/left_00044.png,5097,5097,.png,png_sequence,assets/png
assets/png/miner/1002/right/right_00000.png,5040,5040,.png,png_sequence,assets/png
assets/png/miner/1002/right/right_00002.png,5140,5140,.png,png_sequence,assets/png
assets/png/miner/1002/right/right_00004.png,5123,5123,.png,png_sequence,assets/png
assets/png/miner/1002/right/right_00006.png,5273,5273,.png,png_sequence,assets/png
assets/png/miner/1002/right/right_00008.png,5011,5011,.png,png_sequence,assets/png
assets/png/miner/1002/right/right_00010.png,5388,5388,.png,png_sequence,assets/png
assets/png/miner/1002/right/right_00012.png,6338,6338,.png,png_sequence,assets/png
assets/png/miner/1002/right/right_00014.png,9384,9384,.png,png_sequence,assets/png
assets/png/miner/1002/right/right_00016.png,10353,10353,.png,png_sequence,assets/png
assets/png/miner/1002/right/right_00018.png,9527,9527,.png,png_sequence,assets/png
assets/png/miner/1002/right/right_00020.png,7399,7399,.png,png_sequence,assets/png
assets/png/miner/1002/right/right_00022.png,5341,5341,.png,png_sequence,assets/png
assets/png/miner/1002/right/right_00024.png,5052,5052,.png,png_sequence,assets/png
assets/png/miner/1002/right/right_00026.png,4988,4988,.png,png_sequence,assets/png
assets/png/miner/1002/right/right_00028.png,4964,4964,.png,png_sequence,assets/png
assets/png/miner/1002/right/right_00030.png,5020,5020,.png,png_sequence,assets/png
assets/png/miner/1002/right/right_00032.png,5008,5008,.png,png_sequence,assets/png
assets/png/miner/1002/right/right_00034.png,5026,5026,.png,png_sequence,assets/png
assets/png/miner/1002/right/right_00036.png,4989,4989,.png,png_sequence,assets/png
assets/png/miner/1002/right/right_00038.png,5031,5031,.png,png_sequence,assets/png
assets/png/miner/1002/right/right_00040.png,5053,5053,.png,png_sequence,assets/png
assets/png/miner/1002/right/right_00042.png,5038,5038,.png,png_sequence,assets/png
assets/png/miner/1002/right/right_00044.png,5090,5090,.png,png_sequence,assets/png
assets/png/miner/1003/appear/appear_00020.png,129,129,.png,png_sequence,assets/png
assets/png/miner/1003/appear/appear_00022.png,945,945,.png,png_sequence,assets/png
assets/png/miner/1003/appear/appear_00023.png,1777,1777,.png,png_sequence,assets/png
assets/png/miner/1003/appear/appear_00025.png,3585,3585,.png,png_sequence,assets/png
assets/png/miner/1003/appear/appear_00027.png,5278,5278,.png,png_sequence,assets/png
assets/png/miner/1003/appear/appear_00028.png,6680,6680,.png,png_sequence,assets/png
assets/png/miner/1003/appear/appear_00030.png,6391,6391,.png,png_sequence,assets/png
assets/png/miner/1003/appear/appear_00032.png,5659,5659,.png,png_sequence,assets/png
assets/png/miner/1003/appear/appear_00033.png,5768,5768,.png,png_sequence,assets/png
assets/png/miner/1003/appear/appear_00035.png,6425,6425,.png,png_sequence,assets/png
assets/png/miner/1003/appear/appear_00037.png,5053,5053,.png,png_sequence,assets/png
assets/png/miner/1003/appear/appear_00038.png,4833,4833,.png,png_sequence,assets/png
assets/png/miner/1003/appear/appear_00040.png,4689,4689,.png,png_sequence,assets/png
assets/png/miner/1003/appear/appear_00042.png,4453,4453,.png,png_sequence,assets/png
assets/png/miner/1003/appear/appear_00043.png,4141,4141,.png,png_sequence,assets/png
assets/png/miner/1003/appear/appear_00045.png,4138,4138,.png,png_sequence,assets/png
assets/png/miner/1003/appear/appear_00047.png,4116,4116,.png,png_sequence,assets/png
assets/png/miner/1003/appear/appear_00048.png,4043,4043,.png,png_sequence,assets/png
assets/png/miner/1003/appear/appear_00050.png,4156,4156,.png,png_sequence,assets/png
assets/png/miner/1003/back/back_00000.png,4136,4136,.png,png_sequence,assets/png
assets/png/miner/1003/back/back_00002.png,4270,4270,.png,png_sequence,assets/png
assets/png/miner/1003/back/back_00004.png,4067,4067,.png,png_sequence,assets/png
assets/png/miner/1003/back/back_00006.png,4047,4047,.png,png_sequence,assets/png
assets/png/miner/1003/back/back_00008.png,4078,4078,.png,png_sequence,assets/png
assets/png/miner/1003/back/back_00010.png,4081,4081,.png,png_sequence,assets/png
assets/png/miner/1003/back/back_00012.png,4977,4977,.png,png_sequence,assets/png
assets/png/miner/1003/back/back_00014.png,8250,8250,.png,png_sequence,assets/png
assets/png/miner/1003/back/back_00016.png,11116,11116,.png,png_sequence,assets/png
assets/png/miner/1003/back/back_00018.png,8497,8497,.png,png_sequence,assets/png
assets/png/miner/1003/back/back_00020.png,6275,6275,.png,png_sequence,assets/png
assets/png/miner/1003/back/back_00022.png,4279,4279,.png,png_sequence,assets/png
assets/png/miner/1003/back/back_00024.png,4107,4107,.png,png_sequence,assets/png
assets/png/miner/1003/back/back_00026.png,4149,4149,.png,png_sequence,assets/png
assets/png/miner/1003/back/back_00028.png,4171,4171,.png,png_sequence,assets/png
assets/png/miner/1003/back/back_00030.png,4137,4137,.png,png_sequence,assets/png
assets/png/miner/1003/back/back_00032.png,4199,4199,.png,png_sequence,assets/png
assets/png/miner/1003/back/back_00034.png,4211,4211,.png,png_sequence,assets/png
assets/png/miner/1003/back/back_00036.png,4188,4188,.png,png_sequence,assets/png
assets/png/miner/1003/back/back_00038.png,4163,4163,.png,png_sequence,assets/png
assets/png/miner/1003/back/back_00040.png,4173,4173,.png,png_sequence,assets/png
assets/png/miner/1003/back/back_00042.png,4229,4229,.png,png_sequence,assets/png
assets/png/miner/1003/back/back_00044.png,4133,4133,.png,png_sequence,assets/png
assets/png/miner/1003/front/front_00000.png,4120,4120,.png,png_sequence,assets/png
assets/png/miner/1003/front/front_00002.png,4153,4153,.png,png_sequence,assets/png
assets/png/miner/1003/front/front_00004.png,4129,4129,.png,png_sequence,assets/png
assets/png/miner/1003/front/front_00006.png,4195,4195,.png,png_sequence,assets/png
assets/png/miner/1003/front/front_00008.png,4097,4097,.png,png_sequence,assets/png
assets/png/miner/1003/front/front_00010.png,3483,3483,.png,png_sequence,assets/png
assets/png/miner/1003/front/front_00012.png,4648,4648,.png,png_sequence,assets/png
assets/png/miner/1003/front/front_00014.png,6523,6523,.png,png_sequence,assets/png
assets/png/miner/1003/front/front_00016.png,10213,10213,.png,png_sequence,assets/png
assets/png/miner/1003/front/front_00018.png,9295,9295,.png,png_sequence,assets/png
assets/png/miner/1003/front/front_00020.png,6904,6904,.png,png_sequence,assets/png
assets/png/miner/1003/front/front_00022.png,4135,4135,.png,png_sequence,assets/png
assets/png/miner/1003/front/front_00024.png,4079,4079,.png,png_sequence,assets/png
assets/png/miner/1003/front/front_00026.png,4117,4117,.png,png_sequence,assets/png
assets/png/miner/1003/front/front_00028.png,4128,4128,.png,png_sequence,assets/png
assets/png/miner/1003/front/front_00030.png,4108,4108,.png,png_sequence,assets/png
assets/png/miner/1003/front/front_00032.png,4214,4214,.png,png_sequence,assets/png
assets/png/miner/1003/front/front_00034.png,4132,4132,.png,png_sequence,assets/png
assets/png/miner/1003/front/front_00036.png,4117,4117,.png,png_sequence,assets/png
assets/png/miner/1003/front/front_00038.png,4077,4077,.png,png_sequence,assets/png
assets/png/miner/1003/front/front_00040.png,4090,4090,.png,png_sequence,assets/png
assets/png/miner/1003/front/front_00042.png,4113,4113,.png,png_sequence,assets/png
assets/png/miner/1003/front/front_00044.png,4067,4067,.png,png_sequence,assets/png
assets/png/miner/1003/idle/idle_00000.png,4050,4050,.png,png_sequence,assets/png
assets/png/miner/1003/idle/idle_00002.png,4244,4244,.png,png_sequence,assets/png
assets/png/miner/1003/idle/idle_00004.png,4305,4305,.png,png_sequence,assets/png
assets/png/miner/1003/idle/idle_00006.png,4349,4349,.png,png_sequence,assets/png
assets/png/miner/1003/idle/idle_00008.png,4378,4378,.png,png_sequence,assets/png
assets/png/miner/1003/idle/idle_00010.png,4436,4436,.png,png_sequence,assets/png
assets/png/miner/1003/idle/idle_00012.png,4440,4440,.png,png_sequence,assets/png
assets/png/miner/1003/idle/idle_00014.png,4443,4443,.png,png_sequence,assets/png
assets/png/miner/1003/idle/idle_00016.png,4447,4447,.png,png_sequence,assets/png
assets/png/miner/1003/idle/idle_00018.png,4392,4392,.png,png_sequence,assets/png
assets/png/miner/1003/idle/idle_00020.png,4392,4392,.png,png_sequence,assets/png
assets/png/miner/1003/idle/idle_00022.png,4392,4392,.png,png_sequence,assets/png
assets/png/miner/1003/idle/idle_00024.png,4392,4392,.png,png_sequence,assets/png
assets/png/miner/1003/idle/idle_00026.png,4392,4392,.png,png_sequence,assets/png
assets/png/miner/1003/idle/idle_00028.png,4392,4392,.png,png_sequence,assets/png
assets/png/miner/1003/idle/idle_00030.png,4435,4435,.png,png_sequence,assets/png
assets/png/miner/1003/idle/idle_00032.png,4478,4478,.png,png_sequence,assets/png
assets/png/miner/1003/idle/idle_00034.png,4369,4369,.png,png_sequence,assets/png
assets/png/miner/1003/idle/idle_00036.png,4476,4476,.png,png_sequence,assets/png
assets/png/miner/1003/idle/idle_00038.png,4281,4281,.png,png_sequence,assets/png
assets/png/miner/1003/idle/idle_00040.png,4153,4153,.png,png_sequence,assets/png
assets/png/miner/1003/idle/idle_00042.png,4351,4351,.png,png_sequence,assets/png
assets/png/miner/1003/idle/idle_00044.png,4381,4381,.png,png_sequence,assets/png
assets/png/miner/1003/idle/idle_00046.png,4458,4458,.png,png_sequence,assets/png
assets/png/miner/1003/idle/idle_00048.png,4351,4351,.png,png_sequence,assets/png
assets/png/miner/1003/idle/idle_00050.png,4404,4404,.png,png_sequence,assets/png
assets/png/miner/1003/idle/idle_00052.png,4383,4383,.png,png_sequence,assets/png
assets/png/miner/1003/idle/idle_00054.png,4471,4471,.png,png_sequence,assets/png
assets/png/miner/1003/idle/idle_00056.png,4407,4407,.png,png_sequence,assets/png
assets/png/miner/1003/idle/idle_00058.png,4429,4429,.png,png_sequence,assets/png
assets/png/miner/1003/idle/idle_00060.png,4383,4383,.png,png_sequence,assets/png
assets/png/miner/1003/idle/idle_00062.png,4351,4351,.png,png_sequence,assets/png
assets/png/miner/1003/idle/idle_00064.png,4430,4430,.png,png_sequence,assets/png
assets/png/miner/1003/idle/idle_00066.png,4358,4358,.png,png_sequence,assets/png
assets/png/miner/1003/idle/idle_00068.png,4360,4360,.png,png_sequence,assets/png
assets/png/miner/1003/idle/idle_00070.png,4226,4226,.png,png_sequence,assets/png
assets/png/miner/1003/idle/idle_00072.png,4159,4159,.png,png_sequence,assets/png
assets/png/miner/1003/idle/idle_00074.png,4190,4190,.png,png_sequence,assets/png
assets/png/miner/1003/left/left_00000.png,4202,4202,.png,png_sequence,assets/png
assets/png/miner/1003/left/left_00002.png,4319,4319,.png,png_sequence,assets/png
assets/png/miner/1003/left/left_00004.png,4566,4566,.png,png_sequence,assets/png
assets/png/miner/1003/left/left_00006.png,4656,4656,.png,png_sequence,assets/png
assets/png/miner/1003/left/left_00008.png,4089,4089,.png,png_sequence,assets/png
assets/png/miner/1003/left/left_00010.png,4851,4851,.png,png_sequence,assets/png
assets/png/miner/1003/left/left_00012.png,5949,5949,.png,png_sequence,assets/png
assets/png/miner/1003/left/left_00014.png,9572,9572,.png,png_sequence,assets/png
assets/png/miner/1003/left/left_00016.png,11036,11036,.png,png_sequence,assets/png
assets/png/miner/1003/left/left_00018.png,10290,10290,.png,png_sequence,assets/png
assets/png/miner/1003/left/left_00020.png,7340,7340,.png,png_sequence,assets/png
assets/png/miner/1003/left/left_00022.png,4493,4493,.png,png_sequence,assets/png
assets/png/miner/1003/left/left_00024.png,4221,4221,.png,png_sequence,assets/png
assets/png/miner/1003/left/left_00026.png,4137,4137,.png,png_sequence,assets/png
assets/png/miner/1003/left/left_00028.png,4110,4110,.png,png_sequence,assets/png
assets/png/miner/1003/left/left_00030.png,4125,4125,.png,png_sequence,assets/png
assets/png/miner/1003/left/left_00032.png,4187,4187,.png,png_sequence,assets/png
assets/png/miner/1003/left/left_00034.png,4102,4102,.png,png_sequence,assets/png
assets/png/miner/1003/left/left_00036.png,4121,4121,.png,png_sequence,assets/png
assets/png/miner/1003/left/left_00038.png,4166,4166,.png,png_sequence,assets/png
assets/png/miner/1003/left/left_00040.png,4222,4222,.png,png_sequence,assets/png
assets/png/miner/1003/left/left_00042.png,4214,4214,.png,png_sequence,assets/png
assets/png/miner/1003/left/left_00044.png,4221,4221,.png,png_sequence,assets/png
assets/png/miner/1003/right/right_00000.png,4220,4220,.png,png_sequence,assets/png
assets/png/miner/1003/right/right_00002.png,4415,4415,.png,png_sequence,assets/png
assets/png/miner/1003/right/right_00004.png,4791,4791,.png,png_sequence,assets/png
assets/png/miner/1003/right/right_00006.png,4991,4991,.png,png_sequence,assets/png
assets/png/miner/1003/right/right_00008.png,4142,4142,.png,png_sequence,assets/png
assets/png/miner/1003/right/right_00010.png,4923,4923,.png,png_sequence,assets/png
assets/png/miner/1003/right/right_00012.png,6444,6444,.png,png_sequence,assets/png
assets/png/miner/1003/right/right_00014.png,9602,9602,.png,png_sequence,assets/png
assets/png/miner/1003/right/right_00016.png,10187,10187,.png,png_sequence,assets/png
assets/png/miner/1003/right/right_00018.png,9267,9267,.png,png_sequence,assets/png
assets/png/miner/1003/right/right_00020.png,6524,6524,.png,png_sequence,assets/png
assets/png/miner/1003/right/right_00022.png,4522,4522,.png,png_sequence,assets/png
assets/png/miner/1003/right/right_00024.png,4374,4374,.png,png_sequence,assets/png
assets/png/miner/1003/right/right_00026.png,4257,4257,.png,png_sequence,assets/png
assets/png/miner/1003/right/right_00028.png,4225,4225,.png,png_sequence,assets/png
assets/png/miner/1003/right/right_00030.png,4160,4160,.png,png_sequence,assets/png
assets/png/miner/1003/right/right_00032.png,4268,4268,.png,png_sequence,assets/png
assets/png/miner/1003/right/right_00034.png,4204,4204,.png,png_sequence,assets/png
assets/png/miner/1003/right/right_00036.png,4256,4256,.png,png_sequence,assets/png
assets/png/miner/1003/right/right_00038.png,4235,4235,.png,png_sequence,assets/png
assets/png/miner/1003/right/right_00040.png,4254,4254,.png,png_sequence,assets/png
assets/png/miner/1003/right/right_00042.png,4234,4234,.png,png_sequence,assets/png
assets/png/miner/1003/right/right_00044.png,4185,4185,.png,png_sequence,assets/png
assets/png/miner/1004/appear/appear_00020.png,129,129,.png,png_sequence,assets/png
assets/png/miner/1004/appear/appear_00022.png,945,945,.png,png_sequence,assets/png
assets/png/miner/1004/appear/appear_00024.png,2181,2181,.png,png_sequence,assets/png
assets/png/miner/1004/appear/appear_00026.png,4079,4079,.png,png_sequence,assets/png
assets/png/miner/1004/appear/appear_00028.png,6469,6469,.png,png_sequence,assets/png
assets/png/miner/1004/appear/appear_00030.png,6468,6468,.png,png_sequence,assets/png
assets/png/miner/1004/appear/appear_00032.png,5743,5743,.png,png_sequence,assets/png
assets/png/miner/1004/appear/appear_00034.png,5594,5594,.png,png_sequence,assets/png
assets/png/miner/1004/appear/appear_00036.png,5195,5195,.png,png_sequence,assets/png
assets/png/miner/1004/appear/appear_00038.png,4884,4884,.png,png_sequence,assets/png
assets/png/miner/1004/appear/appear_00040.png,4796,4796,.png,png_sequence,assets/png
assets/png/miner/1004/appear/appear_00042.png,4512,4512,.png,png_sequence,assets/png
assets/png/miner/1004/appear/appear_00044.png,4256,4256,.png,png_sequence,assets/png
assets/png/miner/1004/appear/appear_00046.png,4268,4268,.png,png_sequence,assets/png
assets/png/miner/1004/appear/appear_00048.png,4264,4264,.png,png_sequence,assets/png
assets/png/miner/1004/appear/appear_00050.png,4197,4197,.png,png_sequence,assets/png
assets/png/miner/1004/back/back_00000.png,4393,4393,.png,png_sequence,assets/png
assets/png/miner/1004/back/back_00002.png,4508,4508,.png,png_sequence,assets/png
assets/png/miner/1004/back/back_00004.png,4506,4506,.png,png_sequence,assets/png
assets/png/miner/1004/back/back_00006.png,4532,4532,.png,png_sequence,assets/png
assets/png/miner/1004/back/back_00008.png,4572,4572,.png,png_sequence,assets/png
assets/png/miner/1004/back/back_00010.png,4568,4568,.png,png_sequence,assets/png
assets/png/miner/1004/back/back_00012.png,4976,4976,.png,png_sequence,assets/png
assets/png/miner/1004/back/back_00014.png,9131,9131,.png,png_sequence,assets/png
assets/png/miner/1004/back/back_00016.png,11155,11155,.png,png_sequence,assets/png
assets/png/miner/1004/back/back_00018.png,8787,8787,.png,png_sequence,assets/png
assets/png/miner/1004/back/back_00020.png,6437,6437,.png,png_sequence,assets/png
assets/png/miner/1004/back/back_00022.png,4502,4502,.png,png_sequence,assets/png
assets/png/miner/1004/back/back_00024.png,4465,4465,.png,png_sequence,assets/png
assets/png/miner/1004/back/back_00026.png,4434,4434,.png,png_sequence,assets/png
assets/png/miner/1004/back/back_00028.png,4477,4477,.png,png_sequence,assets/png
assets/png/miner/1004/back/back_00030.png,4447,4447,.png,png_sequence,assets/png
assets/png/miner/1004/back/back_00032.png,4500,4500,.png,png_sequence,assets/png
assets/png/miner/1004/back/back_00034.png,4461,4461,.png,png_sequence,assets/png
assets/png/miner/1004/back/back_00036.png,4519,4519,.png,png_sequence,assets/png
assets/png/miner/1004/back/back_00038.png,4492,4492,.png,png_sequence,assets/png
assets/png/miner/1004/back/back_00040.png,4476,4476,.png,png_sequence,assets/png
assets/png/miner/1004/back/back_00042.png,4401,4401,.png,png_sequence,assets/png
assets/png/miner/1004/back/back_00044.png,4463,4463,.png,png_sequence,assets/png
assets/png/miner/1004/front/front_00000.png,4257,4257,.png,png_sequence,assets/png
assets/png/miner/1004/front/front_00002.png,4210,4210,.png,png_sequence,assets/png
assets/png/miner/1004/front/front_00004.png,4127,4127,.png,png_sequence,assets/png
assets/png/miner/1004/front/front_00006.png,4125,4125,.png,png_sequence,assets/png
assets/png/miner/1004/front/front_00008.png,4256,4256,.png,png_sequence,assets/png
assets/png/miner/1004/front/front_00010.png,4156,4156,.png,png_sequence,assets/png
assets/png/miner/1004/front/front_00012.png,4950,4950,.png,png_sequence,assets/png
assets/png/miner/1004/front/front_00014.png,7062,7062,.png,png_sequence,assets/png
assets/png/miner/1004/front/front_00016.png,10338,10338,.png,png_sequence,assets/png
assets/png/miner/1004/front/front_00018.png,9781,9781,.png,png_sequence,assets/png
assets/png/miner/1004/front/front_00020.png,6892,6892,.png,png_sequence,assets/png
assets/png/miner/1004/front/front_00022.png,4225,4225,.png,png_sequence,assets/png
assets/png/miner/1004/front/front_00024.png,4241,4241,.png,png_sequence,assets/png
assets/png/miner/1004/front/front_00026.png,4233,4233,.png,png_sequence,assets/png
assets/png/miner/1004/front/front_00028.png,4157,4157,.png,png_sequence,assets/png
assets/png/miner/1004/front/front_00030.png,4223,4223,.png,png_sequence,assets/png
assets/png/miner/1004/front/front_00032.png,4173,4173,.png,png_sequence,assets/png
assets/png/miner/1004/front/front_00034.png,4202,4202,.png,png_sequence,assets/png
assets/png/miner/1004/front/front_00036.png,4277,4277,.png,png_sequence,assets/png
assets/png/miner/1004/front/front_00038.png,4218,4218,.png,png_sequence,assets/png
assets/png/miner/1004/front/front_00040.png,4198,4198,.png,png_sequence,assets/png
assets/png/miner/1004/front/front_00042.png,4233,4233,.png,png_sequence,assets/png
assets/png/miner/1004/front/front_00044.png,4235,4235,.png,png_sequence,assets/png
assets/png/miner/1004/idle/idle_00000.png,4257,4257,.png,png_sequence,assets/png
assets/png/miner/1004/idle/idle_00002.png,4386,4386,.png,png_sequence,assets/png
assets/png/miner/1004/idle/idle_00004.png,4638,4638,.png,png_sequence,assets/png
assets/png/miner/1004/idle/idle_00006.png,4583,4583,.png,png_sequence,assets/png
assets/png/miner/1004/idle/idle_00008.png,4604,4604,.png,png_sequence,assets/png
assets/png/miner/1004/idle/idle_00010.png,4576,4576,.png,png_sequence,assets/png
assets/png/miner/1004/idle/idle_00012.png,4530,4530,.png,png_sequence,assets/png
assets/png/miner/1004/idle/idle_00014.png,4556,4556,.png,png_sequence,assets/png
assets/png/miner/1004/idle/idle_00016.png,4615,4615,.png,png_sequence,assets/png
assets/png/miner/1004/idle/idle_00018.png,4615,4615,.png,png_sequence,assets/png
assets/png/miner/1004/idle/idle_00020.png,4615,4615,.png,png_sequence,assets/png
assets/png/miner/1004/idle/idle_00022.png,4615,4615,.png,png_sequence,assets/png
assets/png/miner/1004/idle/idle_00024.png,4615,4615,.png,png_sequence,assets/png
assets/png/miner/1004/idle/idle_00026.png,4615,4615,.png,png_sequence,assets/png
assets/png/miner/1004/idle/idle_00028.png,4615,4615,.png,png_sequence,assets/png
assets/png/miner/1004/idle/idle_00030.png,4558,4558,.png,png_sequence,assets/png
assets/png/miner/1004/idle/idle_00032.png,4559,4559,.png,png_sequence,assets/png
assets/png/miner/1004/idle/idle_00034.png,4585,4585,.png,png_sequence,assets/png
assets/png/miner/1004/idle/idle_00036.png,4506,4506,.png,png_sequence,assets/png
assets/png/miner/1004/idle/idle_00038.png,4459,4459,.png,png_sequence,assets/png
assets/png/miner/1004/idle/idle_00040.png,4275,4275,.png,png_sequence,assets/png
assets/png/miner/1004/idle/idle_00042.png,4516,4516,.png,png_sequence,assets/png
assets/png/miner/1004/idle/idle_00044.png,4446,4446,.png,png_sequence,assets/png
assets/png/miner/1004/idle/idle_00046.png,4481,4481,.png,png_sequence,assets/png
assets/png/miner/1004/idle/idle_00048.png,4554,4554,.png,png_sequence,assets/png
assets/png/miner/1004/idle/idle_00050.png,4577,4577,.png,png_sequence,assets/png
assets/png/miner/1004/idle/idle_00052.png,4596,4596,.png,png_sequence,assets/png
assets/png/miner/1004/idle/idle_00054.png,4543,4543,.png,png_sequence,assets/png
assets/png/miner/1004/idle/idle_00056.png,4527,4527,.png,png_sequence,assets/png
assets/png/miner/1004/idle/idle_00058.png,4509,4509,.png,png_sequence,assets/png
assets/png/miner/1004/idle/idle_00060.png,4536,4536,.png,png_sequence,assets/png
assets/png/miner/1004/idle/idle_00062.png,4490,4490,.png,png_sequence,assets/png
assets/png/miner/1004/idle/idle_00064.png,4457,4457,.png,png_sequence,assets/png
assets/png/miner/1004/idle/idle_00066.png,4462,4462,.png,png_sequence,assets/png
assets/png/miner/1004/idle/idle_00068.png,4442,4442,.png,png_sequence,assets/png
assets/png/miner/1004/idle/idle_00070.png,4315,4315,.png,png_sequence,assets/png
assets/png/miner/1004/idle/idle_00072.png,4259,4259,.png,png_sequence,assets/png
assets/png/miner/1004/idle/idle_00074.png,4258,4258,.png,png_sequence,assets/png
assets/png/miner/1004/left/left_00000.png,4242,4242,.png,png_sequence,assets/png
assets/png/miner/1004/left/left_00002.png,4296,4296,.png,png_sequence,assets/png
assets/png/miner/1004/left/left_00004.png,4458,4458,.png,png_sequence,assets/png
assets/png/miner/1004/left/left_00006.png,4500,4500,.png,png_sequence,assets/png
assets/png/miner/1004/left/left_00008.png,4229,4229,.png,png_sequence,assets/png
assets/png/miner/1004/left/left_00010.png,5123,5123,.png,png_sequence,assets/png
assets/png/miner/1004/left/left_00012.png,5754,5754,.png,png_sequence,assets/png
assets/png/miner/1004/left/left_00014.png,9442,9442,.png,png_sequence,assets/png
assets/png/miner/1004/left/left_00016.png,10982,10982,.png,png_sequence,assets/png
assets/png/miner/1004/left/left_00018.png,10481,10481,.png,png_sequence,assets/png
assets/png/miner/1004/left/left_00020.png,7534,7534,.png,png_sequence,assets/png
assets/png/miner/1004/left/left_00022.png,4540,4540,.png,png_sequence,assets/png
assets/png/miner/1004/left/left_00024.png,4281,4281,.png,png_sequence,assets/png
assets/png/miner/1004/left/left_00026.png,4157,4157,.png,png_sequence,assets/png
assets/png/miner/1004/left/left_00028.png,4200,4200,.png,png_sequence,assets/png
assets/png/miner/1004/left/left_00030.png,4168,4168,.png,png_sequence,assets/png
assets/png/miner/1004/left/left_00032.png,4134,4134,.png,png_sequence,assets/png
assets/png/miner/1004/left/left_00034.png,4128,4128,.png,png_sequence,assets/png
assets/png/miner/1004/left/left_00036.png,4038,4038,.png,png_sequence,assets/png
assets/png/miner/1004/left/left_00038.png,4224,4224,.png,png_sequence,assets/png
assets/png/miner/1004/left/left_00040.png,4188,4188,.png,png_sequence,assets/png
assets/png/miner/1004/left/left_00042.png,4201,4201,.png,png_sequence,assets/png
assets/png/miner/1004/left/left_00044.png,4138,4138,.png,png_sequence,assets/png
assets/png/miner/1004/right/right_00000.png,4144,4144,.png,png_sequence,assets/png
assets/png/miner/1004/right/right_00002.png,4275,4275,.png,png_sequence,assets/png
assets/png/miner/1004/right/right_00004.png,4426,4426,.png,png_sequence,assets/png
assets/png/miner/1004/right/right_00006.png,4659,4659,.png,png_sequence,assets/png
assets/png/miner/1004/right/right_00008.png,4224,4224,.png,png_sequence,assets/png
assets/png/miner/1004/right/right_00010.png,4926,4926,.png,png_sequence,assets/png
assets/png/miner/1004/right/right_00012.png,6387,6387,.png,png_sequence,assets/png
assets/png/miner/1004/right/right_00014.png,9261,9261,.png,png_sequence,assets/png
assets/png/miner/1004/right/right_00016.png,10064,10064,.png,png_sequence,assets/png
assets/png/miner/1004/right/right_00018.png,9048,9048,.png,png_sequence,assets/png
assets/png/miner/1004/right/right_00020.png,6631,6631,.png,png_sequence,assets/png
assets/png/miner/1004/right/right_00022.png,4465,4465,.png,png_sequence,assets/png
assets/png/miner/1004/right/right_00024.png,4306,4306,.png,png_sequence,assets/png
assets/png/miner/1004/right/right_00026.png,4187,4187,.png,png_sequence,assets/png
assets/png/miner/1004/right/right_00028.png,4216,4216,.png,png_sequence,assets/png
assets/png/miner/1004/right/right_00030.png,4210,4210,.png,png_sequence,assets/png
assets/png/miner/1004/right/right_00032.png,4263,4263,.png,png_sequence,assets/png
assets/png/miner/1004/right/right_00034.png,4251,4251,.png,png_sequence,assets/png
assets/png/miner/1004/right/right_00036.png,4220,4220,.png,png_sequence,assets/png
assets/png/miner/1004/right/right_00038.png,4177,4177,.png,png_sequence,assets/png
assets/png/miner/1004/right/right_00040.png,4145,4145,.png,png_sequence,assets/png
assets/png/miner/1004/right/right_00042.png,4174,4174,.png,png_sequence,assets/png
assets/png/miner/1004/right/right_00044.png,4163,4163,.png,png_sequence,assets/png
assets/png/miner/1005/appear/appear_00020.png,129,129,.png,png_sequence,assets/png
assets/png/miner/1005/appear/appear_00022.png,945,945,.png,png_sequence,assets/png
assets/png/miner/1005/appear/appear_00024.png,2181,2181,.png,png_sequence,assets/png
assets/png/miner/1005/appear/appear_00026.png,4098,4098,.png,png_sequence,assets/png
assets/png/miner/1005/appear/appear_00028.png,6405,6405,.png,png_sequence,assets/png
assets/png/miner/1005/appear/appear_00030.png,6469,6469,.png,png_sequence,assets/png
assets/png/miner/1005/appear/appear_00032.png,5744,5744,.png,png_sequence,assets/png
assets/png/miner/1005/appear/appear_00034.png,5467,5467,.png,png_sequence,assets/png
assets/png/miner/1005/appear/appear_00036.png,5211,5211,.png,png_sequence,assets/png
assets/png/miner/1005/appear/appear_00038.png,4792,4792,.png,png_sequence,assets/png
assets/png/miner/1005/appear/appear_00040.png,4621,4621,.png,png_sequence,assets/png
assets/png/miner/1005/appear/appear_00042.png,4418,4418,.png,png_sequence,assets/png
assets/png/miner/1005/appear/appear_00044.png,4181,4181,.png,png_sequence,assets/png
assets/png/miner/1005/appear/appear_00046.png,4155,4155,.png,png_sequence,assets/png
assets/png/miner/1005/appear/appear_00048.png,4122,4122,.png,png_sequence,assets/png
assets/png/miner/1005/appear/appear_00050.png,4101,4101,.png,png_sequence,assets/png
assets/png/miner/1005/back/back_00000.png,4228,4228,.png,png_sequence,assets/png
assets/png/miner/1005/back/back_00002.png,4302,4302,.png,png_sequence,assets/png
assets/png/miner/1005/back/back_00004.png,4396,4396,.png,png_sequence,assets/png
assets/png/miner/1005/back/back_00006.png,4491,4491,.png,png_sequence,assets/png
assets/png/miner/1005/back/back_00008.png,4113,4113,.png,png_sequence,assets/png
assets/png/miner/1005/back/back_00010.png,3622,3622,.png,png_sequence,assets/png
assets/png/miner/1005/back/back_00012.png,4656,4656,.png,png_sequence,assets/png
assets/png/miner/1005/back/back_00014.png,7781,7781,.png,png_sequence,assets/png
assets/png/miner/1005/back/back_00016.png,10436,10436,.png,png_sequence,assets/png
assets/png/miner/1005/back/back_00018.png,8183,8183,.png,png_sequence,assets/png
assets/png/miner/1005/back/back_00020.png,6327,6327,.png,png_sequence,assets/png
assets/png/miner/1005/back/back_00022.png,4235,4235,.png,png_sequence,assets/png
assets/png/miner/1005/back/back_00024.png,4177,4177,.png,png_sequence,assets/png
assets/png/miner/1005/back/back_00026.png,4152,4152,.png,png_sequence,assets/png
assets/png/miner/1005/back/back_00028.png,4154,4154,.png,png_sequence,assets/png
assets/png/miner/1005/back/back_00030.png,4080,4080,.png,png_sequence,assets/png
assets/png/miner/1005/back/back_00032.png,4166,4166,.png,png_sequence,assets/png
assets/png/miner/1005/back/back_00034.png,4140,4140,.png,png_sequence,assets/png
assets/png/miner/1005/back/back_00036.png,4150,4150,.png,png_sequence,assets/png
assets/png/miner/1005/back/back_00038.png,4224,4224,.png,png_sequence,assets/png
assets/png/miner/1005/back/back_00040.png,4249,4249,.png,png_sequence,assets/png
assets/png/miner/1005/back/back_00042.png,4223,4223,.png,png_sequence,assets/png
assets/png/miner/1005/back/back_00044.png,4206,4206,.png,png_sequence,assets/png
assets/png/miner/1005/front/front_00000.png,4238,4238,.png,png_sequence,assets/png
assets/png/miner/1005/front/front_00002.png,4143,4143,.png,png_sequence,assets/png
assets/png/miner/1005/front/front_00004.png,4088,4088,.png,png_sequence,assets/png
assets/png/miner/1005/front/front_00006.png,4077,4077,.png,png_sequence,assets/png
assets/png/miner/1005/front/front_00008.png,4175,4175,.png,png_sequence,assets/png
assets/png/miner/1005/front/front_00010.png,4323,4323,.png,png_sequence,assets/png
assets/png/miner/1005/front/front_00012.png,4509,4509,.png,png_sequence,assets/png
assets/png/miner/1005/front/front_00014.png,6639,6639,.png,png_sequence,assets/png
assets/png/miner/1005/front/front_00016.png,10366,10366,.png,png_sequence,assets/png
assets/png/miner/1005/front/front_00018.png,9179,9179,.png,png_sequence,assets/png
assets/png/miner/1005/front/front_00020.png,6581,6581,.png,png_sequence,assets/png
assets/png/miner/1005/front/front_00022.png,4227,4227,.png,png_sequence,assets/png
assets/png/miner/1005/front/front_00024.png,4235,4235,.png,png_sequence,assets/png
assets/png/miner/1005/front/front_00026.png,4191,4191,.png,png_sequence,assets/png
assets/png/miner/1005/front/front_00028.png,4238,4238,.png,png_sequence,assets/png
assets/png/miner/1005/front/front_00030.png,4141,4141,.png,png_sequence,assets/png
assets/png/miner/1005/front/front_00032.png,4151,4151,.png,png_sequence,assets/png
assets/png/miner/1005/front/front_00034.png,4076,4076,.png,png_sequence,assets/png
assets/png/miner/1005/front/front_00036.png,4113,4113,.png,png_sequence,assets/png
assets/png/miner/1005/front/front_00038.png,4116,4116,.png,png_sequence,assets/png
assets/png/miner/1005/front/front_00040.png,4132,4132,.png,png_sequence,assets/png
assets/png/miner/1005/front/front_00042.png,4234,4234,.png,png_sequence,assets/png
assets/png/miner/1005/front/front_00044.png,4175,4175,.png,png_sequence,assets/png
assets/png/miner/1005/idle/idle_00000.png,4132,4132,.png,png_sequence,assets/png
assets/png/miner/1005/idle/idle_00002.png,4370,4370,.png,png_sequence,assets/png
assets/png/miner/1005/idle/idle_00004.png,4547,4547,.png,png_sequence,assets/png
assets/png/miner/1005/idle/idle_00006.png,4662,4662,.png,png_sequence,assets/png
assets/png/miner/1005/idle/idle_00008.png,4669,4669,.png,png_sequence,assets/png
assets/png/miner/1005/idle/idle_00010.png,4758,4758,.png,png_sequence,assets/png
assets/png/miner/1005/idle/idle_00012.png,4756,4756,.png,png_sequence,assets/png
assets/png/miner/1005/idle/idle_00014.png,4845,4845,.png,png_sequence,assets/png
assets/png/miner/1005/idle/idle_00016.png,4844,4844,.png,png_sequence,assets/png
assets/png/miner/1005/idle/idle_00018.png,4829,4829,.png,png_sequence,assets/png
assets/png/miner/1005/idle/idle_00020.png,4829,4829,.png,png_sequence,assets/png
assets/png/miner/1005/idle/idle_00022.png,4829,4829,.png,png_sequence,assets/png
assets/png/miner/1005/idle/idle_00024.png,4829,4829,.png,png_sequence,assets/png
assets/png/miner/1005/idle/idle_00026.png,4829,4829,.png,png_sequence,assets/png
assets/png/miner/1005/idle/idle_00028.png,4829,4829,.png,png_sequence,assets/png
assets/png/miner/1005/idle/idle_00030.png,4895,4895,.png,png_sequence,assets/png
assets/png/miner/1005/idle/idle_00032.png,4730,4730,.png,png_sequence,assets/png
assets/png/miner/1005/idle/idle_00034.png,4629,4629,.png,png_sequence,assets/png
assets/png/miner/1005/idle/idle_00036.png,4485,4485,.png,png_sequence,assets/png
assets/png/miner/1005/idle/idle_00038.png,4310,4310,.png,png_sequence,assets/png
assets/png/miner/1005/idle/idle_00040.png,4051,4051,.png,png_sequence,assets/png
assets/png/miner/1005/idle/idle_00042.png,4268,4268,.png,png_sequence,assets/png
assets/png/miner/1005/idle/idle_00044.png,4368,4368,.png,png_sequence,assets/png
assets/png/miner/1005/idle/idle_00046.png,4435,4435,.png,png_sequence,assets/png
assets/png/miner/1005/idle/idle_00048.png,4438,4438,.png,png_sequence,assets/png
assets/png/miner/1005/idle/idle_00050.png,4507,4507,.png,png_sequence,assets/png
assets/png/miner/1005/idle/idle_00052.png,4461,4461,.png,png_sequence,assets/png
assets/png/miner/1005/idle/idle_00054.png,4496,4496,.png,png_sequence,assets/png
assets/png/miner/1005/idle/idle_00056.png,4413,4413,.png,png_sequence,assets/png
assets/png/miner/1005/idle/idle_00058.png,4461,4461,.png,png_sequence,assets/png
assets/png/miner/1005/idle/idle_00060.png,4425,4425,.png,png_sequence,assets/png
assets/png/miner/1005/idle/idle_00062.png,4479,4479,.png,png_sequence,assets/png
assets/png/miner/1005/idle/idle_00064.png,4359,4359,.png,png_sequence,assets/png
assets/png/miner/1005/idle/idle_00066.png,4418,4418,.png,png_sequence,assets/png
assets/png/miner/1005/idle/idle_00068.png,4314,4314,.png,png_sequence,assets/png
assets/png/miner/1005/idle/idle_00070.png,4292,4292,.png,png_sequence,assets/png
assets/png/miner/1005/idle/idle_00072.png,4214,4214,.png,png_sequence,assets/png
assets/png/miner/1005/idle/idle_00074.png,4230,4230,.png,png_sequence,assets/png
assets/png/miner/1005/left/left_00000.png,4150,4150,.png,png_sequence,assets/png
assets/png/miner/1005/left/left_00002.png,4475,4475,.png,png_sequence,assets/png
assets/png/miner/1005/left/left_00004.png,4756,4756,.png,png_sequence,assets/png
assets/png/miner/1005/left/left_00006.png,4800,4800,.png,png_sequence,assets/png
assets/png/miner/1005/left/left_00008.png,4174,4174,.png,png_sequence,assets/png
assets/png/miner/1005/left/left_00010.png,5000,5000,.png,png_sequence,assets/png
assets/png/miner/1005/left/left_00012.png,5978,5978,.png,png_sequence,assets/png
assets/png/miner/1005/left/left_00014.png,9420,9420,.png,png_sequence,assets/png
assets/png/miner/1005/left/left_00016.png,11308,11308,.png,png_sequence,assets/png
assets/png/miner/1005/left/left_00018.png,10615,10615,.png,png_sequence,assets/png
assets/png/miner/1005/left/left_00020.png,7526,7526,.png,png_sequence,assets/png
assets/png/miner/1005/left/left_00022.png,4606,4606,.png,png_sequence,assets/png
assets/png/miner/1005/left/left_00024.png,4223,4223,.png,png_sequence,assets/png
assets/png/miner/1005/left/left_00026.png,4170,4170,.png,png_sequence,assets/png
assets/png/miner/1005/left/left_00028.png,4255,4255,.png,png_sequence,assets/png
assets/png/miner/1005/left/left_00030.png,4232,4232,.png,png_sequence,assets/png
assets/png/miner/1005/left/left_00032.png,4228,4228,.png,png_sequence,assets/png
assets/png/miner/1005/left/left_00034.png,4264,4264,.png,png_sequence,assets/png
assets/png/miner/1005/left/left_00036.png,4126,4126,.png,png_sequence,assets/png
assets/png/miner/1005/left/left_00038.png,4200,4200,.png,png_sequence,assets/png
assets/png/miner/1005/left/left_00040.png,4164,4164,.png,png_sequence,assets/png
assets/png/miner/1005/left/left_00042.png,4146,4146,.png,png_sequence,assets/png
assets/png/miner/1005/left/left_00044.png,4250,4250,.png,png_sequence,assets/png
assets/png/miner/1005/right/right_00000.png,4262,4262,.png,png_sequence,assets/png
assets/png/miner/1005/right/right_00002.png,4563,4563,.png,png_sequence,assets/png
assets/png/miner/1005/right/right_00004.png,4807,4807,.png,png_sequence,assets/png
assets/png/miner/1005/right/right_00006.png,4938,4938,.png,png_sequence,assets/png
assets/png/miner/1005/right/right_00008.png,4225,4225,.png,png_sequence,assets/png
assets/png/miner/1005/right/right_00010.png,4946,4946,.png,png_sequence,assets/png
assets/png/miner/1005/right/right_00012.png,6181,6181,.png,png_sequence,assets/png
assets/png/miner/1005/right/right_00014.png,9404,9404,.png,png_sequence,assets/png
assets/png/miner/1005/right/right_00016.png,10886,10886,.png,png_sequence,assets/png
assets/png/miner/1005/right/right_00018.png,9219,9219,.png,png_sequence,assets/png
assets/png/miner/1005/right/right_00020.png,6802,6802,.png,png_sequence,assets/png
assets/png/miner/1005/right/right_00022.png,4618,4618,.png,png_sequence,assets/png
assets/png/miner/1005/right/right_00024.png,4468,4468,.png,png_sequence,assets/png
assets/png/miner/1005/right/right_00026.png,4296,4296,.png,png_sequence,assets/png
assets/png/miner/1005/right/right_00028.png,4306,4306,.png,png_sequence,assets/png
assets/png/miner/1005/right/right_00030.png,4300,4300,.png,png_sequence,assets/png
assets/png/miner/1005/right/right_00032.png,4305,4305,.png,png_sequence,assets/png
assets/png/miner/1005/right/right_00034.png,4254,4254,.png,png_sequence,assets/png
assets/png/miner/1005/right/right_00036.png,4335,4335,.png,png_sequence,assets/png
assets/png/miner/1005/right/right_00038.png,4274,4274,.png,png_sequence,assets/png
assets/png/miner/1005/right/right_00040.png,4258,4258,.png,png_sequence,assets/png
assets/png/miner/1005/right/right_00042.png,4317,4317,.png,png_sequence,assets/png
assets/png/miner/1005/right/right_00044.png,4242,4242,.png,png_sequence,assets/png
assets/png/miner/afro/appear/appear_00020.webp,48,48,.webp,png_sequence,assets/png
assets/png/miner/afro/appear/appear_00022.webp,592,592,.webp,png_sequence,assets/png
assets/png/miner/afro/appear/appear_00024.webp,1652,1652,.webp,png_sequence,assets/png
assets/png/miner/afro/appear/appear_00026.webp,2728,2728,.webp,png_sequence,assets/png
assets/png/miner/afro/appear/appear_00028.webp,4514,4514,.webp,png_sequence,assets/png
assets/png/miner/afro/appear/appear_00030.webp,4956,4956,.webp,png_sequence,assets/png
assets/png/miner/afro/appear/appear_00032.webp,4434,4434,.webp,png_sequence,assets/png
assets/png/miner/afro/appear/appear_00034.webp,4288,4288,.webp,png_sequence,assets/png
assets/png/miner/afro/appear/appear_00036.webp,3842,3842,.webp,png_sequence,assets/png
assets/png/miner/afro/appear/appear_00038.webp,3654,3654,.webp,png_sequence,assets/png
assets/png/miner/afro/appear/appear_00040.webp,3536,3536,.webp,png_sequence,assets/png
assets/png/miner/afro/appear/appear_00042.webp,3144,3144,.webp,png_sequence,assets/png
assets/png/miner/afro/appear/appear_00044.webp,2680,2680,.webp,png_sequence,assets/png
assets/png/miner/afro/back/back_00000.webp,2666,2666,.webp,png_sequence,assets/png
assets/png/miner/afro/back/back_00002.webp,2670,2670,.webp,png_sequence,assets/png
assets/png/miner/afro/back/back_00004.webp,2788,2788,.webp,png_sequence,assets/png
assets/png/miner/afro/back/back_00006.webp,3006,3006,.webp,png_sequence,assets/png
assets/png/miner/afro/back/back_00008.webp,2838,2838,.webp,png_sequence,assets/png
assets/png/miner/afro/back/back_00010.webp,2936,2936,.webp,png_sequence,assets/png
assets/png/miner/afro/back/back_00012.webp,3928,3928,.webp,png_sequence,assets/png
assets/png/miner/afro/back/back_00014.webp,8704,8704,.webp,png_sequence,assets/png
assets/png/miner/afro/back/back_00016.webp,10258,10258,.webp,png_sequence,assets/png
assets/png/miner/afro/back/back_00018.webp,9652,9652,.webp,png_sequence,assets/png
assets/png/miner/afro/back/back_00020.webp,6444,6444,.webp,png_sequence,assets/png
assets/png/miner/afro/back/back_00022.webp,2770,2770,.webp,png_sequence,assets/png
assets/png/miner/afro/back/back_00024.webp,2670,2670,.webp,png_sequence,assets/png
assets/png/miner/afro/back/back_00026.webp,2700,2700,.webp,png_sequence,assets/png
assets/png/miner/afro/back/back_00028.webp,2674,2674,.webp,png_sequence,assets/png
assets/png/miner/afro/back/back_00030.webp,2726,2726,.webp,png_sequence,assets/png
assets/png/miner/afro/back/back_00032.webp,2728,2728,.webp,png_sequence,assets/png
assets/png/miner/afro/back/back_00034.webp,2846,2846,.webp,png_sequence,assets/png
assets/png/miner/afro/back/back_00036.webp,2734,2734,.webp,png_sequence,assets/png
assets/png/miner/afro/back/back_00038.webp,2726,2726,.webp,png_sequence,assets/png
assets/png/miner/afro/back/back_00040.webp,2698,2698,.webp,png_sequence,assets/png
assets/png/miner/afro/back/back_00042.webp,2666,2666,.webp,png_sequence,assets/png
assets/png/miner/afro/back/back_00044.webp,2736,2736,.webp,png_sequence,assets/png
assets/png/miner/afro/front/front_00000.webp,2516,2516,.webp,png_sequence,assets/png
assets/png/miner/afro/front/front_00002.webp,2508,2508,.webp,png_sequence,assets/png
assets/png/miner/afro/front/front_00004.webp,2666,2666,.webp,png_sequence,assets/png
assets/png/miner/afro/front/front_00006.webp,2648,2648,.webp,png_sequence,assets/png
assets/png/miner/afro/front/front_00008.webp,2606,2606,.webp,png_sequence,assets/png
assets/png/miner/afro/front/front_00010.webp,2930,2930,.webp,png_sequence,assets/png
assets/png/miner/afro/front/front_00012.webp,2704,2704,.webp,png_sequence,assets/png
assets/png/miner/afro/front/front_00014.webp,3440,3440,.webp,png_sequence,assets/png
assets/png/miner/afro/front/front_00016.webp,6792,6792,.webp,png_sequence,assets/png
assets/png/miner/afro/front/front_00018.webp,11302,11302,.webp,png_sequence,assets/png
assets/png/miner/afro/front/front_00020.webp,10208,10208,.webp,png_sequence,assets/png
assets/png/miner/afro/front/front_00022.webp,7144,7144,.webp,png_sequence,assets/png
assets/png/miner/afro/front/front_00024.webp,2498,2498,.webp,png_sequence,assets/png
assets/png/miner/afro/front/front_00026.webp,2576,2576,.webp,png_sequence,assets/png
assets/png/miner/afro/front/front_00028.webp,2560,2560,.webp,png_sequence,assets/png
assets/png/miner/afro/front/front_00030.webp,2590,2590,.webp,png_sequence,assets/png
assets/png/miner/afro/front/front_00032.webp,2608,2608,.webp,png_sequence,assets/png
assets/png/miner/afro/front/front_00034.webp,2514,2514,.webp,png_sequence,assets/png
assets/png/miner/afro/front/front_00036.webp,2560,2560,.webp,png_sequence,assets/png
assets/png/miner/afro/front/front_00038.webp,2598,2598,.webp,png_sequence,assets/png
assets/png/miner/afro/front/front_00040.webp,2688,2688,.webp,png_sequence,assets/png
assets/png/miner/afro/front/front_00042.webp,2622,2622,.webp,png_sequence,assets/png
assets/png/miner/afro/front/front_00044.webp,2504,2504,.webp,png_sequence,assets/png
assets/png/miner/afro/idle/idle_00000.webp,2532,2532,.webp,png_sequence,assets/png
assets/png/miner/afro/idle/idle_00002.webp,2668,2668,.webp,png_sequence,assets/png
assets/png/miner/afro/idle/idle_00004.webp,2718,2718,.webp,png_sequence,assets/png
assets/png/miner/afro/idle/idle_00006.webp,2698,2698,.webp,png_sequence,assets/png
assets/png/miner/afro/idle/idle_00008.webp,2792,2792,.webp,png_sequence,assets/png
assets/png/miner/afro/idle/idle_00010.webp,2922,2922,.webp,png_sequence,assets/png
assets/png/miner/afro/idle/idle_00012.webp,2922,2922,.webp,png_sequence,assets/png
assets/png/miner/afro/idle/idle_00014.webp,2896,2896,.webp,png_sequence,assets/png
assets/png/miner/afro/idle/idle_00016.webp,2914,2914,.webp,png_sequence,assets/png
assets/png/miner/afro/idle/idle_00018.webp,2842,2842,.webp,png_sequence,assets/png
assets/png/miner/afro/idle/idle_00020.webp,2842,2842,.webp,png_sequence,assets/png
assets/png/miner/afro/idle/idle_00022.webp,2842,2842,.webp,png_sequence,assets/png
assets/png/miner/afro/idle/idle_00024.webp,2842,2842,.webp,png_sequence,assets/png
assets/png/miner/afro/idle/idle_00026.webp,2842,2842,.webp,png_sequence,assets/png
assets/png/miner/afro/idle/idle_00028.webp,2842,2842,.webp,png_sequence,assets/png
assets/png/miner/afro/idle/idle_00030.webp,2810,2810,.webp,png_sequence,assets/png
assets/png/miner/afro/idle/idle_00032.webp,2898,2898,.webp,png_sequence,assets/png
assets/png/miner/afro/idle/idle_00034.webp,2908,2908,.webp,png_sequence,assets/png
assets/png/miner/afro/idle/idle_00036.webp,2846,2846,.webp,png_sequence,assets/png
assets/png/miner/afro/idle/idle_00038.webp,2772,2772,.webp,png_sequence,assets/png
assets/png/miner/afro/idle/idle_00040.webp,2630,2630,.webp,png_sequence,assets/png
assets/png/miner/afro/idle/idle_00042.webp,2810,2810,.webp,png_sequence,assets/png
assets/png/miner/afro/idle/idle_00044.webp,2692,2692,.webp,png_sequence,assets/png
assets/png/miner/afro/idle/idle_00046.webp,2914,2914,.webp,png_sequence,assets/png
assets/png/miner/afro/idle/idle_00048.webp,2838,2838,.webp,png_sequence,assets/png
assets/png/miner/afro/idle/idle_00050.webp,2862,2862,.webp,png_sequence,assets/png
assets/png/miner/afro/idle/idle_00052.webp,2916,2916,.webp,png_sequence,assets/png
assets/png/miner/afro/idle/idle_00054.webp,2852,2852,.webp,png_sequence,assets/png
assets/png/miner/afro/idle/idle_00056.webp,2768,2768,.webp,png_sequence,assets/png
assets/png/miner/afro/idle/idle_00058.webp,2784,2784,.webp,png_sequence,assets/png
assets/png/miner/afro/idle/idle_00060.webp,2836,2836,.webp,png_sequence,assets/png
assets/png/miner/afro/idle/idle_00062.webp,2780,2780,.webp,png_sequence,assets/png
assets/png/miner/afro/idle/idle_00064.webp,2736,2736,.webp,png_sequence,assets/png
assets/png/miner/afro/idle/idle_00066.webp,2712,2712,.webp,png_sequence,assets/png
assets/png/miner/afro/idle/idle_00068.webp,2734,2734,.webp,png_sequence,assets/png
assets/png/miner/afro/idle/idle_00070.webp,2762,2762,.webp,png_sequence,assets/png
assets/png/miner/afro/idle/idle_00072.webp,2672,2672,.webp,png_sequence,assets/png
assets/png/miner/afro/idle/idle_00074.webp,2664,2664,.webp,png_sequence,assets/png
assets/png/miner/afro/left/left_00000.webp,2598,2598,.webp,png_sequence,assets/png
assets/png/miner/afro/left/left_00002.webp,2588,2588,.webp,png_sequence,assets/png
assets/png/miner/afro/left/left_00004.webp,2616,2616,.webp,png_sequence,assets/png
assets/png/miner/afro/left/left_00006.webp,2640,2640,.webp,png_sequence,assets/png
assets/png/miner/afro/left/left_00008.webp,2702,2702,.webp,png_sequence,assets/png
assets/png/miner/afro/left/left_00010.webp,2974,2974,.webp,png_sequence,assets/png
assets/png/miner/afro/left/left_00012.webp,5318,5318,.webp,png_sequence,assets/png
assets/png/miner/afro/left/left_00014.webp,9764,9764,.webp,png_sequence,assets/png
assets/png/miner/afro/left/left_00016.webp,11364,11364,.webp,png_sequence,assets/png
assets/png/miner/afro/left/left_00018.webp,10892,10892,.webp,png_sequence,assets/png
assets/png/miner/afro/left/left_00020.webp,8090,8090,.webp,png_sequence,assets/png
assets/png/miner/afro/left/left_00022.webp,3346,3346,.webp,png_sequence,assets/png
assets/png/miner/afro/left/left_00024.webp,2936,2936,.webp,png_sequence,assets/png
assets/png/miner/afro/left/left_00026.webp,2622,2622,.webp,png_sequence,assets/png
assets/png/miner/afro/left/left_00028.webp,2590,2590,.webp,png_sequence,assets/png
assets/png/miner/afro/left/left_00030.webp,2698,2698,.webp,png_sequence,assets/png
assets/png/miner/afro/left/left_00032.webp,2542,2542,.webp,png_sequence,assets/png
assets/png/miner/afro/left/left_00034.webp,2630,2630,.webp,png_sequence,assets/png
assets/png/miner/afro/left/left_00036.webp,2602,2602,.webp,png_sequence,assets/png
assets/png/miner/afro/left/left_00038.webp,2604,2604,.webp,png_sequence,assets/png
assets/png/miner/afro/left/left_00040.webp,2508,2508,.webp,png_sequence,assets/png
assets/png/miner/afro/left/left_00042.webp,2524,2524,.webp,png_sequence,assets/png
assets/png/miner/afro/left/left_00044.webp,2562,2562,.webp,png_sequence,assets/png
assets/png/miner/afro/right/right_00000.webp,2668,2668,.webp,png_sequence,assets/png
assets/png/miner/afro/right/right_00002.webp,2702,2702,.webp,png_sequence,assets/png
assets/png/miner/afro/right/right_00004.webp,2648,2648,.webp,png_sequence,assets/png
assets/png/miner/afro/right/right_00006.webp,2728,2728,.webp,png_sequence,assets/png
assets/png/miner/afro/right/right_00008.webp,2842,2842,.webp,png_sequence,assets/png
assets/png/miner/afro/right/right_00010.webp,3130,3130,.webp,png_sequence,assets/png
assets/png/miner/afro/right/right_00012.webp,5090,5090,.webp,png_sequence,assets/png
assets/png/miner/afro/right/right_00014.webp,10106,10106,.webp,png_sequence,assets/png
assets/png/miner/afro/right/right_00016.webp,10698,10698,.webp,png_sequence,assets/png
assets/png/miner/afro/right/right_00018.webp,10182,10182,.webp,png_sequence,assets/png
assets/png/miner/afro/right/right_00020.webp,6774,6774,.webp,png_sequence,assets/png
assets/png/miner/afro/right/right_00022.webp,3738,3738,.webp,png_sequence,assets/png
assets/png/miner/afro/right/right_00024.webp,3198,3198,.webp,png_sequence,assets/png
assets/png/miner/afro/right/right_00026.webp,2656,2656,.webp,png_sequence,assets/png
assets/png/miner/afro/right/right_00028.webp,2792,2792,.webp,png_sequence,assets/png
assets/png/miner/afro/right/right_00030.webp,2650,2650,.webp,png_sequence,assets/png
assets/png/miner/afro/right/right_00032.webp,2570,2570,.webp,png_sequence,assets/png
assets/png/miner/afro/right/right_00034.webp,2616,2616,.webp,png_sequence,assets/png
assets/png/miner/afro/right/right_00036.webp,2594,2594,.webp,png_sequence,assets/png
assets/png/miner/afro/right/right_00038.webp,2572,2572,.webp,png_sequence,assets/png
assets/png/miner/afro/right/right_00040.webp,2652,2652,.webp,png_sequence,assets/png
assets/png/miner/afro/right/right_00042.webp,2678,2678,.webp,png_sequence,assets/png
assets/png/miner/afro/right/right_00044.webp,2606,2606,.webp,png_sequence,assets/png
assets/png/miner/black_man/appear/appear_00020.webp,48,48,.webp,png_sequence,assets/png
assets/png/miner/black_man/appear/appear_00022.webp,592,592,.webp,png_sequence,assets/png
assets/png/miner/black_man/appear/appear_00024.webp,1720,1720,.webp,png_sequence,assets/png
assets/png/miner/black_man/appear/appear_00026.webp,3500,3500,.webp,png_sequence,assets/png
assets/png/miner/black_man/appear/appear_00028.webp,6158,6158,.webp,png_sequence,assets/png
assets/png/miner/black_man/appear/appear_00030.webp,6306,6306,.webp,png_sequence,assets/png
assets/png/miner/black_man/appear/appear_00032.webp,5882,5882,.webp,png_sequence,assets/png
assets/png/miner/black_man/appear/appear_00034.webp,5346,5346,.webp,png_sequence,assets/png
assets/png/miner/black_man/appear/appear_00036.webp,5132,5132,.webp,png_sequence,assets/png
assets/png/miner/black_man/appear/appear_00038.webp,4840,4840,.webp,png_sequence,assets/png
assets/png/miner/black_man/appear/appear_00040.webp,4704,4704,.webp,png_sequence,assets/png
assets/png/miner/black_man/appear/appear_00042.webp,4434,4434,.webp,png_sequence,assets/png
assets/png/miner/black_man/appear/appear_00044.webp,4090,4090,.webp,png_sequence,assets/png
assets/png/miner/black_man/back/back_00000.webp,3852,3852,.webp,png_sequence,assets/png
assets/png/miner/black_man/back/back_00002.webp,3906,3906,.webp,png_sequence,assets/png
assets/png/miner/black_man/back/back_00004.webp,3842,3842,.webp,png_sequence,assets/png
assets/png/miner/black_man/back/back_00006.webp,3806,3806,.webp,png_sequence,assets/png
assets/png/miner/black_man/back/back_00008.webp,3956,3956,.webp,png_sequence,assets/png
assets/png/miner/black_man/back/back_00010.webp,3552,3552,.webp,png_sequence,assets/png
assets/png/miner/black_man/back/back_00012.webp,3884,3884,.webp,png_sequence,assets/png
assets/png/miner/black_man/back/back_00014.webp,6688,6688,.webp,png_sequence,assets/png
assets/png/miner/black_man/back/back_00016.webp,8158,8158,.webp,png_sequence,assets/png
assets/png/miner/black_man/back/back_00018.webp,7552,7552,.webp,png_sequence,assets/png
assets/png/miner/black_man/back/back_00020.webp,5692,5692,.webp,png_sequence,assets/png
assets/png/miner/black_man/back/back_00022.webp,3824,3824,.webp,png_sequence,assets/png
assets/png/miner/black_man/back/back_00024.webp,3940,3940,.webp,png_sequence,assets/png
assets/png/miner/black_man/back/back_00026.webp,3870,3870,.webp,png_sequence,assets/png
assets/png/miner/black_man/back/back_00028.webp,3750,3750,.webp,png_sequence,assets/png
assets/png/miner/black_man/back/back_00030.webp,3836,3836,.webp,png_sequence,assets/png
assets/png/miner/black_man/back/back_00032.webp,3904,3904,.webp,png_sequence,assets/png
assets/png/miner/black_man/back/back_00034.webp,3884,3884,.webp,png_sequence,assets/png
assets/png/miner/black_man/back/back_00036.webp,3892,3892,.webp,png_sequence,assets/png
assets/png/miner/black_man/back/back_00038.webp,3962,3962,.webp,png_sequence,assets/png
assets/png/miner/black_man/back/back_00040.webp,3884,3884,.webp,png_sequence,assets/png
assets/png/miner/black_man/back/back_00042.webp,3854,3854,.webp,png_sequence,assets/png
assets/png/miner/black_man/back/back_00044.webp,3804,3804,.webp,png_sequence,assets/png
assets/png/miner/black_man/front/front_00000.webp,4110,4110,.webp,png_sequence,assets/png
assets/png/miner/black_man/front/front_00002.webp,4046,4046,.webp,png_sequence,assets/png
assets/png/miner/black_man/front/front_00004.webp,4068,4068,.webp,png_sequence,assets/png
assets/png/miner/black_man/front/front_00006.webp,4154,4154,.webp,png_sequence,assets/png
assets/png/miner/black_man/front/front_00008.webp,4132,4132,.webp,png_sequence,assets/png
assets/png/miner/black_man/front/front_00010.webp,3098,3098,.webp,png_sequence,assets/png
assets/png/miner/black_man/front/front_00012.webp,4246,4246,.webp,png_sequence,assets/png
assets/png/miner/black_man/front/front_00014.webp,4324,4324,.webp,png_sequence,assets/png
assets/png/miner/black_man/front/front_00016.webp,6110,6110,.webp,png_sequence,assets/png
assets/png/miner/black_man/front/front_00018.webp,9606,9606,.webp,png_sequence,assets/png
assets/png/miner/black_man/front/front_00020.webp,9112,9112,.webp,png_sequence,assets/png
assets/png/miner/black_man/front/front_00022.webp,6506,6506,.webp,png_sequence,assets/png
assets/png/miner/black_man/front/front_00024.webp,4146,4146,.webp,png_sequence,assets/png
assets/png/miner/black_man/front/front_00026.webp,4084,4084,.webp,png_sequence,assets/png
assets/png/miner/black_man/front/front_00028.webp,4078,4078,.webp,png_sequence,assets/png
assets/png/miner/black_man/front/front_00030.webp,4092,4092,.webp,png_sequence,assets/png
assets/png/miner/black_man/front/front_00032.webp,4116,4116,.webp,png_sequence,assets/png
assets/png/miner/black_man/front/front_00034.webp,4108,4108,.webp,png_sequence,assets/png
assets/png/miner/black_man/front/front_00036.webp,4134,4134,.webp,png_sequence,assets/png
assets/png/miner/black_man/front/front_00038.webp,4118,4118,.webp,png_sequence,assets/png
assets/png/miner/black_man/front/front_00040.webp,4048,4048,.webp,png_sequence,assets/png
assets/png/miner/black_man/front/front_00042.webp,4088,4088,.webp,png_sequence,assets/png
assets/png/miner/black_man/front/front_00044.webp,4130,4130,.webp,png_sequence,assets/png
assets/png/miner/black_man/idle/idle_00000.webp,4026,4026,.webp,png_sequence,assets/png
assets/png/miner/black_man/idle/idle_00002.webp,4166,4166,.webp,png_sequence,assets/png
assets/png/miner/black_man/idle/idle_00004.webp,4282,4282,.webp,png_sequence,assets/png
assets/png/miner/black_man/idle/idle_00006.webp,4396,4396,.webp,png_sequence,assets/png
assets/png/miner/black_man/idle/idle_00008.webp,4392,4392,.webp,png_sequence,assets/png
assets/png/miner/black_man/idle/idle_00010.webp,4300,4300,.webp,png_sequence,assets/png
assets/png/miner/black_man/idle/idle_00012.webp,4370,4370,.webp,png_sequence,assets/png
assets/png/miner/black_man/idle/idle_00014.webp,4478,4478,.webp,png_sequence,assets/png
assets/png/miner/black_man/idle/idle_00016.webp,4472,4472,.webp,png_sequence,assets/png
assets/png/miner/black_man/idle/idle_00018.webp,4668,4668,.webp,png_sequence,assets/png
assets/png/miner/black_man/idle/idle_00020.webp,4668,4668,.webp,png_sequence,assets/png
assets/png/miner/black_man/idle/idle_00022.webp,4668,4668,.webp,png_sequence,assets/png
assets/png/miner/black_man/idle/idle_00024.webp,4668,4668,.webp,png_sequence,assets/png
assets/png/miner/black_man/idle/idle_00026.webp,4668,4668,.webp,png_sequence,assets/png
assets/png/miner/black_man/idle/idle_00028.webp,4668,4668,.webp,png_sequence,assets/png
assets/png/miner/black_man/idle/idle_00030.webp,4574,4574,.webp,png_sequence,assets/png
assets/png/miner/black_man/idle/idle_00032.webp,4568,4568,.webp,png_sequence,assets/png
assets/png/miner/black_man/idle/idle_00034.webp,4464,4464,.webp,png_sequence,assets/png
assets/png/miner/black_man/idle/idle_00036.webp,4426,4426,.webp,png_sequence,assets/png
assets/png/miner/black_man/idle/idle_00038.webp,4240,4240,.webp,png_sequence,assets/png
assets/png/miner/black_man/idle/idle_00040.webp,4104,4104,.webp,png_sequence,assets/png
assets/png/miner/black_man/idle/idle_00042.webp,4260,4260,.webp,png_sequence,assets/png
assets/png/miner/black_man/idle/idle_00044.webp,4396,4396,.webp,png_sequence,assets/png
assets/png/miner/black_man/idle/idle_00046.webp,4446,4446,.webp,png_sequence,assets/png
assets/png/miner/black_man/idle/idle_00048.webp,4356,4356,.webp,png_sequence,assets/png
assets/png/miner/black_man/idle/idle_00050.webp,4360,4360,.webp,png_sequence,assets/png
assets/png/miner/black_man/idle/idle_00052.webp,4370,4370,.webp,png_sequence,assets/png
assets/png/miner/black_man/idle/idle_00054.webp,4396,4396,.webp,png_sequence,assets/png
assets/png/miner/black_man/idle/idle_00056.webp,4396,4396,.webp,png_sequence,assets/png
assets/png/miner/black_man/idle/idle_00058.webp,4430,4430,.webp,png_sequence,assets/png
assets/png/miner/black_man/idle/idle_00060.webp,4374,4374,.webp,png_sequence,assets/png
assets/png/miner/black_man/idle/idle_00062.webp,4338,4338,.webp,png_sequence,assets/png
assets/png/miner/black_man/idle/idle_00064.webp,4302,4302,.webp,png_sequence,assets/png
assets/png/miner/black_man/idle/idle_00066.webp,4240,4240,.webp,png_sequence,assets/png
assets/png/miner/black_man/idle/idle_00068.webp,4210,4210,.webp,png_sequence,assets/png
assets/png/miner/black_man/idle/idle_00070.webp,4116,4116,.webp,png_sequence,assets/png
assets/png/miner/black_man/idle/idle_00072.webp,4060,4060,.webp,png_sequence,assets/png
assets/png/miner/black_man/idle/idle_00074.webp,4028,4028,.webp,png_sequence,assets/png
assets/png/miner/black_man/left/left_00000.webp,3530,3530,.webp,png_sequence,assets/png
assets/png/miner/black_man/left/left_00002.webp,3638,3638,.webp,png_sequence,assets/png
assets/png/miner/black_man/left/left_00004.webp,4060,4060,.webp,png_sequence,assets/png
assets/png/miner/black_man/left/left_00006.webp,4232,4232,.webp,png_sequence,assets/png
assets/png/miner/black_man/left/left_00008.webp,3688,3688,.webp,png_sequence,assets/png
assets/png/miner/black_man/left/left_00010.webp,4670,4670,.webp,png_sequence,assets/png
assets/png/miner/black_man/left/left_00012.webp,5384,5384,.webp,png_sequence,assets/png
assets/png/miner/black_man/left/left_00014.webp,8142,8142,.webp,png_sequence,assets/png
assets/png/miner/black_man/left/left_00016.webp,9756,9756,.webp,png_sequence,assets/png
assets/png/miner/black_man/left/left_00018.webp,9152,9152,.webp,png_sequence,assets/png
assets/png/miner/black_man/left/left_00020.webp,6504,6504,.webp,png_sequence,assets/png
assets/png/miner/black_man/left/left_00022.webp,3872,3872,.webp,png_sequence,assets/png
assets/png/miner/black_man/left/left_00024.webp,3642,3642,.webp,png_sequence,assets/png
assets/png/miner/black_man/left/left_00026.webp,3546,3546,.webp,png_sequence,assets/png
assets/png/miner/black_man/left/left_00028.webp,3438,3438,.webp,png_sequence,assets/png
assets/png/miner/black_man/left/left_00030.webp,3544,3544,.webp,png_sequence,assets/png
assets/png/miner/black_man/left/left_00032.webp,3512,3512,.webp,png_sequence,assets/png
assets/png/miner/black_man/left/left_00034.webp,3494,3494,.webp,png_sequence,assets/png
assets/png/miner/black_man/left/left_00036.webp,3426,3426,.webp,png_sequence,assets/png
assets/png/miner/black_man/left/left_00038.webp,3546,3546,.webp,png_sequence,assets/png
assets/png/miner/black_man/left/left_00040.webp,3600,3600,.webp,png_sequence,assets/png
assets/png/miner/black_man/left/left_00042.webp,3568,3568,.webp,png_sequence,assets/png
assets/png/miner/black_man/left/left_00044.webp,3670,3670,.webp,png_sequence,assets/png
assets/png/miner/black_man/right/right_00000.webp,3494,3494,.webp,png_sequence,assets/png
assets/png/miner/black_man/right/right_00002.webp,3650,3650,.webp,png_sequence,assets/png
assets/png/miner/black_man/right/right_00004.webp,4000,4000,.webp,png_sequence,assets/png
assets/png/miner/black_man/right/right_00006.webp,4206,4206,.webp,png_sequence,assets/png
assets/png/miner/black_man/right/right_00008.webp,3536,3536,.webp,png_sequence,assets/png
assets/png/miner/black_man/right/right_00010.webp,4326,4326,.webp,png_sequence,assets/png
assets/png/miner/black_man/right/right_00012.webp,5402,5402,.webp,png_sequence,assets/png
assets/png/miner/black_man/right/right_00014.webp,8132,8132,.webp,png_sequence,assets/png
assets/png/miner/black_man/right/right_00016.webp,8842,8842,.webp,png_sequence,assets/png
assets/png/miner/black_man/right/right_00018.webp,8132,8132,.webp,png_sequence,assets/png
assets/png/miner/black_man/right/right_00020.webp,5682,5682,.webp,png_sequence,assets/png
assets/png/miner/black_man/right/right_00022.webp,3700,3700,.webp,png_sequence,assets/png
assets/png/miner/black_man/right/right_00024.webp,3640,3640,.webp,png_sequence,assets/png
assets/png/miner/black_man/right/right_00026.webp,3514,3514,.webp,png_sequence,assets/png
assets/png/miner/black_man/right/right_00028.webp,3524,3524,.webp,png_sequence,assets/png
assets/png/miner/black_man/right/right_00030.webp,3550,3550,.webp,png_sequence,assets/png
assets/png/miner/black_man/right/right_00032.webp,3528,3528,.webp,png_sequence,assets/png
assets/png/miner/black_man/right/right_00034.webp,3494,3494,.webp,png_sequence,assets/png
assets/png/miner/black_man/right/right_00036.webp,3436,3436,.webp,png_sequence,assets/png
assets/png/miner/black_man/right/right_00038.webp,3446,3446,.webp,png_sequence,assets/png
assets/png/miner/black_man/right/right_00040.webp,3490,3490,.webp,png_sequence,assets/png
assets/png/miner/black_man/right/right_00042.webp,3484,3484,.webp,png_sequence,assets/png
assets/png/miner/black_man/right/right_00044.webp,3386,3386,.webp,png_sequence,assets/png
assets/png/miner/blue_women/appear/appear_00020.webp,48,48,.webp,png_sequence,assets/png
assets/png/miner/blue_women/appear/appear_00022.webp,592,592,.webp,png_sequence,assets/png
assets/png/miner/blue_women/appear/appear_00024.webp,1652,1652,.webp,png_sequence,assets/png
assets/png/miner/blue_women/appear/appear_00026.webp,2478,2478,.webp,png_sequence,assets/png
assets/png/miner/blue_women/appear/appear_00028.webp,4560,4560,.webp,png_sequence,assets/png
assets/png/miner/blue_women/appear/appear_00030.webp,4484,4484,.webp,png_sequence,assets/png
assets/png/miner/blue_women/appear/appear_00032.webp,3738,3738,.webp,png_sequence,assets/png
assets/png/miner/blue_women/appear/appear_00034.webp,3946,3946,.webp,png_sequence,assets/png
assets/png/miner/blue_women/appear/appear_00036.webp,3384,3384,.webp,png_sequence,assets/png
assets/png/miner/blue_women/appear/appear_00038.webp,3160,3160,.webp,png_sequence,assets/png
assets/png/miner/blue_women/appear/appear_00040.webp,2638,2638,.webp,png_sequence,assets/png
assets/png/miner/blue_women/appear/appear_00042.webp,2242,2242,.webp,png_sequence,assets/png
assets/png/miner/blue_women/appear/appear_00044.webp,1732,1732,.webp,png_sequence,assets/png
assets/png/miner/blue_women/back/back_00000.webp,1544,1544,.webp,png_sequence,assets/png
assets/png/miner/blue_women/back/back_00002.webp,1542,1542,.webp,png_sequence,assets/png
assets/png/miner/blue_women/back/back_00004.webp,1696,1696,.webp,png_sequence,assets/png
assets/png/miner/blue_women/back/back_00006.webp,1528,1528,.webp,png_sequence,assets/png
assets/png/miner/blue_women/back/back_00008.webp,1612,1612,.webp,png_sequence,assets/png
assets/png/miner/blue_women/back/back_00010.webp,1608,1608,.webp,png_sequence,assets/png
assets/png/miner/blue_women/back/back_00012.webp,3348,3348,.webp,png_sequence,assets/png
assets/png/miner/blue_women/back/back_00014.webp,6522,6522,.webp,png_sequence,assets/png
assets/png/miner/blue_women/back/back_00016.webp,8552,8552,.webp,png_sequence,assets/png
assets/png/miner/blue_women/back/back_00018.webp,7330,7330,.webp,png_sequence,assets/png
assets/png/miner/blue_women/back/back_00020.webp,5070,5070,.webp,png_sequence,assets/png
assets/png/miner/blue_women/back/back_00022.webp,1526,1526,.webp,png_sequence,assets/png
assets/png/miner/blue_women/back/back_00024.webp,1472,1472,.webp,png_sequence,assets/png
assets/png/miner/blue_women/back/back_00026.webp,1576,1576,.webp,png_sequence,assets/png
assets/png/miner/blue_women/back/back_00028.webp,1476,1476,.webp,png_sequence,assets/png
assets/png/miner/blue_women/back/back_00030.webp,1530,1530,.webp,png_sequence,assets/png
assets/png/miner/blue_women/back/back_00032.webp,1534,1534,.webp,png_sequence,assets/png
assets/png/miner/blue_women/back/back_00034.webp,1526,1526,.webp,png_sequence,assets/png
assets/png/miner/blue_women/back/back_00036.webp,1560,1560,.webp,png_sequence,assets/png
assets/png/miner/blue_women/back/back_00038.webp,1612,1612,.webp,png_sequence,assets/png
assets/png/miner/blue_women/back/back_00040.webp,1548,1548,.webp,png_sequence,assets/png
assets/png/miner/blue_women/back/back_00042.webp,1524,1524,.webp,png_sequence,assets/png
assets/png/miner/blue_women/back/back_00044.webp,1502,1502,.webp,png_sequence,assets/png
assets/png/miner/blue_women/front/front_00000.webp,1802,1802,.webp,png_sequence,assets/png
assets/png/miner/blue_women/front/front_00002.webp,1710,1710,.webp,png_sequence,assets/png
assets/png/miner/blue_women/front/front_00004.webp,1806,1806,.webp,png_sequence,assets/png
assets/png/miner/blue_women/front/front_00006.webp,1820,1820,.webp,png_sequence,assets/png
assets/png/miner/blue_women/front/front_00008.webp,1610,1610,.webp,png_sequence,assets/png
assets/png/miner/blue_women/front/front_00010.webp,1658,1658,.webp,png_sequence,assets/png
assets/png/miner/blue_women/front/front_00012.webp,1606,1606,.webp,png_sequence,assets/png
assets/png/miner/blue_women/front/front_00014.webp,2460,2460,.webp,png_sequence,assets/png
assets/png/miner/blue_women/front/front_00016.webp,6578,6578,.webp,png_sequence,assets/png
assets/png/miner/blue_women/front/front_00018.webp,10278,10278,.webp,png_sequence,assets/png
assets/png/miner/blue_women/front/front_00020.webp,8816,8816,.webp,png_sequence,assets/png
assets/png/miner/blue_women/front/front_00022.webp,6434,6434,.webp,png_sequence,assets/png
assets/png/miner/blue_women/front/front_00024.webp,1602,1602,.webp,png_sequence,assets/png
assets/png/miner/blue_women/front/front_00026.webp,1624,1624,.webp,png_sequence,assets/png
assets/png/miner/blue_women/front/front_00028.webp,1630,1630,.webp,png_sequence,assets/png
assets/png/miner/blue_women/front/front_00030.webp,1682,1682,.webp,png_sequence,assets/png
assets/png/miner/blue_women/front/front_00032.webp,1580,1580,.webp,png_sequence,assets/png
assets/png/miner/blue_women/front/front_00034.webp,1590,1590,.webp,png_sequence,assets/png
assets/png/miner/blue_women/front/front_00036.webp,1620,1620,.webp,png_sequence,assets/png
assets/png/miner/blue_women/front/front_00038.webp,1734,1734,.webp,png_sequence,assets/png
assets/png/miner/blue_women/front/front_00040.webp,1644,1644,.webp,png_sequence,assets/png
assets/png/miner/blue_women/front/front_00042.webp,1668,1668,.webp,png_sequence,assets/png
assets/png/miner/blue_women/front/front_00044.webp,1664,1664,.webp,png_sequence,assets/png
assets/png/miner/blue_women/idle/idle_00000.webp,1678,1678,.webp,png_sequence,assets/png
assets/png/miner/blue_women/idle/idle_00002.webp,1638,1638,.webp,png_sequence,assets/png
assets/png/miner/blue_women/idle/idle_00004.webp,1858,1858,.webp,png_sequence,assets/png
assets/png/miner/blue_women/idle/idle_00006.webp,2144,2144,.webp,png_sequence,assets/png
assets/png/miner/blue_women/idle/idle_00008.webp,2132,2132,.webp,png_sequence,assets/png
assets/png/miner/blue_women/idle/idle_00010.webp,2150,2150,.webp,png_sequence,assets/png
assets/png/miner/blue_women/idle/idle_00012.webp,2236,2236,.webp,png_sequence,assets/png
assets/png/miner/blue_women/idle/idle_00014.webp,2258,2258,.webp,png_sequence,assets/png
assets/png/miner/blue_women/idle/idle_00016.webp,2312,2312,.webp,png_sequence,assets/png
assets/png/miner/blue_women/idle/idle_00018.webp,2404,2404,.webp,png_sequence,assets/png
assets/png/miner/blue_women/idle/idle_00020.webp,2404,2404,.webp,png_sequence,assets/png
assets/png/miner/blue_women/idle/idle_00022.webp,2404,2404,.webp,png_sequence,assets/png
assets/png/miner/blue_women/idle/idle_00024.webp,2404,2404,.webp,png_sequence,assets/png
assets/png/miner/blue_women/idle/idle_00026.webp,2404,2404,.webp,png_sequence,assets/png
assets/png/miner/blue_women/idle/idle_00028.webp,2404,2404,.webp,png_sequence,assets/png
assets/png/miner/blue_women/idle/idle_00030.webp,2370,2370,.webp,png_sequence,assets/png
assets/png/miner/blue_women/idle/idle_00032.webp,2372,2372,.webp,png_sequence,assets/png
assets/png/miner/blue_women/idle/idle_00034.webp,2282,2282,.webp,png_sequence,assets/png
assets/png/miner/blue_women/idle/idle_00036.webp,2152,2152,.webp,png_sequence,assets/png
assets/png/miner/blue_women/idle/idle_00038.webp,1918,1918,.webp,png_sequence,assets/png
assets/png/miner/blue_women/idle/idle_00040.webp,1750,1750,.webp,png_sequence,assets/png
assets/png/miner/blue_women/idle/idle_00042.webp,1996,1996,.webp,png_sequence,assets/png
assets/png/miner/blue_women/idle/idle_00044.webp,2054,2054,.webp,png_sequence,assets/png
assets/png/miner/blue_women/idle/idle_00046.webp,2086,2086,.webp,png_sequence,assets/png
assets/png/miner/blue_women/idle/idle_00048.webp,2192,2192,.webp,png_sequence,assets/png
assets/png/miner/blue_women/idle/idle_00050.webp,2174,2174,.webp,png_sequence,assets/png
assets/png/miner/blue_women/idle/idle_00052.webp,2090,2090,.webp,png_sequence,assets/png
assets/png/miner/blue_women/idle/idle_00054.webp,2134,2134,.webp,png_sequence,assets/png
assets/png/miner/blue_women/idle/idle_00056.webp,2192,2192,.webp,png_sequence,assets/png
assets/png/miner/blue_women/idle/idle_00058.webp,2146,2146,.webp,png_sequence,assets/png
assets/png/miner/blue_women/idle/idle_00060.webp,2204,2204,.webp,png_sequence,assets/png
assets/png/miner/blue_women/idle/idle_00062.webp,2094,2094,.webp,png_sequence,assets/png
assets/png/miner/blue_women/idle/idle_00064.webp,2120,2120,.webp,png_sequence,assets/png
assets/png/miner/blue_women/idle/idle_00066.webp,2048,2048,.webp,png_sequence,assets/png
assets/png/miner/blue_women/idle/idle_00068.webp,1864,1864,.webp,png_sequence,assets/png
assets/png/miner/blue_women/idle/idle_00070.webp,1786,1786,.webp,png_sequence,assets/png
assets/png/miner/blue_women/idle/idle_00072.webp,1710,1710,.webp,png_sequence,assets/png
assets/png/miner/blue_women/idle/idle_00074.webp,1676,1676,.webp,png_sequence,assets/png
assets/png/miner/blue_women/left/left_00000.webp,1698,1698,.webp,png_sequence,assets/png
assets/png/miner/blue_women/left/left_00002.webp,1802,1802,.webp,png_sequence,assets/png
assets/png/miner/blue_women/left/left_00004.webp,2046,2046,.webp,png_sequence,assets/png
assets/png/miner/blue_women/left/left_00006.webp,2212,2212,.webp,png_sequence,assets/png
assets/png/miner/blue_women/left/left_00008.webp,2220,2220,.webp,png_sequence,assets/png
assets/png/miner/blue_women/left/left_00010.webp,2244,2244,.webp,png_sequence,assets/png
assets/png/miner/blue_women/left/left_00012.webp,4874,4874,.webp,png_sequence,assets/png
assets/png/miner/blue_women/left/left_00014.webp,8312,8312,.webp,png_sequence,assets/png
assets/png/miner/blue_women/left/left_00016.webp,9926,9926,.webp,png_sequence,assets/png
assets/png/miner/blue_women/left/left_00018.webp,8614,8614,.webp,png_sequence,assets/png
assets/png/miner/blue_women/left/left_00020.webp,6664,6664,.webp,png_sequence,assets/png
assets/png/miner/blue_women/left/left_00022.webp,2624,2624,.webp,png_sequence,assets/png
assets/png/miner/blue_women/left/left_00024.webp,2056,2056,.webp,png_sequence,assets/png
assets/png/miner/blue_women/left/left_00026.webp,1758,1758,.webp,png_sequence,assets/png
assets/png/miner/blue_women/left/left_00028.webp,1676,1676,.webp,png_sequence,assets/png
assets/png/miner/blue_women/left/left_00030.webp,1758,1758,.webp,png_sequence,assets/png
assets/png/miner/blue_women/left/left_00032.webp,1666,1666,.webp,png_sequence,assets/png
assets/png/miner/blue_women/left/left_00034.webp,1762,1762,.webp,png_sequence,assets/png
assets/png/miner/blue_women/left/left_00036.webp,1798,1798,.webp,png_sequence,assets/png
assets/png/miner/blue_women/left/left_00038.webp,1740,1740,.webp,png_sequence,assets/png
assets/png/miner/blue_women/left/left_00040.webp,1814,1814,.webp,png_sequence,assets/png
assets/png/miner/blue_women/left/left_00042.webp,1778,1778,.webp,png_sequence,assets/png
assets/png/miner/blue_women/left/left_00044.webp,1648,1648,.webp,png_sequence,assets/png
assets/png/miner/blue_women/right/right_00000.webp,1636,1636,.webp,png_sequence,assets/png
assets/png/miner/blue_women/right/right_00002.webp,2064,2064,.webp,png_sequence,assets/png
assets/png/miner/blue_women/right/right_00004.webp,2184,2184,.webp,png_sequence,assets/png
assets/png/miner/blue_women/right/right_00006.webp,2386,2386,.webp,png_sequence,assets/png
assets/png/miner/blue_women/right/right_00008.webp,1888,1888,.webp,png_sequence,assets/png
assets/png/miner/blue_women/right/right_00010.webp,2394,2394,.webp,png_sequence,assets/png
assets/png/miner/blue_women/right/right_00012.webp,4520,4520,.webp,png_sequence,assets/png
assets/png/miner/blue_women/right/right_00014.webp,7802,7802,.webp,png_sequence,assets/png
assets/png/miner/blue_women/right/right_00016.webp,8638,8638,.webp,png_sequence,assets/png
assets/png/miner/blue_women/right/right_00018.webp,8114,8114,.webp,png_sequence,assets/png
assets/png/miner/blue_women/right/right_00020.webp,5850,5850,.webp,png_sequence,assets/png
assets/png/miner/blue_women/right/right_00022.webp,2530,2530,.webp,png_sequence,assets/png
assets/png/miner/blue_women/right/right_00024.webp,2152,2152,.webp,png_sequence,assets/png
assets/png/miner/blue_women/right/right_00026.webp,1636,1636,.webp,png_sequence,assets/png
assets/png/miner/blue_women/right/right_00028.webp,1710,1710,.webp,png_sequence,assets/png
assets/png/miner/blue_women/right/right_00030.webp,1660,1660,.webp,png_sequence,assets/png
assets/png/miner/blue_women/right/right_00032.webp,1650,1650,.webp,png_sequence,assets/png
assets/png/miner/blue_women/right/right_00034.webp,1718,1718,.webp,png_sequence,assets/png
assets/png/miner/blue_women/right/right_00036.webp,1706,1706,.webp,png_sequence,assets/png
assets/png/miner/blue_women/right/right_00038.webp,1588,1588,.webp,png_sequence,assets/png
assets/png/miner/blue_women/right/right_00040.webp,1680,1680,.webp,png_sequence,assets/png
assets/png/miner/blue_women/right/right_00042.webp,1758,1758,.webp,png_sequence,assets/png
assets/png/miner/blue_women/right/right_00044.webp,1606,1606,.webp,png_sequence,assets/png
assets/png/miner/cap/appear/appear_00020.webp,48,48,.webp,png_sequence,assets/png
assets/png/miner/cap/appear/appear_00022.webp,592,592,.webp,png_sequence,assets/png
assets/png/miner/cap/appear/appear_00024.webp,1652,1652,.webp,png_sequence,assets/png
assets/png/miner/cap/appear/appear_00026.webp,2436,2436,.webp,png_sequence,assets/png
assets/png/miner/cap/appear/appear_00028.webp,4088,4088,.webp,png_sequence,assets/png
assets/png/miner/cap/appear/appear_00030.webp,4312,4312,.webp,png_sequence,assets/png
assets/png/miner/cap/appear/appear_00032.webp,3834,3834,.webp,png_sequence,assets/png
assets/png/miner/cap/appear/appear_00034.webp,4028,4028,.webp,png_sequence,assets/png
assets/png/miner/cap/appear/appear_00036.webp,3416,3416,.webp,png_sequence,assets/png
assets/png/miner/cap/appear/appear_00038.webp,2854,2854,.webp,png_sequence,assets/png
assets/png/miner/cap/appear/appear_00040.webp,2602,2602,.webp,png_sequence,assets/png
assets/png/miner/cap/appear/appear_00042.webp,2296,2296,.webp,png_sequence,assets/png
assets/png/miner/cap/appear/appear_00044.webp,1714,1714,.webp,png_sequence,assets/png
assets/png/miner/cap/back/back_00000.webp,1740,1740,.webp,png_sequence,assets/png
assets/png/miner/cap/back/back_00002.webp,1628,1628,.webp,png_sequence,assets/png
assets/png/miner/cap/back/back_00004.webp,1644,1644,.webp,png_sequence,assets/png
assets/png/miner/cap/back/back_00006.webp,1718,1718,.webp,png_sequence,assets/png
assets/png/miner/cap/back/back_00008.webp,1650,1650,.webp,png_sequence,assets/png
assets/png/miner/cap/back/back_00010.webp,1878,1878,.webp,png_sequence,assets/png
assets/png/miner/cap/back/back_00012.webp,3586,3586,.webp,png_sequence,assets/png
assets/png/miner/cap/back/back_00014.webp,7094,7094,.webp,png_sequence,assets/png
assets/png/miner/cap/back/back_00016.webp,8576,8576,.webp,png_sequence,assets/png
assets/png/miner/cap/back/back_00018.webp,7526,7526,.webp,png_sequence,assets/png
assets/png/miner/cap/back/back_00020.webp,5536,5536,.webp,png_sequence,assets/png
assets/png/miner/cap/back/back_00022.webp,1626,1626,.webp,png_sequence,assets/png
assets/png/miner/cap/back/back_00024.webp,1666,1666,.webp,png_sequence,assets/png
assets/png/miner/cap/back/back_00026.webp,1698,1698,.webp,png_sequence,assets/png
assets/png/miner/cap/back/back_00028.webp,1728,1728,.webp,png_sequence,assets/png
assets/png/miner/cap/back/back_00030.webp,1700,1700,.webp,png_sequence,assets/png
assets/png/miner/cap/back/back_00032.webp,1646,1646,.webp,png_sequence,assets/png
assets/png/miner/cap/back/back_00034.webp,1600,1600,.webp,png_sequence,assets/png
assets/png/miner/cap/back/back_00036.webp,1730,1730,.webp,png_sequence,assets/png
assets/png/miner/cap/back/back_00038.webp,1764,1764,.webp,png_sequence,assets/png
assets/png/miner/cap/back/back_00040.webp,1652,1652,.webp,png_sequence,assets/png
assets/png/miner/cap/back/back_00042.webp,1640,1640,.webp,png_sequence,assets/png
assets/png/miner/cap/back/back_00044.webp,1660,1660,.webp,png_sequence,assets/png
assets/png/miner/cap/front/front_00000.webp,1616,1616,.webp,png_sequence,assets/png
assets/png/miner/cap/front/front_00002.webp,1654,1654,.webp,png_sequence,assets/png
assets/png/miner/cap/front/front_00004.webp,1736,1736,.webp,png_sequence,assets/png
assets/png/miner/cap/front/front_00006.webp,1758,1758,.webp,png_sequence,assets/png
assets/png/miner/cap/front/front_00008.webp,1686,1686,.webp,png_sequence,assets/png
assets/png/miner/cap/front/front_00010.webp,1556,1556,.webp,png_sequence,assets/png
assets/png/miner/cap/front/front_00012.webp,1670,1670,.webp,png_sequence,assets/png
assets/png/miner/cap/front/front_00014.webp,2424,2424,.webp,png_sequence,assets/png
assets/png/miner/cap/front/front_00016.webp,5990,5990,.webp,png_sequence,assets/png
assets/png/miner/cap/front/front_00018.webp,9466,9466,.webp,png_sequence,assets/png
assets/png/miner/cap/front/front_00020.webp,9070,9070,.webp,png_sequence,assets/png
assets/png/miner/cap/front/front_00022.webp,6442,6442,.webp,png_sequence,assets/png
assets/png/miner/cap/front/front_00024.webp,1684,1684,.webp,png_sequence,assets/png
assets/png/miner/cap/front/front_00026.webp,1666,1666,.webp,png_sequence,assets/png
assets/png/miner/cap/front/front_00028.webp,1762,1762,.webp,png_sequence,assets/png
assets/png/miner/cap/front/front_00030.webp,1688,1688,.webp,png_sequence,assets/png
assets/png/miner/cap/front/front_00032.webp,1710,1710,.webp,png_sequence,assets/png
assets/png/miner/cap/front/front_00034.webp,1696,1696,.webp,png_sequence,assets/png
assets/png/miner/cap/front/front_00036.webp,1678,1678,.webp,png_sequence,assets/png
assets/png/miner/cap/front/front_00038.webp,1588,1588,.webp,png_sequence,assets/png
assets/png/miner/cap/front/front_00040.webp,1680,1680,.webp,png_sequence,assets/png
assets/png/miner/cap/front/front_00042.webp,1712,1712,.webp,png_sequence,assets/png
assets/png/miner/cap/front/front_00044.webp,1628,1628,.webp,png_sequence,assets/png
assets/png/miner/cap/idle/idle_00000.webp,1552,1552,.webp,png_sequence,assets/png
assets/png/miner/cap/idle/idle_00002.webp,1920,1920,.webp,png_sequence,assets/png
assets/png/miner/cap/idle/idle_00004.webp,1962,1962,.webp,png_sequence,assets/png
assets/png/miner/cap/idle/idle_00006.webp,2032,2032,.webp,png_sequence,assets/png
assets/png/miner/cap/idle/idle_00008.webp,2024,2024,.webp,png_sequence,assets/png
assets/png/miner/cap/idle/idle_00010.webp,2086,2086,.webp,png_sequence,assets/png
assets/png/miner/cap/idle/idle_00012.webp,2074,2074,.webp,png_sequence,assets/png
assets/png/miner/cap/idle/idle_00014.webp,2116,2116,.webp,png_sequence,assets/png
assets/png/miner/cap/idle/idle_00016.webp,2276,2276,.webp,png_sequence,assets/png
assets/png/miner/cap/idle/idle_00018.webp,2216,2216,.webp,png_sequence,assets/png
assets/png/miner/cap/idle/idle_00020.webp,2216,2216,.webp,png_sequence,assets/png
assets/png/miner/cap/idle/idle_00022.webp,2216,2216,.webp,png_sequence,assets/png
assets/png/miner/cap/idle/idle_00024.webp,2216,2216,.webp,png_sequence,assets/png
assets/png/miner/cap/idle/idle_00026.webp,2216,2216,.webp,png_sequence,assets/png
assets/png/miner/cap/idle/idle_00028.webp,2216,2216,.webp,png_sequence,assets/png
assets/png/miner/cap/idle/idle_00030.webp,2130,2130,.webp,png_sequence,assets/png
assets/png/miner/cap/idle/idle_00032.webp,2196,2196,.webp,png_sequence,assets/png
assets/png/miner/cap/idle/idle_00034.webp,2118,2118,.webp,png_sequence,assets/png
assets/png/miner/cap/idle/idle_00036.webp,2000,2000,.webp,png_sequence,assets/png
assets/png/miner/cap/idle/idle_00038.webp,1878,1878,.webp,png_sequence,assets/png
assets/png/miner/cap/idle/idle_00040.webp,1820,1820,.webp,png_sequence,assets/png
assets/png/miner/cap/idle/idle_00042.webp,1980,1980,.webp,png_sequence,assets/png
assets/png/miner/cap/idle/idle_00044.webp,2034,2034,.webp,png_sequence,assets/png
assets/png/miner/cap/idle/idle_00046.webp,2076,2076,.webp,png_sequence,assets/png
assets/png/miner/cap/idle/idle_00048.webp,2054,2054,.webp,png_sequence,assets/png
assets/png/miner/cap/idle/idle_00050.webp,1992,1992,.webp,png_sequence,assets/png
assets/png/miner/cap/idle/idle_00052.webp,2100,2100,.webp,png_sequence,assets/png
assets/png/miner/cap/idle/idle_00054.webp,2150,2150,.webp,png_sequence,assets/png
assets/png/miner/cap/idle/idle_00056.webp,2024,2024,.webp,png_sequence,assets/png
assets/png/miner/cap/idle/idle_00058.webp,2158,2158,.webp,png_sequence,assets/png
assets/png/miner/cap/idle/idle_00060.webp,2046,2046,.webp,png_sequence,assets/png
assets/png/miner/cap/idle/idle_00062.webp,2094,2094,.webp,png_sequence,assets/png
assets/png/miner/cap/idle/idle_00064.webp,1938,1938,.webp,png_sequence,assets/png
assets/png/miner/cap/idle/idle_00066.webp,1926,1926,.webp,png_sequence,assets/png
assets/png/miner/cap/idle/idle_00068.webp,1956,1956,.webp,png_sequence,assets/png
assets/png/miner/cap/idle/idle_00070.webp,1790,1790,.webp,png_sequence,assets/png
assets/png/miner/cap/idle/idle_00072.webp,1670,1670,.webp,png_sequence,assets/png
assets/png/miner/cap/idle/idle_00074.webp,1646,1646,.webp,png_sequence,assets/png
assets/png/miner/cap/left/left_00000.webp,1628,1628,.webp,png_sequence,assets/png
assets/png/miner/cap/left/left_00002.webp,1798,1798,.webp,png_sequence,assets/png
assets/png/miner/cap/left/left_00004.webp,2006,2006,.webp,png_sequence,assets/png
assets/png/miner/cap/left/left_00006.webp,1882,1882,.webp,png_sequence,assets/png
assets/png/miner/cap/left/left_00008.webp,1692,1692,.webp,png_sequence,assets/png
assets/png/miner/cap/left/left_00010.webp,2108,2108,.webp,png_sequence,assets/png
assets/png/miner/cap/left/left_00012.webp,4856,4856,.webp,png_sequence,assets/png
assets/png/miner/cap/left/left_00014.webp,8840,8840,.webp,png_sequence,assets/png
assets/png/miner/cap/left/left_00016.webp,9634,9634,.webp,png_sequence,assets/png
assets/png/miner/cap/left/left_00018.webp,9376,9376,.webp,png_sequence,assets/png
assets/png/miner/cap/left/left_00020.webp,6940,6940,.webp,png_sequence,assets/png
assets/png/miner/cap/left/left_00022.webp,2566,2566,.webp,png_sequence,assets/png
assets/png/miner/cap/left/left_00024.webp,2116,2116,.webp,png_sequence,assets/png
assets/png/miner/cap/left/left_00026.webp,1784,1784,.webp,png_sequence,assets/png
assets/png/miner/cap/left/left_00028.webp,1684,1684,.webp,png_sequence,assets/png
assets/png/miner/cap/left/left_00030.webp,1622,1622,.webp,png_sequence,assets/png
assets/png/miner/cap/left/left_00032.webp,1732,1732,.webp,png_sequence,assets/png
assets/png/miner/cap/left/left_00034.webp,1604,1604,.webp,png_sequence,assets/png
assets/png/miner/cap/left/left_00036.webp,1684,1684,.webp,png_sequence,assets/png
assets/png/miner/cap/left/left_00038.webp,1678,1678,.webp,png_sequence,assets/png
assets/png/miner/cap/left/left_00040.webp,1670,1670,.webp,png_sequence,assets/png
assets/png/miner/cap/left/left_00042.webp,1636,1636,.webp,png_sequence,assets/png
assets/png/miner/cap/left/left_00044.webp,1742,1742,.webp,png_sequence,assets/png
assets/png/miner/cap/right/right_00000.webp,1808,1808,.webp,png_sequence,assets/png
assets/png/miner/cap/right/right_00002.webp,1920,1920,.webp,png_sequence,assets/png
assets/png/miner/cap/right/right_00004.webp,2022,2022,.webp,png_sequence,assets/png
assets/png/miner/cap/right/right_00006.webp,1958,1958,.webp,png_sequence,assets/png
assets/png/miner/cap/right/right_00008.webp,1814,1814,.webp,png_sequence,assets/png
assets/png/miner/cap/right/right_00010.webp,2308,2308,.webp,png_sequence,assets/png
assets/png/miner/cap/right/right_00012.webp,4708,4708,.webp,png_sequence,assets/png
assets/png/miner/cap/right/right_00014.webp,8034,8034,.webp,png_sequence,assets/png
assets/png/miner/cap/right/right_00016.webp,8786,8786,.webp,png_sequence,assets/png
assets/png/miner/cap/right/right_00018.webp,8388,8388,.webp,png_sequence,assets/png
assets/png/miner/cap/right/right_00020.webp,6344,6344,.webp,png_sequence,assets/png
assets/png/miner/cap/right/right_00022.webp,2550,2550,.webp,png_sequence,assets/png
assets/png/miner/cap/right/right_00024.webp,2128,2128,.webp,png_sequence,assets/png
assets/png/miner/cap/right/right_00026.webp,1780,1780,.webp,png_sequence,assets/png
assets/png/miner/cap/right/right_00028.webp,1656,1656,.webp,png_sequence,assets/png
assets/png/miner/cap/right/right_00030.webp,1788,1788,.webp,png_sequence,assets/png
assets/png/miner/cap/right/right_00032.webp,1632,1632,.webp,png_sequence,assets/png
assets/png/miner/cap/right/right_00034.webp,1814,1814,.webp,png_sequence,assets/png
assets/png/miner/cap/right/right_00036.webp,1766,1766,.webp,png_sequence,assets/png
assets/png/miner/cap/right/right_00038.webp,1762,1762,.webp,png_sequence,assets/png
assets/png/miner/cap/right/right_00040.webp,1706,1706,.webp,png_sequence,assets/png
assets/png/miner/cap/right/right_00042.webp,1846,1846,.webp,png_sequence,assets/png
assets/png/miner/cap/right/right_00044.webp,1722,1722,.webp,png_sequence,assets/png
assets/png/miner/default/appear/appear_00020.webp,48,48,.webp,png_sequence,assets/png
assets/png/miner/default/appear/appear_00022.webp,592,592,.webp,png_sequence,assets/png
assets/png/miner/default/appear/appear_00024.webp,1652,1652,.webp,png_sequence,assets/png
assets/png/miner/default/appear/appear_00026.webp,2564,2564,.webp,png_sequence,assets/png
assets/png/miner/default/appear/appear_00028.webp,4230,4230,.webp,png_sequence,assets/png
assets/png/miner/default/appear/appear_00030.webp,4566,4566,.webp,png_sequence,assets/png
assets/png/miner/default/appear/appear_00032.webp,3884,3884,.webp,png_sequence,assets/png
assets/png/miner/default/appear/appear_00034.webp,3702,3702,.webp,png_sequence,assets/png
assets/png/miner/default/appear/appear_00036.webp,3216,3216,.webp,png_sequence,assets/png
assets/png/miner/default/appear/appear_00038.webp,2804,2804,.webp,png_sequence,assets/png
assets/png/miner/default/appear/appear_00040.webp,2464,2464,.webp,png_sequence,assets/png
assets/png/miner/default/appear/appear_00042.webp,2092,2092,.webp,png_sequence,assets/png
assets/png/miner/default/appear/appear_00044.webp,1652,1652,.webp,png_sequence,assets/png
assets/png/miner/default/back/back_00000.webp,1488,1488,.webp,png_sequence,assets/png
assets/png/miner/default/back/back_00002.webp,1408,1408,.webp,png_sequence,assets/png
assets/png/miner/default/back/back_00004.webp,1436,1436,.webp,png_sequence,assets/png
assets/png/miner/default/back/back_00006.webp,1332,1332,.webp,png_sequence,assets/png
assets/png/miner/default/back/back_00008.webp,1588,1588,.webp,png_sequence,assets/png
assets/png/miner/default/back/back_00010.webp,1392,1392,.webp,png_sequence,assets/png
assets/png/miner/default/back/back_00012.webp,1530,1530,.webp,png_sequence,assets/png
assets/png/miner/default/back/back_00014.webp,3840,3840,.webp,png_sequence,assets/png
assets/png/miner/default/back/back_00016.webp,7592,7592,.webp,png_sequence,assets/png
assets/png/miner/default/back/back_00018.webp,10108,10108,.webp,png_sequence,assets/png
assets/png/miner/default/back/back_00020.webp,7582,7582,.webp,png_sequence,assets/png
assets/png/miner/default/back/back_00022.webp,4964,4964,.webp,png_sequence,assets/png
assets/png/miner/default/back/back_00024.webp,1404,1404,.webp,png_sequence,assets/png
assets/png/miner/default/back/back_00026.webp,1396,1396,.webp,png_sequence,assets/png
assets/png/miner/default/back/back_00028.webp,1412,1412,.webp,png_sequence,assets/png
assets/png/miner/default/back/back_00030.webp,1460,1460,.webp,png_sequence,assets/png
assets/png/miner/default/back/back_00032.webp,1400,1400,.webp,png_sequence,assets/png
assets/png/miner/default/back/back_00034.webp,1444,1444,.webp,png_sequence,assets/png
assets/png/miner/default/back/back_00036.webp,1454,1454,.webp,png_sequence,assets/png
assets/png/miner/default/back/back_00038.webp,1440,1440,.webp,png_sequence,assets/png
assets/png/miner/default/back/back_00040.webp,1452,1452,.webp,png_sequence,assets/png
assets/png/miner/default/back/back_00042.webp,1386,1386,.webp,png_sequence,assets/png
assets/png/miner/default/back/back_00044.webp,1384,1384,.webp,png_sequence,assets/png
assets/png/miner/default/front/front_00000.webp,1546,1546,.webp,png_sequence,assets/png
assets/png/miner/default/front/front_00002.webp,1612,1612,.webp,png_sequence,assets/png
assets/png/miner/default/front/front_00004.webp,1550,1550,.webp,png_sequence,assets/png
assets/png/miner/default/front/front_00006.webp,1462,1462,.webp,png_sequence,assets/png
assets/png/miner/default/front/front_00008.webp,1550,1550,.webp,png_sequence,assets/png
assets/png/miner/default/front/front_00010.webp,1242,1242,.webp,png_sequence,assets/png
assets/png/miner/default/front/front_00012.webp,1456,1456,.webp,png_sequence,assets/png
assets/png/miner/default/front/front_00014.webp,2418,2418,.webp,png_sequence,assets/png
assets/png/miner/default/front/front_00016.webp,5678,5678,.webp,png_sequence,assets/png
assets/png/miner/default/front/front_00018.webp,9260,9260,.webp,png_sequence,assets/png
assets/png/miner/default/front/front_00020.webp,8268,8268,.webp,png_sequence,assets/png
assets/png/miner/default/front/front_00022.webp,6136,6136,.webp,png_sequence,assets/png
assets/png/miner/default/front/front_00024.webp,1552,1552,.webp,png_sequence,assets/png
assets/png/miner/default/front/front_00026.webp,1534,1534,.webp,png_sequence,assets/png
assets/png/miner/default/front/front_00028.webp,1558,1558,.webp,png_sequence,assets/png
assets/png/miner/default/front/front_00030.webp,1490,1490,.webp,png_sequence,assets/png
assets/png/miner/default/front/front_00032.webp,1524,1524,.webp,png_sequence,assets/png
assets/png/miner/default/front/front_00034.webp,1444,1444,.webp,png_sequence,assets/png
assets/png/miner/default/front/front_00036.webp,1520,1520,.webp,png_sequence,assets/png
assets/png/miner/default/front/front_00038.webp,1532,1532,.webp,png_sequence,assets/png
assets/png/miner/default/front/front_00040.webp,1524,1524,.webp,png_sequence,assets/png
assets/png/miner/default/front/front_00042.webp,1530,1530,.webp,png_sequence,assets/png
assets/png/miner/default/front/front_00044.webp,1518,1518,.webp,png_sequence,assets/png
assets/png/miner/default/idle/idle_00000.webp,1466,1466,.webp,png_sequence,assets/png
assets/png/miner/default/idle/idle_00002.webp,1728,1728,.webp,png_sequence,assets/png
assets/png/miner/default/idle/idle_00004.webp,1820,1820,.webp,png_sequence,assets/png
assets/png/miner/default/idle/idle_00006.webp,1776,1776,.webp,png_sequence,assets/png
assets/png/miner/default/idle/idle_00008.webp,1784,1784,.webp,png_sequence,assets/png
assets/png/miner/default/idle/idle_00010.webp,1888,1888,.webp,png_sequence,assets/png
assets/png/miner/default/idle/idle_00012.webp,1820,1820,.webp,png_sequence,assets/png
assets/png/miner/default/idle/idle_00014.webp,1862,1862,.webp,png_sequence,assets/png
assets/png/miner/default/idle/idle_00016.webp,1826,1826,.webp,png_sequence,assets/png
assets/png/miner/default/idle/idle_00018.webp,1874,1874,.webp,png_sequence,assets/png
assets/png/miner/default/idle/idle_00020.webp,1874,1874,.webp,png_sequence,assets/png
assets/png/miner/default/idle/idle_00022.webp,1874,1874,.webp,png_sequence,assets/png
assets/png/miner/default/idle/idle_00024.webp,1874,1874,.webp,png_sequence,assets/png
assets/png/miner/default/idle/idle_00026.webp,1874,1874,.webp,png_sequence,assets/png
assets/png/miner/default/idle/idle_00028.webp,1874,1874,.webp,png_sequence,assets/png
assets/png/miner/default/idle/idle_00030.webp,1966,1966,.webp,png_sequence,assets/png
assets/png/miner/default/idle/idle_00032.webp,1814,1814,.webp,png_sequence,assets/png
assets/png/miner/default/idle/idle_00034.webp,1918,1918,.webp,png_sequence,assets/png
assets/png/miner/default/idle/idle_00036.webp,1850,1850,.webp,png_sequence,assets/png
assets/png/miner/default/idle/idle_00038.webp,1756,1756,.webp,png_sequence,assets/png
assets/png/miner/default/idle/idle_00040.webp,1492,1492,.webp,png_sequence,assets/png
assets/png/miner/default/idle/idle_00042.webp,1824,1824,.webp,png_sequence,assets/png
assets/png/miner/default/idle/idle_00044.webp,1874,1874,.webp,png_sequence,assets/png
assets/png/miner/default/idle/idle_00046.webp,1862,1862,.webp,png_sequence,assets/png
assets/png/miner/default/idle/idle_00048.webp,1800,1800,.webp,png_sequence,assets/png
assets/png/miner/default/idle/idle_00050.webp,1826,1826,.webp,png_sequence,assets/png
assets/png/miner/default/idle/idle_00052.webp,1884,1884,.webp,png_sequence,assets/png
assets/png/miner/default/idle/idle_00054.webp,1850,1850,.webp,png_sequence,assets/png
assets/png/miner/default/idle/idle_00056.webp,1844,1844,.webp,png_sequence,assets/png
assets/png/miner/default/idle/idle_00058.webp,1948,1948,.webp,png_sequence,assets/png
assets/png/miner/default/idle/idle_00060.webp,1862,1862,.webp,png_sequence,assets/png
assets/png/miner/default/idle/idle_00062.webp,1890,1890,.webp,png_sequence,assets/png
assets/png/miner/default/idle/idle_00064.webp,1826,1826,.webp,png_sequence,assets/png
assets/png/miner/default/idle/idle_00066.webp,1908,1908,.webp,png_sequence,assets/png
assets/png/miner/default/idle/idle_00068.webp,1698,1698,.webp,png_sequence,assets/png
assets/png/miner/default/idle/idle_00070.webp,1644,1644,.webp,png_sequence,assets/png
assets/png/miner/default/idle/idle_00072.webp,1560,1560,.webp,png_sequence,assets/png
assets/png/miner/default/idle/idle_00074.webp,1574,1574,.webp,png_sequence,assets/png
assets/png/miner/default/left/left_00000.webp,1430,1430,.webp,png_sequence,assets/png
assets/png/miner/default/left/left_00002.webp,1560,1560,.webp,png_sequence,assets/png
assets/png/miner/default/left/left_00004.webp,1786,1786,.webp,png_sequence,assets/png
assets/png/miner/default/left/left_00006.webp,1762,1762,.webp,png_sequence,assets/png
assets/png/miner/default/left/left_00008.webp,1340,1340,.webp,png_sequence,assets/png
assets/png/miner/default/left/left_00010.webp,1890,1890,.webp,png_sequence,assets/png
assets/png/miner/default/left/left_00012.webp,2456,2456,.webp,png_sequence,assets/png
assets/png/miner/default/left/left_00014.webp,6370,6370,.webp,png_sequence,assets/png
assets/png/miner/default/left/left_00016.webp,9500,9500,.webp,png_sequence,assets/png
assets/png/miner/default/left/left_00018.webp,10066,10066,.webp,png_sequence,assets/png
assets/png/miner/default/left/left_00020.webp,7736,7736,.webp,png_sequence,assets/png
assets/png/miner/default/left/left_00022.webp,2792,2792,.webp,png_sequence,assets/png
assets/png/miner/default/left/left_00024.webp,1962,1962,.webp,png_sequence,assets/png
assets/png/miner/default/left/left_00026.webp,1546,1546,.webp,png_sequence,assets/png
assets/png/miner/default/left/left_00028.webp,1452,1452,.webp,png_sequence,assets/png
assets/png/miner/default/left/left_00030.webp,1356,1356,.webp,png_sequence,assets/png
assets/png/miner/default/left/left_00032.webp,1354,1354,.webp,png_sequence,assets/png
assets/png/miner/default/left/left_00034.webp,1350,1350,.webp,png_sequence,assets/png
assets/png/miner/default/left/left_00036.webp,1288,1288,.webp,png_sequence,assets/png
assets/png/miner/default/left/left_00038.webp,1268,1268,.webp,png_sequence,assets/png
assets/png/miner/default/left/left_00040.webp,1276,1276,.webp,png_sequence,assets/png
assets/png/miner/default/left/left_00042.webp,1294,1294,.webp,png_sequence,assets/png
assets/png/miner/default/left/left_00044.webp,1340,1340,.webp,png_sequence,assets/png
assets/png/miner/default/right/right_00000.webp,1314,1314,.webp,png_sequence,assets/png
assets/png/miner/default/right/right_00002.webp,1682,1682,.webp,png_sequence,assets/png
assets/png/miner/default/right/right_00004.webp,1772,1772,.webp,png_sequence,assets/png
assets/png/miner/default/right/right_00006.webp,1868,1868,.webp,png_sequence,assets/png
assets/png/miner/default/right/right_00008.webp,1412,1412,.webp,png_sequence,assets/png
assets/png/miner/default/right/right_00010.webp,1820,1820,.webp,png_sequence,assets/png
assets/png/miner/default/right/right_00012.webp,1918,1918,.webp,png_sequence,assets/png
assets/png/miner/default/right/right_00014.webp,6420,6420,.webp,png_sequence,assets/png
assets/png/miner/default/right/right_00016.webp,8690,8690,.webp,png_sequence,assets/png
assets/png/miner/default/right/right_00018.webp,8910,8910,.webp,png_sequence,assets/png
assets/png/miner/default/right/right_00020.webp,6646,6646,.webp,png_sequence,assets/png
assets/png/miner/default/right/right_00022.webp,2452,2452,.webp,png_sequence,assets/png
assets/png/miner/default/right/right_00024.webp,1938,1938,.webp,png_sequence,assets/png
assets/png/miner/default/right/right_00026.webp,1522,1522,.webp,png_sequence,assets/png
assets/png/miner/default/right/right_00028.webp,1420,1420,.webp,png_sequence,assets/png
assets/png/miner/default/right/right_00030.webp,1416,1416,.webp,png_sequence,assets/png
assets/png/miner/default/right/right_00032.webp,1362,1362,.webp,png_sequence,assets/png
assets/png/miner/default/right/right_00034.webp,1358,1358,.webp,png_sequence,assets/png
assets/png/miner/default/right/right_00036.webp,1388,1388,.webp,png_sequence,assets/png
assets/png/miner/default/right/right_00038.webp,1402,1402,.webp,png_sequence,assets/png
assets/png/miner/default/right/right_00040.webp,1358,1358,.webp,png_sequence,assets/png
assets/png/miner/default/right/right_00042.webp,1438,1438,.webp,png_sequence,assets/png
assets/png/miner/default/right/right_00044.webp,1298,1298,.webp,png_sequence,assets/png
assets/png/miner/headset/appear/appear_00020.webp,48,48,.webp,png_sequence,assets/png
assets/png/miner/headset/appear/appear_00022.webp,592,592,.webp,png_sequence,assets/png
assets/png/miner/headset/appear/appear_00024.webp,1652,1652,.webp,png_sequence,assets/png
assets/png/miner/headset/appear/appear_00026.webp,2566,2566,.webp,png_sequence,assets/png
assets/png/miner/headset/appear/appear_00028.webp,4304,4304,.webp,png_sequence,assets/png
assets/png/miner/headset/appear/appear_00030.webp,4500,4500,.webp,png_sequence,assets/png
assets/png/miner/headset/appear/appear_00032.webp,3854,3854,.webp,png_sequence,assets/png
assets/png/miner/headset/appear/appear_00034.webp,4014,4014,.webp,png_sequence,assets/png
assets/png/miner/headset/appear/appear_00036.webp,3416,3416,.webp,png_sequence,assets/png
assets/png/miner/headset/appear/appear_00038.webp,3064,3064,.webp,png_sequence,assets/png
assets/png/miner/headset/appear/appear_00040.webp,2612,2612,.webp,png_sequence,assets/png
assets/png/miner/headset/appear/appear_00042.webp,2496,2496,.webp,png_sequence,assets/png
assets/png/miner/headset/appear/appear_00044.webp,2074,2074,.webp,png_sequence,assets/png
assets/png/miner/headset/back/back_00000.webp,1830,1830,.webp,png_sequence,assets/png
assets/png/miner/headset/back/back_00002.webp,1740,1740,.webp,png_sequence,assets/png
assets/png/miner/headset/back/back_00004.webp,1784,1784,.webp,png_sequence,assets/png
assets/png/miner/headset/back/back_00006.webp,1720,1720,.webp,png_sequence,assets/png
assets/png/miner/headset/back/back_00008.webp,1874,1874,.webp,png_sequence,assets/png
assets/png/miner/headset/back/back_00010.webp,2146,2146,.webp,png_sequence,assets/png
assets/png/miner/headset/back/back_00012.webp,3802,3802,.webp,png_sequence,assets/png
assets/png/miner/headset/back/back_00014.webp,7358,7358,.webp,png_sequence,assets/png
assets/png/miner/headset/back/back_00016.webp,8862,8862,.webp,png_sequence,assets/png
assets/png/miner/headset/back/back_00018.webp,8068,8068,.webp,png_sequence,assets/png
assets/png/miner/headset/back/back_00020.webp,5300,5300,.webp,png_sequence,assets/png
assets/png/miner/headset/back/back_00022.webp,1774,1774,.webp,png_sequence,assets/png
assets/png/miner/headset/back/back_00024.webp,1726,1726,.webp,png_sequence,assets/png
assets/png/miner/headset/back/back_00026.webp,1800,1800,.webp,png_sequence,assets/png
assets/png/miner/headset/back/back_00028.webp,1880,1880,.webp,png_sequence,assets/png
assets/png/miner/headset/back/back_00030.webp,1860,1860,.webp,png_sequence,assets/png
assets/png/miner/headset/back/back_00032.webp,1960,1960,.webp,png_sequence,assets/png
assets/png/miner/headset/back/back_00034.webp,1798,1798,.webp,png_sequence,assets/png
assets/png/miner/headset/back/back_00036.webp,1766,1766,.webp,png_sequence,assets/png
assets/png/miner/headset/back/back_00038.webp,1746,1746,.webp,png_sequence,assets/png
assets/png/miner/headset/back/back_00040.webp,1746,1746,.webp,png_sequence,assets/png
assets/png/miner/headset/back/back_00042.webp,1680,1680,.webp,png_sequence,assets/png
assets/png/miner/headset/back/back_00044.webp,1802,1802,.webp,png_sequence,assets/png
assets/png/miner/headset/front/front_00000.webp,1986,1986,.webp,png_sequence,assets/png
assets/png/miner/headset/front/front_00002.webp,1914,1914,.webp,png_sequence,assets/png
assets/png/miner/headset/front/front_00004.webp,2062,2062,.webp,png_sequence,assets/png
assets/png/miner/headset/front/front_00006.webp,2176,2176,.webp,png_sequence,assets/png
assets/png/miner/headset/front/front_00008.webp,1926,1926,.webp,png_sequence,assets/png
assets/png/miner/headset/front/front_00010.webp,1682,1682,.webp,png_sequence,assets/png
assets/png/miner/headset/front/front_00012.webp,1772,1772,.webp,png_sequence,assets/png
assets/png/miner/headset/front/front_00014.webp,2844,2844,.webp,png_sequence,assets/png
assets/png/miner/headset/front/front_00016.webp,6112,6112,.webp,png_sequence,assets/png
assets/png/miner/headset/front/front_00018.webp,9596,9596,.webp,png_sequence,assets/png
assets/png/miner/headset/front/front_00020.webp,8842,8842,.webp,png_sequence,assets/png
assets/png/miner/headset/front/front_00022.webp,6592,6592,.webp,png_sequence,assets/png
assets/png/miner/headset/front/front_00024.webp,1978,1978,.webp,png_sequence,assets/png
assets/png/miner/headset/front/front_00026.webp,2110,2110,.webp,png_sequence,assets/png
assets/png/miner/headset/front/front_00028.webp,1872,1872,.webp,png_sequence,assets/png
assets/png/miner/headset/front/front_00030.webp,2040,2040,.webp,png_sequence,assets/png
assets/png/miner/headset/front/front_00032.webp,1946,1946,.webp,png_sequence,assets/png
assets/png/miner/headset/front/front_00034.webp,1868,1868,.webp,png_sequence,assets/png
assets/png/miner/headset/front/front_00036.webp,1884,1884,.webp,png_sequence,assets/png
assets/png/miner/headset/front/front_00038.webp,2048,2048,.webp,png_sequence,assets/png
assets/png/miner/headset/front/front_00040.webp,2030,2030,.webp,png_sequence,assets/png
assets/png/miner/headset/front/front_00042.webp,1986,1986,.webp,png_sequence,assets/png
assets/png/miner/headset/front/front_00044.webp,2030,2030,.webp,png_sequence,assets/png
assets/png/miner/headset/idle/idle_00000.webp,1958,1958,.webp,png_sequence,assets/png
assets/png/miner/headset/idle/idle_00002.webp,2142,2142,.webp,png_sequence,assets/png
assets/png/miner/headset/idle/idle_00004.webp,2160,2160,.webp,png_sequence,assets/png
assets/png/miner/headset/idle/idle_00006.webp,2294,2294,.webp,png_sequence,assets/png
assets/png/miner/headset/idle/idle_00008.webp,2370,2370,.webp,png_sequence,assets/png
assets/png/miner/headset/idle/idle_00010.webp,2482,2482,.webp,png_sequence,assets/png
assets/png/miner/headset/idle/idle_00012.webp,2542,2542,.webp,png_sequence,assets/png
assets/png/miner/headset/idle/idle_00014.webp,2606,2606,.webp,png_sequence,assets/png
assets/png/miner/headset/idle/idle_00016.webp,2648,2648,.webp,png_sequence,assets/png
assets/png/miner/headset/idle/idle_00018.webp,2540,2540,.webp,png_sequence,assets/png
assets/png/miner/headset/idle/idle_00020.webp,2540,2540,.webp,png_sequence,assets/png
assets/png/miner/headset/idle/idle_00022.webp,2540,2540,.webp,png_sequence,assets/png
assets/png/miner/headset/idle/idle_00024.webp,2540,2540,.webp,png_sequence,assets/png
assets/png/miner/headset/idle/idle_00026.webp,2540,2540,.webp,png_sequence,assets/png
assets/png/miner/headset/idle/idle_00028.webp,2540,2540,.webp,png_sequence,assets/png
assets/png/miner/headset/idle/idle_00030.webp,2514,2514,.webp,png_sequence,assets/png
assets/png/miner/headset/idle/idle_00032.webp,2574,2574,.webp,png_sequence,assets/png
assets/png/miner/headset/idle/idle_00034.webp,2410,2410,.webp,png_sequence,assets/png
assets/png/miner/headset/idle/idle_00036.webp,2328,2328,.webp,png_sequence,assets/png
assets/png/miner/headset/idle/idle_00038.webp,2390,2390,.webp,png_sequence,assets/png
assets/png/miner/headset/idle/idle_00040.webp,2232,2232,.webp,png_sequence,assets/png
assets/png/miner/headset/idle/idle_00042.webp,2274,2274,.webp,png_sequence,assets/png
assets/png/miner/headset/idle/idle_00044.webp,2378,2378,.webp,png_sequence,assets/png
assets/png/miner/headset/idle/idle_00046.webp,2452,2452,.webp,png_sequence,assets/png
assets/png/miner/headset/idle/idle_00048.webp,2546,2546,.webp,png_sequence,assets/png
assets/png/miner/headset/idle/idle_00050.webp,2422,2422,.webp,png_sequence,assets/png
assets/png/miner/headset/idle/idle_00052.webp,2534,2534,.webp,png_sequence,assets/png
assets/png/miner/headset/idle/idle_00054.webp,2528,2528,.webp,png_sequence,assets/png
assets/png/miner/headset/idle/idle_00056.webp,2520,2520,.webp,png_sequence,assets/png
assets/png/miner/headset/idle/idle_00058.webp,2464,2464,.webp,png_sequence,assets/png
assets/png/miner/headset/idle/idle_00060.webp,2548,2548,.webp,png_sequence,assets/png
assets/png/miner/headset/idle/idle_00062.webp,2452,2452,.webp,png_sequence,assets/png
assets/png/miner/headset/idle/idle_00064.webp,2432,2432,.webp,png_sequence,assets/png
assets/png/miner/headset/idle/idle_00066.webp,2340,2340,.webp,png_sequence,assets/png
assets/png/miner/headset/idle/idle_00068.webp,2248,2248,.webp,png_sequence,assets/png
assets/png/miner/headset/idle/idle_00070.webp,2162,2162,.webp,png_sequence,assets/png
assets/png/miner/headset/idle/idle_00072.webp,2014,2014,.webp,png_sequence,assets/png
assets/png/miner/headset/idle/idle_00074.webp,2000,2000,.webp,png_sequence,assets/png
assets/png/miner/headset/left/left_00000.webp,1746,1746,.webp,png_sequence,assets/png
assets/png/miner/headset/left/left_00002.webp,1752,1752,.webp,png_sequence,assets/png
assets/png/miner/headset/left/left_00004.webp,2254,2254,.webp,png_sequence,assets/png
assets/png/miner/headset/left/left_00006.webp,2340,2340,.webp,png_sequence,assets/png
assets/png/miner/headset/left/left_00008.webp,2244,2244,.webp,png_sequence,assets/png
assets/png/miner/headset/left/left_00010.webp,2290,2290,.webp,png_sequence,assets/png
assets/png/miner/headset/left/left_00012.webp,5052,5052,.webp,png_sequence,assets/png
assets/png/miner/headset/left/left_00014.webp,8022,8022,.webp,png_sequence,assets/png
assets/png/miner/headset/left/left_00016.webp,9524,9524,.webp,png_sequence,assets/png
assets/png/miner/headset/left/left_00018.webp,8414,8414,.webp,png_sequence,assets/png
assets/png/miner/headset/left/left_00020.webp,6552,6552,.webp,png_sequence,assets/png
assets/png/miner/headset/left/left_00022.webp,2662,2662,.webp,png_sequence,assets/png
assets/png/miner/headset/left/left_00024.webp,2080,2080,.webp,png_sequence,assets/png
assets/png/miner/headset/left/left_00026.webp,1736,1736,.webp,png_sequence,assets/png
assets/png/miner/headset/left/left_00028.webp,1676,1676,.webp,png_sequence,assets/png
assets/png/miner/headset/left/left_00030.webp,1700,1700,.webp,png_sequence,assets/png
assets/png/miner/headset/left/left_00032.webp,1686,1686,.webp,png_sequence,assets/png
assets/png/miner/headset/left/left_00034.webp,1724,1724,.webp,png_sequence,assets/png
assets/png/miner/headset/left/left_00036.webp,1690,1690,.webp,png_sequence,assets/png
assets/png/miner/headset/left/left_00038.webp,1678,1678,.webp,png_sequence,assets/png
assets/png/miner/headset/left/left_00040.webp,1654,1654,.webp,png_sequence,assets/png
assets/png/miner/headset/left/left_00042.webp,1676,1676,.webp,png_sequence,assets/png
assets/png/miner/headset/left/left_00044.webp,1736,1736,.webp,png_sequence,assets/png
assets/png/miner/headset/right/right_00000.webp,1750,1750,.webp,png_sequence,assets/png
assets/png/miner/headset/right/right_00002.webp,2026,2026,.webp,png_sequence,assets/png
assets/png/miner/headset/right/right_00004.webp,2326,2326,.webp,png_sequence,assets/png
assets/png/miner/headset/right/right_00006.webp,2352,2352,.webp,png_sequence,assets/png
assets/png/miner/headset/right/right_00008.webp,1784,1784,.webp,png_sequence,assets/png
assets/png/miner/headset/right/right_00010.webp,2538,2538,.webp,png_sequence,assets/png
assets/png/miner/headset/right/right_00012.webp,4680,4680,.webp,png_sequence,assets/png
assets/png/miner/headset/right/right_00014.webp,8026,8026,.webp,png_sequence,assets/png
assets/png/miner/headset/right/right_00016.webp,9522,9522,.webp,png_sequence,assets/png
assets/png/miner/headset/right/right_00018.webp,7980,7980,.webp,png_sequence,assets/png
assets/png/miner/headset/right/right_00020.webp,5956,5956,.webp,png_sequence,assets/png
assets/png/miner/headset/right/right_00022.webp,2740,2740,.webp,png_sequence,assets/png
assets/png/miner/headset/right/right_00024.webp,2144,2144,.webp,png_sequence,assets/png
assets/png/miner/headset/right/right_00026.webp,1702,1702,.webp,png_sequence,assets/png
assets/png/miner/headset/right/right_00028.webp,1730,1730,.webp,png_sequence,assets/png
assets/png/miner/headset/right/right_00030.webp,1798,1798,.webp,png_sequence,assets/png
assets/png/miner/headset/right/right_00032.webp,1794,1794,.webp,png_sequence,assets/png
assets/png/miner/headset/right/right_00034.webp,1764,1764,.webp,png_sequence,assets/png
assets/png/miner/headset/right/right_00036.webp,1790,1790,.webp,png_sequence,assets/png
assets/png/miner/headset/right/right_00038.webp,1712,1712,.webp,png_sequence,assets/png
assets/png/miner/headset/right/right_00040.webp,1670,1670,.webp,png_sequence,assets/png
assets/png/miner/headset/right/right_00042.webp,1658,1658,.webp,png_sequence,assets/png
assets/png/miner/headset/right/right_00044.webp,1756,1756,.webp,png_sequence,assets/png
assets/res/action_liveness/tt_liveness_v11.0.model,394862,354350,.model,android,assets/res
assets/res/shader/hairseg.fsh,376,187,.fsh,android,assets/res
assets/res/shader/liveness.fsh,409,218,.fsh,android,assets/res
assets/res/shader/normal.vsh,212,119,.vsh,android,assets/res
assets/robbery/attack_me.pag,18976,18345,.pag,robbery_assets,assets/robbery
assets/robbery/hurt_killer.pag,41439,33633,.pag,robbery_assets,assets/robbery
assets/robbery/walk_me.pag,15771,15164,.pag,robbery_assets,assets/robbery
assets/saio_res/zt_7e46b28a-8c93-4940-8238-4c60e64e3c81.png,1987,1987,.png,android,assets/saio_res
assets/saio_res/zt_92827f75-21cd-4faa-9aa5-74191b262edd.png,1873,1873,.png,android,assets/saio_res
assets/seq/rob/1/attack/00000.png,4989,4989,.png,android,assets/seq
assets/seq/rob/1/attack/00001.png,5227,5227,.png,android,assets/seq
assets/seq/rob/1/attack/00002.png,5264,5264,.png,android,assets/seq
assets/seq/rob/1/attack/00003.png,5415,5415,.png,android,assets/seq
assets/seq/rob/1/attack/00004.png,5327,5327,.png,android,assets/seq
assets/seq/rob/1/attack/00005.png,5445,5445,.png,android,assets/seq
assets/seq/rob/1/attack/00006.png,5419,5419,.png,android,assets/seq
assets/seq/rob/1/attack/00007.png,5420,5420,.png,android,assets/seq
assets/seq/rob/1/attack/00008.png,5273,5273,.png,android,assets/seq
assets/seq/rob/1/attack/00009.png,5158,5158,.png,android,assets/seq
assets/seq/rob/1/attack/00010.png,4964,4964,.png,android,assets/seq
assets/seq/rob/1/walk/00000.png,5237,5237,.png,android,assets/seq
assets/seq/rob/1/walk/00001.png,5225,5225,.png,android,assets/seq
assets/seq/rob/1/walk/00002.png,5211,5211,.png,android,assets/seq
assets/seq/rob/1/walk/00003.png,5213,5213,.png,android,assets/seq
assets/seq/rob/1/walk/00004.png,5150,5150,.png,android,assets/seq
assets/seq/rob/1/walk/00005.png,5124,5124,.png,android,assets/seq
assets/seq/rob/1/walk/00006.png,5124,5124,.png,android,assets/seq
assets/seq/rob/1/walk/00007.png,5177,5177,.png,android,assets/seq
assets/seq/rob/1/walk/00008.png,5213,5213,.png,android,assets/seq
assets/seq/rob/1/walk/00009.png,5234,5234,.png,android,assets/seq
assets/seq/rob/1/walk/00010.png,5214,5214,.png,android,assets/seq
assets/seq/rob/2/attack/00000.png,5642,5642,.png,android,assets/seq
assets/seq/rob/2/attack/00001.png,5597,5597,.png,android,assets/seq
assets/seq/rob/2/attack/00002.png,5345,5345,.png,android,assets/seq
assets/seq/rob/2/attack/00003.png,5286,5286,.png,android,assets/seq
assets/seq/rob/2/attack/00004.png,5403,5403,.png,android,assets/seq
assets/seq/rob/2/attack/00005.png,5508,5508,.png,android,assets/seq
assets/seq/rob/2/attack/00006.png,5364,5364,.png,android,assets/seq
assets/seq/rob/2/attack/00007.png,5241,5241,.png,android,assets/seq
assets/seq/rob/2/attack/00008.png,5314,5314,.png,android,assets/seq
assets/seq/rob/2/attack/00009.png,5569,5569,.png,android,assets/seq
assets/seq/rob/2/attack/00010.png,5648,5648,.png,android,assets/seq
assets/seq/rob/2/walk/00000.png,5594,5594,.png,android,assets/seq
assets/seq/rob/2/walk/00001.png,5573,5573,.png,android,assets/seq
assets/seq/rob/2/walk/00002.png,5560,5560,.png,android,assets/seq
assets/seq/rob/2/walk/00003.png,5491,5491,.png,android,assets/seq
assets/seq/rob/2/walk/00004.png,5497,5497,.png,android,assets/seq
assets/seq/rob/2/walk/00005.png,5461,5461,.png,android,assets/seq
assets/seq/rob/2/walk/00006.png,5468,5468,.png,android,assets/seq
assets/seq/rob/2/walk/00007.png,5431,5431,.png,android,assets/seq
assets/seq/rob/2/walk/00008.png,5539,5539,.png,android,assets/seq
assets/seq/rob/2/walk/00009.png,5512,5512,.png,android,assets/seq
assets/seq/rob/2/walk/00010.png,5584,5584,.png,android,assets/seq
assets/seq/rob/3/attack/00000.png,4195,4195,.png,android,assets/seq
assets/seq/rob/3/attack/00001.png,4260,4260,.png,android,assets/seq
assets/seq/rob/3/attack/00002.png,4303,4303,.png,android,assets/seq
assets/seq/rob/3/attack/00003.png,4311,4311,.png,android,assets/seq
assets/seq/rob/3/attack/00004.png,4373,4373,.png,android,assets/seq
assets/seq/rob/3/attack/00005.png,4432,4432,.png,android,assets/seq
assets/seq/rob/3/attack/00006.png,4435,4435,.png,android,assets/seq
assets/seq/rob/3/attack/00007.png,4332,4332,.png,android,assets/seq
assets/seq/rob/3/attack/00008.png,4368,4368,.png,android,assets/seq
assets/seq/rob/3/attack/00009.png,4259,4259,.png,android,assets/seq
assets/seq/rob/3/attack/00010.png,4214,4214,.png,android,assets/seq
assets/seq/rob/3/walk/00000.png,4282,4282,.png,android,assets/seq
assets/seq/rob/3/walk/00001.png,4267,4267,.png,android,assets/seq
assets/seq/rob/3/walk/00002.png,4186,4186,.png,android,assets/seq
assets/seq/rob/3/walk/00003.png,4168,4168,.png,android,assets/seq
assets/seq/rob/3/walk/00004.png,4154,4154,.png,android,assets/seq
assets/seq/rob/3/walk/00005.png,4139,4139,.png,android,assets/seq
assets/seq/rob/3/walk/00006.png,4165,4165,.png,android,assets/seq
assets/seq/rob/3/walk/00007.png,4177,4177,.png,android,assets/seq
assets/seq/rob/3/walk/00008.png,4176,4176,.png,android,assets/seq
assets/seq/rob/3/walk/00009.png,4165,4165,.png,android,assets/seq
assets/seq/rob/3/walk/00010.png,4265,4265,.png,android,assets/seq
assets/seq/rob/4/attack/00000.png,6982,6982,.png,android,assets/seq
assets/seq/rob/4/attack/00001.png,7124,7124,.png,android,assets/seq
assets/seq/rob/4/attack/00002.png,7062,7062,.png,android,assets/seq
assets/seq/rob/4/attack/00003.png,7233,7233,.png,android,assets/seq
assets/seq/rob/4/attack/00004.png,7229,7229,.png,android,assets/seq
assets/seq/rob/4/attack/00005.png,7151,7151,.png,android,assets/seq
assets/seq/rob/4/attack/00006.png,7233,7233,.png,android,assets/seq
assets/seq/rob/4/attack/00007.png,7211,7211,.png,android,assets/seq
assets/seq/rob/4/attack/00008.png,7221,7221,.png,android,assets/seq
assets/seq/rob/4/attack/00009.png,7129,7129,.png,android,assets/seq
assets/seq/rob/4/attack/00010.png,6993,6993,.png,android,assets/seq
assets/seq/rob/4/walk/00000.png,7109,7109,.png,android,assets/seq
assets/seq/rob/4/walk/00001.png,7066,7066,.png,android,assets/seq
assets/seq/rob/4/walk/00002.png,7011,7011,.png,android,assets/seq
assets/seq/rob/4/walk/00003.png,6976,6976,.png,android,assets/seq
assets/seq/rob/4/walk/00004.png,6921,6921,.png,android,assets/seq
assets/seq/rob/4/walk/00005.png,6921,6921,.png,android,assets/seq
assets/seq/rob/4/walk/00006.png,6920,6920,.png,android,assets/seq
assets/seq/rob/4/walk/00007.png,6936,6936,.png,android,assets/seq
assets/seq/rob/4/walk/00008.png,6979,6979,.png,android,assets/seq
assets/seq/rob/4/walk/00009.png,7006,7006,.png,android,assets/seq
assets/seq/rob/4/walk/00010.png,7098,7098,.png,android,assets/seq
assets/seq/rob/5/attack/00000.png,7012,7012,.png,android,assets/seq
assets/seq/rob/5/attack/00001.png,6921,6921,.png,android,assets/seq
assets/seq/rob/5/attack/00002.png,6847,6847,.png,android,assets/seq
assets/seq/rob/5/attack/00003.png,6874,6874,.png,android,assets/seq
assets/seq/rob/5/attack/00004.png,6875,6875,.png,android,assets/seq
assets/seq/rob/5/attack/00005.png,6950,6950,.png,android,assets/seq
assets/seq/rob/5/attack/00006.png,6932,6932,.png,android,assets/seq
assets/seq/rob/5/attack/00007.png,6852,6852,.png,android,assets/seq
assets/seq/rob/5/attack/00008.png,6836,6836,.png,android,assets/seq
assets/seq/rob/5/attack/00009.png,6931,6931,.png,android,assets/seq
assets/seq/rob/5/attack/00010.png,6977,6977,.png,android,assets/seq
assets/seq/rob/5/walk/00000.png,6893,6893,.png,android,assets/seq
assets/seq/rob/5/walk/00001.png,6829,6829,.png,android,assets/seq
assets/seq/rob/5/walk/00002.png,6828,6828,.png,android,assets/seq
assets/seq/rob/5/walk/00003.png,6803,6803,.png,android,assets/seq
assets/seq/rob/5/walk/00004.png,6774,6774,.png,android,assets/seq
assets/seq/rob/5/walk/00005.png,6766,6766,.png,android,assets/seq
assets/seq/rob/5/walk/00006.png,6786,6786,.png,android,assets/seq
assets/seq/rob/5/walk/00007.png,6720,6720,.png,android,assets/seq
assets/seq/rob/5/walk/00008.png,6778,6778,.png,android,assets/seq
assets/seq/rob/5/walk/00009.png,6820,6820,.png,android,assets/seq
assets/seq/rob/5/walk/00010.png,6916,6916,.png,android,assets/seq
assets/seq/rob/6/attack/00000.png,4606,4606,.png,android,assets/seq
assets/seq/rob/6/attack/00001.png,4600,4600,.png,android,assets/seq
assets/seq/rob/6/attack/00002.png,4557,4557,.png,android,assets/seq
assets/seq/rob/6/attack/00003.png,4596,4596,.png,android,assets/seq
assets/seq/rob/6/attack/00004.png,4664,4664,.png,android,assets/seq
assets/seq/rob/6/attack/00005.png,4722,4722,.png,android,assets/seq
assets/seq/rob/6/attack/00006.png,4739,4739,.png,android,assets/seq
assets/seq/rob/6/attack/00007.png,4689,4689,.png,android,assets/seq
assets/seq/rob/6/attack/00008.png,4605,4605,.png,android,assets/seq
assets/seq/rob/6/attack/00009.png,4652,4652,.png,android,assets/seq
assets/seq/rob/6/attack/00010.png,4592,4592,.png,android,assets/seq
assets/seq/rob/6/walk/00000.png,4670,4670,.png,android,assets/seq
assets/seq/rob/6/walk/00001.png,4608,4608,.png,android,assets/seq
assets/seq/rob/6/walk/00002.png,4565,4565,.png,android,assets/seq
assets/seq/rob/6/walk/00003.png,4531,4531,.png,android,assets/seq
assets/seq/rob/6/walk/00004.png,4412,4412,.png,android,assets/seq
assets/seq/rob/6/walk/00005.png,4460,4460,.png,android,assets/seq
assets/seq/rob/6/walk/00006.png,4423,4423,.png,android,assets/seq
assets/seq/rob/6/walk/00007.png,4490,4490,.png,android,assets/seq
assets/seq/rob/6/walk/00008.png,4524,4524,.png,android,assets/seq
assets/seq/rob/6/walk/00009.png,4608,4608,.png,android,assets/seq
assets/seq/rob/6/walk/00010.png,4665,4665,.png,android,assets/seq
assets/sound/add_egg.mp3,12418,12418,.mp3,audio,assets/sound
assets/sound/ape_medal_coins.mp3,60349,60349,.mp3,audio,assets/sound
assets/sound/arena/battle.mp3,158751,158751,.mp3,audio,assets/sound
assets/sound/arena/bgm.mp3,807643,807643,.mp3,audio,assets/sound
assets/sound/arena/start.mp3,18687,18687,.mp3,audio,assets/sound
assets/sound/arena/vs.mp3,58786,58786,.mp3,audio,assets/sound
assets/sound/avoid.mp3,68496,68496,.mp3,audio,assets/sound
assets/sound/bag_ndtu.wav,32152,32152,.wav,audio,assets/sound
assets/sound/bag_rabbit.wav,370044,370044,.wav,audio,assets/sound
assets/sound/bomb_voice.mp3,12341,12341,.mp3,audio,assets/sound
assets/sound/boss_battle.mp3,20412,20412,.mp3,audio,assets/sound
assets/sound/boss_bgm.mp3,618517,618517,.mp3,audio,assets/sound
assets/sound/boss_failure.mp3,10330,10330,.mp3,audio,assets/sound
assets/sound/boss_start.mp3,16807,16807,.mp3,audio,assets/sound
assets/sound/boss_success.mp3,79500,79500,.mp3,audio,assets/sound
assets/sound/boss_vs.mp3,15554,15554,.mp3,audio,assets/sound
assets/sound/countdownMusic.mp3,20705,20705,.mp3,audio,assets/sound
assets/sound/decorate_down.mp3,29323,29323,.mp3,audio,assets/sound
assets/sound/decorate_up.mp3,36812,36812,.mp3,audio,assets/sound
assets/sound/egg_update.mp3,32313,32313,.mp3,audio,assets/sound
assets/sound/killBGM.mp3,1694985,1694985,.mp3,audio,assets/sound
assets/sound/kill_door.mp3,5328,5328,.mp3,audio,assets/sound
assets/sound/kill_door.wav,146456,146456,.wav,audio,assets/sound
assets/sound/killed.mp3,9367,9367,.mp3,audio,assets/sound
assets/sound/killer_wield_knife.mp3,15400,15400,.mp3,audio,assets/sound
assets/sound/lucky_bag_bg.mp3,166965,166965,.mp3,audio,assets/sound
assets/sound/lucky_bag_click.wav,160044,160044,.wav,audio,assets/sound
assets/sound/lucky_bag_open.mp3,98723,98723,.mp3,audio,assets/sound
assets/sound/lucky_bag_reward.wav,92128,92128,.wav,audio,assets/sound
assets/sound/medal_reward_bgm.mp3,472338,472338,.mp3,audio,assets/sound
assets/sound/medal_reward_fight.mp3,136596,136596,.mp3,audio,assets/sound
assets/sound/medal_reward_start.mp3,16807,16807,.mp3,audio,assets/sound
assets/sound/monkey_fight_attack.mp3,82445,82445,.mp3,audio,assets/sound
assets/sound/monkey_fight_bg.mp3,370146,370146,.mp3,audio,assets/sound
assets/sound/monkey_fight_breathe.mp3,392824,392824,.mp3,audio,assets/sound
assets/sound/monkey_fight_btn.wav,160044,160044,.wav,audio,assets/sound
assets/sound/monkey_fight_cage_down.mp3,123644,123644,.mp3,audio,assets/sound
assets/sound/monkey_fight_choose.mp3,18593,18593,.mp3,audio,assets/sound
assets/sound/monkey_fight_countdown.mp3,170711,170711,.mp3,audio,assets/sound
assets/sound/monkey_fight_run.mp3,24227,24227,.mp3,audio,assets/sound
assets/sound/monkey_fight_run_start.mp3,56779,56779,.mp3,audio,assets/sound
assets/sound/monkey_fight_stele_down.mp3,24853,24853,.mp3,audio,assets/sound
assets/sound/nxbgm1.mp3,868920,868920,.mp3,audio,assets/sound
assets/sound/nxbgm2.mp3,118748,118748,.mp3,audio,assets/sound
assets/sound/nxbgm3.mp3,156968,156968,.mp3,audio,assets/sound
assets/sound/nxbgm4.mp3,151040,151040,.mp3,audio,assets/sound
assets/sound/open_egg.mp3,13638,13638,.mp3,audio,assets/sound
assets/sound/open_red_package.mp3,49182,49182,.mp3,audio,assets/sound
assets/sound/playClick.mp3,1687,1687,.mp3,audio,assets/sound
assets/sound/receive_task.mp3,64663,64663,.mp3,audio,assets/sound
assets/sound/show_dialog.mp3,7985,7985,.mp3,audio,assets/sound
assets/sound/strengthen/in.mp3,41656,41656,.mp3,audio,assets/sound
assets/sound/strengthen/out.mp3,33847,33847,.mp3,audio,assets/sound
assets/sound/strengthen/strong.mp3,56503,56503,.mp3,audio,assets/sound
assets/sound/switched_egg.mp3,18464,18464,.mp3,audio,assets/sound
assets/sound/switching_egg.mp3,4064,4064,.mp3,audio,assets/sound
assets/supplierconfig.json,306,104,.json,android,assets/supplierconfig.json
assets/toyger.face.dat,670291,670449,.dat,android,assets/toyger.face.dat
assets/toyger.quality.dat,1946989,1947584,.dat,android,assets/toyger.quality.dat
assets/tug/ape_0.pag,132833,130343,.pag,android,assets/tug
assets/tug/ape_1.pag,292527,289460,.pag,android,assets/tug
assets/tug/ape_2.pag,169925,167701,.pag,android,assets/tug
assets/tug/ape_3.pag,189737,186836,.pag,android,assets/tug
assets/tug/ape_4.pag,242083,239627,.pag,android,assets/tug
assets/tug/ape_5.pag,377367,375708,.pag,android,assets/tug
assets/tug/ape_6.pag,306393,303363,.pag,android,assets/tug
assets/tug/ape_idle.pag,130819,121569,.pag,android,assets/tug
assets/tug/ape_pop.pag,35735,35016,.pag,android,assets/tug
assets/tug/audience.pag,80016,74739,.pag,android,assets/tug
assets/tug/bg.mp3,313629,313629,.mp3,audio,assets/tug
assets/tug/caidai.pag,78510,74876,.pag,android,assets/tug
assets/tug/click.mp3,1924,1924,.mp3,audio,assets/tug
assets/tug/mimecraft_idle.pag,393780,386455,.pag,android,assets/tug
assets/tug/mimecraft_left.pag,424222,419994,.pag,android,assets/tug
assets/tug/mimecraft_right.pag,439900,435584,.pag,android,assets/tug
assets/tug/ndtu_0.pag,132243,129847,.pag,android,assets/tug
assets/tug/ndtu_1.pag,291937,288957,.pag,android,assets/tug
assets/tug/ndtu_2.pag,155061,153097,.pag,android,assets/tug
assets/tug/ndtu_3.pag,193813,190376,.pag,android,assets/tug
assets/tug/ndtu_4.pag,235949,233610,.pag,android,assets/tug
assets/tug/ndtu_5.pag,388299,386496,.pag,android,assets/tug
assets/tug/ndtu_6.pag,313957,310997,.pag,android,assets/tug
assets/tug/ndtu_idle.pag,130677,127782,.pag,android,assets/tug
assets/tug/ndtu_pop.pag,37335,36657,.pag,android,assets/tug
assets/tug/progress_arrow_left.pag,34496,7474,.pag,android,assets/tug
assets/tug/progress_mimecraft.pag,357320,350948,.pag,android,assets/tug
assets/tug/win_anim_1_ape.pag,313387,312629,.pag,android,assets/tug
assets/tug/win_anim_1_ndtu.pag,302727,302230,.pag,android,assets/tug
assets/tug/win_anim_2_ape.pag,975217,973933,.pag,android,assets/tug
assets/tug/win_anim_2_ndtu.pag,955663,954373,.pag,android,assets/tug
assets/unicorn_emoji/default/1f388.png,2615,2615,.png,android,assets/unicorn_emoji
assets/unicorn_emoji/default/1f41e.png,6247,6247,.png,android,assets/unicorn_emoji
assets/unicorn_emoji/default/1f437.png,5879,5879,.png,android,assets/unicorn_emoji
assets/unicorn_emoji/default/1f47b.png,4927,4927,.png,android,assets/unicorn_emoji
assets/unicorn_emoji/default/1f49d.png,5918,5918,.png,android,assets/unicorn_emoji
assets/unicorn_emoji/default/1f4aa-1f3fc.png,3756,3756,.png,android,assets/unicorn_emoji
assets/unicorn_emoji/default/1f60c.png,5101,5101,.png,android,assets/unicorn_emoji
assets/unicorn_emoji/default/1f612.png,5129,5129,.png,android,assets/unicorn_emoji
assets/unicorn_emoji/default/1f615.png,4469,4469,.png,android,assets/unicorn_emoji
assets/unicorn_emoji/default/1f616.png,5567,5567,.png,android,assets/unicorn_emoji
assets/unicorn_emoji/default/1f61d.png,5491,5491,.png,android,assets/unicorn_emoji
assets/unicorn_emoji/default/1f628.png,5303,5303,.png,android,assets/unicorn_emoji
assets/unicorn_emoji/default/1f629.png,6028,6028,.png,android,assets/unicorn_emoji
assets/unicorn_emoji/default/1f62a.png,5768,5768,.png,android,assets/unicorn_emoji
assets/unicorn_emoji/default/1f630.png,5829,5829,.png,android,assets/unicorn_emoji
assets/unicorn_emoji/default/1f63e.png,5153,5153,.png,android,assets/unicorn_emoji
assets/unicorn_emoji/default/1f641.png,4283,4283,.png,android,assets/unicorn_emoji
assets/unicorn_emoji/default/1f642.png,4286,4286,.png,android,assets/unicorn_emoji
assets/unicorn_emoji/default/1f64f-1f3fc.png,3781,3781,.png,android,assets/unicorn_emoji
assets/unicorn_emoji/default/emoji_00.png,7018,7018,.png,android,assets/unicorn_emoji
assets/unicorn_emoji/default/emoji_01.png,6513,6513,.png,android,assets/unicorn_emoji
assets/unicorn_emoji/default/emoji_02.png,7070,7070,.png,android,assets/unicorn_emoji
assets/unicorn_emoji/default/emoji_03.png,6787,6787,.png,android,assets/unicorn_emoji
assets/unicorn_emoji/default/emoji_04.png,6920,6920,.png,android,assets/unicorn_emoji
assets/unicorn_emoji/default/emoji_05.png,7422,7422,.png,android,assets/unicorn_emoji
assets/unicorn_emoji/default/emoji_06.png,7672,7672,.png,android,assets/unicorn_emoji
assets/unicorn_emoji/default/emoji_07.png,6950,6950,.png,android,assets/unicorn_emoji
assets/unicorn_emoji/default/emoji_08.png,7374,7374,.png,android,assets/unicorn_emoji
assets/unicorn_emoji/default/emoji_09.png,6984,6984,.png,android,assets/unicorn_emoji
assets/unicorn_emoji/default/emoji_10.png,7065,7065,.png,android,assets/unicorn_emoji
assets/unicorn_emoji/default/emoji_100.png,7493,7493,.png,android,assets/unicorn_emoji
assets/unicorn_emoji/default/emoji_101.png,4995,4995,.png,android,assets/unicorn_emoji
assets/unicorn_emoji/default/emoji_102.png,9056,9056,.png,android,assets/unicorn_emoji
assets/unicorn_emoji/default/emoji_103.png,5742,5742,.png,android,assets/unicorn_emoji
assets/unicorn_emoji/default/emoji_104.png,5562,5562,.png,android,assets/unicorn_emoji
assets/unicorn_emoji/default/emoji_105.png,4437,4437,.png,android,assets/unicorn_emoji
assets/unicorn_emoji/default/emoji_106.png,5741,5741,.png,android,assets/unicorn_emoji
assets/unicorn_emoji/default/emoji_107.png,6503,6503,.png,android,assets/unicorn_emoji
assets/unicorn_emoji/default/emoji_108.png,7718,7718,.png,android,assets/unicorn_emoji
assets/unicorn_emoji/default/emoji_109.png,7779,7779,.png,android,assets/unicorn_emoji
assets/unicorn_emoji/default/emoji_11.png,6533,6533,.png,android,assets/unicorn_emoji
assets/unicorn_emoji/default/emoji_110.png,7203,7203,.png,android,assets/unicorn_emoji
assets/unicorn_emoji/default/emoji_111.png,7548,7548,.png,android,assets/unicorn_emoji
assets/unicorn_emoji/default/emoji_112.png,5987,5987,.png,android,assets/unicorn_emoji
assets/unicorn_emoji/default/emoji_113.png,5839,5839,.png,android,assets/unicorn_emoji
assets/unicorn_emoji/default/emoji_114.png,5236,5236,.png,android,assets/unicorn_emoji
assets/unicorn_emoji/default/emoji_115.png,7869,7869,.png,android,assets/unicorn_emoji
assets/unicorn_emoji/default/emoji_12.png,8312,8312,.png,android,assets/unicorn_emoji
assets/unicorn_emoji/default/emoji_13.png,7007,7007,.png,android,assets/unicorn_emoji
assets/unicorn_emoji/default/emoji_14.png,6803,6803,.png,android,assets/unicorn_emoji
assets/unicorn_emoji/default/emoji_145.png,7031,7031,.png,android,assets/unicorn_emoji
assets/unicorn_emoji/default/emoji_15.png,6935,6935,.png,android,assets/unicorn_emoji
assets/unicorn_emoji/default/emoji_16.png,6598,6598,.png,android,assets/unicorn_emoji
assets/unicorn_emoji/default/emoji_160.png,8741,8741,.png,android,assets/unicorn_emoji
assets/unicorn_emoji/default/emoji_161.png,9202,9202,.png,android,assets/unicorn_emoji
assets/unicorn_emoji/default/emoji_162.png,9194,9194,.png,android,assets/unicorn_emoji
assets/unicorn_emoji/default/emoji_163.png,8977,8977,.png,android,assets/unicorn_emoji
assets/unicorn_emoji/default/emoji_164.png,9937,9937,.png,android,assets/unicorn_emoji
assets/unicorn_emoji/default/emoji_165.png,9968,9968,.png,android,assets/unicorn_emoji
assets/unicorn_emoji/default/emoji_166.png,10664,10664,.png,android,assets/unicorn_emoji
assets/unicorn_emoji/default/emoji_167.png,6666,6666,.png,android,assets/unicorn_emoji
assets/unicorn_emoji/default/emoji_17.png,7202,7202,.png,android,assets/unicorn_emoji
assets/unicorn_emoji/default/emoji_18.png,7460,7460,.png,android,assets/unicorn_emoji
assets/unicorn_emoji/default/emoji_19.png,8439,8439,.png,android,assets/unicorn_emoji
assets/unicorn_emoji/default/emoji_20.png,6828,6828,.png,android,assets/unicorn_emoji
assets/unicorn_emoji/default/emoji_21.png,7060,7060,.png,android,assets/unicorn_emoji
assets/unicorn_emoji/default/emoji_22.png,7228,7228,.png,android,assets/unicorn_emoji
assets/unicorn_emoji/default/emoji_23.png,6786,6786,.png,android,assets/unicorn_emoji
assets/unicorn_emoji/default/emoji_24.png,6729,6729,.png,android,assets/unicorn_emoji
assets/unicorn_emoji/default/emoji_25.png,6603,6603,.png,android,assets/unicorn_emoji
assets/unicorn_emoji/default/emoji_26.png,7101,7101,.png,android,assets/unicorn_emoji
assets/unicorn_emoji/default/emoji_27.png,6623,6623,.png,android,assets/unicorn_emoji
assets/unicorn_emoji/default/emoji_28.png,7889,7889,.png,android,assets/unicorn_emoji
assets/unicorn_emoji/default/emoji_29.png,6868,6868,.png,android,assets/unicorn_emoji
assets/unicorn_emoji/default/emoji_30.png,6843,6843,.png,android,assets/unicorn_emoji
assets/unicorn_emoji/default/emoji_31.png,7652,7652,.png,android,assets/unicorn_emoji
assets/unicorn_emoji/default/emoji_32.png,7312,7312,.png,android,assets/unicorn_emoji
assets/unicorn_emoji/default/emoji_33.png,8330,8330,.png,android,assets/unicorn_emoji
assets/unicorn_emoji/default/emoji_34.png,6761,6761,.png,android,assets/unicorn_emoji
assets/unicorn_emoji/default/emoji_35.png,6331,6331,.png,android,assets/unicorn_emoji
assets/unicorn_emoji/default/emoji_36.png,6132,6132,.png,android,assets/unicorn_emoji
assets/unicorn_emoji/default/emoji_37.png,7341,7341,.png,android,assets/unicorn_emoji
assets/unicorn_emoji/default/emoji_38.png,5992,5992,.png,android,assets/unicorn_emoji
assets/unicorn_emoji/default/emoji_39.png,9613,9613,.png,android,assets/unicorn_emoji
assets/unicorn_emoji/default/emoji_40.png,8535,8535,.png,android,assets/unicorn_emoji
assets/unicorn_emoji/default/emoji_41.png,4509,4509,.png,android,assets/unicorn_emoji
assets/unicorn_emoji/default/emoji_42.png,6642,6642,.png,android,assets/unicorn_emoji
assets/unicorn_emoji/default/emoji_43.png,6033,6033,.png,android,assets/unicorn_emoji
assets/unicorn_emoji/default/emoji_44.png,8074,8074,.png,android,assets/unicorn_emoji
assets/unicorn_emoji/default/emoji_45.png,5483,5483,.png,android,assets/unicorn_emoji
assets/unicorn_emoji/default/emoji_46.png,6972,6972,.png,android,assets/unicorn_emoji
assets/unicorn_emoji/default/emoji_47.png,7872,7872,.png,android,assets/unicorn_emoji
assets/unicorn_emoji/default/emoji_48.png,8194,8194,.png,android,assets/unicorn_emoji
assets/unicorn_emoji/default/emoji_49.png,7998,7998,.png,android,assets/unicorn_emoji
assets/unicorn_emoji/default/emoji_50.png,7284,7284,.png,android,assets/unicorn_emoji
assets/unicorn_emoji/default/emoji_51.png,7497,7497,.png,android,assets/unicorn_emoji
assets/unicorn_emoji/default/emoji_52.png,7820,7820,.png,android,assets/unicorn_emoji
assets/unicorn_emoji/default/emoji_53.png,5463,5463,.png,android,assets/unicorn_emoji
assets/unicorn_emoji/default/emoji_54.png,4453,4453,.png,android,assets/unicorn_emoji
assets/unicorn_emoji/default/emoji_55.png,8331,8331,.png,android,assets/unicorn_emoji
assets/unicorn_emoji/default/emoji_56.png,8747,8747,.png,android,assets/unicorn_emoji
assets/unicorn_emoji/default/emoji_57.png,9680,9680,.png,android,assets/unicorn_emoji
assets/unicorn_emoji/default/emoji_58.png,4438,4438,.png,android,assets/unicorn_emoji
assets/unicorn_emoji/default/emoji_59.png,8279,8279,.png,android,assets/unicorn_emoji
assets/unicorn_emoji/default/emoji_60.png,8461,8461,.png,android,assets/unicorn_emoji
assets/unicorn_emoji/default/emoji_61.png,6392,6392,.png,android,assets/unicorn_emoji
assets/unicorn_emoji/default/emoji_62.png,7946,7946,.png,android,assets/unicorn_emoji
assets/unicorn_emoji/default/emoji_63.png,8007,8007,.png,android,assets/unicorn_emoji
assets/unicorn_emoji/default/emoji_64.png,5683,5683,.png,android,assets/unicorn_emoji
assets/unicorn_emoji/default/emoji_65.png,6844,6844,.png,android,assets/unicorn_emoji
assets/unicorn_emoji/default/emoji_66.png,8459,8459,.png,android,assets/unicorn_emoji
assets/unicorn_emoji/default/emoji_67.png,9294,9294,.png,android,assets/unicorn_emoji
assets/unicorn_emoji/default/emoji_68.png,6812,6812,.png,android,assets/unicorn_emoji
assets/unicorn_emoji/default/emoji_69.png,5795,5795,.png,android,assets/unicorn_emoji
assets/unicorn_emoji/default/emoji_70.png,7899,7899,.png,android,assets/unicorn_emoji
assets/unicorn_emoji/default/emoji_71.png,7769,7769,.png,android,assets/unicorn_emoji
assets/unicorn_emoji/default/emoji_72.png,9073,9073,.png,android,assets/unicorn_emoji
assets/unicorn_emoji/default/emoji_73.png,6410,6410,.png,android,assets/unicorn_emoji
assets/unicorn_emoji/default/emoji_74.png,7834,7834,.png,android,assets/unicorn_emoji
assets/unicorn_emoji/default/emoji_75.png,7591,7591,.png,android,assets/unicorn_emoji
assets/unicorn_emoji/default/emoji_76.png,8066,8066,.png,android,assets/unicorn_emoji
assets/unicorn_emoji/default/emoji_77.png,7819,7819,.png,android,assets/unicorn_emoji
assets/unicorn_emoji/default/emoji_78.png,7040,7040,.png,android,assets/unicorn_emoji
assets/unicorn_emoji/default/emoji_79.png,7630,7630,.png,android,assets/unicorn_emoji
assets/unicorn_emoji/default/emoji_80.png,7721,7721,.png,android,assets/unicorn_emoji
assets/unicorn_emoji/default/emoji_81.png,4889,4889,.png,android,assets/unicorn_emoji
assets/unicorn_emoji/default/emoji_82.png,4507,4507,.png,android,assets/unicorn_emoji
assets/unicorn_emoji/default/emoji_83.png,7570,7570,.png,android,assets/unicorn_emoji
assets/unicorn_emoji/default/emoji_84.png,7839,7839,.png,android,assets/unicorn_emoji
assets/unicorn_emoji/default/emoji_85.png,8282,8282,.png,android,assets/unicorn_emoji
assets/unicorn_emoji/default/emoji_86.png,7045,7045,.png,android,assets/unicorn_emoji
assets/unicorn_emoji/default/emoji_87.png,5483,5483,.png,android,assets/unicorn_emoji
assets/unicorn_emoji/default/emoji_88.png,6122,6122,.png,android,assets/unicorn_emoji
assets/unicorn_emoji/default/emoji_89.png,5846,5846,.png,android,assets/unicorn_emoji
assets/unicorn_emoji/default/emoji_90.png,5017,5017,.png,android,assets/unicorn_emoji
assets/unicorn_emoji/default/emoji_91.png,3845,3845,.png,android,assets/unicorn_emoji
assets/unicorn_emoji/default/emoji_92.png,6736,6736,.png,android,assets/unicorn_emoji
assets/unicorn_emoji/default/emoji_93.png,4911,4911,.png,android,assets/unicorn_emoji
assets/unicorn_emoji/default/emoji_94.png,4232,4232,.png,android,assets/unicorn_emoji
assets/unicorn_emoji/default/emoji_95.png,7349,7349,.png,android,assets/unicorn_emoji
assets/unicorn_emoji/default/emoji_96.png,6016,6016,.png,android,assets/unicorn_emoji
assets/unicorn_emoji/default/emoji_97.png,7688,7688,.png,android,assets/unicorn_emoji
assets/unicorn_emoji/default/emoji_98.png,6478,6478,.png,android,assets/unicorn_emoji
assets/unicorn_emoji/default/emoji_99.png,4466,4466,.png,android,assets/unicorn_emoji
assets/unicorn_emoji/default/new_emoji_01.png,7115,7115,.png,android,assets/unicorn_emoji
assets/unicorn_emoji/default/new_emoji_02.png,6446,6446,.png,android,assets/unicorn_emoji
assets/unicorn_emoji/default/new_emoji_03.png,6710,6710,.png,android,assets/unicorn_emoji
assets/unicorn_emoji/default/new_emoji_05.png,5444,5444,.png,android,assets/unicorn_emoji
assets/unicorn_emoji/default/new_emoji_06.png,6902,6902,.png,android,assets/unicorn_emoji
assets/unicorn_emoji/default/new_emoji_07.png,7987,7987,.png,android,assets/unicorn_emoji
assets/unicorn_emoji/default/new_emoji_08.png,6510,6510,.png,android,assets/unicorn_emoji
assets/unicorn_emoji/default/new_emoji_09.png,7872,7872,.png,android,assets/unicorn_emoji
assets/unicorn_emoji/default/new_emoji_10.png,7166,7166,.png,android,assets/unicorn_emoji
assets/unicorn_emoji/default/new_emoji_11.png,6367,6367,.png,android,assets/unicorn_emoji
assets/unicorn_emoji/default/new_emoji_13.png,7714,7714,.png,android,assets/unicorn_emoji
assets/unicorn_emoji/default/new_emoji_18.png,7006,7006,.png,android,assets/unicorn_emoji
assets/unicorn_emoji/default/new_emoji_19.png,6682,6682,.png,android,assets/unicorn_emoji
assets/unicorn_emoji/default/new_emoji_20.png,6054,6054,.png,android,assets/unicorn_emoji
assets/unicorn_emoji/default/new_emoji_21.png,6553,6553,.png,android,assets/unicorn_emoji
assets/unicorn_emoji/default/new_emoji_22.png,5419,5419,.png,android,assets/unicorn_emoji
assets/unicorn_emoji/default/new_emoji_23.png,4929,4929,.png,android,assets/unicorn_emoji
assets/unicorn_emoji/default/new_emoji_24.png,4611,4611,.png,android,assets/unicorn_emoji
assets/unicorn_emoji/default/new_emoji_25.png,3922,3922,.png,android,assets/unicorn_emoji
assets/unicorn_emoji/default/new_emoji_28.png,9194,9194,.png,android,assets/unicorn_emoji
assets/unicorn_emoji/default/new_emoji_30.png,20471,20471,.png,android,assets/unicorn_emoji
assets/unicorn_emoji/emoji.xml,13460,2122,.xml,android,assets/unicorn_emoji
assets/voice/ScanningCode.mp3,6949,6949,.mp3,audio,assets/voice
assets/voice/ape/fail.mp3,27090,27090,.mp3,audio,assets/voice
assets/voice/ape/win.mp3,48396,48396,.mp3,audio,assets/voice
assets/voice/ape_group.mp3,391441,391441,.mp3,audio,assets/voice
assets/voice/ape_horse_race_lamp.mp3,14892,14892,.mp3,audio,assets/voice
assets/voice/battle.mp3,34135,34135,.mp3,audio,assets/voice
assets/voice/battle_bgm.mp3,2642674,2642674,.mp3,audio,assets/voice
assets/voice/battle_turntable.mp3,41018,41018,.mp3,audio,assets/voice
assets/voice/bgm.ogg,408287,408287,.ogg,audio,assets/voice
assets/voice/big_prize.mp3,53132,53132,.mp3,audio,assets/voice
assets/voice/box_award.mp3,30655,30655,.mp3,audio,assets/voice
assets/voice/box_bg.mp3,1063437,1063437,.mp3,audio,assets/voice
assets/voice/box_card_compose.mp3,16757,16757,.mp3,audio,assets/voice
assets/voice/box_card_resolve.mp3,11313,11313,.mp3,audio,assets/voice
assets/voice/box_card_result.mp3,194115,194115,.mp3,audio,assets/voice
assets/voice/box_onekey_open.mp3,17794,17794,.mp3,audio,assets/voice
assets/voice/box_open.mp3,867,867,.mp3,audio,assets/voice
assets/voice/box_scroll.mp3,24260,24260,.mp3,audio,assets/voice
assets/voice/catWalk.mp3,50707,50707,.mp3,audio,assets/voice
assets/voice/click.mp3,1567,1567,.mp3,audio,assets/voice
assets/voice/coin.mp3,40542,40542,.mp3,audio,assets/voice
assets/voice/collect.mp3,32600,32600,.mp3,audio,assets/voice
assets/voice/countdown.mp3,9243,9243,.mp3,audio,assets/voice
assets/voice/darkPlanetBGM.mp3,368656,368656,.mp3,audio,assets/voice
assets/voice/eat.mp3,9496,9496,.mp3,audio,assets/voice
assets/voice/massHealing.mp3,12373,12373,.mp3,audio,assets/voice
assets/voice/merge.mp3,15935,15935,.mp3,audio,assets/voice
assets/voice/openLottery.mp3,17345,17345,.mp3,audio,assets/voice
assets/voice/open_bag.mp3,84156,84156,.mp3,audio,assets/voice
assets/voice/open_bag_res.mp3,19059,19059,.mp3,audio,assets/voice
assets/voice/open_progress.mp3,69737,69737,.mp3,audio,assets/voice
assets/voice/princess_help.mp3,127904,127904,.mp3,audio,assets/voice
assets/voice/purchase.mp3,37949,37949,.mp3,audio,assets/voice
assets/voice/reward.mp3,5851,5851,.mp3,audio,assets/voice
assets/voice/rise.mp3,3333,3333,.mp3,audio,assets/voice
assets/voice/slot.mp3,39706,39706,.mp3,audio,assets/voice
assets/voice/tide_boom.mp3,21363,21363,.mp3,audio,assets/voice
assets/voice/tide_click.mp3,12774,12774,.mp3,audio,assets/voice
assets/voice/tide_defeat.mp3,63974,63974,.mp3,audio,assets/voice
assets/voice/tide_pilipala.mp3,22178,22178,.mp3,audio,assets/voice
assets/voice/tide_success.mp3,15413,15413,.mp3,audio,assets/voice
assets/voice/treasure_box_bg.mp3,219342,219342,.mp3,audio,assets/voice
assets/voice/turntable.mp3,21733,21733,.mp3,audio,assets/voice
assets/voice/ufoFly.mp3,7674,7674,.mp3,audio,assets/voice
assets/voice/ufoPerson.mp3,9906,9906,.mp3,audio,assets/voice
assets/voice/universe_starship_bg.mp3,1896812,1896812,.mp3,audio,assets/voice
assets/voice/win_1.mp3,65829,65829,.mp3,audio,assets/voice
assets/voice/win_2.mp3,84637,84637,.mp3,audio,assets/voice
classes.dex,23523684,17924188,.dex,android,classes.dex
fabric/com.amazonaws.aws-android-sdk-core.properties,100,85,.properties,android,fabric/com.amazonaws.aws-android-sdk-core.properties
kotlin-tooling-metadata.json,600,273,.json,android,kotlin-tooling-metadata.json
kotlin/annotation/annotation.kotlin_builtins,926,559,.kotlin_builtins,android,kotlin/annotation
kotlin/collections/collections.kotlin_builtins,3685,1519,.kotlin_builtins,android,kotlin/collections
kotlin/coroutines/coroutines.kotlin_builtins,200,157,.kotlin_builtins,android,kotlin/coroutines
kotlin/internal/internal.kotlin_builtins,758,457,.kotlin_builtins,android,kotlin/internal
kotlin/kotlin.kotlin_builtins,14256,4403,.kotlin_builtins,android,kotlin/kotlin.kotlin_builtins
kotlin/ranges/ranges.kotlin_builtins,2301,956,.kotlin_builtins,android,kotlin/ranges
kotlin/reflect/reflect.kotlin_builtins,2338,1226,.kotlin_builtins,android,kotlin/reflect
lib/arm64-v8a/libAPSE_7.0.1.so,3684696,1939962,.so,native_sdk,lib/arm64-v8a
lib/arm64-v8a/libAPSE_J.so,831048,306949,.so,native_sdk,lib/arm64-v8a
lib/arm64-v8a/libEncryptorP.so,75744,25928,.so,native_sdk,lib/arm64-v8a
lib/arm64-v8a/libRSSupport.so,2184400,469673,.so,native_sdk,lib/arm64-v8a
lib/arm64-v8a/libaliyunaf.so,334384,123540,.so,native_sdk,lib/arm64-v8a
lib/arm64-v8a/libbdsword.so,59648,28385,.so,native_sdk,lib/arm64-v8a
lib/arm64-v8a/libbizssdk_ml.so,940064,398236,.so,native_sdk,lib/arm64-v8a
lib/arm64-v8a/libc++_shared.so,985464,274878,.so,native_sdk,lib/arm64-v8a
lib/arm64-v8a/libcrashsdk.so,647928,284463,.so,native_sdk,lib/arm64-v8a
lib/arm64-v8a/libfacedevice.so,3091056,1342540,.so,native_sdk,lib/arm64-v8a
lib/arm64-v8a/libffavc.so,993640,403903,.so,native_sdk,lib/arm64-v8a
lib/arm64-v8a/libjcore272.so,5832,1529,.so,native_sdk,lib/arm64-v8a
lib/arm64-v8a/libmsoptimize.so,5912,1791,.so,native_sdk,lib/arm64-v8a
lib/arm64-v8a/libnpth.so,104800,43542,.so,native_sdk,lib/arm64-v8a
lib/arm64-v8a/libnpth_dl.so,27712,12785,.so,native_sdk,lib/arm64-v8a
lib/arm64-v8a/libnpth_dumper.so,76752,35258,.so,native_sdk,lib/arm64-v8a
lib/arm64-v8a/libnpth_logcat.so,18792,7618,.so,native_sdk,lib/arm64-v8a
lib/arm64-v8a/libnpth_tls_monitor.so,18344,7160,.so,native_sdk,lib/arm64-v8a
lib/arm64-v8a/libpag.so,2530000,1031273,.so,native_sdk,lib/arm64-v8a
lib/arm64-v8a/libpangleflipped.so,10064,3047,.so,native_sdk,lib/arm64-v8a
lib/arm64-v8a/libqiyune_audio.so,1603888,663356,.so,native_sdk,lib/arm64-v8a
lib/arm64-v8a/libqiyutraceroute.so,93016,34772,.so,native_sdk,lib/arm64-v8a
lib/arm64-v8a/librsjni.so,72000,22358,.so,native_sdk,lib/arm64-v8a
lib/arm64-v8a/librsjni_androidx.so,62152,21142,.so,native_sdk,lib/arm64-v8a
lib/arm64-v8a/libscannative.so,1862024,662240,.so,native_sdk,lib/arm64-v8a
lib/arm64-v8a/libsecuritydevice.so,3824352,1861125,.so,native_sdk,lib/arm64-v8a
lib/arm64-v8a/libsgcore.so,71792,31908,.so,native_sdk,lib/arm64-v8a
lib/arm64-v8a/libsmash.so,2788888,1061341,.so,native_sdk,lib/arm64-v8a
lib/arm64-v8a/libtoyger.so,964856,436919,.so,native_sdk,lib/arm64-v8a
lib/arm64-v8a/libumeng-spy.so,239848,103848,.so,native_sdk,lib/arm64-v8a
lib/arm64-v8a/libxnn.so,4998624,1898294,.so,native_sdk,lib/arm64-v8a
lib/arm64-v8a/libxnnloader.so,34792,14865,.so,native_sdk,lib/arm64-v8a
lib/arm64-v8a/libzkfv_tj.so,461720,183133,.so,native_sdk,lib/arm64-v8a
lib/armeabi-v7a/libAPSE_7.0.1.so,2489044,1705019,.so,native_sdk,lib/armeabi-v7a
lib/armeabi-v7a/libAPSE_J.so,519924,284405,.so,native_sdk,lib/armeabi-v7a
lib/armeabi-v7a/libEncryptorP.so,79480,29886,.so,native_sdk,lib/armeabi-v7a
lib/armeabi-v7a/libRSSupport.so,1783824,455413,.so,native_sdk,lib/armeabi-v7a
lib/armeabi-v7a/libaliyunaf.so,227440,103743,.so,native_sdk,lib/armeabi-v7a
lib/armeabi-v7a/libbdsword.so,63408,36564,.so,native_sdk,lib/armeabi-v7a
lib/armeabi-v7a/libbizssdk_ml.so,601804,335427,.so,native_sdk,lib/armeabi-v7a
lib/armeabi-v7a/libc++_shared.so,587624,206895,.so,native_sdk,lib/armeabi-v7a
lib/armeabi-v7a/libcrashsdk.so,491764,238567,.so,native_sdk,lib/armeabi-v7a
lib/armeabi-v7a/libfacedevice.so,1812596,982971,.so,native_sdk,lib/armeabi-v7a
lib/armeabi-v7a/libffavc.so,939844,373711,.so,native_sdk,lib/armeabi-v7a
lib/armeabi-v7a/libjcore272.so,13796,6977,.so,native_sdk,lib/armeabi-v7a
lib/armeabi-v7a/libnpth.so,63336,34565,.so,native_sdk,lib/armeabi-v7a
lib/armeabi-v7a/libnpth_dl.so,25324,12275,.so,native_sdk,lib/armeabi-v7a
lib/armeabi-v7a/libnpth_dumper.so,51320,30207,.so,native_sdk,lib/armeabi-v7a
lib/armeabi-v7a/libnpth_logcat.so,18244,8265,.so,native_sdk,lib/armeabi-v7a
lib/armeabi-v7a/libnpth_tls_monitor.so,13952,6772,.so,native_sdk,lib/armeabi-v7a
lib/armeabi-v7a/libpag.so,1661128,846817,.so,native_sdk,lib/armeabi-v7a
lib/armeabi-v7a/libpangleflipped.so,9756,2936,.so,native_sdk,lib/armeabi-v7a
lib/armeabi-v7a/libqiyune_audio.so,1034052,500516,.so,native_sdk,lib/armeabi-v7a
lib/armeabi-v7a/libqiyutraceroute.so,69844,35393,.so,native_sdk,lib/armeabi-v7a
lib/armeabi-v7a/librsjni.so,59888,27724,.so,native_sdk,lib/armeabi-v7a
lib/armeabi-v7a/librsjni_androidx.so,59280,28070,.so,native_sdk,lib/armeabi-v7a
lib/armeabi-v7a/libscannative.so,1107824,515295,.so,native_sdk,lib/armeabi-v7a
lib/armeabi-v7a/libsecuritydevice.so,1992748,1216486,.so,native_sdk,lib/armeabi-v7a
lib/armeabi-v7a/libsgcore.so,87840,51800,.so,native_sdk,lib/armeabi-v7a
lib/armeabi-v7a/libsmash.so,2218436,989219,.so,native_sdk,lib/armeabi-v7a
lib/armeabi-v7a/libtoyger.so,591872,321944,.so,native_sdk,lib/armeabi-v7a
lib/armeabi-v7a/libumeng-spy.so,141024,77699,.so,native_sdk,lib/armeabi-v7a
lib/armeabi-v7a/libxnn.so,2803092,1412890,.so,native_sdk,lib/armeabi-v7a
lib/armeabi-v7a/libxnnloader.so,18044,8582,.so,native_sdk,lib/armeabi-v7a
lib/armeabi-v7a/libzkfv_tj.so,281108,157977,.so,native_sdk,lib/armeabi-v7a
okhttp3/internal/publicsuffix/NOTICE,218,149,,android,okhttp3/internal
okhttp3/internal/publicsuffix/publicsuffixes.gz,36752,36767,.gz,android,okhttp3/internal
org/bouncycastle/x509/CertPathReviewerMessages.properties,42868,5966,.properties,android,org/bouncycastle
org/bouncycastle/x509/CertPathReviewerMessages_de.properties,49608,6663,.properties,android,org/bouncycastle
res/--1.png,5111,5111,.png,android_res,res/--1.png
res/--3.png,10452,10452,.png,android_res,res/--3.png
res/--X.xml,3984,1272,.xml,android_res,res/--X.xml
res/--t.webp,24166,24166,.webp,android_res,res/--t.webp
res/-07.webp,1182,1182,.webp,android_res,res/-07.webp
res/-0D.webp,10750,10750,.webp,android_res,res/-0D.webp
res/-0T.xml,592,271,.xml,android_res,res/-0T.xml
res/-18.xml,1148,541,.xml,android_res,res/-18.xml
res/-1A.webp,10400,10400,.webp,android_res,res/-1A.webp
res/-1g.webp,5578,5578,.webp,android_res,res/-1g.webp
res/-45.png,2749,2749,.png,android_res,res/-45.png
res/-5N.png,2562,2562,.png,android_res,res/-5N.png
res/-5X.png,17853,17853,.png,android_res,res/-5X.png
res/-5q.webp,1762,1762,.webp,android_res,res/-5q.webp
res/-6A.png,479,479,.png,android_res,res/-6A.png
res/-6O.xml,4712,1578,.xml,android_res,res/-6O.xml
res/-6e.png,11384,11384,.png,android_res,res/-6e.png
res/-7O.png,82117,82117,.png,android_res,res/-7O.png
res/-88.png,1409,1409,.png,android_res,res/-88.png
res/-9X.webp,2120,2120,.webp,android_res,res/-9X.webp
res/-9f.webp,344,344,.webp,android_res,res/-9f.webp
res/-A1.png,7518,7518,.png,android_res,res/-A1.png
res/-AW.xml,1040,494,.xml,android_res,res/-AW.xml
res/-AX.png,713,713,.png,android_res,res/-AX.png
res/-Ab.webp,1306,1306,.webp,android_res,res/-Ab.webp
res/-BC.png,659,659,.png,android_res,res/-BC.png
res/-BH.webp,3072,3072,.webp,android_res,res/-BH.webp
res/-CI.png,5289,5289,.png,android_res,res/-CI.png
res/-CM.png,355,355,.png,android_res,res/-CM.png
res/-Co.xml,448,217,.xml,android_res,res/-Co.xml
res/-Dg.png,600,600,.png,android_res,res/-Dg.png
res/-Dl.xml,1804,671,.xml,android_res,res/-Dl.xml
res/-Dr.webp,14868,14868,.webp,android_res,res/-Dr.webp
res/-Ds.xml,1072,456,.xml,android_res,res/-Ds.xml
res/-Dw.png,2544,2544,.png,android_res,res/-Dw.png
res/-EB.png,12785,12785,.png,android_res,res/-EB.png
res/-Ee.png,67,67,.png,android_res,res/-Ee.png
res/-Ey.webp,806,806,.webp,android_res,res/-Ey.webp
res/-F1.xml,1180,487,.xml,android_res,res/-F1.xml
res/-FP.xml,2588,905,.xml,android_res,res/-FP.xml
res/-FY.png,713,713,.png,android_res,res/-FY.png
res/-Ft.webp,714,714,.webp,android_res,res/-Ft.webp
res/-G5.png,54741,54741,.png,android_res,res/-G5.png
res/-GX.png,67,67,.png,android_res,res/-GX.png
res/-HN.png,5379,5379,.png,android_res,res/-HN.png
res/-HX.xml,3988,1091,.xml,android_res,res/-HX.xml
res/-IB.xml,5228,1416,.xml,android_res,res/-IB.xml
res/-Ik.9.png,77,77,.png,android_res,res/-Ik.9.png
res/-Jb.png,32844,32844,.png,android_res,res/-Jb.png
res/-LF.xml,1580,708,.xml,android_res,res/-LF.xml
res/-Ls.png,714,714,.png,android_res,res/-Ls.png
res/-MW.png,2967,2967,.png,android_res,res/-MW.png
res/-N7.webp,5780,5780,.webp,android_res,res/-N7.webp
res/-NR.xml,7000,1952,.xml,android_res,res/-NR.xml
res/-NS.png,2437,2437,.png,android_res,res/-NS.png
res/-Nc.webp,628,628,.webp,android_res,res/-Nc.webp
res/-OG.png,742,742,.png,android_res,res/-OG.png
res/-P4.xml,804,380,.xml,android_res,res/-P4.xml
res/-PW.png,527,527,.png,android_res,res/-PW.png
res/-Q0.xml,6880,1863,.xml,android_res,res/-Q0.xml
res/-Qd.png,15815,15815,.png,android_res,res/-Qd.png
res/-RS.png,14376,14376,.png,android_res,res/-RS.png
res/-RS.webp,508,508,.webp,android_res,res/-RS.webp
res/-Rf.xml,1020,496,.xml,android_res,res/-Rf.xml
res/-Sy.xml,1752,486,.xml,android_res,res/-Sy.xml
res/-TQ.png,1707,1707,.png,android_res,res/-TQ.png
res/-Uf.webp,320,320,.webp,android_res,res/-Uf.webp
res/-Vn.png,2345,2345,.png,android_res,res/-Vn.png
res/-WE.xml,696,338,.xml,android_res,res/-WE.xml
res/-WR.webp,504,504,.webp,android_res,res/-WR.webp
res/-Wp.png,36280,36280,.png,android_res,res/-Wp.png
res/-Ws.xml,2068,829,.xml,android_res,res/-Ws.xml
res/-X0.xml,872,369,.xml,android_res,res/-X0.xml
res/-XV.9.png,11817,11817,.png,android_res,res/-XV.9.png
res/-Xb.png,6888,6888,.png,android_res,res/-Xb.png
res/-Xv.xml,484,224,.xml,android_res,res/-Xv.xml
res/-Xw.webp,492,492,.webp,android_res,res/-Xw.webp
res/-YT.webp,466,466,.webp,android_res,res/-YT.webp
res/-Yf.xml,4068,1342,.xml,android_res,res/-Yf.xml
res/-Yf1.xml,1396,599,.xml,android_res,res/-Yf1.xml
res/-Yv.webp,748,748,.webp,android_res,res/-Yv.webp
res/-ZX.xml,576,267,.xml,android_res,res/-ZX.xml
res/-Zf.png,3629,3629,.png,android_res,res/-Zf.png
res/-_5.png,6254,6254,.png,android_res,res/-_5.png
res/-_K.webp,6684,6684,.webp,android_res,res/-_K.webp
res/-_n.png,10887,10887,.png,android_res,res/-_n.png
res/-_n.xml,1716,737,.xml,android_res,res/-_n.xml
res/-aG.9.png,5353,5353,.png,android_res,res/-aG.9.png
res/-aZ.png,5760,5760,.png,android_res,res/-aZ.png
res/-b1.png,243,243,.png,android_res,res/-b1.png
res/-c9.png,1487,1487,.png,android_res,res/-c9.png
res/-c91.png,3608,3608,.png,android_res,res/-c91.png
res/-cQ.xml,3436,1191,.xml,android_res,res/-cQ.xml
res/-cS.xml,528,297,.xml,android_res,res/-cS.xml
res/-cS1.xml,1336,629,.xml,android_res,res/-cS1.xml
res/-cp.webp,638,638,.webp,android_res,res/-cp.webp
res/-do.png,1344,1344,.png,android_res,res/-do.png
res/-eI.png,2948,2948,.png,android_res,res/-eI.png
res/-eL.png,1846,1846,.png,android_res,res/-eL.png
res/-eh.webp,14698,14698,.webp,android_res,res/-eh.webp
res/-g0.webp,392,392,.webp,android_res,res/-g0.webp
res/-g7.xml,500,246,.xml,android_res,res/-g7.xml
res/-gT.png,43550,43550,.png,android_res,res/-gT.png
res/-i_.png,1051,1051,.png,android_res,res/-i_.png
res/-ia.png,32047,32047,.png,android_res,res/-ia.png
res/-ic.webp,426,426,.webp,android_res,res/-ic.webp
res/-jK.xml,2652,882,.xml,android_res,res/-jK.xml
res/-jd.webp,426,426,.webp,android_res,res/-jd.webp
res/-k0.xml,3572,1160,.xml,android_res,res/-k0.xml
res/-kO.xml,1000,417,.xml,android_res,res/-kO.xml
res/-kR.xml,1536,654,.xml,android_res,res/-kR.xml
res/-kx.png,4192,4192,.png,android_res,res/-kx.png
res/-lH.webp,1972,1972,.webp,android_res,res/-lH.webp
res/-lT.xml,2576,940,.xml,android_res,res/-lT.xml
res/-mC.xml,1136,509,.xml,android_res,res/-mC.xml
res/-mo.xml,1868,647,.xml,android_res,res/-mo.xml
res/-n3.png,9980,9980,.png,android_res,res/-n3.png
res/-o0.webp,40708,40708,.webp,android_res,res/-o0.webp
res/-oC.xml,3336,1158,.xml,android_res,res/-oC.xml
res/-oj.xml,532,288,.xml,android_res,res/-oj.xml
res/-p0.png,15819,15819,.png,android_res,res/-p0.png
res/-p7.png,67,67,.png,android_res,res/-p7.png
res/-qC.xml,5860,1396,.xml,android_res,res/-qC.xml
res/-qN.xml,1008,459,.xml,android_res,res/-qN.xml
res/-qy.webp,8408,8408,.webp,android_res,res/-qy.webp
res/-r6.xml,1120,499,.xml,android_res,res/-r6.xml
res/-rW.png,695,695,.png,android_res,res/-rW.png
res/-rW.xml,4188,1401,.xml,android_res,res/-rW.xml
res/-s-.webp,1786,1786,.webp,android_res,res/-s-.webp
res/-sA.png,1406,1406,.png,android_res,res/-sA.png
res/-sG.xml,464,232,.xml,android_res,res/-sG.xml
res/-sJ.png,60744,60744,.png,android_res,res/-sJ.png
res/-sM.png,536,536,.png,android_res,res/-sM.png
res/-sX.xml,1076,483,.xml,android_res,res/-sX.xml
res/-si.webp,552,552,.webp,android_res,res/-si.webp
res/-tn.xml,2040,826,.xml,android_res,res/-tn.xml
res/-ur.webp,230,230,.webp,android_res,res/-ur.webp
res/-uu.xml,1100,353,.xml,android_res,res/-uu.xml
res/-vK.webp,280,280,.webp,android_res,res/-vK.webp
res/-vK.xml,6312,1961,.xml,android_res,res/-vK.xml
res/-vu.xml,27132,5459,.xml,android_res,res/-vu.xml
res/-wT.xml,860,387,.xml,android_res,res/-wT.xml
res/-wW.png,291,291,.png,android_res,res/-wW.png
res/-wW1.png,1072,1072,.png,android_res,res/-wW1.png
res/-x-.xml,2484,853,.xml,android_res,res/-x-.xml
res/-xO.xml,472,280,.xml,android_res,res/-xO.xml
res/-xh.png,2009,2009,.png,android_res,res/-xh.png
res/-zd.webp,502,502,.webp,android_res,res/-zd.webp
res/0-F.webp,14660,14660,.webp,android_res,res/0-F.webp
res/00q.png,56464,56464,.png,android_res,res/00q.png
res/01P.webp,19188,19188,.webp,android_res,res/01P.webp
res/02a.png,478,478,.png,android_res,res/02a.png
res/033.png,383,383,.png,android_res,res/033.png
res/039.png,1172,1172,.png,android_res,res/039.png
res/03W.png,319,319,.png,android_res,res/03W.png
res/03e.xml,516,242,.xml,android_res,res/03e.xml
res/048.png,14786,14786,.png,android_res,res/048.png
res/04I.webp,932,932,.webp,android_res,res/04I.webp
res/04b.png,254,254,.png,android_res,res/04b.png
res/04w.xml,1292,568,.xml,android_res,res/04w.xml
res/052.png,6950,6950,.png,android_res,res/052.png
res/05O.png,1042,1042,.png,android_res,res/05O.png
res/05T.xml,3080,1025,.xml,android_res,res/05T.xml
res/05j.png,8945,8945,.png,android_res,res/05j.png
res/05o.xml,4620,1469,.xml,android_res,res/05o.xml
res/06b.xml,2116,840,.xml,android_res,res/06b.xml
res/06h.png,404,404,.png,android_res,res/06h.png
res/079.png,618,618,.png,android_res,res/079.png
res/08L.png,99597,99597,.png,android_res,res/08L.png
res/09U.9.png,212,212,.png,android_res,res/09U.9.png
res/0Ac.xml,2744,1004,.xml,android_res,res/0Ac.xml
res/0An.xml,448,263,.xml,android_res,res/0An.xml
res/0BO.xml,5076,1415,.xml,android_res,res/0BO.xml
res/0BW.png,12963,12963,.png,android_res,res/0BW.png
res/0Da.png,9160,9160,.png,android_res,res/0Da.png
res/0Dr.xml,1236,617,.xml,android_res,res/0Dr.xml
res/0EC.xml,484,221,.xml,android_res,res/0EC.xml
res/0FJ.webp,880,880,.webp,android_res,res/0FJ.webp
res/0Fe.xml,1160,469,.xml,android_res,res/0Fe.xml
res/0Fi.png,214,214,.png,android_res,res/0Fi.png
res/0Fr.xml,884,430,.xml,android_res,res/0Fr.xml
res/0G-.webp,1774,1774,.webp,android_res,res/0G-.webp
res/0HT.png,2047,2047,.png,android_res,res/0HT.png
res/0HZ.webp,18810,18810,.webp,android_res,res/0HZ.webp
res/0Hb.png,284,284,.png,android_res,res/0Hb.png
res/0Hc.9.png,207,207,.png,android_res,res/0Hc.9.png
res/0Hq.xml,8644,2168,.xml,android_res,res/0Hq.xml
res/0I0.png,19663,19663,.png,android_res,res/0I0.png
res/0IM.png,5919,5919,.png,android_res,res/0IM.png
res/0IQ.png,1265,1265,.png,android_res,res/0IQ.png
res/0Ig.png,432,432,.png,android_res,res/0Ig.png
res/0J0.xml,812,375,.xml,android_res,res/0J0.xml
res/0J1.xml,876,400,.xml,android_res,res/0J1.xml
res/0JJ.webp,1602,1602,.webp,android_res,res/0JJ.webp
res/0Jr.xml,2456,944,.xml,android_res,res/0Jr.xml
res/0K8.png,222,222,.png,android_res,res/0K8.png
res/0KE.png,1019,1019,.png,android_res,res/0KE.png
res/0KJ.xml,2236,816,.xml,android_res,res/0KJ.xml
res/0KS.png,2681,2681,.png,android_res,res/0KS.png
res/0Kt.png,1124,1124,.png,android_res,res/0Kt.png
res/0L3.webp,8624,8624,.webp,android_res,res/0L3.webp
res/0LH.png,9951,9951,.png,android_res,res/0LH.png
res/0LL.webp,1498,1498,.webp,android_res,res/0LL.webp
res/0LW.png,607,607,.png,android_res,res/0LW.png
res/0LY.png,592,592,.png,android_res,res/0LY.png
res/0M-.webp,8972,8972,.webp,android_res,res/0M-.webp
res/0MB.png,307,307,.png,android_res,res/0MB.png
res/0MG.webp,2768,2768,.webp,android_res,res/0MG.webp
res/0MJ.xml,488,229,.xml,android_res,res/0MJ.xml
res/0MM.webp,1688,1688,.webp,android_res,res/0MM.webp
res/0Mx.png,5900,5900,.png,android_res,res/0Mx.png
res/0Mz.png,2443,2443,.png,android_res,res/0Mz.png
res/0N2.png,1931,1931,.png,android_res,res/0N2.png
res/0N6.xml,2036,752,.xml,android_res,res/0N6.xml
res/0N61.xml,592,313,.xml,android_res,res/0N61.xml
res/0NA.png,14452,14452,.png,android_res,res/0NA.png
res/0NN.webp,1584,1584,.webp,android_res,res/0NN.webp
res/0NZ.webp,774,774,.webp,android_res,res/0NZ.webp
res/0Nc.png,1226,1226,.png,android_res,res/0Nc.png
res/0Oo.xml,14020,3234,.xml,android_res,res/0Oo.xml
res/0Op.xml,484,226,.xml,android_res,res/0Op.xml
res/0P4.xml,3908,1110,.xml,android_res,res/0P4.xml
res/0P8.png,2739,2739,.png,android_res,res/0P8.png
res/0PM.png,16346,16346,.png,android_res,res/0PM.png
res/0PP.webp,1732,1732,.webp,android_res,res/0PP.webp
res/0Po.webp,2264,2264,.webp,android_res,res/0Po.webp
res/0Q3.xml,1224,301,.xml,android_res,res/0Q3.xml
res/0QQ.webp,908,908,.webp,android_res,res/0QQ.webp
res/0Qc.png,5520,5520,.png,android_res,res/0Qc.png
res/0R4.9.png,6036,6036,.png,android_res,res/0R4.9.png
res/0R8.xml,3324,1182,.xml,android_res,res/0R8.xml
res/0Rg.png,88266,88266,.png,android_res,res/0Rg.png
res/0TY.png,237,237,.png,android_res,res/0TY.png
res/0UG.webp,90690,90690,.webp,android_res,res/0UG.webp
res/0VI.png,2346,2346,.png,android_res,res/0VI.png
res/0VK.png,318,318,.png,android_res,res/0VK.png
res/0VS.xml,916,323,.xml,android_res,res/0VS.xml
res/0Vq.webp,11430,11430,.webp,android_res,res/0Vq.webp
res/0X6.xml,520,248,.xml,android_res,res/0X6.xml
res/0XU.xml,3856,1243,.xml,android_res,res/0XU.xml
res/0Xb.webp,17252,17252,.webp,android_res,res/0Xb.webp
res/0Yz.xml,2408,924,.xml,android_res,res/0Yz.xml
res/0ZD.png,1312,1312,.png,android_res,res/0ZD.png
res/0ZF.xml,484,224,.xml,android_res,res/0ZF.xml
res/0Ze.xml,576,272,.xml,android_res,res/0Ze.xml
res/0Zj.png,548,548,.png,android_res,res/0Zj.png
res/0_9.png,1156,1156,.png,android_res,res/0_9.png
res/0_Q.webp,3825,3825,.webp,android_res,res/0_Q.webp
res/0_V.webp,73734,73734,.webp,android_res,res/0_V.webp
res/0_o.png,596,596,.png,android_res,res/0_o.png
res/0a5.webp,948,948,.webp,android_res,res/0a5.webp
res/0aE.xml,5564,1612,.xml,android_res,res/0aE.xml
res/0am.xml,6540,1759,.xml,android_res,res/0am.xml
res/0b2.xml,464,231,.xml,android_res,res/0b2.xml
res/0c2.xml,2460,1003,.xml,android_res,res/0c2.xml
res/0cH.png,64773,64773,.png,android_res,res/0cH.png
res/0cS.xml,1008,476,.xml,android_res,res/0cS.xml
res/0cd.webp,8194,8194,.webp,android_res,res/0cd.webp
res/0ck.png,1885,1885,.png,android_res,res/0ck.png
res/0cs.webp,9942,9942,.webp,android_res,res/0cs.webp
res/0dQ.xml,1672,684,.xml,android_res,res/0dQ.xml
res/0dj.webp,7042,7042,.webp,android_res,res/0dj.webp
res/0dq.xml,1060,495,.xml,android_res,res/0dq.xml
res/0fl.xml,880,427,.xml,android_res,res/0fl.xml
res/0fw.xml,440,251,.xml,android_res,res/0fw.xml
res/0hD.xml,528,286,.xml,android_res,res/0hD.xml
res/0hz.xml,1020,495,.xml,android_res,res/0hz.xml
res/0iC.xml,488,227,.xml,android_res,res/0iC.xml
res/0iU.xml,4844,1532,.xml,android_res,res/0iU.xml
res/0ig.xml,23020,4648,.xml,android_res,res/0ig.xml
res/0iq.webp,1262,1262,.webp,android_res,res/0iq.webp
res/0iw.png,54805,54805,.png,android_res,res/0iw.png
res/0j2.png,67,67,.png,android_res,res/0j2.png
res/0j9.xml,1140,569,.xml,android_res,res/0j9.xml
res/0jC.png,1093,1093,.png,android_res,res/0jC.png
res/0jP.png,1385,1385,.png,android_res,res/0jP.png
res/0lE.webp,72234,72234,.webp,android_res,res/0lE.webp
res/0lG.xml,3952,1333,.xml,android_res,res/0lG.xml
res/0la.png,3051,3051,.png,android_res,res/0la.png
res/0mE.webp,28672,28672,.webp,android_res,res/0mE.webp
res/0mZ.xml,7364,1699,.xml,android_res,res/0mZ.xml
res/0nA.xml,12356,2385,.xml,android_res,res/0nA.xml
res/0nE.webp,26906,26906,.webp,android_res,res/0nE.webp
res/0nG.webp,1870,1870,.webp,android_res,res/0nG.webp
res/0nL.png,51294,51294,.png,android_res,res/0nL.png
res/0o4.png,17923,17923,.png,android_res,res/0o4.png
res/0oL.png,40446,40446,.png,android_res,res/0oL.png
res/0oL.webp,1608,1608,.webp,android_res,res/0oL.webp
res/0ol.png,16843,16843,.png,android_res,res/0ol.png
res/0op.png,5771,5771,.png,android_res,res/0op.png
res/0ou.webp,70870,70870,.webp,android_res,res/0ou.webp
res/0p-.xml,484,224,.xml,android_res,res/0p-.xml
res/0p1.png,184,184,.png,android_res,res/0p1.png
res/0p8.xml,468,232,.xml,android_res,res/0p8.xml
res/0pd.png,6073,6073,.png,android_res,res/0pd.png
res/0qa.xml,4408,1365,.xml,android_res,res/0qa.xml
res/0rG.xml,8928,2339,.xml,android_res,res/0rG.xml
res/0rL.png,1792,1792,.png,android_res,res/0rL.png
res/0rR.png,559,559,.png,android_res,res/0rR.png
res/0rm.png,3380,3380,.png,android_res,res/0rm.png
res/0sh.xml,468,232,.xml,android_res,res/0sh.xml
res/0tM.png,1758,1758,.png,android_res,res/0tM.png
res/0tr.webp,1682,1682,.webp,android_res,res/0tr.webp
res/0u9.xml,5080,1477,.xml,android_res,res/0u9.xml
res/0uJ.png,11082,11082,.png,android_res,res/0uJ.png
res/0uV.png,144961,144961,.png,android_res,res/0uV.png
res/0vl.png,1350,1350,.png,android_res,res/0vl.png
res/0vz.png,425,425,.png,android_res,res/0vz.png
res/0w3.png,1419,1419,.png,android_res,res/0w3.png
res/0wo.xml,1144,624,.xml,android_res,res/0wo.xml
res/0xZ.xml,2652,982,.xml,android_res,res/0xZ.xml
res/0xp.png,1171,1171,.png,android_res,res/0xp.png
res/0yO.png,1225,1225,.png,android_res,res/0yO.png
res/0z5.xml,8264,2187,.xml,android_res,res/0z5.xml
res/0zp.xml,3840,1274,.xml,android_res,res/0zp.xml
res/0zv.xml,464,232,.xml,android_res,res/0zv.xml
res/1-7.png,749,749,.png,android_res,res/1-7.png
res/1-s.xml,728,380,.xml,android_res,res/1-s.xml
res/102.png,66200,66200,.png,android_res,res/102.png
res/10J.png,2021,2021,.png,android_res,res/10J.png
res/10R.png,41438,41438,.png,android_res,res/10R.png
res/10R1.png,22483,22483,.png,android_res,res/10R1.png
res/10i.xml,1640,748,.xml,android_res,res/10i.xml
res/10r.webp,700,700,.webp,android_res,res/10r.webp
res/11S.png,2893,2893,.png,android_res,res/11S.png
res/11p.png,31356,31356,.png,android_res,res/11p.png
res/11r.png,159,159,.png,android_res,res/11r.png
res/12B.webp,59374,59374,.webp,android_res,res/12B.webp
res/12O.xml,3064,1040,.xml,android_res,res/12O.xml
res/134.xml,1784,778,.xml,android_res,res/134.xml
res/13V.xml,2116,811,.xml,android_res,res/13V.xml
res/13y.webp,588,588,.webp,android_res,res/13y.webp
res/15S.png,8705,8705,.png,android_res,res/15S.png
res/165.png,9530,9530,.png,android_res,res/165.png
res/16G.png,490,490,.png,android_res,res/16G.png
res/16f.png,2720,2720,.png,android_res,res/16f.png
res/17h.webp,374,374,.webp,android_res,res/17h.webp
res/18A.xml,3248,984,.xml,android_res,res/18A.xml
res/18M.xml,716,319,.xml,android_res,res/18M.xml
res/18i.png,4394,4394,.png,android_res,res/18i.png
res/18t.png,644,644,.png,android_res,res/18t.png
res/19-.png,125,125,.png,android_res,res/19-.png
res/198.png,114,114,.png,android_res,res/198.png
res/199.png,131,131,.png,android_res,res/199.png
res/19B.png,110,110,.png,android_res,res/19B.png
res/19C.png,104,104,.png,android_res,res/19C.png
res/19D.png,120,120,.png,android_res,res/19D.png
res/19T.xml,604,292,.xml,android_res,res/19T.xml
res/1A0.png,9119,9119,.png,android_res,res/1A0.png
res/1A9.xml,12524,2351,.xml,android_res,res/1A9.xml
res/1AB.webp,34778,34778,.webp,android_res,res/1AB.webp
res/1B3.xml,532,275,.xml,android_res,res/1B3.xml
res/1C1.xml,5192,1482,.xml,android_res,res/1C1.xml
res/1CL.9.png,388,388,.png,android_res,res/1CL.9.png
res/1Cz.xml,3696,1292,.xml,android_res,res/1Cz.xml
res/1DK.png,2458,2458,.png,android_res,res/1DK.png
res/1DK.webp,7328,7328,.webp,android_res,res/1DK.webp
res/1DV.xml,880,425,.xml,android_res,res/1DV.xml
res/1Dd.xml,4112,1382,.xml,android_res,res/1Dd.xml
res/1E_.xml,484,241,.xml,android_res,res/1E_.xml
res/1Eh.png,10061,10061,.png,android_res,res/1Eh.png
res/1Ep.png,69471,69471,.png,android_res,res/1Ep.png
res/1Ex.xml,7104,1781,.xml,android_res,res/1Ex.xml
res/1GJ.xml,1036,454,.xml,android_res,res/1GJ.xml
res/1GK.png,8609,8609,.png,android_res,res/1GK.png
res/1GZ.xml,1672,659,.xml,android_res,res/1GZ.xml
res/1Gs.png,3346,3346,.png,android_res,res/1Gs.png
res/1HM.png,7504,7504,.png,android_res,res/1HM.png
res/1Hu.webp,66292,66292,.webp,android_res,res/1Hu.webp
res/1Hv.xml,488,229,.xml,android_res,res/1Hv.xml
res/1IL.png,5570,5570,.png,android_res,res/1IL.png
res/1Ic.xml,2272,936,.xml,android_res,res/1Ic.xml
res/1Ix.png,20565,20565,.png,android_res,res/1Ix.png
res/1Iz.9.png,738,738,.png,android_res,res/1Iz.9.png
res/1JQ.webp,3720,3720,.webp,android_res,res/1JQ.webp
res/1Ja.xml,11608,2953,.xml,android_res,res/1Ja.xml
res/1KB.xml,1696,653,.xml,android_res,res/1KB.xml
res/1KJ.png,9809,9809,.png,android_res,res/1KJ.png
res/1K_.xml,500,248,.xml,android_res,res/1K_.xml
res/1LF.xml,464,226,.xml,android_res,res/1LF.xml
res/1LL.xml,1128,500,.xml,android_res,res/1LL.xml
res/1LY.xml,2660,831,.xml,android_res,res/1LY.xml
res/1Lx.png,2702,2702,.png,android_res,res/1Lx.png
res/1MB.png,4764,4764,.png,android_res,res/1MB.png
res/1N0.xml,836,343,.xml,android_res,res/1N0.xml
res/1ND.png,17448,17448,.png,android_res,res/1ND.png
res/1NS.png,4707,4707,.png,android_res,res/1NS.png
res/1Nh.png,105720,105720,.png,android_res,res/1Nh.png
res/1Nr.png,1522,1522,.png,android_res,res/1Nr.png
res/1OB.png,372,372,.png,android_res,res/1OB.png
res/1P1.xml,3296,1105,.xml,android_res,res/1P1.xml
res/1PF.png,26601,26601,.png,android_res,res/1PF.png
res/1PL.xml,704,377,.xml,android_res,res/1PL.xml
res/1PN.png,502,502,.png,android_res,res/1PN.png
res/1PR.xml,748,352,.xml,android_res,res/1PR.xml
res/1Pw.xml,2456,999,.xml,android_res,res/1Pw.xml
res/1Qi.9.png,6028,6028,.png,android_res,res/1Qi.9.png
res/1SV.xml,468,231,.xml,android_res,res/1SV.xml
res/1TB.png,6284,6284,.png,android_res,res/1TB.png
res/1Tc.xml,8012,2144,.xml,android_res,res/1Tc.xml
res/1U0.png,50764,50764,.png,android_res,res/1U0.png
res/1UG.xml,2512,974,.xml,android_res,res/1UG.xml
res/1UZ.webp,596,596,.webp,android_res,res/1UZ.webp
res/1V0.xml,552,284,.xml,android_res,res/1V0.xml
res/1VL.xml,740,384,.xml,android_res,res/1VL.xml
res/1Vg.xml,336,175,.xml,android_res,res/1Vg.xml
res/1W3.xml,1804,776,.xml,android_res,res/1W3.xml
res/1W6.xml,2804,954,.xml,android_res,res/1W6.xml
res/1WA.xml,1016,478,.xml,android_res,res/1WA.xml
res/1WH.png,21364,21364,.png,android_res,res/1WH.png
res/1WO.png,886,886,.png,android_res,res/1WO.png
res/1WP.png,988,988,.png,android_res,res/1WP.png
res/1Wh.png,788,788,.png,android_res,res/1Wh.png
res/1Ws.webp,1566,1566,.webp,android_res,res/1Ws.webp
res/1X3.xml,5128,1501,.xml,android_res,res/1X3.xml
res/1XC.png,521,521,.png,android_res,res/1XC.png
res/1XS.png,3154,3154,.png,android_res,res/1XS.png
res/1XU.xml,3300,938,.xml,android_res,res/1XU.xml
res/1YB.xml,3736,1056,.xml,android_res,res/1YB.xml
res/1Yl.xml,1092,482,.xml,android_res,res/1Yl.xml
res/1Zn.xml,1984,734,.xml,android_res,res/1Zn.xml
res/1Zo.webp,760,760,.webp,android_res,res/1Zo.webp
res/1Zy.png,3211,3211,.png,android_res,res/1Zy.png
res/1_P.webp,166,166,.webp,android_res,res/1_P.webp
res/1aR.png,2777,2777,.png,android_res,res/1aR.png
res/1bc.xml,2632,1022,.xml,android_res,res/1bc.xml
res/1bw.webp,3466,3466,.webp,android_res,res/1bw.webp
res/1cl.webp,26442,26442,.webp,android_res,res/1cl.webp
res/1co.webp,1670,1670,.webp,android_res,res/1co.webp
res/1cp.xml,3052,1152,.xml,android_res,res/1cp.xml
res/1cp1.xml,704,308,.xml,android_res,res/1cp1.xml
res/1d2.webp,726,726,.webp,android_res,res/1d2.webp
res/1dH.webp,25920,25920,.webp,android_res,res/1dH.webp
res/1dR.xml,1028,486,.xml,android_res,res/1dR.xml
res/1dv.xml,3300,1212,.xml,android_res,res/1dv.xml
res/1ej.png,383,383,.png,android_res,res/1ej.png
res/1f5.xml,1576,636,.xml,android_res,res/1f5.xml
res/1fW.xml,8228,2177,.xml,android_res,res/1fW.xml
res/1fo.webp,1662,1662,.webp,android_res,res/1fo.webp
res/1fw.xml,3488,1229,.xml,android_res,res/1fw.xml
res/1g5.xml,1692,680,.xml,android_res,res/1g5.xml
res/1hC.webp,23392,23392,.webp,android_res,res/1hC.webp
res/1hq.xml,2152,823,.xml,android_res,res/1hq.xml
res/1i3.png,491,491,.png,android_res,res/1i3.png
res/1ib.png,903,903,.png,android_res,res/1ib.png
res/1jE.xml,1680,647,.xml,android_res,res/1jE.xml
res/1jG.webp,666,666,.webp,android_res,res/1jG.webp
res/1ji.png,484,484,.png,android_res,res/1ji.png
res/1k-.xml,696,339,.xml,android_res,res/1k-.xml
res/1kK.xml,2980,1102,.xml,android_res,res/1kK.xml
res/1kg.webp,2922,2922,.webp,android_res,res/1kg.webp
res/1kh.xml,988,361,.xml,android_res,res/1kh.xml
res/1lx.xml,612,268,.xml,android_res,res/1lx.xml
res/1m2.xml,860,393,.xml,android_res,res/1m2.xml
res/1nV.xml,636,305,.xml,android_res,res/1nV.xml
res/1nY.xml,1076,487,.xml,android_res,res/1nY.xml
res/1na.png,271,271,.png,android_res,res/1na.png
res/1na.webp,3582,3582,.webp,android_res,res/1na.webp
res/1o_.png,1993,1993,.png,android_res,res/1o_.png
res/1oo.png,3251,3251,.png,android_res,res/1oo.png
res/1pC.xml,4860,1537,.xml,android_res,res/1pC.xml
res/1pD.xml,3452,1199,.xml,android_res,res/1pD.xml
res/1pw.xml,484,224,.xml,android_res,res/1pw.xml
res/1q7.xml,1964,682,.xml,android_res,res/1q7.xml
res/1qR.webp,1126,1126,.webp,android_res,res/1qR.webp
res/1rc.9.png,887,887,.png,android_res,res/1rc.9.png
res/1ro.xml,4652,1558,.xml,android_res,res/1ro.xml
res/1sF.png,142809,142809,.png,android_res,res/1sF.png
res/1sk.xml,596,282,.xml,android_res,res/1sk.xml
res/1sy.webp,31690,31690,.webp,android_res,res/1sy.webp
res/1t8.xml,788,402,.xml,android_res,res/1t8.xml
res/1td.png,5359,5359,.png,android_res,res/1td.png
res/1tv.png,16504,16504,.png,android_res,res/1tv.png
res/1uO.webp,334,334,.webp,android_res,res/1uO.webp
res/1uV.xml,1008,481,.xml,android_res,res/1uV.xml
res/1ug.png,13236,13236,.png,android_res,res/1ug.png
res/1ux.xml,400,211,.xml,android_res,res/1ux.xml
res/1vQ.png,3766,3766,.png,android_res,res/1vQ.png
res/1vk.webp,202962,202962,.webp,android_res,res/1vk.webp
res/1vr.png,67,67,.png,android_res,res/1vr.png
res/1w_.xml,688,363,.xml,android_res,res/1w_.xml
res/1wm.png,3688,3688,.png,android_res,res/1wm.png
res/1wu.png,10005,10005,.png,android_res,res/1wu.png
res/1xm.xml,1788,695,.xml,android_res,res/1xm.xml
res/1xz.webp,5804,5804,.webp,android_res,res/1xz.webp
res/1y1.xml,516,246,.xml,android_res,res/1y1.xml
res/1yJ.png,38231,38231,.png,android_res,res/1yJ.png
res/1yP.xml,5608,1795,.xml,android_res,res/1yP.xml
res/1yQ.xml,892,407,.xml,android_res,res/1yQ.xml
res/1yc.xml,10160,2632,.xml,android_res,res/1yc.xml
res/1yf.xml,916,435,.xml,android_res,res/1yf.xml
res/1yz.xml,3176,1060,.xml,android_res,res/1yz.xml
res/1z0.png,4892,4892,.png,android_res,res/1z0.png
res/1zF.png,242,242,.png,android_res,res/1zF.png
res/1zK.xml,4092,1264,.xml,android_res,res/1zK.xml
res/1zk.webp,2628,2628,.webp,android_res,res/1zk.webp
res/1zq.png,588,588,.png,android_res,res/1zq.png
res/1zs.xml,2936,1135,.xml,android_res,res/1zs.xml
res/1zw.xml,704,308,.xml,android_res,res/1zw.xml
res/2-1.xml,1044,495,.xml,android_res,res/2-1.xml
res/2-6.png,48609,48609,.png,android_res,res/2-6.png
res/2-B.png,3354,3354,.png,android_res,res/2-B.png
res/20Q.xml,1136,499,.xml,android_res,res/20Q.xml
res/20W.webp,6054,6054,.webp,android_res,res/20W.webp
res/214.png,515,515,.png,android_res,res/214.png
res/231.png,4754,4754,.png,android_res,res/231.png
res/23C.xml,312,196,.xml,android_res,res/23C.xml
res/23S.xml,2824,802,.xml,android_res,res/23S.xml
res/23f.png,34078,34078,.png,android_res,res/23f.png
res/23n.xml,3412,1146,.xml,android_res,res/23n.xml
res/23q.xml,468,232,.xml,android_res,res/23q.xml
res/248.xml,776,328,.xml,android_res,res/248.xml
res/249.jpg,1032,1032,.jpg,android_res,res/249.jpg
res/24A.xml,6524,1860,.xml,android_res,res/24A.xml
res/24K.xml,3732,1244,.xml,android_res,res/24K.xml
res/24V.xml,5332,1753,.xml,android_res,res/24V.xml
res/24w.webp,6752,6752,.webp,android_res,res/24w.webp
res/26B.xml,2360,1009,.xml,android_res,res/26B.xml
res/27d.xml,2112,818,.xml,android_res,res/27d.xml
res/28O.xml,2088,859,.xml,android_res,res/28O.xml
res/28Z.png,344,344,.png,android_res,res/28Z.png
res/2A7.webp,3882,3882,.webp,android_res,res/2A7.webp
res/2AH.webp,7026,7026,.webp,android_res,res/2AH.webp
res/2AK.xml,1000,344,.xml,android_res,res/2AK.xml
res/2AW.xml,1576,463,.xml,android_res,res/2AW.xml
res/2AY.png,6591,6591,.png,android_res,res/2AY.png
res/2A_.xml,952,453,.xml,android_res,res/2A_.xml
res/2Ap.png,3344,3344,.png,android_res,res/2Ap.png
res/2B2.png,68471,68471,.png,android_res,res/2B2.png
res/2B2.xml,1268,491,.xml,android_res,res/2B2.xml
res/2C8.9.png,207,207,.png,android_res,res/2C8.9.png
res/2Ce.png,67,67,.png,android_res,res/2Ce.png
res/2Di.xml,940,448,.xml,android_res,res/2Di.xml
res/2Do.xml,920,471,.xml,android_res,res/2Do.xml
res/2Dp.webp,340680,340680,.webp,android_res,res/2Dp.webp
res/2GU.webp,2244,2244,.webp,android_res,res/2GU.webp
res/2Gb.webp,672,672,.webp,android_res,res/2Gb.webp
res/2HC.png,5360,5360,.png,android_res,res/2HC.png
res/2HT.xml,2696,1075,.xml,android_res,res/2HT.xml
res/2I4.webp,1958,1958,.webp,android_res,res/2I4.webp
res/2IH.png,914,914,.png,android_res,res/2IH.png
res/2Ik.xml,464,231,.xml,android_res,res/2Ik.xml
res/2JM.xml,4276,1327,.xml,android_res,res/2JM.xml
res/2Jo.png,2021,2021,.png,android_res,res/2Jo.png
res/2Jw.xml,704,306,.xml,android_res,res/2Jw.xml
res/2Jx.webp,3976,3976,.webp,android_res,res/2Jx.webp
res/2L7.jpg,0,0,.jpg,android_res,res/2L7.jpg
res/2LB.xml,488,231,.xml,android_res,res/2LB.xml
res/2LX.webp,472,472,.webp,android_res,res/2LX.webp
res/2Lk.png,188,188,.png,android_res,res/2Lk.png
res/2Mg.xml,1384,583,.xml,android_res,res/2Mg.xml
res/2NW.png,367,367,.png,android_res,res/2NW.png
res/2Nl.xml,1204,562,.xml,android_res,res/2Nl.xml
res/2O3.png,12535,12535,.png,android_res,res/2O3.png
res/2Ov.xml,836,382,.xml,android_res,res/2Ov.xml
res/2P4.png,4415,4415,.png,android_res,res/2P4.png
res/2P_.png,7662,7662,.png,android_res,res/2P_.png
res/2Pf.xml,484,224,.xml,android_res,res/2Pf.xml
res/2Po.png,5709,5709,.png,android_res,res/2Po.png
res/2Pv.xml,1400,656,.xml,android_res,res/2Pv.xml
res/2Q-.webp,5056,5056,.webp,android_res,res/2Q-.webp
res/2QU.xml,6988,1839,.xml,android_res,res/2QU.xml
res/2RP.webp,4166,4166,.webp,android_res,res/2RP.webp
res/2Rc.xml,520,263,.xml,android_res,res/2Rc.xml
res/2S7.png,2444,2444,.png,android_res,res/2S7.png
res/2SB.webp,4756,4756,.webp,android_res,res/2SB.webp
res/2SW.png,6710,6710,.png,android_res,res/2SW.png
res/2TX.xml,420,221,.xml,android_res,res/2TX.xml
res/2Uc.webp,1098,1098,.webp,android_res,res/2Uc.webp
res/2Ut.webp,5860,5860,.webp,android_res,res/2Ut.webp
res/2Uu.xml,924,466,.xml,android_res,res/2Uu.xml
res/2V9.9.png,6761,6761,.png,android_res,res/2V9.9.png
res/2VF.png,1695,1695,.png,android_res,res/2VF.png
res/2VQ.png,288,288,.png,android_res,res/2VQ.png
res/2W2.png,649,649,.png,android_res,res/2W2.png
res/2W9.xml,2764,877,.xml,android_res,res/2W9.xml
res/2WX.png,1423,1423,.png,android_res,res/2WX.png
res/2Wr.png,359,359,.png,android_res,res/2Wr.png
res/2X3.xml,3244,1051,.xml,android_res,res/2X3.xml
res/2X9.png,3612,3612,.png,android_res,res/2X9.png
res/2XO.png,1157,1157,.png,android_res,res/2XO.png
res/2XR.xml,1324,574,.xml,android_res,res/2XR.xml
res/2YD.png,280,280,.png,android_res,res/2YD.png
res/2YE.png,366,366,.png,android_res,res/2YE.png
res/2Z-.webp,500,500,.webp,android_res,res/2Z-.webp
res/2Z5.png,404,404,.png,android_res,res/2Z5.png
res/2_i.png,268,268,.png,android_res,res/2_i.png
res/2_n.png,4457,4457,.png,android_res,res/2_n.png
res/2a0.png,473,473,.png,android_res,res/2a0.png
res/2aI.png,1933,1933,.png,android_res,res/2aI.png
res/2bP.xml,13280,3339,.xml,android_res,res/2bP.xml
res/2bb.png,951,951,.png,android_res,res/2bb.png
res/2ch.xml,632,318,.xml,android_res,res/2ch.xml
res/2ck.webp,5340,5340,.webp,android_res,res/2ck.webp
res/2dk.xml,724,320,.xml,android_res,res/2dk.xml
res/2eE.xml,1804,707,.xml,android_res,res/2eE.xml
res/2fd.png,514,514,.png,android_res,res/2fd.png
res/2fh.xml,584,240,.xml,android_res,res/2fh.xml
res/2fr.png,325,325,.png,android_res,res/2fr.png
res/2gO.png,3656,3656,.png,android_res,res/2gO.png
res/2gg.png,6482,6482,.png,android_res,res/2gg.png
res/2io.png,7048,7048,.png,android_res,res/2io.png
res/2j0.xml,588,259,.xml,android_res,res/2j0.xml
res/2jC.xml,3560,1156,.xml,android_res,res/2jC.xml
res/2jj.xml,780,403,.xml,android_res,res/2jj.xml
res/2k5.png,9943,9943,.png,android_res,res/2k5.png
res/2kF.xml,684,365,.xml,android_res,res/2kF.xml
res/2kL.png,2273,2273,.png,android_res,res/2kL.png
res/2kS.png,67,67,.png,android_res,res/2kS.png
res/2lB.webp,76552,76552,.webp,android_res,res/2lB.webp
res/2lG.webp,730,730,.webp,android_res,res/2lG.webp
res/2mV.png,32530,32530,.png,android_res,res/2mV.png
res/2nU.xml,1800,781,.xml,android_res,res/2nU.xml
res/2nX.png,3051,3051,.png,android_res,res/2nX.png
res/2nc.xml,3076,1165,.xml,android_res,res/2nc.xml
res/2o4.png,1014354,1014354,.png,android_res,res/2o4.png
res/2oD.webp,1282,1282,.webp,android_res,res/2oD.webp
res/2oI.xml,1300,534,.xml,android_res,res/2oI.xml
res/2oQ.png,2054,2054,.png,android_res,res/2oQ.png
res/2oZ.webp,94710,94710,.webp,android_res,res/2oZ.webp
res/2ox.png,1427,1427,.png,android_res,res/2ox.png
res/2p2.xml,616,299,.xml,android_res,res/2p2.xml
res/2pe.png,1095,1095,.png,android_res,res/2pe.png
res/2pf.xml,484,227,.xml,android_res,res/2pf.xml
res/2pr.png,2250,2250,.png,android_res,res/2pr.png
res/2pu.png,18787,18787,.png,android_res,res/2pu.png
res/2pz.webp,0,0,.webp,android_res,res/2pz.webp
res/2qE.png,1358,1358,.png,android_res,res/2qE.png
res/2rG.png,64365,64365,.png,android_res,res/2rG.png
res/2s9.png,1559,1559,.png,android_res,res/2s9.png
res/2sL.png,605,605,.png,android_res,res/2sL.png
res/2sf.png,4347,4347,.png,android_res,res/2sf.png
res/2uV.png,3250,3250,.png,android_res,res/2uV.png
res/2uo.xml,448,212,.xml,android_res,res/2uo.xml
res/2ur.xml,6284,1903,.xml,android_res,res/2ur.xml
res/2uv.xml,3596,1200,.xml,android_res,res/2uv.xml
res/2ux.xml,8728,2189,.xml,android_res,res/2ux.xml
res/2v5.png,623,623,.png,android_res,res/2v5.png
res/2vN.xml,2452,940,.xml,android_res,res/2vN.xml
res/2vQ.png,438,438,.png,android_res,res/2vQ.png
res/2vS.png,3647,3647,.png,android_res,res/2vS.png
res/2vj.webp,2490,2490,.webp,android_res,res/2vj.webp
res/2vz.png,9214,9214,.png,android_res,res/2vz.png
res/2w5.xml,3836,1286,.xml,android_res,res/2w5.xml
res/2wQ.png,1548,1548,.png,android_res,res/2wQ.png
res/2wU.png,8059,8059,.png,android_res,res/2wU.png
res/2wg.png,11618,11618,.png,android_res,res/2wg.png
res/2xb.webp,5384,5384,.webp,android_res,res/2xb.webp
res/2xv.png,3320,3320,.png,android_res,res/2xv.png
res/2yD.png,9413,9413,.png,android_res,res/2yD.png
res/2yF.png,623,623,.png,android_res,res/2yF.png
res/2ym.xml,336,177,.xml,android_res,res/2ym.xml
res/2yx.xml,776,394,.xml,android_res,res/2yx.xml
res/2zE.png,23387,23387,.png,android_res,res/2zE.png
res/2zJ.png,2866,2866,.png,android_res,res/2zJ.png
res/2zN.png,255,255,.png,android_res,res/2zN.png
res/2zZ.png,1862,1862,.png,android_res,res/2zZ.png
res/3--.png,379,379,.png,android_res,res/3--.png
res/3-E.webp,4380,4380,.webp,android_res,res/3-E.webp
res/30Q.png,996,996,.png,android_res,res/30Q.png
res/30n.xml,1172,512,.xml,android_res,res/30n.xml
res/31i.xml,1124,378,.xml,android_res,res/31i.xml
res/32S.9.png,8770,8770,.png,android_res,res/32S.9.png
res/32S.xml,21052,3991,.xml,android_res,res/32S.xml
res/32d.xml,668,296,.xml,android_res,res/32d.xml
res/32g.xml,3592,1257,.xml,android_res,res/32g.xml
res/332.9.png,2463,2463,.png,android_res,res/332.9.png
res/33N.xml,5636,1717,.xml,android_res,res/33N.xml
res/33z.png,1597,1597,.png,android_res,res/33z.png
res/34D.png,6947,6947,.png,android_res,res/34D.png
res/34Z.webp,1344,1344,.webp,android_res,res/34Z.webp
res/34y.xml,776,311,.xml,android_res,res/34y.xml
res/35C.xml,5268,1435,.xml,android_res,res/35C.xml
res/35Q.png,602,602,.png,android_res,res/35Q.png
res/35k.png,151,151,.png,android_res,res/35k.png
res/36L.xml,468,232,.xml,android_res,res/36L.xml
res/36l.xml,6864,2001,.xml,android_res,res/36l.xml
res/36z.png,7798,7798,.png,android_res,res/36z.png
res/37M.png,1000,1000,.png,android_res,res/37M.png
res/37y.webp,462,462,.webp,android_res,res/37y.webp
res/38J.xml,1224,518,.xml,android_res,res/38J.xml
res/38K.xml,3520,1328,.xml,android_res,res/38K.xml
res/38p.xml,776,371,.xml,android_res,res/38p.xml
res/39o.xml,9704,2298,.xml,android_res,res/39o.xml
res/3AA.xml,2328,916,.xml,android_res,res/3AA.xml
res/3AM.png,850,850,.png,android_res,res/3AM.png
res/3AR.png,70236,70236,.png,android_res,res/3AR.png
res/3A_.png,1118,1118,.png,android_res,res/3A_.png
res/3BQ.xml,4916,1596,.xml,android_res,res/3BQ.xml
res/3BQ1.xml,540,255,.xml,android_res,res/3BQ1.xml
res/3BY.xml,400,214,.xml,android_res,res/3BY.xml
res/3Bh.xml,1780,750,.xml,android_res,res/3Bh.xml
res/3Cn.webp,7906,7906,.webp,android_res,res/3Cn.webp
res/3Ct.webp,11922,11922,.webp,android_res,res/3Ct.webp
res/3Cv.png,234,234,.png,android_res,res/3Cv.png
res/3DB.xml,6060,1618,.xml,android_res,res/3DB.xml
res/3DC.png,11777,11777,.png,android_res,res/3DC.png
res/3Dz.xml,9428,2512,.xml,android_res,res/3Dz.xml
res/3ET.png,926,926,.png,android_res,res/3ET.png
res/3FB.png,33959,33959,.png,android_res,res/3FB.png
res/3Ge.xml,1088,465,.xml,android_res,res/3Ge.xml
res/3Gj.xml,5292,1458,.xml,android_res,res/3Gj.xml
res/3Ha.png,7201,7201,.png,android_res,res/3Ha.png
res/3Hk.xml,488,227,.xml,android_res,res/3Hk.xml
res/3Il.xml,488,226,.xml,android_res,res/3Il.xml
res/3KG.png,652,652,.png,android_res,res/3KG.png
res/3KH.xml,1948,786,.xml,android_res,res/3KH.xml
res/3KK.png,1695,1695,.png,android_res,res/3KK.png
res/3Ko.png,11449,11449,.png,android_res,res/3Ko.png
res/3Kr.webp,17946,17946,.webp,android_res,res/3Kr.webp
res/3LQ.xml,2072,822,.xml,android_res,res/3LQ.xml
res/3Lb.xml,484,222,.xml,android_res,res/3Lb.xml
res/3Li.png,1662,1662,.png,android_res,res/3Li.png
res/3Lv.xml,2968,1038,.xml,android_res,res/3Lv.xml
res/3MI.png,12671,12671,.png,android_res,res/3MI.png
res/3M_.xml,3524,1141,.xml,android_res,res/3M_.xml
res/3Na.png,4699,4699,.png,android_res,res/3Na.png
res/3OC.png,1743,1743,.png,android_res,res/3OC.png
res/3Of.png,2071,2071,.png,android_res,res/3Of.png
res/3PG.xml,2668,1006,.xml,android_res,res/3PG.xml
res/3Po.xml,4236,1346,.xml,android_res,res/3Po.xml
res/3Q2.xml,468,232,.xml,android_res,res/3Q2.xml
res/3QL.xml,3800,1034,.xml,android_res,res/3QL.xml
res/3QZ.xml,1800,766,.xml,android_res,res/3QZ.xml
res/3Qm.png,3391,3391,.png,android_res,res/3Qm.png
res/3Qz.xml,4472,596,.xml,android_res,res/3Qz.xml
res/3R4.png,7829,7829,.png,android_res,res/3R4.png
res/3Ra.png,2569,2569,.png,android_res,res/3Ra.png
res/3T2.png,738,738,.png,android_res,res/3T2.png
res/3Tm.xml,4460,1419,.xml,android_res,res/3Tm.xml
res/3UN.xml,1472,607,.xml,android_res,res/3UN.xml
res/3VH.png,47011,47011,.png,android_res,res/3VH.png
res/3Vr.webp,0,0,.webp,android_res,res/3Vr.webp
res/3WY.xml,468,232,.xml,android_res,res/3WY.xml
res/3Ww.png,7334,7334,.png,android_res,res/3Ww.png
res/3X0.png,2009,2009,.png,android_res,res/3X0.png
res/3X4.png,22184,22184,.png,android_res,res/3X4.png
res/3YY.png,338,338,.png,android_res,res/3YY.png
res/3Yl.png,896,896,.png,android_res,res/3Yl.png
res/3Ys.png,1626,1626,.png,android_res,res/3Ys.png
res/3_M.xml,5388,1615,.xml,android_res,res/3_M.xml
res/3_X.png,67387,67387,.png,android_res,res/3_X.png
res/3__.xml,468,233,.xml,android_res,res/3__.xml
res/3_f.png,1606,1606,.png,android_res,res/3_f.png
res/3_k.png,197,197,.png,android_res,res/3_k.png
res/3_r.xml,1856,676,.xml,android_res,res/3_r.xml
res/3a1.xml,1540,659,.xml,android_res,res/3a1.xml
res/3a5.webp,56682,56682,.webp,android_res,res/3a5.webp
res/3ab.png,11605,11605,.png,android_res,res/3ab.png
res/3ay.png,1712,1712,.png,android_res,res/3ay.png
res/3bH.webp,5576,5576,.webp,android_res,res/3bH.webp
res/3bS.png,67,67,.png,android_res,res/3bS.png
res/3ba.png,67,67,.png,android_res,res/3ba.png
res/3bc.png,67,67,.png,android_res,res/3bc.png
res/3c3.png,18398,18398,.png,android_res,res/3c3.png
res/3cM.webp,10724,10724,.webp,android_res,res/3cM.webp
res/3cR.png,781,781,.png,android_res,res/3cR.png
res/3cm.xml,640,339,.xml,android_res,res/3cm.xml
res/3d6.xml,1236,561,.xml,android_res,res/3d6.xml
res/3dh.png,236,236,.png,android_res,res/3dh.png
res/3eh.png,2268,2268,.png,android_res,res/3eh.png
res/3ez.mp4,122622,122622,.mp4,android_res,res/3ez.mp4
res/3f5.png,4883,4883,.png,android_res,res/3f5.png
res/3f7.webp,6164,6164,.webp,android_res,res/3f7.webp
res/3fB.png,5785,5785,.png,android_res,res/3fB.png
res/3fU.webp,42146,42146,.webp,android_res,res/3fU.webp
res/3fi.png,2717,2717,.png,android_res,res/3fi.png
res/3fk.xml,3812,1051,.xml,android_res,res/3fk.xml
res/3g9.png,885,885,.png,android_res,res/3g9.png
res/3gA.xml,2308,943,.xml,android_res,res/3gA.xml
res/3h5.xml,592,271,.xml,android_res,res/3h5.xml
res/3hW.xml,492,278,.xml,android_res,res/3hW.xml
res/3ht.png,1993,1993,.png,android_res,res/3ht.png
res/3i2.png,1448,1448,.png,android_res,res/3i2.png
res/3i5.png,7414,7414,.png,android_res,res/3i5.png
res/3iA.png,1594,1594,.png,android_res,res/3iA.png
res/3iD.png,1551,1551,.png,android_res,res/3iD.png
res/3iF.png,1560,1560,.png,android_res,res/3iF.png
res/3iZ.xml,588,273,.xml,android_res,res/3iZ.xml
res/3ic.webp,7090,7090,.webp,android_res,res/3ic.webp
res/3ii.xml,5868,1471,.xml,android_res,res/3ii.xml
res/3iq.webp,22938,22938,.webp,android_res,res/3iq.webp
res/3jO.png,37440,37440,.png,android_res,res/3jO.png
res/3l5.xml,2552,940,.xml,android_res,res/3l5.xml
res/3l8.png,1796,1796,.png,android_res,res/3l8.png
res/3lE.webp,17628,17628,.webp,android_res,res/3lE.webp
res/3lL.9.png,452,452,.png,android_res,res/3lL.9.png
res/3le.xml,5528,1560,.xml,android_res,res/3le.xml
res/3lx.xml,484,226,.xml,android_res,res/3lx.xml
res/3m2.xml,532,252,.xml,android_res,res/3m2.xml
res/3mH.png,951,951,.png,android_res,res/3mH.png
res/3ms.xml,1448,571,.xml,android_res,res/3ms.xml
res/3mw.xml,996,430,.xml,android_res,res/3mw.xml
res/3mx.png,2514,2514,.png,android_res,res/3mx.png
res/3mx.xml,816,340,.xml,android_res,res/3mx.xml
res/3nE.xml,2284,821,.xml,android_res,res/3nE.xml
res/3nT.xml,988,441,.xml,android_res,res/3nT.xml
res/3oh.webp,4304,4304,.webp,android_res,res/3oh.webp
res/3on.xml,1296,556,.xml,android_res,res/3on.xml
res/3pN.png,4312,4312,.png,android_res,res/3pN.png
res/3pa.webp,3110,3110,.webp,android_res,res/3pa.webp
res/3pn.webp,1756,1756,.webp,android_res,res/3pn.webp
res/3q4.xml,1752,482,.xml,android_res,res/3q4.xml
res/3q5.xml,3152,1136,.xml,android_res,res/3q5.xml
res/3qJ.webp,31664,31664,.webp,android_res,res/3qJ.webp
res/3qS.png,756,756,.png,android_res,res/3qS.png
res/3rJ.png,1870,1870,.png,android_res,res/3rJ.png
res/3rL.webp,3350,3350,.webp,android_res,res/3rL.webp
res/3r_.xml,964,405,.xml,android_res,res/3r_.xml
res/3rj.png,7010,7010,.png,android_res,res/3rj.png
res/3ry.png,1328,1328,.png,android_res,res/3ry.png
res/3s1.png,1825,1825,.png,android_res,res/3s1.png
res/3sE.xml,2412,947,.xml,android_res,res/3sE.xml
res/3sM.xml,7640,2158,.xml,android_res,res/3sM.xml
res/3sT.png,9341,9341,.png,android_res,res/3sT.png
res/3sV.png,5228,5228,.png,android_res,res/3sV.png
res/3se.png,9284,9284,.png,android_res,res/3se.png
res/3tC.png,3440,3440,.png,android_res,res/3tC.png
res/3ty.png,4855,4855,.png,android_res,res/3ty.png
res/3uZ.png,5891,5891,.png,android_res,res/3uZ.png
res/3ut.xml,1572,693,.xml,android_res,res/3ut.xml
res/3v0.xml,1968,802,.xml,android_res,res/3v0.xml
res/3wB.png,152,152,.png,android_res,res/3wB.png
res/3x7.xml,3052,1049,.xml,android_res,res/3x7.xml
res/3xN.xml,484,219,.xml,android_res,res/3xN.xml
res/3xZ.xml,8452,2063,.xml,android_res,res/3xZ.xml
res/3xc.xml,408,235,.xml,android_res,res/3xc.xml
res/3yG.png,5135,5135,.png,android_res,res/3yG.png
res/3yr.xml,2684,997,.xml,android_res,res/3yr.xml
res/3zb.xml,1096,554,.xml,android_res,res/3zb.xml
res/3zs.png,614,614,.png,android_res,res/3zs.png
res/4-j.xml,3428,1149,.xml,android_res,res/4-j.xml
res/41T.png,3851,3851,.png,android_res,res/41T.png
res/41b.webp,5110,5110,.webp,android_res,res/41b.webp
res/41l.png,12197,12197,.png,android_res,res/41l.png
res/41x.xml,644,351,.xml,android_res,res/41x.xml
res/42D.png,210,210,.png,android_res,res/42D.png
res/42v.png,19806,19806,.png,android_res,res/42v.png
res/43P.png,92739,92739,.png,android_res,res/43P.png
res/43d.png,1707,1707,.png,android_res,res/43d.png
res/43r.xml,388,233,.xml,android_res,res/43r.xml
res/45T.xml,572,301,.xml,android_res,res/45T.xml
res/45r.png,3818,3818,.png,android_res,res/45r.png
res/45w.png,252,252,.png,android_res,res/45w.png
res/46G.webp,5098,5098,.webp,android_res,res/46G.webp
res/46i.webp,15546,15546,.webp,android_res,res/46i.webp
res/48F.xml,704,305,.xml,android_res,res/48F.xml
res/48J.xml,2172,820,.xml,android_res,res/48J.xml
res/48Q.png,513,513,.png,android_res,res/48Q.png
res/48e.png,37290,37290,.png,android_res,res/48e.png
res/48y.png,1072,1072,.png,android_res,res/48y.png
res/491.png,3664,3664,.png,android_res,res/491.png
res/49b.xml,2304,951,.xml,android_res,res/49b.xml
res/4A7.xml,1548,604,.xml,android_res,res/4A7.xml
res/4AB.png,712,712,.png,android_res,res/4AB.png
res/4AL.png,67,67,.png,android_res,res/4AL.png
res/4BF.xml,2028,791,.xml,android_res,res/4BF.xml
res/4CV.png,4251,4251,.png,android_res,res/4CV.png
res/4Ce.xml,400,214,.xml,android_res,res/4Ce.xml
res/4DJ.xml,5288,1602,.xml,android_res,res/4DJ.xml
res/4Dr.png,388,388,.png,android_res,res/4Dr.png
res/4E7.xml,928,456,.xml,android_res,res/4E7.xml
res/4Ek.xml,6264,1687,.xml,android_res,res/4Ek.xml
res/4Et.png,684,684,.png,android_res,res/4Et.png
res/4Eu.xml,5988,1821,.xml,android_res,res/4Eu.xml
res/4FU.png,41255,41255,.png,android_res,res/4FU.png
res/4Fz.png,518,518,.png,android_res,res/4Fz.png
res/4GD.png,1086,1086,.png,android_res,res/4GD.png
res/4GN.png,230,230,.png,android_res,res/4GN.png
res/4GU.xml,576,322,.xml,android_res,res/4GU.xml
res/4GY.png,17681,17681,.png,android_res,res/4GY.png
res/4HI.jpg,62012,62012,.jpg,android_res,res/4HI.jpg
res/4HY.png,10953,10953,.png,android_res,res/4HY.png
res/4Hj.xml,1224,399,.xml,android_res,res/4Hj.xml
res/4Hu.png,6367,6367,.png,android_res,res/4Hu.png
res/4IX.webp,23762,23762,.webp,android_res,res/4IX.webp
res/4JZ.xml,4888,1097,.xml,android_res,res/4JZ.xml
res/4KO.png,321,321,.png,android_res,res/4KO.png
res/4LO.png,3221,3221,.png,android_res,res/4LO.png
res/4LQ.png,402,402,.png,android_res,res/4LQ.png
res/4N2.xml,536,255,.xml,android_res,res/4N2.xml
res/4N8.png,67658,67658,.png,android_res,res/4N8.png
res/4NL.png,1087,1087,.png,android_res,res/4NL.png
res/4O3.png,4223,4223,.png,android_res,res/4O3.png
res/4ON.xml,908,366,.xml,android_res,res/4ON.xml
res/4Oz.9.png,897,897,.png,android_res,res/4Oz.9.png
res/4PH.png,459,459,.png,android_res,res/4PH.png
res/4PO.png,1557,1557,.png,android_res,res/4PO.png
res/4Pe.xml,2928,1041,.xml,android_res,res/4Pe.xml
res/4Pn.png,17835,17835,.png,android_res,res/4Pn.png
res/4Pu.xml,1560,652,.xml,android_res,res/4Pu.xml
res/4QR.xml,2288,938,.xml,android_res,res/4QR.xml
res/4Qd.xml,376,221,.xml,android_res,res/4Qd.xml
res/4Ql.jpg,15453,15453,.jpg,android_res,res/4Ql.jpg
res/4RU.xml,1720,751,.xml,android_res,res/4RU.xml
res/4RY.png,30740,30740,.png,android_res,res/4RY.png
res/4Re.xml,488,232,.xml,android_res,res/4Re.xml
res/4S5.xml,5332,1702,.xml,android_res,res/4S5.xml
res/4SM.png,2653,2653,.png,android_res,res/4SM.png
res/4ST.xml,628,260,.xml,android_res,res/4ST.xml
res/4Sh.png,10807,10807,.png,android_res,res/4Sh.png
res/4TD.xml,624,330,.xml,android_res,res/4TD.xml
res/4TT.png,119355,119355,.png,android_res,res/4TT.png
res/4TW.xml,444,219,.xml,android_res,res/4TW.xml
res/4Ta.xml,2756,937,.xml,android_res,res/4Ta.xml
res/4Tr.png,606,606,.png,android_res,res/4Tr.png
res/4UJ.webp,6072,6072,.webp,android_res,res/4UJ.webp
res/4Uh.png,2667,2667,.png,android_res,res/4Uh.png
res/4VF.png,8141,8141,.png,android_res,res/4VF.png
res/4Ve.png,2259,2259,.png,android_res,res/4Ve.png
res/4Vi.png,6930,6930,.png,android_res,res/4Vi.png
res/4WG.xml,1228,540,.xml,android_res,res/4WG.xml
res/4WP.xml,448,214,.xml,android_res,res/4WP.xml
res/4We.jpg,1343,1343,.jpg,android_res,res/4We.jpg
res/4XA.png,8892,8892,.png,android_res,res/4XA.png
res/4Xg.png,563,563,.png,android_res,res/4Xg.png
res/4YT.webp,20626,20626,.webp,android_res,res/4YT.webp
res/4Yl.png,113,113,.png,android_res,res/4Yl.png
res/4ZI.xml,3284,1171,.xml,android_res,res/4ZI.xml
res/4ZY.webp,25296,25296,.webp,android_res,res/4ZY.webp
res/4Zi.webp,234,234,.webp,android_res,res/4Zi.webp
res/4_C.xml,1640,677,.xml,android_res,res/4_C.xml
res/4_E.9.png,167,167,.png,android_res,res/4_E.9.png
res/4am.webp,1108,1108,.webp,android_res,res/4am.webp
res/4as.png,19321,19321,.png,android_res,res/4as.png
res/4bC.xml,6764,2020,.xml,android_res,res/4bC.xml
res/4bE.png,17467,17467,.png,android_res,res/4bE.png
res/4bW.webp,758,758,.webp,android_res,res/4bW.webp
res/4c5.png,3470,3470,.png,android_res,res/4c5.png
res/4cJ.png,135,135,.png,android_res,res/4cJ.png
res/4ca.png,971,971,.png,android_res,res/4ca.png
res/4cc.xml,2756,904,.xml,android_res,res/4cc.xml
res/4d3.xml,3944,1231,.xml,android_res,res/4d3.xml
res/4do.png,41399,41399,.png,android_res,res/4do.png
res/4eL.png,124,124,.png,android_res,res/4eL.png
res/4eL1.png,2748,2748,.png,android_res,res/4eL1.png
res/4eY.9.png,524,524,.png,android_res,res/4eY.9.png
res/4fE.webp,254,254,.webp,android_res,res/4fE.webp
res/4fU.xml,10468,2888,.xml,android_res,res/4fU.xml
res/4fq.png,815,815,.png,android_res,res/4fq.png
res/4fu.xml,12936,2756,.xml,android_res,res/4fu.xml
res/4gb.png,2071,2071,.png,android_res,res/4gb.png
res/4gt.png,444,444,.png,android_res,res/4gt.png
res/4gx.xml,4568,1354,.xml,android_res,res/4gx.xml
res/4h7.webp,6118,6118,.webp,android_res,res/4h7.webp
res/4hv.png,52967,52967,.png,android_res,res/4hv.png
res/4j8.xml,668,303,.xml,android_res,res/4j8.xml
res/4jF.png,120,120,.png,android_res,res/4jF.png
res/4jw.webp,32676,32676,.webp,android_res,res/4jw.webp
res/4k-.webp,36232,36232,.webp,android_res,res/4k-.webp
res/4k1.png,289,289,.png,android_res,res/4k1.png
res/4kA.png,184,184,.png,android_res,res/4kA.png
res/4kJ.png,44456,44456,.png,android_res,res/4kJ.png
res/4kN.png,489,489,.png,android_res,res/4kN.png
res/4kV.png,67,67,.png,android_res,res/4kV.png
res/4l4.jpg,44047,44047,.jpg,android_res,res/4l4.jpg
res/4l5.jpg,44138,44138,.jpg,android_res,res/4l5.jpg
res/4l6.jpg,46223,46223,.jpg,android_res,res/4l6.jpg
res/4l7.jpg,47235,47235,.jpg,android_res,res/4l7.jpg
res/4lJ.png,54230,54230,.png,android_res,res/4lJ.png
res/4ln.jpg,44753,44753,.jpg,android_res,res/4ln.jpg
res/4m2.png,4007,4007,.png,android_res,res/4m2.png
res/4mh.webp,888,888,.webp,android_res,res/4mh.webp
res/4mn.png,4194,4194,.png,android_res,res/4mn.png
res/4mt.png,2234,2234,.png,android_res,res/4mt.png
res/4n1.webp,416,416,.webp,android_res,res/4n1.webp
res/4n2.png,13626,13626,.png,android_res,res/4n2.png
res/4ns.png,3501,3501,.png,android_res,res/4ns.png
res/4oQ.xml,2544,1014,.xml,android_res,res/4oQ.xml
res/4ok.png,2979,2979,.png,android_res,res/4ok.png
res/4ol.png,25096,25096,.png,android_res,res/4ol.png
res/4p2.webp,26158,26158,.webp,android_res,res/4p2.webp
res/4qQ.webp,2358,2358,.webp,android_res,res/4qQ.webp
res/4qX.png,277,277,.png,android_res,res/4qX.png
res/4qs.xml,2472,866,.xml,android_res,res/4qs.xml
res/4r2.webp,7328,7328,.webp,android_res,res/4r2.webp
res/4rF.png,49789,49789,.png,android_res,res/4rF.png
res/4rN.png,5264,5264,.png,android_res,res/4rN.png
res/4rT.png,186,186,.png,android_res,res/4rT.png
res/4tL.xml,3752,1198,.xml,android_res,res/4tL.xml
res/4tV.png,21133,21133,.png,android_res,res/4tV.png
res/4tp.ttf,216244,96301,.ttf,android_res,res/4tp.ttf
res/4tq.xml,2928,1063,.xml,android_res,res/4tq.xml
res/4ts.xml,5592,1562,.xml,android_res,res/4ts.xml
res/4uC.xml,880,306,.xml,android_res,res/4uC.xml
res/4uK.webp,2460,2460,.webp,android_res,res/4uK.webp
res/4uR.png,6605,6605,.png,android_res,res/4uR.png
res/4uR.xml,3268,1309,.xml,android_res,res/4uR.xml
res/4v0.png,5220,5220,.png,android_res,res/4v0.png
res/4vj.xml,2436,922,.xml,android_res,res/4vj.xml
res/4w7.xml,5252,1481,.xml,android_res,res/4w7.xml
res/4wu.xml,3652,1131,.xml,android_res,res/4wu.xml
res/4x4.png,250,250,.png,android_res,res/4x4.png
res/4x5.webp,216,216,.webp,android_res,res/4x5.webp
res/4xW.png,79468,79468,.png,android_res,res/4xW.png
res/4xa.xml,6836,2021,.xml,android_res,res/4xa.xml
res/4xh.png,237,237,.png,android_res,res/4xh.png
res/4y1.png,913,913,.png,android_res,res/4y1.png
res/4y7.xml,28056,6036,.xml,android_res,res/4y7.xml
res/4yT.xml,3600,1219,.xml,android_res,res/4yT.xml
res/4yX.webp,768,768,.webp,android_res,res/4yX.webp
res/5-7.png,22347,22347,.png,android_res,res/5-7.png
res/5-n.webp,2268,2268,.webp,android_res,res/5-n.webp
res/50P.xml,1384,595,.xml,android_res,res/50P.xml
res/514.png,67,67,.png,android_res,res/514.png
res/519.webp,2312,2312,.webp,android_res,res/519.webp
res/51H.png,2961,2961,.png,android_res,res/51H.png
res/51a.xml,1480,659,.xml,android_res,res/51a.xml
res/52J.xml,3156,1176,.xml,android_res,res/52J.xml
res/52K.png,6199,6199,.png,android_res,res/52K.png
res/52o.xml,668,288,.xml,android_res,res/52o.xml
res/54c.xml,628,277,.xml,android_res,res/54c.xml
res/54r.xml,2456,922,.xml,android_res,res/54r.xml
res/55L.png,2320,2320,.png,android_res,res/55L.png
res/55b.png,761,761,.png,android_res,res/55b.png
res/55m.png,3474,3474,.png,android_res,res/55m.png
res/55t.png,8050,8050,.png,android_res,res/55t.png
res/55t1.png,253,253,.png,android_res,res/55t1.png
res/56F.xml,1033,410,.xml,android_res,res/56F.xml
res/56Z.xml,1736,707,.xml,android_res,res/56Z.xml
res/56j.xml,2296,788,.xml,android_res,res/56j.xml
res/56o.xml,2016,820,.xml,android_res,res/56o.xml
res/58c.png,5513,5513,.png,android_res,res/58c.png
res/58e.xml,488,242,.xml,android_res,res/58e.xml
res/58q.png,637,637,.png,android_res,res/58q.png
res/59h.png,286,286,.png,android_res,res/59h.png
res/5A9.xml,3024,1092,.xml,android_res,res/5A9.xml
res/5AD.png,7105,7105,.png,android_res,res/5AD.png
res/5AE.xml,1440,563,.xml,android_res,res/5AE.xml
res/5AM.png,7156,7156,.png,android_res,res/5AM.png
res/5AQ.xml,8248,2404,.xml,android_res,res/5AQ.xml
res/5Ax.png,82119,82119,.png,android_res,res/5Ax.png
res/5Br.png,4266,4266,.png,android_res,res/5Br.png
res/5CW.png,45805,45805,.png,android_res,res/5CW.png
res/5Cu.xml,468,230,.xml,android_res,res/5Cu.xml
res/5Db.png,1215,1215,.png,android_res,res/5Db.png
res/5Dj.xml,5224,1475,.xml,android_res,res/5Dj.xml
res/5Dl.xml,1044,465,.xml,android_res,res/5Dl.xml
res/5Do.xml,896,434,.xml,android_res,res/5Do.xml
res/5E1.png,4572,4572,.png,android_res,res/5E1.png
res/5E4.webp,722,722,.webp,android_res,res/5E4.webp
res/5EP.png,28844,28844,.png,android_res,res/5EP.png
res/5EQ.xml,5532,1704,.xml,android_res,res/5EQ.xml
res/5Ei.xml,464,233,.xml,android_res,res/5Ei.xml
res/5Ez.xml,2884,914,.xml,android_res,res/5Ez.xml
res/5FK.webp,11792,11792,.webp,android_res,res/5FK.webp
res/5FT.xml,588,254,.xml,android_res,res/5FT.xml
res/5FX.xml,3408,1116,.xml,android_res,res/5FX.xml
res/5Fo.webp,4504,4504,.webp,android_res,res/5Fo.webp
res/5GX.png,7285,7285,.png,android_res,res/5GX.png
res/5Hv.png,15834,15834,.png,android_res,res/5Hv.png
res/5I-.png,427,427,.png,android_res,res/5I-.png
res/5Il.xml,1104,522,.xml,android_res,res/5Il.xml
res/5J1.xml,4968,1455,.xml,android_res,res/5J1.xml
res/5JC.png,227,227,.png,android_res,res/5JC.png
res/5Jk.xml,2252,891,.xml,android_res,res/5Jk.xml
res/5Jk1.xml,576,268,.xml,android_res,res/5Jk1.xml
res/5Jn.xml,3004,1259,.xml,android_res,res/5Jn.xml
res/5K9.png,1988,1988,.png,android_res,res/5K9.png
res/5Kd.png,276,276,.png,android_res,res/5Kd.png
res/5Ke.png,264,264,.png,android_res,res/5Ke.png
res/5Ko.png,42893,42893,.png,android_res,res/5Ko.png
res/5LZ.png,67,67,.png,android_res,res/5LZ.png
res/5Lb.xml,1120,538,.xml,android_res,res/5Lb.xml
res/5Mk.png,3813,3813,.png,android_res,res/5Mk.png
res/5Mq.png,6006,6006,.png,android_res,res/5Mq.png
res/5NE.png,5366,5366,.png,android_res,res/5NE.png
res/5NM.png,1901,1901,.png,android_res,res/5NM.png
res/5Nu.png,3691,3691,.png,android_res,res/5Nu.png
res/5O5.webp,29978,29978,.webp,android_res,res/5O5.webp
res/5P5.png,7848,7848,.png,android_res,res/5P5.png
res/5P9.webp,14770,14770,.webp,android_res,res/5P9.webp
res/5PH.xml,576,268,.xml,android_res,res/5PH.xml
res/5PJ.xml,5396,1490,.xml,android_res,res/5PJ.xml
res/5PP.png,81056,81056,.png,android_res,res/5PP.png
res/5Pr.png,2106,2106,.png,android_res,res/5Pr.png
res/5QH.png,20849,20849,.png,android_res,res/5QH.png
res/5Qv.xml,456,236,.xml,android_res,res/5Qv.xml
res/5Rb.png,67,67,.png,android_res,res/5Rb.png
res/5Rg.png,29090,29090,.png,android_res,res/5Rg.png
res/5SF.png,561,561,.png,android_res,res/5SF.png
res/5Sd.xml,484,249,.xml,android_res,res/5Sd.xml
res/5T8.png,14463,14463,.png,android_res,res/5T8.png
res/5TO.xml,4356,1304,.xml,android_res,res/5TO.xml
res/5VD.xml,4756,1388,.xml,android_res,res/5VD.xml
res/5WH.png,15764,15764,.png,android_res,res/5WH.png
res/5Wa.webp,482,482,.webp,android_res,res/5Wa.webp
res/5Wk.png,2294,2294,.png,android_res,res/5Wk.png
res/5Z6.xml,792,366,.xml,android_res,res/5Z6.xml
res/5ZE.webp,486,486,.webp,android_res,res/5ZE.webp
res/5ZT.webp,1626,1626,.webp,android_res,res/5ZT.webp
res/5ZW.xml,632,328,.xml,android_res,res/5ZW.xml
res/5_-.png,58192,58192,.png,android_res,res/5_-.png
res/5_7.png,7444,7444,.png,android_res,res/5_7.png
res/5_i.png,1067,1067,.png,android_res,res/5_i.png
res/5aE.xml,1740,753,.xml,android_res,res/5aE.xml
res/5aN.xml,704,310,.xml,android_res,res/5aN.xml
res/5aZ.xml,3556,1041,.xml,android_res,res/5aZ.xml
res/5bJ.webp,10888,10888,.webp,android_res,res/5bJ.webp
res/5bQ.xml,860,388,.xml,android_res,res/5bQ.xml
res/5bn.xml,488,231,.xml,android_res,res/5bn.xml
res/5cF.xml,536,274,.xml,android_res,res/5cF.xml
res/5ct.png,1016,1016,.png,android_res,res/5ct.png
res/5dC.9.png,1668,1668,.png,android_res,res/5dC.9.png
res/5dD.xml,8612,2141,.xml,android_res,res/5dD.xml
res/5dE.xml,1112,508,.xml,android_res,res/5dE.xml
res/5dG.webp,67656,67656,.webp,android_res,res/5dG.webp
res/5dH.xml,1176,585,.xml,android_res,res/5dH.xml
res/5dx.webp,0,0,.webp,android_res,res/5dx.webp
res/5eC.png,1559,1559,.png,android_res,res/5eC.png
res/5eN.webp,4670,4670,.webp,android_res,res/5eN.webp
res/5ej.png,49164,49164,.png,android_res,res/5ej.png
res/5f6.xml,7012,2003,.xml,android_res,res/5f6.xml
res/5fG.png,39118,39118,.png,android_res,res/5fG.png
res/5fK.xml,3176,1032,.xml,android_res,res/5fK.xml
res/5g0.png,578,578,.png,android_res,res/5g0.png
res/5g3.png,13135,13135,.png,android_res,res/5g3.png
res/5gC.png,7936,7936,.png,android_res,res/5gC.png
res/5gg.png,123,123,.png,android_res,res/5gg.png
res/5gt.webp,12744,12744,.webp,android_res,res/5gt.webp
res/5iF.xml,4020,1275,.xml,android_res,res/5iF.xml
res/5id.xml,984,416,.xml,android_res,res/5id.xml
res/5ip.webp,520,520,.webp,android_res,res/5ip.webp
res/5j0.webp,5780,5780,.webp,android_res,res/5j0.webp
res/5jN.xml,4256,1196,.xml,android_res,res/5jN.xml
res/5jX.png,5741,5741,.png,android_res,res/5jX.png
res/5jh.9.png,181,181,.png,android_res,res/5jh.9.png
res/5jr.png,11301,11301,.png,android_res,res/5jr.png
res/5kF.xml,1608,699,.xml,android_res,res/5kF.xml
res/5kR.xml,660,341,.xml,android_res,res/5kR.xml
res/5kr.xml,1756,722,.xml,android_res,res/5kr.xml
res/5l0.png,6207,6207,.png,android_res,res/5l0.png
res/5l4.xml,1968,831,.xml,android_res,res/5l4.xml
res/5mC.png,11298,11298,.png,android_res,res/5mC.png
res/5mb.xml,4068,1367,.xml,android_res,res/5mb.xml
res/5mq.png,137,137,.png,android_res,res/5mq.png
res/5nF.xml,2752,1027,.xml,android_res,res/5nF.xml
res/5nH.png,4787,4787,.png,android_res,res/5nH.png
res/5nq.webp,1106,1106,.webp,android_res,res/5nq.webp
res/5nx.webp,11302,11302,.webp,android_res,res/5nx.webp
res/5oS.png,1290,1290,.png,android_res,res/5oS.png
res/5oV.png,16261,16261,.png,android_res,res/5oV.png
res/5o_.xml,2680,912,.xml,android_res,res/5o_.xml
res/5oz.png,1320,1320,.png,android_res,res/5oz.png
res/5q-.png,343,343,.png,android_res,res/5q-.png
res/5qB.png,2019,2019,.png,android_res,res/5qB.png
res/5qG.png,123,123,.png,android_res,res/5qG.png
res/5qf.png,7520,7520,.png,android_res,res/5qf.png
res/5rU.png,359,359,.png,android_res,res/5rU.png
res/5s2.webp,4988,4988,.webp,android_res,res/5s2.webp
res/5sF.png,1021,1021,.png,android_res,res/5sF.png
res/5sK.xml,544,288,.xml,android_res,res/5sK.xml
res/5sq.xml,2704,1003,.xml,android_res,res/5sq.xml
res/5t0.png,6587,6587,.png,android_res,res/5t0.png
res/5th.xml,2276,909,.xml,android_res,res/5th.xml
res/5th1.xml,30532,5514,.xml,android_res,res/5th1.xml
res/5tl.png,25985,25985,.png,android_res,res/5tl.png
res/5to.png,3977,3977,.png,android_res,res/5to.png
res/5tp.png,5453,5453,.png,android_res,res/5tp.png
res/5tq.png,7345,7345,.png,android_res,res/5tq.png
res/5tr.png,8069,8069,.png,android_res,res/5tr.png
res/5ts.png,5364,5364,.png,android_res,res/5ts.png
res/5tt.png,4354,4354,.png,android_res,res/5tt.png
res/5tu.png,6803,6803,.png,android_res,res/5tu.png
res/5tv.png,7531,7531,.png,android_res,res/5tv.png
res/5vF.png,783,783,.png,android_res,res/5vF.png
res/5wt.webp,1842,1842,.webp,android_res,res/5wt.webp
res/5x3.xml,5612,1561,.xml,android_res,res/5x3.xml
res/5xU.xml,4632,1438,.xml,android_res,res/5xU.xml
res/5xx.9.png,595,595,.png,android_res,res/5xx.9.png
res/5yH.xml,764,363,.xml,android_res,res/5yH.xml
res/5yh.xml,1100,489,.xml,android_res,res/5yh.xml
res/5yj.xml,448,220,.xml,android_res,res/5yj.xml
res/5yp.xml,324,205,.xml,android_res,res/5yp.xml
res/5z1.xml,3892,1168,.xml,android_res,res/5z1.xml
res/5zD.9.png,245,245,.png,android_res,res/5zD.9.png
res/5zc.xml,1084,481,.xml,android_res,res/5zc.xml
res/5zl.xml,336,174,.xml,android_res,res/5zl.xml
res/5zt.webp,28558,28558,.webp,android_res,res/5zt.webp
res/60Q.png,5170,5170,.png,android_res,res/60Q.png
res/60m.xml,464,232,.xml,android_res,res/60m.xml
res/61D.png,86971,86971,.png,android_res,res/61D.png
res/61M.png,98112,98112,.png,android_res,res/61M.png
res/61M.xml,8484,1960,.xml,android_res,res/61M.xml
res/61w.png,7105,7105,.png,android_res,res/61w.png
res/625.xml,484,224,.xml,android_res,res/625.xml
res/628.webp,3538,3538,.webp,android_res,res/628.webp
res/62G.xml,3116,992,.xml,android_res,res/62G.xml
res/63d.xml,2088,898,.xml,android_res,res/63d.xml
res/64B.xml,884,427,.xml,android_res,res/64B.xml
res/64H.webp,1222,1222,.webp,android_res,res/64H.webp
res/650.xml,896,286,.xml,android_res,res/650.xml
res/65L.png,4721,4721,.png,android_res,res/65L.png
res/65O.png,5253,5253,.png,android_res,res/65O.png
res/65O.xml,616,299,.xml,android_res,res/65O.xml
res/65v.xml,528,283,.xml,android_res,res/65v.xml
res/665.webp,834,834,.webp,android_res,res/665.webp
res/66W.xml,1400,582,.xml,android_res,res/66W.xml
res/674.webp,3722,3722,.webp,android_res,res/674.webp
res/67I.xml,1384,553,.xml,android_res,res/67I.xml
res/691.png,3886,3886,.png,android_res,res/691.png
res/69_.xml,584,300,.xml,android_res,res/69_.xml
res/6AV.webp,5490,5490,.webp,android_res,res/6AV.webp
res/6BA.9.png,606,606,.png,android_res,res/6BA.9.png
res/6BQ.webp,5184,5184,.webp,android_res,res/6BQ.webp
res/6Bo.xml,2376,809,.xml,android_res,res/6Bo.xml
res/6Cy.xml,3432,1238,.xml,android_res,res/6Cy.xml
res/6Dw.png,35305,35305,.png,android_res,res/6Dw.png
res/6E2.png,85592,85592,.png,android_res,res/6E2.png
res/6EY.xml,6500,1468,.xml,android_res,res/6EY.xml
res/6Eg.png,310,310,.png,android_res,res/6Eg.png
res/6FM.webp,3406,3406,.webp,android_res,res/6FM.webp
res/6G7.png,339,339,.png,android_res,res/6G7.png
res/6GH.png,19317,19317,.png,android_res,res/6GH.png
res/6GV.png,128210,128210,.png,android_res,res/6GV.png
res/6Gh.png,52446,52446,.png,android_res,res/6Gh.png
res/6Hc.png,1471,1471,.png,android_res,res/6Hc.png
res/6IJ.png,4393,4393,.png,android_res,res/6IJ.png
res/6Ic.png,38767,38767,.png,android_res,res/6Ic.png
res/6Im.webp,13642,13642,.webp,android_res,res/6Im.webp
res/6JS.xml,404,228,.xml,android_res,res/6JS.xml
res/6J_.xml,1176,443,.xml,android_res,res/6J_.xml
res/6KN.png,494,494,.png,android_res,res/6KN.png
res/6Kw.xml,2196,827,.xml,android_res,res/6Kw.xml
res/6M8.xml,1140,500,.xml,android_res,res/6M8.xml
res/6MC.png,40042,40042,.png,android_res,res/6MC.png
res/6MJ.png,9303,9303,.png,android_res,res/6MJ.png
res/6MK.xml,1084,516,.xml,android_res,res/6MK.xml
res/6Mo.webp,47960,47960,.webp,android_res,res/6Mo.webp
res/6Na.webp,5300,5300,.webp,android_res,res/6Na.webp
res/6Np.png,14447,14447,.png,android_res,res/6Np.png
res/6Ns.webp,7446,7446,.webp,android_res,res/6Ns.webp
res/6OJ.xml,3020,970,.xml,android_res,res/6OJ.xml
res/6OL.png,1584,1584,.png,android_res,res/6OL.png
res/6OX.ttf,24896,8782,.ttf,android_res,res/6OX.ttf
res/6Oz.png,24844,24844,.png,android_res,res/6Oz.png
res/6PK.xml,7996,1944,.xml,android_res,res/6PK.xml
res/6PV.png,80142,80142,.png,android_res,res/6PV.png
res/6Pj.xml,6372,1696,.xml,android_res,res/6Pj.xml
res/6QP.webp,290,290,.webp,android_res,res/6QP.webp
res/6Qr.xml,468,234,.xml,android_res,res/6Qr.xml
res/6Qv.xml,2288,851,.xml,android_res,res/6Qv.xml
res/6Rp.xml,860,387,.xml,android_res,res/6Rp.xml
res/6Ry.png,7829,7829,.png,android_res,res/6Ry.png
res/6SD.xml,4228,1388,.xml,android_res,res/6SD.xml
res/6SO.png,1299,1299,.png,android_res,res/6SO.png
res/6T6.xml,536,256,.xml,android_res,res/6T6.xml
res/6Tu.webp,48728,48728,.webp,android_res,res/6Tu.webp
res/6U3.xml,1668,755,.xml,android_res,res/6U3.xml
res/6Vu.webp,5702,5702,.webp,android_res,res/6Vu.webp
res/6Wq.xml,1000,341,.xml,android_res,res/6Wq.xml
res/6X1.png,317,317,.png,android_res,res/6X1.png
res/6XJ.xml,464,231,.xml,android_res,res/6XJ.xml
res/6XR.png,2462,2462,.png,android_res,res/6XR.png
res/6YM.xml,3056,968,.xml,android_res,res/6YM.xml
res/6Yk.xml,1432,634,.xml,android_res,res/6Yk.xml
res/6Yo.webp,108406,108406,.webp,android_res,res/6Yo.webp
res/6Zl.png,1065,1065,.png,android_res,res/6Zl.png
res/6aR.xml,2480,746,.xml,android_res,res/6aR.xml
res/6au.xml,4756,1182,.xml,android_res,res/6au.xml
res/6bG.png,48990,48990,.png,android_res,res/6bG.png
res/6bH.xml,7680,1988,.xml,android_res,res/6bH.xml
res/6bl.xml,1696,621,.xml,android_res,res/6bl.xml
res/6cN.png,5637,5637,.png,android_res,res/6cN.png
res/6cS.xml,1524,446,.xml,android_res,res/6cS.xml
res/6dp.xml,11264,2472,.xml,android_res,res/6dp.xml
res/6e0.xml,1076,496,.xml,android_res,res/6e0.xml
res/6e01.xml,388,218,.xml,android_res,res/6e01.xml
res/6eW.xml,3068,1101,.xml,android_res,res/6eW.xml
res/6ec.xml,2532,898,.xml,android_res,res/6ec.xml
res/6es.xml,24256,4790,.xml,android_res,res/6es.xml
res/6ey.webp,1550,1550,.webp,android_res,res/6ey.webp
res/6g9.xml,816,299,.xml,android_res,res/6g9.xml
res/6gF.png,7843,7843,.png,android_res,res/6gF.png
res/6hn.xml,2836,1028,.xml,android_res,res/6hn.xml
res/6im.webp,10288,10288,.webp,android_res,res/6im.webp
res/6iv.png,12378,12378,.png,android_res,res/6iv.png
res/6jP.xml,1460,692,.xml,android_res,res/6jP.xml
res/6jc.png,13087,13087,.png,android_res,res/6jc.png
res/6jr.png,246,246,.png,android_res,res/6jr.png
res/6kY.xml,992,421,.xml,android_res,res/6kY.xml
res/6ko.png,1298,1298,.png,android_res,res/6ko.png
res/6lu.png,4811,4811,.png,android_res,res/6lu.png
res/6mF.png,23656,23656,.png,android_res,res/6mF.png
res/6ma.png,27200,27200,.png,android_res,res/6ma.png
res/6n2.png,275,275,.png,android_res,res/6n2.png
res/6nF.png,2039,2039,.png,android_res,res/6nF.png
res/6nZ.png,1183,1183,.png,android_res,res/6nZ.png
res/6ns.png,4992,4992,.png,android_res,res/6ns.png
res/6o0.xml,576,266,.xml,android_res,res/6o0.xml
res/6oj.xml,2180,937,.xml,android_res,res/6oj.xml
res/6pB.webp,26192,26192,.webp,android_res,res/6pB.webp
res/6pT.xml,5204,1558,.xml,android_res,res/6pT.xml
res/6pd.xml,1000,338,.xml,android_res,res/6pd.xml
res/6qy.png,16451,16451,.png,android_res,res/6qy.png
res/6rM.xml,876,393,.xml,android_res,res/6rM.xml
res/6r_.xml,628,292,.xml,android_res,res/6r_.xml
res/6t8.xml,500,262,.xml,android_res,res/6t8.xml
res/6tM.xml,1064,508,.xml,android_res,res/6tM.xml
res/6tM1.xml,4796,1436,.xml,android_res,res/6tM1.xml
res/6tN.png,465,465,.png,android_res,res/6tN.png
res/6ty.xml,3684,1346,.xml,android_res,res/6ty.xml
res/6vq.png,815,815,.png,android_res,res/6vq.png
res/6vr.png,2346,2346,.png,android_res,res/6vr.png
res/6vr.xml,1008,448,.xml,android_res,res/6vr.xml
res/6w0.9.png,171,171,.png,android_res,res/6w0.9.png
res/6wW.xml,3996,1294,.xml,android_res,res/6wW.xml
res/6yK.xml,2012,783,.xml,android_res,res/6yK.xml
res/6yX.xml,5212,1433,.xml,android_res,res/6yX.xml
res/6ye.9.png,514,514,.png,android_res,res/6ye.9.png
res/6yj.xml,3988,1345,.xml,android_res,res/6yj.xml
res/6zH.xml,2368,911,.xml,android_res,res/6zH.xml
res/7-6.xml,5088,1155,.xml,android_res,res/7-6.xml
res/7-Q.png,652,652,.png,android_res,res/7-Q.png
res/70d.png,39461,39461,.png,android_res,res/70d.png
res/70g.xml,1868,735,.xml,android_res,res/70g.xml
res/71B.png,91658,91658,.png,android_res,res/71B.png
res/71W.xml,5308,1529,.xml,android_res,res/71W.xml
res/71p.png,2546,2546,.png,android_res,res/71p.png
res/71r.png,758,758,.png,android_res,res/71r.png
res/72-.9.png,186,186,.png,android_res,res/72-.9.png
res/727.png,2278,2278,.png,android_res,res/727.png
res/72Y.9.png,415,415,.png,android_res,res/72Y.9.png
res/72k.png,2952,2952,.png,android_res,res/72k.png
res/73v.png,3626,3626,.png,android_res,res/73v.png
res/74-.webp,7096,7096,.webp,android_res,res/74-.webp
res/75A.xml,1868,716,.xml,android_res,res/75A.xml
res/76e.png,3286,3286,.png,android_res,res/76e.png
res/76i.png,13264,13264,.png,android_res,res/76i.png
res/779.png,404,404,.png,android_res,res/779.png
res/77d.xml,468,233,.xml,android_res,res/77d.xml
res/78m.xml,1896,834,.xml,android_res,res/78m.xml
res/79T.xml,6748,1636,.xml,android_res,res/79T.xml
res/79b.xml,468,232,.xml,android_res,res/79b.xml
res/79f.webp,13644,13644,.webp,android_res,res/79f.webp
res/79w.xml,1508,677,.xml,android_res,res/79w.xml
res/7Aq.png,25618,25618,.png,android_res,res/7Aq.png
res/7BA.xml,3008,970,.xml,android_res,res/7BA.xml
res/7BK.xml,704,310,.xml,android_res,res/7BK.xml
res/7BW.png,241,241,.png,android_res,res/7BW.png
res/7Cf.webp,14664,14664,.webp,android_res,res/7Cf.webp
res/7D_.png,1291,1291,.png,android_res,res/7D_.png
res/7EE.png,42809,42809,.png,android_res,res/7EE.png
res/7Ea.png,1819,1819,.png,android_res,res/7Ea.png
res/7FG.webp,278,278,.webp,android_res,res/7FG.webp
res/7FP.xml,3540,1146,.xml,android_res,res/7FP.xml
res/7FQ.xml,696,372,.xml,android_res,res/7FQ.xml
res/7FS.webp,2892,2892,.webp,android_res,res/7FS.webp
res/7FT.9.png,484,484,.png,android_res,res/7FT.9.png
res/7Ga.png,16936,16936,.png,android_res,res/7Ga.png
res/7Gu.xml,17328,4254,.xml,android_res,res/7Gu.xml
res/7H8.webp,5340,5340,.webp,android_res,res/7H8.webp
res/7Io.webp,65242,65242,.webp,android_res,res/7Io.webp
res/7J9.xml,2648,931,.xml,android_res,res/7J9.xml
res/7Jt.xml,8004,2129,.xml,android_res,res/7Jt.xml
res/7Lw.webp,538,538,.webp,android_res,res/7Lw.webp
res/7M-.webp,17578,17578,.webp,android_res,res/7M-.webp
res/7Ma.png,9302,9302,.png,android_res,res/7Ma.png
res/7Ni.webp,544,544,.webp,android_res,res/7Ni.webp
res/7O7.png,357,357,.png,android_res,res/7O7.png
res/7P6.png,4124,4124,.png,android_res,res/7P6.png
res/7P7.9.png,229,229,.png,android_res,res/7P7.9.png
res/7QB.xml,2204,910,.xml,android_res,res/7QB.xml
res/7QF.png,7427,7427,.png,android_res,res/7QF.png
res/7QO.webp,2390,2390,.webp,android_res,res/7QO.webp
res/7QS.xml,9988,2521,.xml,android_res,res/7QS.xml
res/7QU.png,4020,4020,.png,android_res,res/7QU.png
res/7Qh.xml,640,307,.xml,android_res,res/7Qh.xml
res/7Qz.png,1031,1031,.png,android_res,res/7Qz.png
res/7RN.xml,488,231,.xml,android_res,res/7RN.xml
res/7SY.webp,98512,98512,.webp,android_res,res/7SY.webp
res/7T1.xml,468,230,.xml,android_res,res/7T1.xml
res/7T9.png,2501,2501,.png,android_res,res/7T9.png
res/7TM.xml,3628,1182,.xml,android_res,res/7TM.xml
res/7TV.xml,576,270,.xml,android_res,res/7TV.xml
res/7TW.xml,576,261,.xml,android_res,res/7TW.xml
res/7TZ.png,108215,108215,.png,android_res,res/7TZ.png
res/7Tg.9.png,204,204,.png,android_res,res/7Tg.9.png
res/7U0.webp,8666,8666,.webp,android_res,res/7U0.webp
res/7U9.webp,2256,2256,.webp,android_res,res/7U9.webp
res/7Uk.webp,3708,3708,.webp,android_res,res/7Uk.webp
res/7WN.xml,488,279,.xml,android_res,res/7WN.xml
res/7WZ.xml,448,216,.xml,android_res,res/7WZ.xml
res/7X8.png,80975,80975,.png,android_res,res/7X8.png
res/7XJ.xml,7208,1958,.xml,android_res,res/7XJ.xml
res/7XW.webp,8764,8764,.webp,android_res,res/7XW.webp
res/7YJ.xml,8944,2379,.xml,android_res,res/7YJ.xml
res/7Ys.xml,1044,457,.xml,android_res,res/7Ys.xml
res/7ZD.xml,4056,1173,.xml,android_res,res/7ZD.xml
res/7Zm.xml,7280,1475,.xml,android_res,res/7Zm.xml
res/7Zx.png,3544,3544,.png,android_res,res/7Zx.png
res/7_4.xml,596,281,.xml,android_res,res/7_4.xml
res/7_7.png,328,328,.png,android_res,res/7_7.png
res/7_c.xml,2664,938,.xml,android_res,res/7_c.xml
res/7aG.xml,520,237,.xml,android_res,res/7aG.xml
res/7bs.png,17326,17326,.png,android_res,res/7bs.png
res/7cB.webp,27094,27094,.webp,android_res,res/7cB.webp
res/7e7.xml,104,47,.xml,android_res,res/7e7.xml
res/7fP.xml,836,383,.xml,android_res,res/7fP.xml
res/7fc.webp,2656,2656,.webp,android_res,res/7fc.webp
res/7g6.9.png,430,430,.png,android_res,res/7g6.9.png
res/7h3.png,4194,4194,.png,android_res,res/7h3.png
res/7hX.xml,704,306,.xml,android_res,res/7hX.xml
res/7ha.png,15637,15637,.png,android_res,res/7ha.png
res/7hp.xml,10596,2662,.xml,android_res,res/7hp.xml
res/7iI.png,1214,1214,.png,android_res,res/7iI.png
res/7iU.xml,552,263,.xml,android_res,res/7iU.xml
res/7jP.xml,856,439,.xml,android_res,res/7jP.xml
res/7jZ.xml,760,313,.xml,android_res,res/7jZ.xml
res/7kK.png,9189,9189,.png,android_res,res/7kK.png
res/7kQ.xml,2012,724,.xml,android_res,res/7kQ.xml
res/7l3.xml,2660,1082,.xml,android_res,res/7l3.xml
res/7lG.xml,2480,998,.xml,android_res,res/7lG.xml
res/7nA.png,308,308,.png,android_res,res/7nA.png
res/7o3.xml,704,311,.xml,android_res,res/7o3.xml
res/7oA.webp,17984,17984,.webp,android_res,res/7oA.webp
res/7p4.xml,2720,889,.xml,android_res,res/7p4.xml
res/7pu.xml,792,275,.xml,android_res,res/7pu.xml
res/7qH.xml,25196,5185,.xml,android_res,res/7qH.xml
res/7r7.png,12661,12661,.png,android_res,res/7r7.png
res/7s7.9.png,22815,22815,.png,android_res,res/7s7.9.png
res/7sK.png,9775,9775,.png,android_res,res/7sK.png
res/7s_.xml,3492,1193,.xml,android_res,res/7s_.xml
res/7tF.png,452,452,.png,android_res,res/7tF.png
res/7ts.xml,6016,1821,.xml,android_res,res/7ts.xml
res/7uC.xml,1900,737,.xml,android_res,res/7uC.xml
res/7uf.xml,328,190,.xml,android_res,res/7uf.xml
res/7vA.xml,1144,537,.xml,android_res,res/7vA.xml
res/7vO.xml,488,225,.xml,android_res,res/7vO.xml
res/7w2.xml,704,309,.xml,android_res,res/7w2.xml
res/7w_.xml,576,271,.xml,android_res,res/7w_.xml
res/7xI.png,2158,2158,.png,android_res,res/7xI.png
res/7xe.xml,3568,1206,.xml,android_res,res/7xe.xml
res/7xw.9.png,591,591,.png,android_res,res/7xw.9.png
res/7yV.png,3224,3224,.png,android_res,res/7yV.png
res/7y_.png,15148,15148,.png,android_res,res/7y_.png
res/7zH.webp,2586,2586,.webp,android_res,res/7zH.webp
res/7zf.png,15267,15267,.png,android_res,res/7zf.png
res/8-y.png,1178,1178,.png,android_res,res/8-y.png
res/81F.xml,3568,1213,.xml,android_res,res/81F.xml
res/81I.png,14563,14563,.png,android_res,res/81I.png
res/81a.xml,1736,676,.xml,android_res,res/81a.xml
res/823.xml,464,230,.xml,android_res,res/823.xml
res/82F.webp,1618,1618,.webp,android_res,res/82F.webp
res/82H.webp,20040,20040,.webp,android_res,res/82H.webp
res/82a.png,2342,2342,.png,android_res,res/82a.png
res/82m.png,948,948,.png,android_res,res/82m.png
res/83H.xml,700,364,.xml,android_res,res/83H.xml
res/83q.xml,1232,515,.xml,android_res,res/83q.xml
res/844.xml,3628,1213,.xml,android_res,res/844.xml
res/84M.xml,1240,559,.xml,android_res,res/84M.xml
res/84g.webp,4620,4620,.webp,android_res,res/84g.webp
res/84j.png,4302,4302,.png,android_res,res/84j.png
res/84l.xml,488,229,.xml,android_res,res/84l.xml
res/85P.png,67,67,.png,android_res,res/85P.png
res/85Q.xml,1224,302,.xml,android_res,res/85Q.xml
res/862.png,1383,1383,.png,android_res,res/862.png
res/868.xml,1652,648,.xml,android_res,res/868.xml
res/86A.xml,392,202,.xml,android_res,res/86A.xml
res/86g.xml,5336,1482,.xml,android_res,res/86g.xml
res/87I.xml,2704,1084,.xml,android_res,res/87I.xml
res/87S.png,7170,7170,.png,android_res,res/87S.png
res/87X.png,22397,22397,.png,android_res,res/87X.png
res/888.png,1630,1630,.png,android_res,res/888.png
res/88c.png,4204,4204,.png,android_res,res/88c.png
res/89Z.otf,27828,15207,.otf,android_res,res/89Z.otf
res/8Ay.xml,8332,2384,.xml,android_res,res/8Ay.xml
res/8B2.xml,4312,1510,.xml,android_res,res/8B2.xml
res/8BE.xml,2784,1110,.xml,android_res,res/8BE.xml
res/8BJ.png,7107,7107,.png,android_res,res/8BJ.png
res/8BS.xml,836,381,.xml,android_res,res/8BS.xml
res/8Cb.png,22840,22840,.png,android_res,res/8Cb.png
res/8Cc.xml,3548,1079,.xml,android_res,res/8Cc.xml
res/8E8.xml,1776,740,.xml,android_res,res/8E8.xml
res/8ER.xml,7580,1891,.xml,android_res,res/8ER.xml
res/8EZ.xml,600,284,.xml,android_res,res/8EZ.xml
res/8Ew.xml,3796,1305,.xml,android_res,res/8Ew.xml
res/8Fo.png,2711,2711,.png,android_res,res/8Fo.png
res/8Fy.xml,2428,916,.xml,android_res,res/8Fy.xml
res/8Fy1.xml,468,232,.xml,android_res,res/8Fy1.xml
res/8Ge.webp,50356,50356,.webp,android_res,res/8Ge.webp
res/8H4.xml,488,224,.xml,android_res,res/8H4.xml
res/8HX.xml,3324,864,.xml,android_res,res/8HX.xml
res/8Hd.png,1542,1542,.png,android_res,res/8Hd.png
res/8Hg.png,9608,9608,.png,android_res,res/8Hg.png
res/8I0.webp,4904,4904,.webp,android_res,res/8I0.webp
res/8I5.xml,408,208,.xml,android_res,res/8I5.xml
res/8I9.xml,704,308,.xml,android_res,res/8I9.xml
res/8Im.png,1773,1773,.png,android_res,res/8Im.png
res/8Iu.xml,2132,866,.xml,android_res,res/8Iu.xml
res/8J4.png,1973,1973,.png,android_res,res/8J4.png
res/8JZ.png,4522,4522,.png,android_res,res/8JZ.png
res/8Jz.xml,2744,947,.xml,android_res,res/8Jz.xml
res/8K2.png,2587,2587,.png,android_res,res/8K2.png
res/8KR.xml,1316,569,.xml,android_res,res/8KR.xml
res/8KV.png,3480,3480,.png,android_res,res/8KV.png
res/8KW.png,3926,3926,.png,android_res,res/8KW.png
res/8Ka.png,2977,2977,.png,android_res,res/8Ka.png
res/8Kr.png,2772,2772,.png,android_res,res/8Kr.png
res/8LS.png,554,554,.png,android_res,res/8LS.png
res/8Lj.webp,99316,99316,.webp,android_res,res/8Lj.webp
res/8M8.png,442,442,.png,android_res,res/8M8.png
res/8MQ.webp,472,472,.webp,android_res,res/8MQ.webp
res/8MV.xml,6104,1623,.xml,android_res,res/8MV.xml
res/8OQ.webp,63828,63828,.webp,android_res,res/8OQ.webp
res/8OW.xml,448,214,.xml,android_res,res/8OW.xml
res/8OZ.xml,1324,634,.xml,android_res,res/8OZ.xml
res/8Or.png,50139,50139,.png,android_res,res/8Or.png
res/8Ot.png,553,553,.png,android_res,res/8Ot.png
res/8P3.png,11159,11159,.png,android_res,res/8P3.png
res/8Pe.png,4426,4426,.png,android_res,res/8Pe.png
res/8Pe.xml,15660,3983,.xml,android_res,res/8Pe.xml
res/8R4.webp,90480,90480,.webp,android_res,res/8R4.webp
res/8Sy.png,653,653,.png,android_res,res/8Sy.png
res/8TI.webp,14218,14218,.webp,android_res,res/8TI.webp
res/8TP.png,272,272,.png,android_res,res/8TP.png
res/8Tu.xml,3612,1090,.xml,android_res,res/8Tu.xml
res/8U4.xml,3696,1158,.xml,android_res,res/8U4.xml
res/8U9.png,2765,2765,.png,android_res,res/8U9.png
res/8UJ.xml,1412,615,.xml,android_res,res/8UJ.xml
res/8UT.xml,732,366,.xml,android_res,res/8UT.xml
res/8Us.webp,6660,6660,.webp,android_res,res/8Us.webp
res/8Ut.png,1487,1487,.png,android_res,res/8Ut.png
res/8Uw.9.png,1148,1148,.png,android_res,res/8Uw.9.png
res/8V3.xml,1040,373,.xml,android_res,res/8V3.xml
res/8V9.9.png,221,221,.png,android_res,res/8V9.9.png
res/8VK.png,4573,4573,.png,android_res,res/8VK.png
res/8VV.webp,5972,5972,.webp,android_res,res/8VV.webp
res/8Vk.png,4645,4645,.png,android_res,res/8Vk.png
res/8XJ.png,270,270,.png,android_res,res/8XJ.png
res/8Xi.xml,964,402,.xml,android_res,res/8Xi.xml
res/8Y3.png,13949,13949,.png,android_res,res/8Y3.png
res/8Y5.xml,3476,1042,.xml,android_res,res/8Y5.xml
res/8YA.xml,1492,688,.xml,android_res,res/8YA.xml
res/8YB.xml,4776,1547,.xml,android_res,res/8YB.xml
res/8Ym.png,1465,1465,.png,android_res,res/8Ym.png
res/8Z1.xml,1604,667,.xml,android_res,res/8Z1.xml
res/8_W.png,464,464,.png,android_res,res/8_W.png
res/8_W.xml,1208,573,.xml,android_res,res/8_W.xml
res/8am.xml,9080,2414,.xml,android_res,res/8am.xml
res/8b9.webp,72620,72620,.webp,android_res,res/8b9.webp
res/8bP.xml,580,306,.xml,android_res,res/8bP.xml
res/8by.xml,7428,1977,.xml,android_res,res/8by.xml
res/8bz.xml,2276,809,.xml,android_res,res/8bz.xml
res/8cM.png,2931,2931,.png,android_res,res/8cM.png
res/8cS.png,56095,56095,.png,android_res,res/8cS.png
res/8cv.xml,1048,461,.xml,android_res,res/8cv.xml
res/8dp.xml,464,236,.xml,android_res,res/8dp.xml
res/8eY.xml,4800,1358,.xml,android_res,res/8eY.xml
res/8gA.xml,2872,662,.xml,android_res,res/8gA.xml
res/8gJ.png,8020,8020,.png,android_res,res/8gJ.png
res/8gr.webp,798,798,.webp,android_res,res/8gr.webp
res/8hL.xml,2568,959,.xml,android_res,res/8hL.xml
res/8hY.png,71690,71690,.png,android_res,res/8hY.png
res/8iE.png,398,398,.png,android_res,res/8iE.png
res/8iR.xml,5228,1267,.xml,android_res,res/8iR.xml
res/8iZ.xml,1944,784,.xml,android_res,res/8iZ.xml
res/8in.webp,1130,1130,.webp,android_res,res/8in.webp
res/8kB.png,1148,1148,.png,android_res,res/8kB.png
res/8kC.png,1127,1127,.png,android_res,res/8kC.png
res/8k_.png,750,750,.png,android_res,res/8k_.png
res/8ku.png,3385,3385,.png,android_res,res/8ku.png
res/8lM.xml,664,291,.xml,android_res,res/8lM.xml
res/8lq.xml,8720,2151,.xml,android_res,res/8lq.xml
res/8mK.png,194,194,.png,android_res,res/8mK.png
res/8ma.xml,2488,899,.xml,android_res,res/8ma.xml
res/8me.png,485,485,.png,android_res,res/8me.png
res/8n4.xml,1320,583,.xml,android_res,res/8n4.xml
res/8nq.png,3095,3095,.png,android_res,res/8nq.png
res/8p-.png,2854,2854,.png,android_res,res/8p-.png
res/8pl.xml,620,322,.xml,android_res,res/8pl.xml
res/8qM.xml,576,272,.xml,android_res,res/8qM.xml
res/8q_.png,12975,12975,.png,android_res,res/8q_.png
res/8qs.png,4418,4418,.png,android_res,res/8qs.png
res/8rd.png,13188,13188,.png,android_res,res/8rd.png
res/8s-.xml,548,297,.xml,android_res,res/8s-.xml
res/8sd.xml,26940,3899,.xml,android_res,res/8sd.xml
res/8u8.png,537,537,.png,android_res,res/8u8.png
res/8uK.png,1916,1916,.png,android_res,res/8uK.png
res/8uT.png,2380,2380,.png,android_res,res/8uT.png
res/8v2.webp,2616,2616,.webp,android_res,res/8v2.webp
res/8vb.png,4118,4118,.png,android_res,res/8vb.png
res/8w1.webp,846,846,.webp,android_res,res/8w1.webp
res/8w_.9.png,280,280,.png,android_res,res/8w_.9.png
res/8wp.xml,8780,2036,.xml,android_res,res/8wp.xml
res/8xe.png,1267,1267,.png,android_res,res/8xe.png
res/8xf.png,5045,5045,.png,android_res,res/8xf.png
res/8y2.png,2838,2838,.png,android_res,res/8y2.png
res/8zM.xml,616,329,.xml,android_res,res/8zM.xml
res/8zO.xml,632,294,.xml,android_res,res/8zO.xml
res/8zc.xml,1740,754,.xml,android_res,res/8zc.xml
res/9-G.png,715,715,.png,android_res,res/9-G.png
res/9-t.xml,812,404,.xml,android_res,res/9-t.xml
res/907.webp,35200,35200,.webp,android_res,res/907.webp
res/91H.xml,940,431,.xml,android_res,res/91H.xml
res/91W.webp,18156,18156,.webp,android_res,res/91W.webp
res/91p.png,490,490,.png,android_res,res/91p.png
res/921.webp,23762,23762,.webp,android_res,res/921.webp
res/92J.png,1164,1164,.png,android_res,res/92J.png
res/92Y.png,21227,21227,.png,android_res,res/92Y.png
res/92e.xml,7328,2019,.xml,android_res,res/92e.xml
res/93S.9.png,247,247,.png,android_res,res/93S.9.png
res/93X.xml,504,252,.xml,android_res,res/93X.xml
res/93Y.webp,14854,14854,.webp,android_res,res/93Y.webp
res/93b.xml,5552,1571,.xml,android_res,res/93b.xml
res/93o.png,4873,4873,.png,android_res,res/93o.png
res/93o.xml,488,231,.xml,android_res,res/93o.xml
res/93w.png,2628,2628,.png,android_res,res/93w.png
res/940.png,765,765,.png,android_res,res/940.png
res/94O.xml,2652,952,.xml,android_res,res/94O.xml
res/94X.xml,592,254,.xml,android_res,res/94X.xml
res/94h.png,12656,12656,.png,android_res,res/94h.png
res/94r.png,1678,1678,.png,android_res,res/94r.png
res/94t.xml,10232,2614,.xml,android_res,res/94t.xml
res/94x.png,170,170,.png,android_res,res/94x.png
res/95Q.xml,1152,446,.xml,android_res,res/95Q.xml
res/95s.webp,372,372,.webp,android_res,res/95s.webp
res/95t.xml,1956,811,.xml,android_res,res/95t.xml
res/95y.xml,488,227,.xml,android_res,res/95y.xml
res/96x.xml,812,284,.xml,android_res,res/96x.xml
res/97O.png,65704,65704,.png,android_res,res/97O.png
res/97R.xml,1052,509,.xml,android_res,res/97R.xml
res/97a.png,1353,1353,.png,android_res,res/97a.png
res/97h.xml,4996,1477,.xml,android_res,res/97h.xml
res/98C.png,1208,1208,.png,android_res,res/98C.png
res/99Z.png,3047,3047,.png,android_res,res/99Z.png
res/99j.xml,600,285,.xml,android_res,res/99j.xml
res/99o.xml,752,427,.xml,android_res,res/99o.xml
res/9Am.xml,440,254,.xml,android_res,res/9Am.xml
res/9BW.png,348,348,.png,android_res,res/9BW.png
res/9C0.png,12449,12449,.png,android_res,res/9C0.png
res/9C1.png,17987,17987,.png,android_res,res/9C1.png
res/9C8.xml,1852,730,.xml,android_res,res/9C8.xml
res/9C81.xml,704,306,.xml,android_res,res/9C81.xml
res/9CB.xml,1912,787,.xml,android_res,res/9CB.xml
res/9Cc.png,23541,23541,.png,android_res,res/9Cc.png
res/9DR.webp,11080,11080,.webp,android_res,res/9DR.webp
res/9Dv.png,8676,8676,.png,android_res,res/9Dv.png
res/9E4.xml,612,271,.xml,android_res,res/9E4.xml
res/9Ev.xml,780,353,.xml,android_res,res/9Ev.xml
res/9FE.png,242,242,.png,android_res,res/9FE.png
res/9Fk.png,28095,28095,.png,android_res,res/9Fk.png
res/9G1.webp,22226,22226,.webp,android_res,res/9G1.webp
res/9GZ.jpg,783,783,.jpg,android_res,res/9GZ.jpg
res/9HI.xml,8224,1740,.xml,android_res,res/9HI.xml
res/9HQ.xml,2388,849,.xml,android_res,res/9HQ.xml
res/9HS.png,4944,4944,.png,android_res,res/9HS.png
res/9H_.xml,2208,902,.xml,android_res,res/9H_.xml
res/9Hd.xml,2260,885,.xml,android_res,res/9Hd.xml
res/9Ix.png,268,268,.png,android_res,res/9Ix.png
res/9Kl.xml,1676,681,.xml,android_res,res/9Kl.xml
res/9L4.png,4187,4187,.png,android_res,res/9L4.png
res/9Lf.xml,484,227,.xml,android_res,res/9Lf.xml
res/9MR.png,1350,1350,.png,android_res,res/9MR.png
res/9N5.png,397,397,.png,android_res,res/9N5.png
res/9Nf.9.png,433,433,.png,android_res,res/9Nf.9.png
res/9OQ.png,7754,7754,.png,android_res,res/9OQ.png
res/9OZ.xml,1116,378,.xml,android_res,res/9OZ.xml
res/9Om.xml,1080,480,.xml,android_res,res/9Om.xml
res/9Ox.xml,3000,1182,.xml,android_res,res/9Ox.xml
res/9P8.png,8390,8390,.png,android_res,res/9P8.png
res/9PR.webp,2326,2326,.webp,android_res,res/9PR.webp
res/9PY.xml,2464,931,.xml,android_res,res/9PY.xml
res/9Pd.png,6355,6355,.png,android_res,res/9Pd.png
res/9Pu.xml,536,257,.xml,android_res,res/9Pu.xml
res/9Q0.png,245,245,.png,android_res,res/9Q0.png
res/9Q3.png,4401,4401,.png,android_res,res/9Q3.png
res/9Qn.png,1260,1260,.png,android_res,res/9Qn.png
res/9Qy.png,38529,38529,.png,android_res,res/9Qy.png
res/9R_.xml,852,359,.xml,android_res,res/9R_.xml
res/9SS.png,17789,17789,.png,android_res,res/9SS.png
res/9SU.webp,9960,9960,.webp,android_res,res/9SU.webp
res/9Sq.webp,974,974,.webp,android_res,res/9Sq.webp
res/9TP.xml,5652,1575,.xml,android_res,res/9TP.xml
res/9Ta.xml,884,358,.xml,android_res,res/9Ta.xml
res/9Td.png,373,373,.png,android_res,res/9Td.png
res/9UG.png,5091,5091,.png,android_res,res/9UG.png
res/9Uk.xml,1228,393,.xml,android_res,res/9Uk.xml
res/9Uw.png,2896,2896,.png,android_res,res/9Uw.png
res/9Vg.png,593,593,.png,android_res,res/9Vg.png
res/9Wb.xml,18764,4146,.xml,android_res,res/9Wb.xml
res/9Wn.xml,488,227,.xml,android_res,res/9Wn.xml
res/9X0.9.png,200,200,.png,android_res,res/9X0.9.png
res/9YG.xml,2132,787,.xml,android_res,res/9YG.xml
res/9YJ.xml,3228,1020,.xml,android_res,res/9YJ.xml
res/9ZR.png,513,513,.png,android_res,res/9ZR.png
res/9_6.png,67,67,.png,android_res,res/9_6.png
res/9_E.xml,2352,834,.xml,android_res,res/9_E.xml
res/9_k.xml,8088,2185,.xml,android_res,res/9_k.xml
res/9_y.png,10884,10884,.png,android_res,res/9_y.png
res/9aT.png,603,603,.png,android_res,res/9aT.png
res/9b6.png,13564,13564,.png,android_res,res/9b6.png
res/9bO.png,363,363,.png,android_res,res/9bO.png
res/9bY.png,67,67,.png,android_res,res/9bY.png
res/9ba.webp,8092,8092,.webp,android_res,res/9ba.webp
res/9cc.xml,14408,3149,.xml,android_res,res/9cc.xml
res/9dG.png,57721,57721,.png,android_res,res/9dG.png
res/9eD.png,626,626,.png,android_res,res/9eD.png
res/9eE.png,610,610,.png,android_res,res/9eE.png
res/9eF.png,527,527,.png,android_res,res/9eF.png
res/9f5.xml,4304,1332,.xml,android_res,res/9f5.xml
res/9fN.xml,528,274,.xml,android_res,res/9fN.xml
res/9ff.png,758,758,.png,android_res,res/9ff.png
res/9gL.webp,2706,2706,.webp,android_res,res/9gL.webp
res/9gP.png,52520,52520,.png,android_res,res/9gP.png
res/9i8.png,1872,1872,.png,android_res,res/9i8.png
res/9jA.png,67261,67261,.png,android_res,res/9jA.png
res/9j_.png,8795,8795,.png,android_res,res/9j_.png
res/9js.webp,6876,6876,.webp,android_res,res/9js.webp
res/9kQ.png,1102,1102,.png,android_res,res/9kQ.png
res/9lC.png,1695,1695,.png,android_res,res/9lC.png
res/9lO.xml,576,264,.xml,android_res,res/9lO.xml
res/9lW.xml,2796,1080,.xml,android_res,res/9lW.xml
res/9md.webp,91286,91286,.webp,android_res,res/9md.webp
res/9mv.png,1289,1289,.png,android_res,res/9mv.png
res/9nX.xml,420,221,.xml,android_res,res/9nX.xml
res/9nu.png,739,739,.png,android_res,res/9nu.png
res/9oc.webp,22128,22128,.webp,android_res,res/9oc.webp
res/9oc.xml,876,441,.xml,android_res,res/9oc.xml
res/9on.webp,24052,24052,.webp,android_res,res/9on.webp
res/9on.xml,448,220,.xml,android_res,res/9on.xml
res/9pZ.png,2840,2840,.png,android_res,res/9pZ.png
res/9pu.png,388,388,.png,android_res,res/9pu.png
res/9qV.png,6116,6116,.png,android_res,res/9qV.png
res/9qY.png,1819,1819,.png,android_res,res/9qY.png
res/9qh.xml,7700,2065,.xml,android_res,res/9qh.xml
res/9s4.webp,418,418,.webp,android_res,res/9s4.webp
res/9sJ.xml,3936,1271,.xml,android_res,res/9sJ.xml
res/9sO.png,12912,12912,.png,android_res,res/9sO.png
res/9sT.webp,12922,12922,.webp,android_res,res/9sT.webp
res/9sZ.xml,2008,734,.xml,android_res,res/9sZ.xml
res/9tF.png,4936,4936,.png,android_res,res/9tF.png
res/9tV.xml,2236,886,.xml,android_res,res/9tV.xml
res/9tt.png,984,984,.png,android_res,res/9tt.png
res/9tz.xml,500,248,.xml,android_res,res/9tz.xml
res/9vI.png,2193,2193,.png,android_res,res/9vI.png
res/9wN.png,463,463,.png,android_res,res/9wN.png
res/9we.xml,844,386,.xml,android_res,res/9we.xml
res/9xC.xml,1012,308,.xml,android_res,res/9xC.xml
res/9xL.xml,35320,5784,.xml,android_res,res/9xL.xml
res/9xa.webp,26564,26564,.webp,android_res,res/9xa.webp
res/9xx.xml,2804,922,.xml,android_res,res/9xx.xml
res/9y5.webp,23686,23686,.webp,android_res,res/9y5.webp
res/9yc.xml,852,438,.xml,android_res,res/9yc.xml
res/9z1.png,6147,6147,.png,android_res,res/9z1.png
res/9zc.webp,17984,17984,.webp,android_res,res/9zc.webp
res/A-9.png,11062,11062,.png,android_res,res/A-9.png
res/A-Q.xml,748,357,.xml,android_res,res/A-Q.xml
res/A0u.png,464,464,.png,android_res,res/A0u.png
res/A1q.xml,744,375,.xml,android_res,res/A1q.xml
res/A2E.xml,3484,1086,.xml,android_res,res/A2E.xml
res/A2V.xml,8940,2317,.xml,android_res,res/A2V.xml
res/A2b.png,113909,113909,.png,android_res,res/A2b.png
res/A45.png,13181,13181,.png,android_res,res/A45.png
res/A4J.png,5115,5115,.png,android_res,res/A4J.png
res/A4l.xml,1952,716,.xml,android_res,res/A4l.xml
res/A5V.png,2513,2513,.png,android_res,res/A5V.png
res/A5b.xml,712,338,.xml,android_res,res/A5b.xml
res/A5r.xml,464,232,.xml,android_res,res/A5r.xml
res/A6L.png,8328,8328,.png,android_res,res/A6L.png
res/A6P.png,214,214,.png,android_res,res/A6P.png
res/A6a.xml,7440,2195,.xml,android_res,res/A6a.xml
res/A6f.png,2278,2278,.png,android_res,res/A6f.png
res/A6g.webp,14054,14054,.webp,android_res,res/A6g.webp
res/A7B.webp,38084,38084,.webp,android_res,res/A7B.webp
res/A7Y.xml,448,220,.xml,android_res,res/A7Y.xml
res/A7c.webp,2012,2012,.webp,android_res,res/A7c.webp
res/A7l.xml,528,267,.xml,android_res,res/A7l.xml
res/A7q.xml,576,268,.xml,android_res,res/A7q.xml
res/A80.xml,468,247,.xml,android_res,res/A80.xml
res/A8I.xml,3528,1324,.xml,android_res,res/A8I.xml
res/A8_.png,8075,8075,.png,android_res,res/A8_.png
res/A8u.ttf,846844,583845,.ttf,android_res,res/A8u.ttf
res/A9k.png,3211,3211,.png,android_res,res/A9k.png
res/AAC.xml,704,307,.xml,android_res,res/AAC.xml
res/AAK.png,546,546,.png,android_res,res/AAK.png
res/AAN.otf,0,0,.otf,android_res,res/AAN.otf
res/AAb.xml,7156,1617,.xml,android_res,res/AAb.xml
res/AAb1.xml,3128,1171,.xml,android_res,res/AAb1.xml
res/AAu.xml,1656,433,.xml,android_res,res/AAu.xml
res/AB-.xml,2860,976,.xml,android_res,res/AB-.xml
res/AB_.webp,5750,5750,.webp,android_res,res/AB_.webp
res/ABs.9.png,437,437,.png,android_res,res/ABs.9.png
res/ACi.png,284,284,.png,android_res,res/ACi.png
res/ADK.png,960,960,.png,android_res,res/ADK.png
res/ADL.webp,5208,5208,.webp,android_res,res/ADL.webp
res/AE4.png,1976,1976,.png,android_res,res/AE4.png
res/AEZ.png,281,281,.png,android_res,res/AEZ.png
res/AFS.png,133222,133222,.png,android_res,res/AFS.png
res/AG6.xml,1988,779,.xml,android_res,res/AG6.xml
res/AG7.xml,532,274,.xml,android_res,res/AG7.xml
res/AGI.webp,9936,9936,.webp,android_res,res/AGI.webp
res/AI6.xml,7068,1884,.xml,android_res,res/AI6.xml
res/AID.webp,2458,2458,.webp,android_res,res/AID.webp
res/AIK.xml,2648,1089,.xml,android_res,res/AIK.xml
res/AIm.xml,624,247,.xml,android_res,res/AIm.xml
res/AIz.png,48440,48440,.png,android_res,res/AIz.png
res/AJo.xml,896,402,.xml,android_res,res/AJo.xml
res/AKC.png,155,155,.png,android_res,res/AKC.png
res/AKF.xml,484,229,.xml,android_res,res/AKF.xml
res/AKI.xml,3872,1324,.xml,android_res,res/AKI.xml
res/AKQ.xml,2476,781,.xml,android_res,res/AKQ.xml
res/ALq.xml,464,231,.xml,android_res,res/ALq.xml
res/AMF.png,1316,1316,.png,android_res,res/AMF.png
res/ANP.png,1807,1807,.png,android_res,res/ANP.png
res/ANT.xml,3448,1133,.xml,android_res,res/ANT.xml
res/ANh.png,433,433,.png,android_res,res/ANh.png
res/AO7.xml,3628,1279,.xml,android_res,res/AO7.xml
res/AOR.xml,1080,408,.xml,android_res,res/AOR.xml
res/AOa.png,1416,1416,.png,android_res,res/AOa.png
res/AOc.xml,916,323,.xml,android_res,res/AOc.xml
res/AP4.webp,74396,74396,.webp,android_res,res/AP4.webp
res/APa.xml,268,165,.xml,android_res,res/APa.xml
res/APc.xml,4232,1339,.xml,android_res,res/APc.xml
res/AQW.xml,4796,1487,.xml,android_res,res/AQW.xml
res/AS4.webp,5620,5620,.webp,android_res,res/AS4.webp
res/AS7.png,60737,60737,.png,android_res,res/AS7.png
res/ASA.png,86601,86601,.png,android_res,res/ASA.png
res/ASt.png,330,330,.png,android_res,res/ASt.png
res/AT4.webp,4674,4674,.webp,android_res,res/AT4.webp
res/ATI.png,404,404,.png,android_res,res/ATI.png
res/ATJ.xml,3348,1097,.xml,android_res,res/ATJ.xml
res/AUE.png,777,777,.png,android_res,res/AUE.png
res/AUQ.webp,1428,1428,.webp,android_res,res/AUQ.webp
res/AUZ.png,70163,70163,.png,android_res,res/AUZ.png
res/AVq.png,15151,15151,.png,android_res,res/AVq.png
res/AX4.png,1601,1601,.png,android_res,res/AX4.png
res/AXE.webp,4800,4800,.webp,android_res,res/AXE.webp
res/AXX.png,59368,59368,.png,android_res,res/AXX.png
res/AXz.xml,1528,641,.xml,android_res,res/AXz.xml
res/AY3.png,7858,7858,.png,android_res,res/AY3.png
res/AYM.webp,37334,37334,.webp,android_res,res/AYM.webp
res/AYP.png,1522,1522,.png,android_res,res/AYP.png
res/AYh.xml,1704,698,.xml,android_res,res/AYh.xml
res/AYm.png,24798,24798,.png,android_res,res/AYm.png
res/AZN.xml,2068,835,.xml,android_res,res/AZN.xml
res/AZV.xml,492,250,.xml,android_res,res/AZV.xml
res/AZd.xml,400,211,.xml,android_res,res/AZd.xml
res/A_k.xml,1352,606,.xml,android_res,res/A_k.xml
res/A_z.xml,3824,1165,.xml,android_res,res/A_z.xml
res/AaH.png,75956,75956,.png,android_res,res/AaH.png
res/Ab4.xml,3096,1106,.xml,android_res,res/Ab4.xml
res/AbF.png,1456,1456,.png,android_res,res/AbF.png
res/AbK.png,1805,1805,.png,android_res,res/AbK.png
res/Abu.png,14224,14224,.png,android_res,res/Abu.png
res/AcE.9.png,186,186,.png,android_res,res/AcE.9.png
res/Ad1.xml,2232,858,.xml,android_res,res/Ad1.xml
res/AdH.png,1601,1601,.png,android_res,res/AdH.png
res/AdR.png,262,262,.png,android_res,res/AdR.png
res/Adt.webp,102842,102842,.webp,android_res,res/Adt.webp
res/AeI.webp,47440,47440,.webp,android_res,res/AeI.webp
res/AeR.png,865,865,.png,android_res,res/AeR.png
res/Aet.png,67,67,.png,android_res,res/Aet.png
res/Aew.xml,1216,417,.xml,android_res,res/Aew.xml
res/AfH.webp,332,332,.webp,android_res,res/AfH.webp
res/AgG.webp,2212,2212,.webp,android_res,res/AgG.webp
res/AgN.png,20055,20055,.png,android_res,res/AgN.png
res/Aga.png,766,766,.png,android_res,res/Aga.png
res/Agr.xml,2772,1085,.xml,android_res,res/Agr.xml
res/Air.xml,628,332,.xml,android_res,res/Air.xml
res/Aix.png,173,173,.png,android_res,res/Aix.png
res/AjA.png,2987,2987,.png,android_res,res/AjA.png
res/Ajc.xml,9944,2284,.xml,android_res,res/Ajc.xml
res/Aje.webp,2146,2146,.webp,android_res,res/Aje.webp
res/Ak0.xml,3488,1131,.xml,android_res,res/Ak0.xml
res/AkB.xml,3320,1163,.xml,android_res,res/AkB.xml
res/AkN.png,1334,1334,.png,android_res,res/AkN.png
res/Akd.xml,1660,612,.xml,android_res,res/Akd.xml
res/Al-.xml,11604,2533,.xml,android_res,res/Al-.xml
res/Al9.xml,3788,1236,.xml,android_res,res/Al9.xml
res/AlX.xml,2360,660,.xml,android_res,res/AlX.xml
res/Alv.png,3659,3659,.png,android_res,res/Alv.png
res/Alw.webp,1868,1868,.webp,android_res,res/Alw.webp
res/AmH.png,2778,2778,.png,android_res,res/AmH.png
res/Ami.xml,1504,676,.xml,android_res,res/Ami.xml
res/Amo.png,10172,10172,.png,android_res,res/Amo.png
res/Ang.png,745,745,.png,android_res,res/Ang.png
res/Anv.xml,628,291,.xml,android_res,res/Anv.xml
res/ApP.webp,13064,13064,.webp,android_res,res/ApP.webp
res/Aq9.png,981,981,.png,android_res,res/Aq9.png
res/AqA.xml,740,384,.xml,android_res,res/AqA.xml
res/AqP.xml,1064,509,.xml,android_res,res/AqP.xml
res/Ar6.xml,3284,788,.xml,android_res,res/Ar6.xml
res/Ar7.png,1086320,1086320,.png,android_res,res/Ar7.png
res/Ar8.png,5167,5167,.png,android_res,res/Ar8.png
res/AsG.png,53100,53100,.png,android_res,res/AsG.png
res/AtJ.xml,756,372,.xml,android_res,res/AtJ.xml
res/Atg.png,6836,6836,.png,android_res,res/Atg.png
res/Att.xml,2388,883,.xml,android_res,res/Att.xml
res/Au5.png,1634,1634,.png,android_res,res/Au5.png
res/AuE.xml,516,242,.xml,android_res,res/AuE.xml
res/Au_.xml,1960,924,.xml,android_res,res/Au_.xml
res/Aug.webp,474,474,.webp,android_res,res/Aug.webp
res/Aun.png,67,67,.png,android_res,res/Aun.png
res/Aut.xml,3392,1071,.xml,android_res,res/Aut.xml
res/Avh.png,3326,3326,.png,android_res,res/Avh.png
res/AwC.xml,464,227,.xml,android_res,res/AwC.xml
res/AwY.xml,2756,971,.xml,android_res,res/AwY.xml
res/Awt.xml,576,270,.xml,android_res,res/Awt.xml
res/AxQ.png,185,185,.png,android_res,res/AxQ.png
res/AxW.png,2001,2001,.png,android_res,res/AxW.png
res/Axm.png,332,332,.png,android_res,res/Axm.png
res/Axr.png,8292,8292,.png,android_res,res/Axr.png
res/Az9.webp,25540,25540,.webp,android_res,res/Az9.webp
res/AzW.xml,932,449,.xml,android_res,res/AzW.xml
res/B-0.webp,11112,11112,.webp,android_res,res/B-0.webp
res/B-Z.png,5533,5533,.png,android_res,res/B-Z.png
res/B-f.png,17294,17294,.png,android_res,res/B-f.png
res/B-w.webp,31966,31966,.webp,android_res,res/B-w.webp
res/B0G.png,7133,7133,.png,android_res,res/B0G.png
res/B0h.xml,32156,6069,.xml,android_res,res/B0h.xml
res/B0n.png,486,486,.png,android_res,res/B0n.png
res/B1L.xml,3012,1098,.xml,android_res,res/B1L.xml
res/B1_.xml,2316,894,.xml,android_res,res/B1_.xml
res/B1o.xml,1500,594,.xml,android_res,res/B1o.xml
res/B27.webp,1676,1676,.webp,android_res,res/B27.webp
res/B29.webp,3280,3280,.webp,android_res,res/B29.webp
res/B2M.png,549,549,.png,android_res,res/B2M.png
res/B2h.webp,5826,5826,.webp,android_res,res/B2h.webp
res/B2s.webp,11730,11730,.webp,android_res,res/B2s.webp
res/B2u.xml,3684,1155,.xml,android_res,res/B2u.xml
res/B35.png,400,400,.png,android_res,res/B35.png
res/B54.png,394,394,.png,android_res,res/B54.png
res/B5_.webp,2130,2130,.webp,android_res,res/B5_.webp
res/B61.png,1626,1626,.png,android_res,res/B61.png
res/B67.webp,2730,2730,.webp,android_res,res/B67.webp
res/B6P.xml,7484,1670,.xml,android_res,res/B6P.xml
res/B6W.xml,2532,1018,.xml,android_res,res/B6W.xml
res/B6i.xml,12544,2779,.xml,android_res,res/B6i.xml
res/B7Q.webp,1922,1922,.webp,android_res,res/B7Q.webp
res/B7R.xml,448,217,.xml,android_res,res/B7R.xml
res/B7i.png,9772,9772,.png,android_res,res/B7i.png
res/B7l.webp,5094,5094,.webp,android_res,res/B7l.webp
res/B8E.webp,1792,1792,.webp,android_res,res/B8E.webp
res/B8J.png,1736,1736,.png,android_res,res/B8J.png
res/B8P.xml,844,426,.xml,android_res,res/B8P.xml
res/B8W.png,359,359,.png,android_res,res/B8W.png
res/B8u.xml,768,395,.xml,android_res,res/B8u.xml
res/B99.webp,590,590,.webp,android_res,res/B99.webp
res/B9h.png,24190,24190,.png,android_res,res/B9h.png
res/BAH.webp,3240,3240,.webp,android_res,res/BAH.webp
res/BAI.xml,1444,667,.xml,android_res,res/BAI.xml
res/BAN.png,13231,13231,.png,android_res,res/BAN.png
res/BAR.xml,1976,756,.xml,android_res,res/BAR.xml
res/BCQ.xml,8664,2351,.xml,android_res,res/BCQ.xml
res/BCe.xml,4936,1427,.xml,android_res,res/BCe.xml
res/BDC.xml,2032,753,.xml,android_res,res/BDC.xml
res/BEn.png,889,889,.png,android_res,res/BEn.png
res/BEv.webp,1626,1626,.webp,android_res,res/BEv.webp
res/BF6.xml,1040,478,.xml,android_res,res/BF6.xml
res/BFe.png,344,344,.png,android_res,res/BFe.png
res/BGR.png,651,651,.png,android_res,res/BGR.png
res/BGS.png,68345,68345,.png,android_res,res/BGS.png
res/BGS.xml,1376,434,.xml,android_res,res/BGS.xml
res/BGq.webp,16890,16890,.webp,android_res,res/BGq.webp
res/BHJ.xml,7472,1955,.xml,android_res,res/BHJ.xml
res/BHU.png,50317,50317,.png,android_res,res/BHU.png
res/BHe.png,3239,3239,.png,android_res,res/BHe.png
res/BHw.png,293,293,.png,android_res,res/BHw.png
res/BI-.png,3263,3263,.png,android_res,res/BI-.png
res/BI1.webp,3152,3152,.webp,android_res,res/BI1.webp
res/BI4.webp,546,546,.webp,android_res,res/BI4.webp
res/BIB.webp,5058,5058,.webp,android_res,res/BIB.webp
res/BIy.xml,1952,835,.xml,android_res,res/BIy.xml
res/BJ-.png,761,761,.png,android_res,res/BJ-.png
res/BJO.png,9877,9877,.png,android_res,res/BJO.png
res/BJg.png,1353,1353,.png,android_res,res/BJg.png
res/BKs.png,7804,7804,.png,android_res,res/BKs.png
res/BL0.webp,122352,122352,.webp,android_res,res/BL0.webp
res/BLZ.webp,3854,3854,.webp,android_res,res/BLZ.webp
res/BLk.png,2095,2095,.png,android_res,res/BLk.png
res/BMG.png,67,67,.png,android_res,res/BMG.png
res/BMK.xml,3968,1072,.xml,android_res,res/BMK.xml
res/BNG.xml,4856,1459,.xml,android_res,res/BNG.xml
res/BOp.webp,6424,6424,.webp,android_res,res/BOp.webp
res/BOv.png,173,173,.png,android_res,res/BOv.png
res/BP0.png,1179,1179,.png,android_res,res/BP0.png
res/BPN.png,458,458,.png,android_res,res/BPN.png
res/BPT.ttf,44112,29586,.ttf,android_res,res/BPT.ttf
res/BQ3.xml,14108,3734,.xml,android_res,res/BQ3.xml
res/BQI.webp,1054,1054,.webp,android_res,res/BQI.webp
res/BQy.png,1922,1922,.png,android_res,res/BQy.png
res/BRA.xml,3100,1113,.xml,android_res,res/BRA.xml
res/BSG.xml,1748,760,.xml,android_res,res/BSG.xml
res/BSW.png,995,995,.png,android_res,res/BSW.png
res/BSn.png,5382,5382,.png,android_res,res/BSn.png
res/BSw.xml,8088,2233,.xml,android_res,res/BSw.xml
res/BTP.png,472,472,.png,android_res,res/BTP.png
res/BU4.png,204,204,.png,android_res,res/BU4.png
res/BU41.png,185,185,.png,android_res,res/BU41.png
res/BUo.xml,2732,987,.xml,android_res,res/BUo.xml
res/BUt.xml,2448,887,.xml,android_res,res/BUt.xml
res/BVx.png,857,857,.png,android_res,res/BVx.png
res/BW3.webp,2462,2462,.webp,android_res,res/BW3.webp
res/BW3.xml,1588,610,.xml,android_res,res/BW3.xml
res/BXJ.9.png,64770,64770,.png,android_res,res/BXJ.9.png
res/BXd.xml,484,225,.xml,android_res,res/BXd.xml
res/BYK.png,4884,4884,.png,android_res,res/BYK.png
res/BYu.png,2192,2192,.png,android_res,res/BYu.png
res/BZ8.xml,468,230,.xml,android_res,res/BZ8.xml
res/BZC.webp,1756,1756,.webp,android_res,res/BZC.webp
res/BZs.xml,556,283,.xml,android_res,res/BZs.xml
res/B_I.xml,5412,1531,.xml,android_res,res/B_I.xml
res/B_I1.xml,8988,2325,.xml,android_res,res/B_I1.xml
res/Ba2.png,10079,10079,.png,android_res,res/Ba2.png
res/BaF.png,43421,43421,.png,android_res,res/BaF.png
res/BaQ.webp,41408,41408,.webp,android_res,res/BaQ.webp
res/Bao.png,6958,6958,.png,android_res,res/Bao.png
res/Baq.xml,532,263,.xml,android_res,res/Baq.xml
res/BcS.xml,3692,1274,.xml,android_res,res/BcS.xml
res/BcX.png,6754,6754,.png,android_res,res/BcX.png
res/Bcq.webp,0,0,.webp,android_res,res/Bcq.webp
res/Bd3.png,50046,50046,.png,android_res,res/Bd3.png
res/Bd7.xml,2668,951,.xml,android_res,res/Bd7.xml
res/BdS.png,2324,2324,.png,android_res,res/BdS.png
res/BdX.webp,22262,22262,.webp,android_res,res/BdX.webp
res/Bdd.xml,2152,783,.xml,android_res,res/Bdd.xml
res/Bdd1.xml,424,226,.xml,android_res,res/Bdd1.xml
res/Bek.xml,3220,1163,.xml,android_res,res/Bek.xml
res/BgG.xml,1984,731,.xml,android_res,res/BgG.xml
res/BgL.webp,51664,51664,.webp,android_res,res/BgL.webp
res/BgQ.png,6604,6604,.png,android_res,res/BgQ.png
res/Bge.png,67,67,.png,android_res,res/Bge.png
res/Bgq.webp,85634,85634,.webp,android_res,res/Bgq.webp
res/Bh5.xml,3044,957,.xml,android_res,res/Bh5.xml
res/Bh8.xml,504,248,.xml,android_res,res/Bh8.xml
res/BhE.webp,16636,16636,.webp,android_res,res/BhE.webp
res/BhP.xml,2468,1026,.xml,android_res,res/BhP.xml
res/Bhp.webp,26952,26952,.webp,android_res,res/Bhp.webp
res/BiV.png,575,575,.png,android_res,res/BiV.png
res/Big.xml,568,277,.xml,android_res,res/Big.xml
res/Bis.png,23572,23572,.png,android_res,res/Bis.png
res/BjU.9.png,4721,4721,.png,android_res,res/BjU.9.png
res/BjZ.png,1086,1086,.png,android_res,res/BjZ.png
res/BkF.png,10286,10286,.png,android_res,res/BkF.png
res/Bkx.png,31909,31909,.png,android_res,res/Bkx.png
res/Bl4.xml,2652,987,.xml,android_res,res/Bl4.xml
res/BlO.webp,5732,5732,.webp,android_res,res/BlO.webp
res/BmI.xml,952,372,.xml,android_res,res/BmI.xml
res/Bn2.xml,468,231,.xml,android_res,res/Bn2.xml
res/BoG.png,801,801,.png,android_res,res/BoG.png
res/Boj.png,3218,3218,.png,android_res,res/Boj.png
res/BpO.xml,3240,1038,.xml,android_res,res/BpO.xml
res/BpS.png,1762,1762,.png,android_res,res/BpS.png
res/Bpb.xml,448,216,.xml,android_res,res/Bpb.xml
res/Bpv.xml,4728,1414,.xml,android_res,res/Bpv.xml
res/Bq5.xml,1644,726,.xml,android_res,res/Bq5.xml
res/BsI.webp,8470,8470,.webp,android_res,res/BsI.webp
res/BsN.png,15596,15596,.png,android_res,res/BsN.png
res/Bsz.xml,836,410,.xml,android_res,res/Bsz.xml
res/Btl.png,2646,2646,.png,android_res,res/Btl.png
res/Btl.xml,1152,568,.xml,android_res,res/Btl.xml
res/Bts.xml,2948,1122,.xml,android_res,res/Bts.xml
res/BuP.webp,17864,17864,.webp,android_res,res/BuP.webp
res/BuX.png,486,486,.png,android_res,res/BuX.png
res/Bum.png,402,402,.png,android_res,res/Bum.png
res/BvH.xml,564,237,.xml,android_res,res/BvH.xml
res/BwB.xml,4848,1493,.xml,android_res,res/BwB.xml
res/BxW.xml,1000,491,.xml,android_res,res/BxW.xml
res/Bxa.png,1179,1179,.png,android_res,res/Bxa.png
res/Bxe.webp,1172,1172,.webp,android_res,res/Bxe.webp
res/Bxp.png,2270,2270,.png,android_res,res/Bxp.png
res/ByR.xml,1208,564,.xml,android_res,res/ByR.xml
res/ByX.png,1237,1237,.png,android_res,res/ByX.png
res/Byk.xml,696,293,.xml,android_res,res/Byk.xml
res/Bym.png,5363,5363,.png,android_res,res/Bym.png
res/Bz2.xml,860,385,.xml,android_res,res/Bz2.xml
res/Bzp.png,401,401,.png,android_res,res/Bzp.png
res/Bzw.xml,2668,967,.xml,android_res,res/Bzw.xml
res/C-L.png,9519,9519,.png,android_res,res/C-L.png
res/C0T.xml,2896,929,.xml,android_res,res/C0T.xml
res/C0l.9.png,696,696,.png,android_res,res/C0l.9.png
res/C1z.xml,16180,3259,.xml,android_res,res/C1z.xml
res/C2M.xml,988,465,.xml,android_res,res/C2M.xml
res/C3b.xml,484,225,.xml,android_res,res/C3b.xml
res/C3j.png,14557,14557,.png,android_res,res/C3j.png
res/C48.png,1502,1502,.png,android_res,res/C48.png
res/C4J.webp,25720,25720,.webp,android_res,res/C4J.webp
res/C5O.png,510,510,.png,android_res,res/C5O.png
res/C6-.xml,1348,601,.xml,android_res,res/C6-.xml
res/C6M.png,263,263,.png,android_res,res/C6M.png
res/C7-.xml,500,251,.xml,android_res,res/C7-.xml
res/C7Q.webp,34544,34544,.webp,android_res,res/C7Q.webp
res/C7S.xml,2456,798,.xml,android_res,res/C7S.xml
res/C7d.xml,704,310,.xml,android_res,res/C7d.xml
res/C7e.png,5299,5299,.png,android_res,res/C7e.png
res/C8w.png,5896,5896,.png,android_res,res/C8w.png
res/C8w1.png,30884,30884,.png,android_res,res/C8w1.png
res/C9k.xml,3260,1041,.xml,android_res,res/C9k.xml
res/CA9.png,3270,3270,.png,android_res,res/CA9.png
res/CAr.webp,1154,1154,.webp,android_res,res/CAr.webp
res/CAs.9.png,178,178,.png,android_res,res/CAs.9.png
res/CBM.xml,304,173,.xml,android_res,res/CBM.xml
res/CC0.webp,32884,32884,.webp,android_res,res/CC0.webp
res/CC3.xml,836,384,.xml,android_res,res/CC3.xml
res/CCI.png,496,496,.png,android_res,res/CCI.png
res/CCS.png,2437,2437,.png,android_res,res/CCS.png
res/CCs.xml,5536,1644,.xml,android_res,res/CCs.xml
res/CD3.webp,11704,11704,.webp,android_res,res/CD3.webp
res/CDf.xml,2308,915,.xml,android_res,res/CDf.xml
res/CE-.webp,2950,2950,.webp,android_res,res/CE-.webp
res/CE6.xml,3524,1215,.xml,android_res,res/CE6.xml
res/CED.webp,934,934,.webp,android_res,res/CED.webp
res/CEV.xml,352,196,.xml,android_res,res/CEV.xml
res/CEu.webp,35768,35768,.webp,android_res,res/CEu.webp
res/CFK.xml,468,232,.xml,android_res,res/CFK.xml
res/CFQ.xml,2556,952,.xml,android_res,res/CFQ.xml
res/CGK.png,13318,13318,.png,android_res,res/CGK.png
res/CGM.png,1045,1045,.png,android_res,res/CGM.png
res/CGh.png,7072,7072,.png,android_res,res/CGh.png
res/CHk.png,3636,3636,.png,android_res,res/CHk.png
res/CIB.xml,3736,1278,.xml,android_res,res/CIB.xml
res/CJI.png,26698,26698,.png,android_res,res/CJI.png
res/CJ_.xml,4500,1301,.xml,android_res,res/CJ_.xml
res/CJe.png,266,266,.png,android_res,res/CJe.png
res/CJm.png,1388,1388,.png,android_res,res/CJm.png
res/CKO.png,447,447,.png,android_res,res/CKO.png
res/CKd.webp,2456,2456,.webp,android_res,res/CKd.webp
res/CKx.xml,2588,855,.xml,android_res,res/CKx.xml
res/CL3.xml,2368,885,.xml,android_res,res/CL3.xml
res/CLc.png,760,760,.png,android_res,res/CLc.png
res/CM9.png,928,928,.png,android_res,res/CM9.png
res/CMG.png,9287,9287,.png,android_res,res/CMG.png
res/CMu.png,10613,10613,.png,android_res,res/CMu.png
res/CNC.png,301,301,.png,android_res,res/CNC.png
res/CNa.png,1157,1157,.png,android_res,res/CNa.png
res/COD.png,2038,2038,.png,android_res,res/COD.png
res/CP0.xml,4296,1391,.xml,android_res,res/CP0.xml
res/CPE.png,3037,3037,.png,android_res,res/CPE.png
res/CPp.png,7315,7315,.png,android_res,res/CPp.png
res/CQ8.webp,4578,4578,.webp,android_res,res/CQ8.webp
res/CQC.xml,1428,621,.xml,android_res,res/CQC.xml
res/CQe.png,2154,2154,.png,android_res,res/CQe.png
res/CQu.png,736,736,.png,android_res,res/CQu.png
res/CRB.png,5398,5398,.png,android_res,res/CRB.png
res/CSF.xml,5592,1461,.xml,android_res,res/CSF.xml
res/CSx.xml,17488,4024,.xml,android_res,res/CSx.xml
res/CT_.png,2840,2840,.png,android_res,res/CT_.png
res/CTv.png,1826,1826,.png,android_res,res/CTv.png
res/CUE.webp,3902,3902,.webp,android_res,res/CUE.webp
res/CUf.xml,2972,1060,.xml,android_res,res/CUf.xml
res/CVR.xml,2148,783,.xml,android_res,res/CVR.xml
res/CVZ.xml,4828,1423,.xml,android_res,res/CVZ.xml
res/CVg.png,10249,10249,.png,android_res,res/CVg.png
res/CW2.xml,2652,989,.xml,android_res,res/CW2.xml
res/CWo.png,7347,7347,.png,android_res,res/CWo.png
res/CXJ.png,5472,5472,.png,android_res,res/CXJ.png
res/CXL.png,28327,28327,.png,android_res,res/CXL.png
res/CXP.webp,6490,6490,.webp,android_res,res/CXP.webp
res/CXh.xml,756,292,.xml,android_res,res/CXh.xml
res/CY1.xml,484,248,.xml,android_res,res/CY1.xml
res/CY3.xml,8120,2317,.xml,android_res,res/CY3.xml
res/CY_.webp,660,660,.webp,android_res,res/CY_.webp
res/CZD.webp,5018,5018,.webp,android_res,res/CZD.webp
res/CZV.xml,2916,965,.xml,android_res,res/CZV.xml
res/CZd.png,623,623,.png,android_res,res/CZd.png
res/CZk.png,4945,4945,.png,android_res,res/CZk.png
res/Cah.png,19572,19572,.png,android_res,res/Cah.png
res/CbH.xml,3228,996,.xml,android_res,res/CbH.xml
res/CbO.xml,484,230,.xml,android_res,res/CbO.xml
res/Cba.xml,972,479,.xml,android_res,res/Cba.xml
res/Cbx.xml,9944,2698,.xml,android_res,res/Cbx.xml
res/Cby.xml,6348,1727,.xml,android_res,res/Cby.xml
res/Cbz.xml,1728,703,.xml,android_res,res/Cbz.xml
res/Cc1.xml,492,235,.xml,android_res,res/Cc1.xml
res/Cc5.xml,896,483,.xml,android_res,res/Cc5.xml
res/Cd3.png,1277,1277,.png,android_res,res/Cd3.png
res/CdL.png,800,800,.png,android_res,res/CdL.png
res/CeO.png,100710,100710,.png,android_res,res/CeO.png
res/CfB.xml,600,284,.xml,android_res,res/CfB.xml
res/CfR.xml,13060,3144,.xml,android_res,res/CfR.xml
res/Cff.webp,4598,4598,.webp,android_res,res/Cff.webp
res/Cfl.webp,12342,12342,.webp,android_res,res/Cfl.webp
res/Cfp.png,913,913,.png,android_res,res/Cfp.png
res/Cge.9.png,524,524,.png,android_res,res/Cge.9.png
res/Cgf.xml,2952,1063,.xml,android_res,res/Cgf.xml
res/Ci3.png,3069,3069,.png,android_res,res/Ci3.png
res/Ci3.xml,664,352,.xml,android_res,res/Ci3.xml
res/Cim.xml,2132,838,.xml,android_res,res/Cim.xml
res/Ciy.png,284,284,.png,android_res,res/Ciy.png
res/CjT.png,6866,6866,.png,android_res,res/CjT.png
res/CjU.png,11367,11367,.png,android_res,res/CjU.png
res/CjZ.xml,2488,909,.xml,android_res,res/CjZ.xml
res/Cke.xml,9736,2211,.xml,android_res,res/Cke.xml
res/Ckf.xml,488,230,.xml,android_res,res/Ckf.xml
res/ClS.png,376,376,.png,android_res,res/ClS.png
res/Cls.xml,540,255,.xml,android_res,res/Cls.xml
res/Cmr.xml,2800,1000,.xml,android_res,res/Cmr.xml
res/Cn8.png,7811,7811,.png,android_res,res/Cn8.png
res/CnI.xml,1716,695,.xml,android_res,res/CnI.xml
res/CnS.png,11587,11587,.png,android_res,res/CnS.png
res/Cnr.png,6176,6176,.png,android_res,res/Cnr.png
res/Cnu.png,1180,1180,.png,android_res,res/Cnu.png
res/Co1.xml,8296,1718,.xml,android_res,res/Co1.xml
res/CoO.xml,2820,989,.xml,android_res,res/CoO.xml
res/CoS.png,9500,9500,.png,android_res,res/CoS.png
res/Cos.xml,4164,1226,.xml,android_res,res/Cos.xml
res/Cp6.webp,61064,61064,.webp,android_res,res/Cp6.webp
res/CpG.xml,6184,1749,.xml,android_res,res/CpG.xml
res/CpW.xml,3336,1070,.xml,android_res,res/CpW.xml
res/Cph.png,3380,3380,.png,android_res,res/Cph.png
res/Cpm.xml,612,269,.xml,android_res,res/Cpm.xml
res/Cq4.png,2745,2745,.png,android_res,res/Cq4.png
res/CqA.xml,2304,932,.xml,android_res,res/CqA.xml
res/CqZ.png,298,298,.png,android_res,res/CqZ.png
res/Cqk.png,532,532,.png,android_res,res/Cqk.png
res/Crb.otf,1656252,1318104,.otf,android_res,res/Crb.otf
res/Crm.xml,4564,1302,.xml,android_res,res/Crm.xml
res/Crr.png,65160,65160,.png,android_res,res/Crr.png
res/Cs1.webp,34132,34132,.webp,android_res,res/Cs1.webp
res/Cs2.png,2454,2454,.png,android_res,res/Cs2.png
res/CsE.xml,3388,1228,.xml,android_res,res/CsE.xml
res/CsP.png,767,767,.png,android_res,res/CsP.png
res/Csn.xml,2436,981,.xml,android_res,res/Csn.xml
res/CtK.xml,1800,617,.xml,android_res,res/CtK.xml
res/CtR.xml,488,227,.xml,android_res,res/CtR.xml
res/CuC.webp,13282,13282,.webp,android_res,res/CuC.webp
res/Cue.webp,2910,2910,.webp,android_res,res/Cue.webp
res/CvN.xml,304,172,.xml,android_res,res/CvN.xml
res/Cvg.png,1096,1096,.png,android_res,res/Cvg.png
res/CwV.xml,484,223,.xml,android_res,res/CwV.xml
res/CxR.webp,6902,6902,.webp,android_res,res/CxR.webp
res/Cy4.xml,4052,1154,.xml,android_res,res/Cy4.xml
res/CyK.xml,1720,591,.xml,android_res,res/CyK.xml
res/Cya.xml,7296,1812,.xml,android_res,res/Cya.xml
res/Cz1.png,8133,8133,.png,android_res,res/Cz1.png
res/CzE.xml,804,292,.xml,android_res,res/CzE.xml
res/D0f.png,1301,1301,.png,android_res,res/D0f.png
res/D0u.xml,2172,908,.xml,android_res,res/D0u.xml
res/D0v.png,282,282,.png,android_res,res/D0v.png
res/D0v.webp,64436,64436,.webp,android_res,res/D0v.webp
res/D18.png,521,521,.png,android_res,res/D18.png
res/D1F.xml,696,338,.xml,android_res,res/D1F.xml
res/D1R.xml,6132,1656,.xml,android_res,res/D1R.xml
res/D1_.png,2252,2252,.png,android_res,res/D1_.png
res/D1t.xml,576,262,.xml,android_res,res/D1t.xml
res/D1u.xml,4060,1157,.xml,android_res,res/D1u.xml
res/D21.png,9607,9607,.png,android_res,res/D21.png
res/D33.xml,2388,898,.xml,android_res,res/D33.xml
res/D3K.xml,1916,692,.xml,android_res,res/D3K.xml
res/D3W.png,1424,1424,.png,android_res,res/D3W.png
res/D4p.xml,1188,588,.xml,android_res,res/D4p.xml
res/D50.xml,2524,882,.xml,android_res,res/D50.xml
res/D5m.xml,1036,477,.xml,android_res,res/D5m.xml
res/D6q.png,580,580,.png,android_res,res/D6q.png
res/D6w.png,2846,2846,.png,android_res,res/D6w.png
res/D7L.png,3542,3542,.png,android_res,res/D7L.png
res/D9-.png,864,864,.png,android_res,res/D9-.png
res/D9H.xml,760,332,.xml,android_res,res/D9H.xml
res/D9M.xml,8028,1981,.xml,android_res,res/D9M.xml
res/D9a.xml,3792,1220,.xml,android_res,res/D9a.xml
res/DA-.png,15536,15536,.png,android_res,res/DA-.png
res/DAD.xml,1544,619,.xml,android_res,res/DAD.xml
res/DBq.png,8111,8111,.png,android_res,res/DBq.png
res/DDS.9.png,2493,2493,.png,android_res,res/DDS.9.png
res/DDc.png,18712,18712,.png,android_res,res/DDc.png
res/DES.xml,2704,1106,.xml,android_res,res/DES.xml
res/DET.xml,4812,1407,.xml,android_res,res/DET.xml
res/DFX.xml,588,321,.xml,android_res,res/DFX.xml
res/DGf.png,894,894,.png,android_res,res/DGf.png
res/DHn.png,24115,24115,.png,android_res,res/DHn.png
res/DHt.png,11574,11574,.png,android_res,res/DHt.png
res/DJ6.png,22287,22287,.png,android_res,res/DJ6.png
res/DJA.webp,2198,2198,.webp,android_res,res/DJA.webp
res/DJj.webp,12256,12256,.webp,android_res,res/DJj.webp
res/DL5.png,5182,5182,.png,android_res,res/DL5.png
res/DMX.xml,5932,1586,.xml,android_res,res/DMX.xml
res/DN-.xml,2400,789,.xml,android_res,res/DN-.xml
res/DNV.png,17481,17481,.png,android_res,res/DNV.png
res/DN_.xml,6224,1911,.xml,android_res,res/DN_.xml
res/DNe.png,5852,5852,.png,android_res,res/DNe.png
res/DO0.png,695,695,.png,android_res,res/DO0.png
res/DO0.xml,7084,1846,.xml,android_res,res/DO0.xml
res/DOE.png,33262,33262,.png,android_res,res/DOE.png
res/DOE.xml,2024,360,.xml,android_res,res/DOE.xml
res/DOW.xml,2320,914,.xml,android_res,res/DOW.xml
res/DPX.png,34950,34950,.png,android_res,res/DPX.png
res/DP_.xml,1160,408,.xml,android_res,res/DP_.xml
res/DQD.webp,1108,1108,.webp,android_res,res/DQD.webp
res/DQE.png,114529,114529,.png,android_res,res/DQE.png
res/DQQ.xml,3008,1104,.xml,android_res,res/DQQ.xml
res/DQh.png,3687,3687,.png,android_res,res/DQh.png
res/DQr.xml,4536,1566,.xml,android_res,res/DQr.xml
res/DQx.xml,1128,499,.xml,android_res,res/DQx.xml
res/DRK.png,63005,63005,.png,android_res,res/DRK.png
res/DRf.png,1796,1796,.png,android_res,res/DRf.png
res/DRr.webp,11324,11324,.webp,android_res,res/DRr.webp
res/DS5.xml,1052,488,.xml,android_res,res/DS5.xml
res/DSx.xml,872,409,.xml,android_res,res/DSx.xml
res/DTc.xml,1692,709,.xml,android_res,res/DTc.xml
res/DUi.png,462,462,.png,android_res,res/DUi.png
res/DV1.xml,1608,716,.xml,android_res,res/DV1.xml
res/DVA.png,8480,8480,.png,android_res,res/DVA.png
res/DVA.webp,3862,3862,.webp,android_res,res/DVA.webp
res/DVF.xml,4472,1422,.xml,android_res,res/DVF.xml
res/DVL.xml,1848,724,.xml,android_res,res/DVL.xml
res/DVR.webp,11706,11706,.webp,android_res,res/DVR.webp
res/DVR.xml,3756,1263,.xml,android_res,res/DVR.xml
res/DVu.webp,22700,22700,.webp,android_res,res/DVu.webp
res/DWL.webp,1702,1702,.webp,android_res,res/DWL.webp
res/DXJ.xml,3536,1105,.xml,android_res,res/DXJ.xml
res/DXK.png,67,67,.png,android_res,res/DXK.png
res/DY5.xml,4200,1339,.xml,android_res,res/DY5.xml
res/DYL.png,929,929,.png,android_res,res/DYL.png
res/DZP.xml,1388,614,.xml,android_res,res/DZP.xml
res/DZT.png,179,179,.png,android_res,res/DZT.png
res/DZi.png,27305,27305,.png,android_res,res/DZi.png
res/D_1.xml,2976,1088,.xml,android_res,res/D_1.xml
res/D_A.png,26388,26388,.png,android_res,res/D_A.png
res/D_B.png,6046,6046,.png,android_res,res/D_B.png
res/D_D.png,5300,5300,.png,android_res,res/D_D.png
res/D_G.png,3894,3894,.png,android_res,res/D_G.png
res/D_H.png,5077,5077,.png,android_res,res/D_H.png
res/D_U.webp,1700,1700,.webp,android_res,res/D_U.webp
res/D_b.xml,2824,1073,.xml,android_res,res/D_b.xml
res/DcE.xml,4912,1548,.xml,android_res,res/DcE.xml
res/DcX.webp,1536,1536,.webp,android_res,res/DcX.webp
res/Dcp.xml,5468,1681,.xml,android_res,res/Dcp.xml
res/DdB.xml,4868,1480,.xml,android_res,res/DdB.xml
res/DdY.png,6033,6033,.png,android_res,res/DdY.png
res/Dde.png,1245,1245,.png,android_res,res/Dde.png
res/DfA.png,692,692,.png,android_res,res/DfA.png
res/DfX.xml,1656,421,.xml,android_res,res/DfX.xml
res/DgE.png,894,894,.png,android_res,res/DgE.png
res/DgL.xml,464,232,.xml,android_res,res/DgL.xml
res/Dgq.png,5605,5605,.png,android_res,res/Dgq.png
res/DhL.png,519,519,.png,android_res,res/DhL.png
res/DhS.png,204652,204652,.png,android_res,res/DhS.png
res/Dhg.xml,468,230,.xml,android_res,res/Dhg.xml
res/Dhn.png,13253,13253,.png,android_res,res/Dhn.png
res/Dhn.xml,536,273,.xml,android_res,res/Dhn.xml
res/Dik.webp,2498,2498,.webp,android_res,res/Dik.webp
res/Diw.xml,768,353,.xml,android_res,res/Diw.xml
res/Dj9.png,326,326,.png,android_res,res/Dj9.png
res/DjX.webp,0,0,.webp,android_res,res/DjX.webp
res/Dn5.webp,10178,10178,.webp,android_res,res/Dn5.webp
res/DpA.xml,988,348,.xml,android_res,res/DpA.xml
res/Dpc.png,6592,6592,.png,android_res,res/Dpc.png
res/Dpo.png,11848,11848,.png,android_res,res/Dpo.png
res/DqB.png,1593,1593,.png,android_res,res/DqB.png
res/DqC.png,1050,1050,.png,android_res,res/DqC.png
res/Dqx.xml,880,424,.xml,android_res,res/Dqx.xml
res/DrU.xml,484,223,.xml,android_res,res/DrU.xml
res/Drj.png,282,282,.png,android_res,res/Drj.png
res/Dsp.xml,612,269,.xml,android_res,res/Dsp.xml
res/DtB.png,8536,8536,.png,android_res,res/DtB.png
res/DtN.9.png,244,244,.png,android_res,res/DtN.9.png
res/DtP.png,2367,2367,.png,android_res,res/DtP.png
res/DtZ.webp,11958,11958,.webp,android_res,res/DtZ.webp
res/Dtr.png,49974,49974,.png,android_res,res/Dtr.png
res/Dus.png,2813,2813,.png,android_res,res/Dus.png
res/Dvi.png,609,609,.png,android_res,res/Dvi.png
res/Dvl.xml,776,337,.xml,android_res,res/Dvl.xml
res/Dvt.png,1841,1841,.png,android_res,res/Dvt.png
res/Dw3.png,407,407,.png,android_res,res/Dw3.png
res/DwK.xml,1252,504,.xml,android_res,res/DwK.xml
res/Dw_.webp,37674,37674,.webp,android_res,res/Dw_.webp
res/Dwc.xml,796,342,.xml,android_res,res/Dwc.xml
res/Dwg.xml,940,416,.xml,android_res,res/Dwg.xml
res/Dwi.xml,1352,539,.xml,android_res,res/Dwi.xml
res/Dwm.png,3150,3150,.png,android_res,res/Dwm.png
res/DxR.xml,516,248,.xml,android_res,res/DxR.xml
res/Dxa.png,8613,8613,.png,android_res,res/Dxa.png
res/Dxr.xml,3404,1117,.xml,android_res,res/Dxr.xml
res/Dxt.png,7816,7816,.png,android_res,res/Dxt.png
res/E-W.xml,12312,2915,.xml,android_res,res/E-W.xml
res/E04.xml,2276,816,.xml,android_res,res/E04.xml
res/E1-.png,570,570,.png,android_res,res/E1-.png
res/E2K.9.png,222,222,.png,android_res,res/E2K.9.png
res/E3h.xml,2236,788,.xml,android_res,res/E3h.xml
res/E4A.png,284,284,.png,android_res,res/E4A.png
res/E4F.xml,448,216,.xml,android_res,res/E4F.xml
res/E4a.webp,8892,8892,.webp,android_res,res/E4a.webp
res/E54.png,355,355,.png,android_res,res/E54.png
res/E57.webp,8342,8342,.webp,android_res,res/E57.webp
res/E5a.png,67,67,.png,android_res,res/E5a.png
res/E61.png,52492,52492,.png,android_res,res/E61.png
res/E67.xml,17016,3544,.xml,android_res,res/E67.xml
res/E6a.xml,7060,1798,.xml,android_res,res/E6a.xml
res/E6l.webp,31746,31746,.webp,android_res,res/E6l.webp
res/E7A.xml,1864,771,.xml,android_res,res/E7A.xml
res/E7d.png,942,942,.png,android_res,res/E7d.png
res/E7y.xml,1064,339,.xml,android_res,res/E7y.xml
res/E8G.xml,2148,904,.xml,android_res,res/E8G.xml
res/E9h.png,6856,6856,.png,android_res,res/E9h.png
res/E9r.webp,10228,10228,.webp,android_res,res/E9r.webp
res/EAF.webp,7898,7898,.webp,android_res,res/EAF.webp
res/EAv.png,250,250,.png,android_res,res/EAv.png
res/EBD.xml,3704,1335,.xml,android_res,res/EBD.xml
res/EBP.png,407,407,.png,android_res,res/EBP.png
res/EBd.png,8985,8985,.png,android_res,res/EBd.png
res/ECU.xml,696,338,.xml,android_res,res/ECU.xml
res/ECk.webp,416,416,.webp,android_res,res/ECk.webp
res/EDu.png,1427,1427,.png,android_res,res/EDu.png
res/EDv.webp,1002,1002,.webp,android_res,res/EDv.webp
res/EEA.png,4763,4763,.png,android_res,res/EEA.png
res/EEm.xml,1940,764,.xml,android_res,res/EEm.xml
res/EFP.xml,412,179,.xml,android_res,res/EFP.xml
res/EFZ.xml,2552,803,.xml,android_res,res/EFZ.xml
res/EFf.xml,2708,1089,.xml,android_res,res/EFf.xml
res/EFo.xml,4368,1304,.xml,android_res,res/EFo.xml
res/EG6.xml,6264,1910,.xml,android_res,res/EG6.xml
res/EGD.xml,1440,676,.xml,android_res,res/EGD.xml
res/EHq.xml,5344,1643,.xml,android_res,res/EHq.xml
res/EHr.png,86572,86572,.png,android_res,res/EHr.png
res/EIV.png,3722,3722,.png,android_res,res/EIV.png
res/EJO.png,47779,47779,.png,android_res,res/EJO.png
res/EK7.webp,18228,18228,.webp,android_res,res/EK7.webp
res/ELE.png,23035,23035,.png,android_res,res/ELE.png
res/ELK.xml,3772,1244,.xml,android_res,res/ELK.xml
res/ELL.xml,3436,1125,.xml,android_res,res/ELL.xml
res/ELV.png,1827,1827,.png,android_res,res/ELV.png
res/ELa.webp,23262,23262,.webp,android_res,res/ELa.webp
res/ELo.png,5477,5477,.png,android_res,res/ELo.png
res/EMG.xml,664,295,.xml,android_res,res/EMG.xml
res/EMP.xml,1604,696,.xml,android_res,res/EMP.xml
res/EMv.png,67,67,.png,android_res,res/EMv.png
res/EN6.png,33766,33766,.png,android_res,res/EN6.png
res/ENc.png,2532,2532,.png,android_res,res/ENc.png
res/EO-.webp,9490,9490,.webp,android_res,res/EO-.webp
res/EOG.png,30462,30462,.png,android_res,res/EOG.png
res/EOM.xml,2320,923,.xml,android_res,res/EOM.xml
res/EOU.xml,2384,846,.xml,android_res,res/EOU.xml
res/EPK.png,575,575,.png,android_res,res/EPK.png
res/EPO.xml,628,279,.xml,android_res,res/EPO.xml
res/EP_.png,2343,2343,.png,android_res,res/EP_.png
res/ERw.9.png,2305,2305,.png,android_res,res/ERw.9.png
res/ESJ.png,67,67,.png,android_res,res/ESJ.png
res/ESk.webp,34412,34412,.webp,android_res,res/ESk.webp
res/ET9.xml,680,356,.xml,android_res,res/ET9.xml
res/ETG.png,3145,3145,.png,android_res,res/ETG.png
res/ETI.png,10794,10794,.png,android_res,res/ETI.png
res/ETX.xml,1628,628,.xml,android_res,res/ETX.xml
res/ETY.png,1571,1571,.png,android_res,res/ETY.png
res/ETn.png,2164,2164,.png,android_res,res/ETn.png
res/EUV.xml,1868,780,.xml,android_res,res/EUV.xml
res/EUm.webp,31416,31416,.webp,android_res,res/EUm.webp
res/EVF.webp,35078,35078,.webp,android_res,res/EVF.webp
res/EVp.png,18367,18367,.png,android_res,res/EVp.png
res/EWB.png,9341,9341,.png,android_res,res/EWB.png
res/EX3.xml,2120,810,.xml,android_res,res/EX3.xml
res/EXH.xml,104,47,.xml,android_res,res/EXH.xml
res/EXH1.xml,860,388,.xml,android_res,res/EXH1.xml
res/EXM.png,1836,1836,.png,android_res,res/EXM.png
res/EXN.xml,1084,495,.xml,android_res,res/EXN.xml
res/EXm.png,1460,1460,.png,android_res,res/EXm.png
res/EXz.png,5856,5856,.png,android_res,res/EXz.png
res/EYH.png,8505,8505,.png,android_res,res/EYH.png
res/EYR.xml,600,282,.xml,android_res,res/EYR.xml
res/EYV.png,1714,1714,.png,android_res,res/EYV.png
res/EYh.webp,26970,26970,.webp,android_res,res/EYh.webp
res/EYy.png,755,755,.png,android_res,res/EYy.png
res/EZB.png,1186,1186,.png,android_res,res/EZB.png
res/EZJ.webp,21170,21170,.webp,android_res,res/EZJ.webp
res/EZe.xml,2208,837,.xml,android_res,res/EZe.xml
res/EZg.webp,16242,16242,.webp,android_res,res/EZg.webp
res/E_1.webp,8960,8960,.webp,android_res,res/E_1.webp
res/E_L.xml,488,230,.xml,android_res,res/E_L.xml
res/EaD.png,1730,1730,.png,android_res,res/EaD.png
res/EaZ.png,6831,6831,.png,android_res,res/EaZ.png
res/Eae.xml,8436,2353,.xml,android_res,res/Eae.xml
res/Eao.xml,4348,1147,.xml,android_res,res/Eao.xml
res/EbG.9.png,178,178,.png,android_res,res/EbG.9.png
res/EbL.webp,24258,24258,.webp,android_res,res/EbL.webp
res/Ebz.xml,1148,371,.xml,android_res,res/Ebz.xml
res/EcX.png,7324,7324,.png,android_res,res/EcX.png
res/Eda.webp,3020,3020,.webp,android_res,res/Eda.webp
res/Edt.xml,1008,456,.xml,android_res,res/Edt.xml
res/Edv.xml,2788,978,.xml,android_res,res/Edv.xml
res/Edx.xml,3356,1070,.xml,android_res,res/Edx.xml
res/Ee8.png,18706,18706,.png,android_res,res/Ee8.png
res/Eek.xml,10204,2371,.xml,android_res,res/Eek.xml
res/Een.png,3446,3446,.png,android_res,res/Een.png
res/Een.xml,540,258,.xml,android_res,res/Een.xml
res/Eer.png,1657,1657,.png,android_res,res/Eer.png
res/EfU.png,1842,1842,.png,android_res,res/EfU.png
res/Eg0.png,38408,38408,.png,android_res,res/Eg0.png
res/Eg5.png,3326,3326,.png,android_res,res/Eg5.png
res/EgD.png,3779,3779,.png,android_res,res/EgD.png
res/Ego.png,3268,3268,.png,android_res,res/Ego.png
res/EhQ.png,797,797,.png,android_res,res/EhQ.png
res/EhW.webp,5606,5606,.webp,android_res,res/EhW.webp
res/Ehf.xml,488,226,.xml,android_res,res/Ehf.xml
res/Ehj.xml,468,232,.xml,android_res,res/Ehj.xml
res/Ehk.xml,724,346,.xml,android_res,res/Ehk.xml
res/Ehl.png,18698,18698,.png,android_res,res/Ehl.png
res/Ehy.xml,880,458,.xml,android_res,res/Ehy.xml
res/Eie.png,11415,11415,.png,android_res,res/Eie.png
res/EjE.xml,836,370,.xml,android_res,res/EjE.xml
res/EjJ.png,505,505,.png,android_res,res/EjJ.png
res/EjL.xml,612,341,.xml,android_res,res/EjL.xml
res/Ek3.png,229,229,.png,android_res,res/Ek3.png
res/EkX.webp,222,222,.webp,android_res,res/EkX.webp
res/Ekd.xml,3172,1044,.xml,android_res,res/Ekd.xml
res/EmD.webp,3822,3822,.webp,android_res,res/EmD.webp
res/EmN.webp,25914,25914,.webp,android_res,res/EmN.webp
res/EmN1.webp,26080,26080,.webp,android_res,res/EmN1.webp
res/En7.png,2026,2026,.png,android_res,res/En7.png
res/EnL.webp,28252,28252,.webp,android_res,res/EnL.webp
res/EnR.xml,536,273,.xml,android_res,res/EnR.xml
res/Eoc.xml,468,232,.xml,android_res,res/Eoc.xml
res/EpB.xml,500,230,.xml,android_res,res/EpB.xml
res/EpE.png,87008,87008,.png,android_res,res/EpE.png
res/EpN.png,1202,1202,.png,android_res,res/EpN.png
res/Epm.xml,696,338,.xml,android_res,res/Epm.xml
res/Eq9.xml,2428,925,.xml,android_res,res/Eq9.xml
res/Erc.png,262,262,.png,android_res,res/Erc.png
res/EsJ.9.png,1684,1684,.png,android_res,res/EsJ.9.png
res/EsP.xml,1924,871,.xml,android_res,res/EsP.xml
res/EtJ.png,208,208,.png,android_res,res/EtJ.png
res/Eth.png,786,786,.png,android_res,res/Eth.png
res/Eu0.webp,49218,49218,.webp,android_res,res/Eu0.webp
res/Euv.png,1379,1379,.png,android_res,res/Euv.png
res/EvT.webp,1058,1058,.webp,android_res,res/EvT.webp
res/Evb.webp,842,842,.webp,android_res,res/Evb.webp
res/Ew4.png,695,695,.png,android_res,res/Ew4.png
res/EwQ.png,8058,8058,.png,android_res,res/EwQ.png
res/Ewz.9.png,715,715,.png,android_res,res/Ewz.9.png
res/ExG.webp,25998,25998,.webp,android_res,res/ExG.webp
res/ExK.png,2734,2734,.png,android_res,res/ExK.png
res/Exz.xml,436,258,.xml,android_res,res/Exz.xml
res/EzN.png,411,411,.png,android_res,res/EzN.png
res/EzS.png,1742,1742,.png,android_res,res/EzS.png
res/F-Y.png,24082,24082,.png,android_res,res/F-Y.png
res/F-i.xml,5596,1463,.xml,android_res,res/F-i.xml
res/F-q.webp,1370,1370,.webp,android_res,res/F-q.webp
res/F04.xml,2520,972,.xml,android_res,res/F04.xml
res/F0M.xml,4132,1167,.xml,android_res,res/F0M.xml
res/F0s.png,4400,4400,.png,android_res,res/F0s.png
res/F0t.png,311,311,.png,android_res,res/F0t.png
res/F0u.png,4747,4747,.png,android_res,res/F0u.png
res/F1G.png,74452,74452,.png,android_res,res/F1G.png
res/F1X.png,873,873,.png,android_res,res/F1X.png
res/F1t.png,4625,4625,.png,android_res,res/F1t.png
res/F1z.xml,4316,1384,.xml,android_res,res/F1z.xml
res/F2i.webp,3472,3472,.webp,android_res,res/F2i.webp
res/F30.png,1320,1320,.png,android_res,res/F30.png
res/F3a.xml,3960,1217,.xml,android_res,res/F3a.xml
res/F3g.png,4834,4834,.png,android_res,res/F3g.png
res/F4W.xml,928,461,.xml,android_res,res/F4W.xml
res/F4y.xml,448,215,.xml,android_res,res/F4y.xml
res/F54.webp,186764,186764,.webp,android_res,res/F54.webp
res/F5Q.png,67,67,.png,android_res,res/F5Q.png
res/F5m.png,5844,5844,.png,android_res,res/F5m.png
res/F5w.webp,6286,6286,.webp,android_res,res/F5w.webp
res/F5z.xml,6392,2165,.xml,android_res,res/F5z.xml
res/F6Q.png,8542,8542,.png,android_res,res/F6Q.png
res/F7E.xml,2228,882,.xml,android_res,res/F7E.xml
res/F7M.png,835,835,.png,android_res,res/F7M.png
res/F7c.png,17707,17707,.png,android_res,res/F7c.png
res/F8a.png,3928,3928,.png,android_res,res/F8a.png
res/F8n.9.png,738,738,.png,android_res,res/F8n.9.png
res/F8t.xml,448,215,.xml,android_res,res/F8t.xml
res/F9d.png,9856,9856,.png,android_res,res/F9d.png
res/FA6.webp,6150,6150,.webp,android_res,res/FA6.webp
res/FAc.webp,233432,233432,.webp,android_res,res/FAc.webp
res/FAe.xml,1408,645,.xml,android_res,res/FAe.xml
res/FAg.png,11408,11408,.png,android_res,res/FAg.png
res/FAi.xml,1224,302,.xml,android_res,res/FAi.xml
res/FAs.xml,1472,680,.xml,android_res,res/FAs.xml
res/FAy.png,512,512,.png,android_res,res/FAy.png
res/FBi.png,77329,77329,.png,android_res,res/FBi.png
res/FC8.webp,154,154,.webp,android_res,res/FC8.webp
res/FCG.webp,502,502,.webp,android_res,res/FCG.webp
res/FCq.png,9932,9932,.png,android_res,res/FCq.png
res/FCq.webp,26978,26978,.webp,android_res,res/FCq.webp
res/FDP.webp,7640,7640,.webp,android_res,res/FDP.webp
res/FDd.xml,696,341,.xml,android_res,res/FDd.xml
res/FDk.webp,4192,4192,.webp,android_res,res/FDk.webp
res/FDq.webp,506,506,.webp,android_res,res/FDq.webp
res/FDv.xml,3392,1163,.xml,android_res,res/FDv.xml
res/FE-.webp,422,422,.webp,android_res,res/FE-.webp
res/FEC.xml,2312,816,.xml,android_res,res/FEC.xml
res/FEI.webp,4119,4119,.webp,android_res,res/FEI.webp
res/FE_.webp,6044,6044,.webp,android_res,res/FE_.webp
res/FEf.xml,2172,938,.xml,android_res,res/FEf.xml
res/FEi.png,10074,10074,.png,android_res,res/FEi.png
res/FEk.png,544,544,.png,android_res,res/FEk.png
res/FEo.png,8515,8515,.png,android_res,res/FEo.png
res/FEu.webp,260,260,.webp,android_res,res/FEu.webp
res/FF1.webp,224,224,.webp,android_res,res/FF1.webp
res/FF8.xml,2816,951,.xml,android_res,res/FF8.xml
res/FFF.png,731,731,.png,android_res,res/FFF.png
res/FFH.webp,360,360,.webp,android_res,res/FFH.webp
res/FFt.png,770,770,.png,android_res,res/FFt.png
res/FG8.webp,39234,39234,.webp,android_res,res/FG8.webp
res/FGd.png,307,307,.png,android_res,res/FGd.png
res/FGi.png,670,670,.png,android_res,res/FGi.png
res/FH3.webp,314,314,.webp,android_res,res/FH3.webp
res/FHL.png,5501,5501,.png,android_res,res/FHL.png
res/FHY.xml,1792,729,.xml,android_res,res/FHY.xml
res/FHe.xml,1788,673,.xml,android_res,res/FHe.xml
res/FHt.xml,3000,1162,.xml,android_res,res/FHt.xml
res/FHv.png,267,267,.png,android_res,res/FHv.png
res/FI-.png,12986,12986,.png,android_res,res/FI-.png
res/FIw.webp,422,422,.webp,android_res,res/FIw.webp
res/FIy.webp,546,546,.webp,android_res,res/FIy.webp
res/FJK.png,3673,3673,.png,android_res,res/FJK.png
res/FJQ.png,5883,5883,.png,android_res,res/FJQ.png
res/FJR.webp,452,452,.webp,android_res,res/FJR.webp
res/FJp.xml,2836,975,.xml,android_res,res/FJp.xml
res/FJv.webp,414,414,.webp,android_res,res/FJv.webp
res/FJz.png,552,552,.png,android_res,res/FJz.png
res/FK0.webp,476,476,.webp,android_res,res/FK0.webp
res/FK6.webp,506,506,.webp,android_res,res/FK6.webp
res/FKN.xml,1044,455,.xml,android_res,res/FKN.xml
res/FL-.png,16257,16257,.png,android_res,res/FL-.png
res/FLD.xml,448,214,.xml,android_res,res/FLD.xml
res/FLR.webp,504,504,.webp,android_res,res/FLR.webp
res/FLW.xml,6604,1774,.xml,android_res,res/FLW.xml
res/FLx.png,9410,9410,.png,android_res,res/FLx.png
res/FM0.png,246,246,.png,android_res,res/FM0.png
res/FM2.webp,554,554,.webp,android_res,res/FM2.webp
res/FM2.xml,1980,823,.xml,android_res,res/FM2.xml
res/FMG.png,674,674,.png,android_res,res/FMG.png
res/FMI.png,9772,9772,.png,android_res,res/FMI.png
res/FMO.png,627,627,.png,android_res,res/FMO.png
res/FMs.9.png,1096,1096,.png,android_res,res/FMs.9.png
res/FNA.xml,3740,1204,.xml,android_res,res/FNA.xml
res/FNT.webp,504,504,.webp,android_res,res/FNT.webp
res/FNV.webp,574,574,.webp,android_res,res/FNV.webp
res/FNo.xml,1284,382,.xml,android_res,res/FNo.xml
res/FOe.png,1255,1255,.png,android_res,res/FOe.png
res/FOo.webp,606,606,.webp,android_res,res/FOo.webp
res/FOw.xml,3160,1184,.xml,android_res,res/FOw.xml
res/FP0.webp,192026,192026,.webp,android_res,res/FP0.webp
res/FPX.webp,520,520,.webp,android_res,res/FPX.webp
res/FPs.xml,600,284,.xml,android_res,res/FPs.xml
res/FQn.xml,548,267,.xml,android_res,res/FQn.xml
res/FRQ.png,3850,3850,.png,android_res,res/FRQ.png
res/FRV.xml,3184,1054,.xml,android_res,res/FRV.xml
res/FRp.xml,3832,1200,.xml,android_res,res/FRp.xml
res/FST.xml,104,47,.xml,android_res,res/FST.xml
res/FSt.png,1780,1780,.png,android_res,res/FSt.png
res/FTI.png,2265,2265,.png,android_res,res/FTI.png
res/FTP.xml,6108,1639,.xml,android_res,res/FTP.xml
res/FTX.png,666,666,.png,android_res,res/FTX.png
res/FTk.xml,3168,657,.xml,android_res,res/FTk.xml
res/FUo.xml,7756,2222,.xml,android_res,res/FUo.xml
res/FVE.xml,572,289,.xml,android_res,res/FVE.xml
res/FVN.png,5102,5102,.png,android_res,res/FVN.png
res/FVP.xml,3724,1233,.xml,android_res,res/FVP.xml
res/FWX.png,1695,1695,.png,android_res,res/FWX.png
res/FWu.webp,362,362,.webp,android_res,res/FWu.webp
res/FX5.xml,1416,628,.xml,android_res,res/FX5.xml
res/FX_.xml,600,283,.xml,android_res,res/FX_.xml
res/FYG.xml,1620,710,.xml,android_res,res/FYG.xml
res/FYP.png,785,785,.png,android_res,res/FYP.png
res/FZ2.png,265,265,.png,android_res,res/FZ2.png
res/FZ4.xml,532,252,.xml,android_res,res/FZ4.xml
res/FZ8.xml,1088,319,.xml,android_res,res/FZ8.xml
res/F_H.xml,4804,1442,.xml,android_res,res/F_H.xml
res/F_S.webp,52114,52114,.webp,android_res,res/F_S.webp
res/F_q.webp,1980,1980,.webp,android_res,res/F_q.webp
res/Fad.xml,468,233,.xml,android_res,res/Fad.xml
res/Faj.webp,27404,27404,.webp,android_res,res/Faj.webp
res/Fay.png,1156,1156,.png,android_res,res/Fay.png
res/Fba.webp,26734,26734,.webp,android_res,res/Fba.webp
res/Fc-.webp,25752,25752,.webp,android_res,res/Fc-.webp
res/Fc6.webp,18864,18864,.webp,android_res,res/Fc6.webp
res/FcD.xml,1904,596,.xml,android_res,res/FcD.xml
res/Fcp.webp,264,264,.webp,android_res,res/Fcp.webp
res/FdL.xml,1140,512,.xml,android_res,res/FdL.xml
res/Fdz.png,457,457,.png,android_res,res/Fdz.png
res/Fe4.xml,920,446,.xml,android_res,res/Fe4.xml
res/FfA.webp,488,488,.webp,android_res,res/FfA.webp
res/Ffa.png,2517,2517,.png,android_res,res/Ffa.png
res/FgI.png,517,517,.png,android_res,res/FgI.png
res/FgN.xml,2652,833,.xml,android_res,res/FgN.xml
res/Fgt.xml,640,361,.xml,android_res,res/Fgt.xml
res/Fgu.xml,768,363,.xml,android_res,res/Fgu.xml
res/Fh4.webp,2544,2544,.webp,android_res,res/Fh4.webp
res/Fh8.png,3993,3993,.png,android_res,res/Fh8.png
res/Fh9.webp,5146,5146,.webp,android_res,res/Fh9.webp
res/FiD.png,9848,9848,.png,android_res,res/FiD.png
res/FjV.webp,1302,1302,.webp,android_res,res/FjV.webp
res/Fjc.xml,1424,672,.xml,android_res,res/Fjc.xml
res/Fju.xml,1824,714,.xml,android_res,res/Fju.xml
res/Fl0.xml,852,437,.xml,android_res,res/Fl0.xml
res/FlR.png,7152,7152,.png,android_res,res/FlR.png
res/Flo.xml,5780,1848,.xml,android_res,res/Flo.xml
res/FmV.png,4476,4476,.png,android_res,res/FmV.png
res/Fn5.png,2600,2600,.png,android_res,res/Fn5.png
res/Fnp.xml,484,224,.xml,android_res,res/Fnp.xml
res/FoA.webp,978,978,.webp,android_res,res/FoA.webp
res/FoE.xml,2740,992,.xml,android_res,res/FoE.xml
res/FoK.png,802,802,.png,android_res,res/FoK.png
res/FoV.png,59732,59732,.png,android_res,res/FoV.png
res/Fot.png,3427,3427,.png,android_res,res/Fot.png
res/Fow.xml,884,415,.xml,android_res,res/Fow.xml
res/Fpb.xml,484,224,.xml,android_res,res/Fpb.xml
res/Fpx.webp,0,0,.webp,android_res,res/Fpx.webp
res/FqC.webp,548,548,.webp,android_res,res/FqC.webp
res/Fql.9.png,1166,1166,.png,android_res,res/Fql.9.png
res/FrY.png,808,808,.png,android_res,res/FrY.png
res/Frb.webp,2778,2778,.webp,android_res,res/Frb.webp
res/FuP.png,2089,2089,.png,android_res,res/FuP.png
res/Fue.xml,712,338,.xml,android_res,res/Fue.xml
res/FvC.webp,13366,13366,.webp,android_res,res/FvC.webp
res/Fw4.xml,6056,1703,.xml,android_res,res/Fw4.xml
res/FwL.png,68829,68829,.png,android_res,res/FwL.png
res/FwL1.png,784,784,.png,android_res,res/FwL1.png
res/FwP.xml,1960,710,.xml,android_res,res/FwP.xml
res/Fwk.xml,2132,826,.xml,android_res,res/Fwk.xml
res/Fx2.xml,600,284,.xml,android_res,res/Fx2.xml
res/Fxg.xml,1216,536,.xml,android_res,res/Fxg.xml
res/Fxi.9.png,212,212,.png,android_res,res/Fxi.9.png
res/Fxm.9.png,167,167,.png,android_res,res/Fxm.9.png
res/Fxp.webp,496,496,.webp,android_res,res/Fxp.webp
res/Fy5.xml,2876,1087,.xml,android_res,res/Fy5.xml
res/Fy9.xml,1572,429,.xml,android_res,res/Fy9.xml
res/Fym.png,3876,3876,.png,android_res,res/Fym.png
res/Fz5.png,4040,4040,.png,android_res,res/Fz5.png
res/Fzr.webp,600,600,.webp,android_res,res/Fzr.webp
res/Fzy.png,4263,4263,.png,android_res,res/Fzy.png
res/G-X.xml,704,310,.xml,android_res,res/G-X.xml
res/G04.xml,2052,714,.xml,android_res,res/G04.xml
res/G0G.webp,4462,4462,.webp,android_res,res/G0G.webp
res/G28.webp,364,364,.webp,android_res,res/G28.webp
res/G2l.png,315,315,.png,android_res,res/G2l.png
res/G2z.xml,468,232,.xml,android_res,res/G2z.xml
res/G3M.png,2131,2131,.png,android_res,res/G3M.png
res/G3N.webp,1026,1026,.webp,android_res,res/G3N.webp
res/G3W.png,4264,4264,.png,android_res,res/G3W.png
res/G3t.png,673,673,.png,android_res,res/G3t.png
res/G4I.webp,1206,1206,.webp,android_res,res/G4I.webp
res/G59.webp,20084,20084,.webp,android_res,res/G59.webp
res/G6O.xml,860,274,.xml,android_res,res/G6O.xml
res/G6Y.webp,1146,1146,.webp,android_res,res/G6Y.webp
res/G77.png,203,203,.png,android_res,res/G77.png
res/G9H.xml,7036,2125,.xml,android_res,res/G9H.xml
res/G9h.webp,25288,25288,.webp,android_res,res/G9h.webp
res/G9q.png,30324,30324,.png,android_res,res/G9q.png
res/GAo.xml,2740,984,.xml,android_res,res/GAo.xml
res/GE1.xml,456,225,.xml,android_res,res/GE1.xml
res/GEW.xml,468,231,.xml,android_res,res/GEW.xml
res/GE_.xml,500,248,.xml,android_res,res/GE_.xml
res/GF-.xml,3656,1147,.xml,android_res,res/GF-.xml
res/GF2.xml,4828,1659,.xml,android_res,res/GF2.xml
res/GGp.png,233,233,.png,android_res,res/GGp.png
res/GGp1.png,2787,2787,.png,android_res,res/GGp1.png
res/GHS.png,243,243,.png,android_res,res/GHS.png
res/GIS.png,240,240,.png,android_res,res/GIS.png
res/GKf.png,1262,1262,.png,android_res,res/GKf.png
res/GLZ.xml,628,324,.xml,android_res,res/GLZ.xml
res/GL_.webp,298,298,.webp,android_res,res/GL_.webp
res/GM4.xml,576,269,.xml,android_res,res/GM4.xml
res/GMt.png,3345,3345,.png,android_res,res/GMt.png
res/GOK.xml,2696,964,.xml,android_res,res/GOK.xml
res/GPL.webp,2936,2936,.webp,android_res,res/GPL.webp
res/GPO.png,20045,20045,.png,android_res,res/GPO.png
res/GQC.xml,628,269,.xml,android_res,res/GQC.xml
res/GQF.xml,1764,769,.xml,android_res,res/GQF.xml
res/GQJ.xml,3044,996,.xml,android_res,res/GQJ.xml
res/GQo.png,21875,21875,.png,android_res,res/GQo.png
res/GQr.png,228,228,.png,android_res,res/GQr.png
res/GR3.png,8088,8088,.png,android_res,res/GR3.png
res/GRK.png,21680,21680,.png,android_res,res/GRK.png
res/GRO.xml,3528,1066,.xml,android_res,res/GRO.xml
res/GS4.xml,1268,567,.xml,android_res,res/GS4.xml
res/GSE.webp,30868,30868,.webp,android_res,res/GSE.webp
res/GUI.xml,1692,733,.xml,android_res,res/GUI.xml
res/GUJ.xml,2700,1024,.xml,android_res,res/GUJ.xml
res/GUW.png,9673,9673,.png,android_res,res/GUW.png
res/GUc.webp,43132,43132,.webp,android_res,res/GUc.webp
res/GV1.png,525,525,.png,android_res,res/GV1.png
res/GV9.xml,1772,736,.xml,android_res,res/GV9.xml
res/GVB.xml,2740,1048,.xml,android_res,res/GVB.xml
res/GVn.png,2413,2413,.png,android_res,res/GVn.png
res/GW7.xml,16360,3109,.xml,android_res,res/GW7.xml
res/GWV.webp,11770,11770,.webp,android_res,res/GWV.webp
res/GWl.xml,4920,1612,.xml,android_res,res/GWl.xml
res/GXL.webp,4890,4890,.webp,android_res,res/GXL.webp
res/GXS.xml,1692,642,.xml,android_res,res/GXS.xml
res/GXX.xml,1892,829,.xml,android_res,res/GXX.xml
res/GXZ.xml,1224,301,.xml,android_res,res/GXZ.xml
res/GXa.png,3656,3656,.png,android_res,res/GXa.png
res/GXv.webp,336,336,.webp,android_res,res/GXv.webp
res/GYk.webp,42366,42366,.webp,android_res,res/GYk.webp
res/G_K.png,2173,2173,.png,android_res,res/G_K.png
res/G_N.xml,696,338,.xml,android_res,res/G_N.xml
res/G_k.png,18569,18569,.png,android_res,res/G_k.png
res/GaD.png,1944,1944,.png,android_res,res/GaD.png
res/GaK.png,2980,2980,.png,android_res,res/GaK.png
res/Gat.xml,4484,1377,.xml,android_res,res/Gat.xml
res/GbS.xml,320,190,.xml,android_res,res/GbS.xml
res/Gbf.png,4190,4190,.png,android_res,res/Gbf.png
res/Gbg.webp,622,622,.webp,android_res,res/Gbg.webp
res/Gbp.xml,3944,1210,.xml,android_res,res/Gbp.xml
res/Gc5.xml,2228,948,.xml,android_res,res/Gc5.xml
res/Gcl.png,394,394,.png,android_res,res/Gcl.png
res/Gdn.png,29552,29552,.png,android_res,res/Gdn.png
res/GeL.xml,980,514,.xml,android_res,res/GeL.xml
res/Gf8.png,13660,13660,.png,android_res,res/Gf8.png
res/Gfa.xml,1856,705,.xml,android_res,res/Gfa.xml
res/Gg1.png,5478,5478,.png,android_res,res/Gg1.png
res/Ghg.png,272,272,.png,android_res,res/Ghg.png
res/Ghz.xml,616,331,.xml,android_res,res/Ghz.xml
res/GiL.webp,1970,1970,.webp,android_res,res/GiL.webp
res/Gj3.png,1189,1189,.png,android_res,res/Gj3.png
res/Gjj.xml,816,348,.xml,android_res,res/Gjj.xml
res/Gjs.xml,876,423,.xml,android_res,res/Gjs.xml
res/Gjv.xml,1572,731,.xml,android_res,res/Gjv.xml
res/GkA.webp,1022,1022,.webp,android_res,res/GkA.webp
res/GkW.png,36868,36868,.png,android_res,res/GkW.png
res/Gkf.png,10283,10283,.png,android_res,res/Gkf.png
res/Gkk.webp,8312,8312,.webp,android_res,res/Gkk.webp
res/Gl4.png,2474,2474,.png,android_res,res/Gl4.png
res/Gm1.xml,3340,1112,.xml,android_res,res/Gm1.xml
res/GmF.png,284,284,.png,android_res,res/GmF.png
res/GmL.xml,2004,746,.xml,android_res,res/GmL.xml
res/Gmz.png,2394,2394,.png,android_res,res/Gmz.png
res/GnH.xml,388,217,.xml,android_res,res/GnH.xml
res/Gom.png,8832,8832,.png,android_res,res/Gom.png
res/Gov.xml,576,267,.xml,android_res,res/Gov.xml
res/Gpo.png,16945,16945,.png,android_res,res/Gpo.png
res/GqK.xml,4956,1488,.xml,android_res,res/GqK.xml
res/Grc.xml,3036,1185,.xml,android_res,res/Grc.xml
res/GsG.webp,898,898,.webp,android_res,res/GsG.webp
res/Gsk.webp,4568,4568,.webp,android_res,res/Gsk.webp
res/Gsy.png,326,326,.png,android_res,res/Gsy.png
res/Gt4.xml,1620,677,.xml,android_res,res/Gt4.xml
res/GtB.xml,488,230,.xml,android_res,res/GtB.xml
res/GtY.xml,1224,301,.xml,android_res,res/GtY.xml
res/Gvc.webp,1124,1124,.webp,android_res,res/Gvc.webp
res/GwM.png,43287,43287,.png,android_res,res/GwM.png
res/Gw_.xml,484,221,.xml,android_res,res/Gw_.xml
res/Gwn.xml,872,369,.xml,android_res,res/Gwn.xml
res/Gx5.webp,5524,5524,.webp,android_res,res/Gx5.webp
res/GyL.xml,2952,1190,.xml,android_res,res/GyL.xml
res/Gyf.xml,2440,939,.xml,android_res,res/Gyf.xml
res/Gyy.xml,1648,654,.xml,android_res,res/Gyy.xml
res/GzP.png,5360,5360,.png,android_res,res/GzP.png
res/GzU.xml,1216,443,.xml,android_res,res/GzU.xml
res/H-b.webp,33514,33514,.webp,android_res,res/H-b.webp
res/H0l.png,1878,1878,.png,android_res,res/H0l.png
res/H0m.xml,2864,963,.xml,android_res,res/H0m.xml
res/H1o.png,1427,1427,.png,android_res,res/H1o.png
res/H1v.xml,756,405,.xml,android_res,res/H1v.xml
res/H37.png,595,595,.png,android_res,res/H37.png
res/H3A.xml,448,218,.xml,android_res,res/H3A.xml
res/H3R.png,24269,24269,.png,android_res,res/H3R.png
res/H4P.png,467,467,.png,android_res,res/H4P.png
res/H4m.xml,592,256,.xml,android_res,res/H4m.xml
res/H5N.xml,724,317,.xml,android_res,res/H5N.xml
res/H5t.xml,1352,615,.xml,android_res,res/H5t.xml
res/H6Q.xml,500,249,.xml,android_res,res/H6Q.xml
res/H6W.png,1075,1075,.png,android_res,res/H6W.png
res/H7X.xml,1340,592,.xml,android_res,res/H7X.xml
res/H7x.webp,308336,308336,.webp,android_res,res/H7x.webp
res/H80.xml,2200,817,.xml,android_res,res/H80.xml
res/H8Q.png,2602,2602,.png,android_res,res/H8Q.png
res/H92.png,1799,1799,.png,android_res,res/H92.png
res/H9_.webp,1338,1338,.webp,android_res,res/H9_.webp
res/H9e.webp,51382,51382,.webp,android_res,res/H9e.webp
res/HA4.xml,852,376,.xml,android_res,res/HA4.xml
res/HBp.png,3578,3578,.png,android_res,res/HBp.png
res/HD0.png,46540,46540,.png,android_res,res/HD0.png
res/HE-.xml,2236,835,.xml,android_res,res/HE-.xml
res/HES.webp,575388,575388,.webp,android_res,res/HES.webp
res/HEk.xml,2724,614,.xml,android_res,res/HEk.xml
res/HFI.webp,1684,1684,.webp,android_res,res/HFI.webp
res/HFL.xml,660,349,.xml,android_res,res/HFL.xml
res/HFV.xml,632,283,.xml,android_res,res/HFV.xml
res/HFb.png,1721,1721,.png,android_res,res/HFb.png
res/HFe.png,2328,2328,.png,android_res,res/HFe.png
res/HG_.webp,2352,2352,.webp,android_res,res/HG_.webp
res/HGb.png,14821,14821,.png,android_res,res/HGb.png
res/HGc.png,359,359,.png,android_res,res/HGc.png
res/HHn.xml,2680,993,.xml,android_res,res/HHn.xml
res/HHu.png,271,271,.png,android_res,res/HHu.png
res/HIO.png,26037,26037,.png,android_res,res/HIO.png
res/HIf.xml,2780,1009,.xml,android_res,res/HIf.xml
res/HJB.png,37136,37136,.png,android_res,res/HJB.png
res/HJP.png,2450,2450,.png,android_res,res/HJP.png
res/HJY.png,1657,1657,.png,android_res,res/HJY.png
res/HJZ.xml,400,216,.xml,android_res,res/HJZ.xml
res/HJj.png,13193,13193,.png,android_res,res/HJj.png
res/HJk.xml,6176,1684,.xml,android_res,res/HJk.xml
res/HKM.webp,3134,3134,.webp,android_res,res/HKM.webp
res/HKX.xml,3240,1190,.xml,android_res,res/HKX.xml
res/HLd.9.png,2929,2929,.png,android_res,res/HLd.9.png
res/HM1.png,47912,47912,.png,android_res,res/HM1.png
res/HMh.png,534,534,.png,android_res,res/HMh.png
res/HMy.xml,1556,639,.xml,android_res,res/HMy.xml
res/HO7.webp,2022,2022,.webp,android_res,res/HO7.webp
res/HOO.xml,1772,791,.xml,android_res,res/HOO.xml
res/HPE.xml,6388,1814,.xml,android_res,res/HPE.xml
res/HPW.webp,6378,6378,.webp,android_res,res/HPW.webp
res/HPb.png,1100,1100,.png,android_res,res/HPb.png
res/HQc.xml,352,209,.xml,android_res,res/HQc.xml
res/HQm.png,5145,5145,.png,android_res,res/HQm.png
res/HQt.xml,1328,621,.xml,android_res,res/HQt.xml
res/HR-.webp,35804,35804,.webp,android_res,res/HR-.webp
res/HRk.png,5998,5998,.png,android_res,res/HRk.png
res/HS6.9.png,541,541,.png,android_res,res/HS6.9.png
res/HT4.png,5359,5359,.png,android_res,res/HT4.png
res/HVE.webp,1022,1022,.webp,android_res,res/HVE.webp
res/HVL.webp,1596,1596,.webp,android_res,res/HVL.webp
res/HVg.png,37261,37261,.png,android_res,res/HVg.png
res/HVx.webp,22366,22366,.webp,android_res,res/HVx.webp
res/HW-.xml,528,250,.xml,android_res,res/HW-.xml
res/HW6.png,7183,7183,.png,android_res,res/HW6.png
res/HWa.png,18870,18870,.png,android_res,res/HWa.png
res/HX7.png,1465,1465,.png,android_res,res/HX7.png
res/HXB.webp,5260,5260,.webp,android_res,res/HXB.webp
res/HXh.png,2756,2756,.png,android_res,res/HXh.png
res/HXi.xml,1576,569,.xml,android_res,res/HXi.xml
res/HYR.png,18305,18305,.png,android_res,res/HYR.png
res/HZE.png,1020,1020,.png,android_res,res/HZE.png
res/HZH.xml,468,231,.xml,android_res,res/HZH.xml
res/HbI.png,10207,10207,.png,android_res,res/HbI.png
res/Hbd.xml,420,229,.xml,android_res,res/Hbd.xml
res/Hc0.png,6338,6338,.png,android_res,res/Hc0.png
res/HcG.xml,3072,1012,.xml,android_res,res/HcG.xml
res/Hcf.png,238,238,.png,android_res,res/Hcf.png
res/HeA.png,62966,62966,.png,android_res,res/HeA.png
res/HeD.webp,1072,1072,.webp,android_res,res/HeD.webp
res/HeS.webp,1648,1648,.webp,android_res,res/HeS.webp
res/Heg.xml,1004,488,.xml,android_res,res/Heg.xml
res/Hej.png,13926,13926,.png,android_res,res/Hej.png
res/Her.webp,25322,25322,.webp,android_res,res/Her.webp
res/Hf2.png,2513,2513,.png,android_res,res/Hf2.png
res/Hh4.xml,1464,679,.xml,android_res,res/Hh4.xml
res/Hh6.png,10556,10556,.png,android_res,res/Hh6.png
res/HhN.png,291,291,.png,android_res,res/HhN.png
res/HiV.9.png,6036,6036,.png,android_res,res/HiV.9.png
res/Hid.png,18732,18732,.png,android_res,res/Hid.png
res/Hj0.png,1173,1173,.png,android_res,res/Hj0.png
res/HjH.xml,2912,1048,.xml,android_res,res/HjH.xml
res/Hjl.png,4391,4391,.png,android_res,res/Hjl.png
res/Hjx.xml,3300,1036,.xml,android_res,res/Hjx.xml
res/HkA.xml,2044,735,.xml,android_res,res/HkA.xml
res/Hke.webp,3504,3504,.webp,android_res,res/Hke.webp
res/Hky.png,1451,1451,.png,android_res,res/Hky.png
res/HlC.xml,880,426,.xml,android_res,res/HlC.xml
res/Hli.xml,2216,777,.xml,android_res,res/Hli.xml
res/Hlq.webp,328,328,.webp,android_res,res/Hlq.webp
res/Hm8.xml,772,391,.xml,android_res,res/Hm8.xml
res/HmE.webp,4120,4120,.webp,android_res,res/HmE.webp
res/HmJ.xml,1512,594,.xml,android_res,res/HmJ.xml
res/HmW.png,2959,2959,.png,android_res,res/HmW.png
res/Hm_.png,1763,1763,.png,android_res,res/Hm_.png
res/HnR.webp,84834,84834,.webp,android_res,res/HnR.webp
res/Hnf.png,199,199,.png,android_res,res/Hnf.png
res/Hnn.webp,24244,24244,.webp,android_res,res/Hnn.webp
res/Ho6.png,11714,11714,.png,android_res,res/Ho6.png
res/HoE.xml,464,231,.xml,android_res,res/HoE.xml
res/HoF.webp,536,536,.webp,android_res,res/HoF.webp
res/Hoj.png,728,728,.png,android_res,res/Hoj.png
res/Hol.xml,3164,1131,.xml,android_res,res/Hol.xml
res/Hou.png,17942,17942,.png,android_res,res/Hou.png
res/Hov.png,1761,1761,.png,android_res,res/Hov.png
res/HpV.png,227,227,.png,android_res,res/HpV.png
res/HqH.xml,1776,827,.xml,android_res,res/HqH.xml
res/Hqd.webp,3264,3264,.webp,android_res,res/Hqd.webp
res/Hqj.xml,760,356,.xml,android_res,res/Hqj.xml
res/HrB.png,17819,17819,.png,android_res,res/HrB.png
res/HrF.xml,1180,389,.xml,android_res,res/HrF.xml
res/HsF.webp,33766,33766,.webp,android_res,res/HsF.webp
res/HsJ.xml,484,223,.xml,android_res,res/HsJ.xml
res/HsO.webp,896,896,.webp,android_res,res/HsO.webp
res/Hsd.xml,2148,731,.xml,android_res,res/Hsd.xml
res/HtR.xml,2560,965,.xml,android_res,res/HtR.xml
res/Htv.xml,3256,1164,.xml,android_res,res/Htv.xml
res/Htw.xml,484,230,.xml,android_res,res/Htw.xml
res/Hty.png,10556,10556,.png,android_res,res/Hty.png
res/Htz.xml,1132,412,.xml,android_res,res/Htz.xml
res/HuR.png,355,355,.png,android_res,res/HuR.png
res/HuT.xml,2884,1040,.xml,android_res,res/HuT.xml
res/Hus.png,3612,3612,.png,android_res,res/Hus.png
res/Hv-.xml,4128,1114,.xml,android_res,res/Hv-.xml
res/HvC.webp,3264,3264,.webp,android_res,res/HvC.webp
res/HvD.png,7550,7550,.png,android_res,res/HvD.png
res/HvZ.webp,1534,1534,.webp,android_res,res/HvZ.webp
res/Hvj.xml,2820,1061,.xml,android_res,res/Hvj.xml
res/Hvr.webp,39328,39328,.webp,android_res,res/Hvr.webp
res/HwI.png,7584,7584,.png,android_res,res/HwI.png
res/Hwd.webp,52302,52302,.webp,android_res,res/Hwd.webp
res/Hx2.webp,14634,14634,.webp,android_res,res/Hx2.webp
res/HxG.xml,1152,597,.xml,android_res,res/HxG.xml
res/Hxv.xml,1752,618,.xml,android_res,res/Hxv.xml
res/Hy4.xml,1528,606,.xml,android_res,res/Hy4.xml
res/Hz0.png,3589,3589,.png,android_res,res/Hz0.png
res/Hz9.png,2078,2078,.png,android_res,res/Hz9.png
res/Hzt.xml,448,212,.xml,android_res,res/Hzt.xml
res/I-E.webp,6326,6326,.webp,android_res,res/I-E.webp
res/I-j.xml,1136,492,.xml,android_res,res/I-j.xml
res/I1i.xml,464,236,.xml,android_res,res/I1i.xml
res/I1j.webp,1036,1036,.webp,android_res,res/I1j.webp
res/I2n.xml,1252,510,.xml,android_res,res/I2n.xml
res/I38.xml,2816,1084,.xml,android_res,res/I38.xml
res/I3D.png,476,476,.png,android_res,res/I3D.png
res/I3J.xml,1756,660,.xml,android_res,res/I3J.xml
res/I3x.webp,2764,2764,.webp,android_res,res/I3x.webp
res/I4-.xml,11272,2945,.xml,android_res,res/I4-.xml
res/I4B.xml,2392,919,.xml,android_res,res/I4B.xml
res/I5G.png,8899,8899,.png,android_res,res/I5G.png
res/I5u.9.png,4204,4204,.png,android_res,res/I5u.9.png
res/I6Z.xml,704,309,.xml,android_res,res/I6Z.xml
res/I7A.webp,6196,6196,.webp,android_res,res/I7A.webp
res/I7E.png,4958,4958,.png,android_res,res/I7E.png
res/I7q.xml,1656,678,.xml,android_res,res/I7q.xml
res/I80.xml,468,232,.xml,android_res,res/I80.xml
res/I8K.webp,1626,1626,.webp,android_res,res/I8K.webp
res/I8T.xml,936,430,.xml,android_res,res/I8T.xml
res/I8w.webp,7468,7468,.webp,android_res,res/I8w.webp
res/I93.png,890,890,.png,android_res,res/I93.png
res/I9V.xml,448,219,.xml,android_res,res/I9V.xml
res/I9_.png,5189,5189,.png,android_res,res/I9_.png
res/IAL.xml,4976,1578,.xml,android_res,res/IAL.xml
res/IAR.png,1233,1233,.png,android_res,res/IAR.png
res/IAY.xml,480,222,.xml,android_res,res/IAY.xml
res/IBO.xml,916,423,.xml,android_res,res/IBO.xml
res/IBU.png,9584,9584,.png,android_res,res/IBU.png
res/IBg.png,693,693,.png,android_res,res/IBg.png
res/ICa.png,201,201,.png,android_res,res/ICa.png
res/ID0.xml,600,320,.xml,android_res,res/ID0.xml
res/IDI.png,2010,2010,.png,android_res,res/IDI.png
res/IDp.xml,3804,1235,.xml,android_res,res/IDp.xml
res/IEF.xml,3576,1132,.xml,android_res,res/IEF.xml
res/IEI.png,3137,3137,.png,android_res,res/IEI.png
res/IES.xml,3412,1155,.xml,android_res,res/IES.xml
res/IET.xml,508,269,.xml,android_res,res/IET.xml
res/IEc.png,42383,42383,.png,android_res,res/IEc.png
res/IEc.xml,1260,536,.xml,android_res,res/IEc.xml
res/IGF.xml,9060,2505,.xml,android_res,res/IGF.xml
res/IGN.png,37801,37801,.png,android_res,res/IGN.png
res/IGV.xml,3732,1370,.xml,android_res,res/IGV.xml
res/IGb.png,27837,27837,.png,android_res,res/IGb.png
res/IGg.xml,7576,1862,.xml,android_res,res/IGg.xml
res/IH3.webp,11436,11436,.webp,android_res,res/IH3.webp
res/IH9.xml,2004,878,.xml,android_res,res/IH9.xml
res/IHN.xml,1476,659,.xml,android_res,res/IHN.xml
res/IHj.png,668,668,.png,android_res,res/IHj.png
res/II7.webp,11456,11456,.webp,android_res,res/II7.webp
res/IIi.webp,19826,19826,.webp,android_res,res/IIi.webp
res/IIx.png,18327,18327,.png,android_res,res/IIx.png
res/IJR.png,414,414,.png,android_res,res/IJR.png
res/IKK.xml,8208,2016,.xml,android_res,res/IKK.xml
res/IKN.webp,96094,96094,.webp,android_res,res/IKN.webp
res/IL6.webp,654,654,.webp,android_res,res/IL6.webp
res/ILW.xml,8244,2231,.xml,android_res,res/ILW.xml
res/ILb.webp,1664,1664,.webp,android_res,res/ILb.webp
res/IM1.xml,1660,612,.xml,android_res,res/IM1.xml
res/IMA.png,1425,1425,.png,android_res,res/IMA.png
res/IMs.png,39971,39971,.png,android_res,res/IMs.png
res/IMu.png,597,597,.png,android_res,res/IMu.png
res/IO-.png,1508,1508,.png,android_res,res/IO-.png
res/IO-.xml,1760,695,.xml,android_res,res/IO-.xml
res/IOA.webp,7438,7438,.webp,android_res,res/IOA.webp
res/IOH.webp,4082,4082,.webp,android_res,res/IOH.webp
res/IRG.png,81480,81480,.png,android_res,res/IRG.png
res/IRV.png,13002,13002,.png,android_res,res/IRV.png
res/ISf.png,49180,49180,.png,android_res,res/ISf.png
res/ITN.xml,8740,2332,.xml,android_res,res/ITN.xml
res/ITR.xml,484,249,.xml,android_res,res/ITR.xml
res/IU9.xml,4956,1569,.xml,android_res,res/IU9.xml
res/IUL.png,8063,8063,.png,android_res,res/IUL.png
res/IUs.xml,2916,1085,.xml,android_res,res/IUs.xml
res/IVA.png,1511,1511,.png,android_res,res/IVA.png
res/IVQ.png,2520,2520,.png,android_res,res/IVQ.png
res/IVe.xml,816,340,.xml,android_res,res/IVe.xml
res/IVz.png,1059,1059,.png,android_res,res/IVz.png
res/IWJ.webp,6216,6216,.webp,android_res,res/IWJ.webp
res/IWW.png,27312,27312,.png,android_res,res/IWW.png
res/IWl.png,2046,2046,.png,android_res,res/IWl.png
res/IWp.png,4225,4225,.png,android_res,res/IWp.png
res/IX3.png,1232,1232,.png,android_res,res/IX3.png
res/IXE.xml,6148,1598,.xml,android_res,res/IXE.xml
res/IXH.png,2534,2534,.png,android_res,res/IXH.png
res/IXV.png,1974,1974,.png,android_res,res/IXV.png
res/IY9.xml,3816,1261,.xml,android_res,res/IY9.xml
res/IYx.xml,1136,543,.xml,android_res,res/IYx.xml
res/IZ5.xml,1020,487,.xml,android_res,res/IZ5.xml
res/IZH.xml,4620,1364,.xml,android_res,res/IZH.xml
res/IZO.png,4050,4050,.png,android_res,res/IZO.png
res/IZh.webp,44068,44068,.webp,android_res,res/IZh.webp
res/IZm.webp,670,670,.webp,android_res,res/IZm.webp
res/I_G.png,33555,33555,.png,android_res,res/I_G.png
res/I_T.webp,32630,32630,.webp,android_res,res/I_T.webp
res/I_n.png,33271,33271,.png,android_res,res/I_n.png
res/Iao.webp,24400,24400,.webp,android_res,res/Iao.webp
res/Ib7.xml,464,228,.xml,android_res,res/Ib7.xml
res/Ib9.xml,5740,1649,.xml,android_res,res/Ib9.xml
res/Ibb.xml,2244,805,.xml,android_res,res/Ibb.xml
res/Ibj.png,10807,10807,.png,android_res,res/Ibj.png
res/IeO.xml,2864,450,.xml,android_res,res/IeO.xml
res/Ifd.png,57586,57586,.png,android_res,res/Ifd.png
res/Ifp.png,558,558,.png,android_res,res/Ifp.png
res/Ig2.xml,480,239,.xml,android_res,res/Ig2.xml
res/IgV.xml,448,215,.xml,android_res,res/IgV.xml
res/Igg.xml,524,282,.xml,android_res,res/Igg.xml
res/Igi.xml,1560,647,.xml,android_res,res/Igi.xml
res/IiW.webp,2122,2122,.webp,android_res,res/IiW.webp
res/Iih.xml,828,403,.xml,android_res,res/Iih.xml
res/IjF.webp,2854,2854,.webp,android_res,res/IjF.webp
res/Ijm.xml,588,259,.xml,android_res,res/Ijm.xml
res/Ijn.webp,5472,5472,.webp,android_res,res/Ijn.webp
res/Ijy.xml,9300,2471,.xml,android_res,res/Ijy.xml
res/Iki.png,4410,4410,.png,android_res,res/Iki.png
res/Iku.png,12808,12808,.png,android_res,res/Iku.png
res/ImN.png,21035,21035,.png,android_res,res/ImN.png
res/InE.9.png,203,203,.png,android_res,res/InE.9.png
res/InK.9.png,712,712,.png,android_res,res/InK.9.png
res/Inm.png,15827,15827,.png,android_res,res/Inm.png
res/Io0.png,6996,6996,.png,android_res,res/Io0.png
res/Io1.png,7108,7108,.png,android_res,res/Io1.png
res/IoF.png,5114,5114,.png,android_res,res/IoF.png
res/IoK.png,6901,6901,.png,android_res,res/IoK.png
res/Ioo.xml,920,438,.xml,android_res,res/Ioo.xml
res/Iow.png,7239,7239,.png,android_res,res/Iow.png
res/Ioz.png,7163,7163,.png,android_res,res/Ioz.png
res/IqW.png,4834,4834,.png,android_res,res/IqW.png
res/Iq_.xml,716,359,.xml,android_res,res/Iq_.xml
res/IrG.9.png,1425,1425,.png,android_res,res/IrG.9.png
res/Irv.xml,536,271,.xml,android_res,res/Irv.xml
res/Is2.webp,25306,25306,.webp,android_res,res/Is2.webp
res/ItQ.webp,135618,135618,.webp,android_res,res/ItQ.webp
res/Itg.xml,488,234,.xml,android_res,res/Itg.xml
res/Itm.9.png,738,738,.png,android_res,res/Itm.9.png
res/Itm.png,4019,4019,.png,android_res,res/Itm.png
res/Itp.webp,9780,9780,.webp,android_res,res/Itp.webp
res/Iu7.png,146,146,.png,android_res,res/Iu7.png
res/IuW.xml,2592,994,.xml,android_res,res/IuW.xml
res/Ius.png,1264,1264,.png,android_res,res/Ius.png
res/IwO.png,2230,2230,.png,android_res,res/IwO.png
res/Ix4.webp,3262,3262,.webp,android_res,res/Ix4.webp
res/IxB.png,9926,9926,.png,android_res,res/IxB.png
res/IxK.xml,1920,794,.xml,android_res,res/IxK.xml
res/IyC.png,5353,5353,.png,android_res,res/IyC.png
res/IyG.png,8964,8964,.png,android_res,res/IyG.png
res/IyN.png,551,551,.png,android_res,res/IyN.png
res/IyV.xml,828,319,.xml,android_res,res/IyV.xml
res/Iyx.png,8488,8488,.png,android_res,res/Iyx.png
res/IzJ.xml,468,230,.xml,android_res,res/IzJ.xml
res/Izy.xml,2748,1060,.xml,android_res,res/Izy.xml
res/J-t.png,25207,25207,.png,android_res,res/J-t.png
res/J00.webp,75276,75276,.webp,android_res,res/J00.webp
res/J0U.png,18697,18697,.png,android_res,res/J0U.png
res/J19.png,6891,6891,.png,android_res,res/J19.png
res/J1r.webp,15382,15382,.webp,android_res,res/J1r.webp
res/J2P.xml,1148,366,.xml,android_res,res/J2P.xml
res/J3J.xml,788,360,.xml,android_res,res/J3J.xml
res/J4R.xml,5712,1814,.xml,android_res,res/J4R.xml
res/J4W.xml,3024,1083,.xml,android_res,res/J4W.xml
res/J6E.png,1933,1933,.png,android_res,res/J6E.png
res/J6n.xml,900,401,.xml,android_res,res/J6n.xml
res/J6n1.xml,3208,1136,.xml,android_res,res/J6n1.xml
res/J6t.webp,5796,5796,.webp,android_res,res/J6t.webp
res/J6w.9.png,1779,1779,.png,android_res,res/J6w.9.png
res/J7S.xml,1408,425,.xml,android_res,res/J7S.xml
res/J7Y.xml,10440,2447,.xml,android_res,res/J7Y.xml
res/J7e.webp,13688,13688,.webp,android_res,res/J7e.webp
res/J7j.xml,464,231,.xml,android_res,res/J7j.xml
res/J7u.webp,4416,4416,.webp,android_res,res/J7u.webp
res/J8B.9.png,208,208,.png,android_res,res/J8B.9.png
res/J8h.xml,484,225,.xml,android_res,res/J8h.xml
res/J8t.xml,724,321,.xml,android_res,res/J8t.xml
res/J95.png,438,438,.png,android_res,res/J95.png
res/J9G.png,7117,7117,.png,android_res,res/J9G.png
res/J9s.webp,5130,5130,.webp,android_res,res/J9s.webp
res/JA4.webp,8824,8824,.webp,android_res,res/JA4.webp
res/JAM.png,758,758,.png,android_res,res/JAM.png
res/JAN.png,435,435,.png,android_res,res/JAN.png
res/JAX.webp,2912,2912,.webp,android_res,res/JAX.webp
res/JBi.xml,620,322,.xml,android_res,res/JBi.xml
res/JBs.xml,860,381,.xml,android_res,res/JBs.xml
res/JBt.png,217,217,.png,android_res,res/JBt.png
res/JCE.png,391,391,.png,android_res,res/JCE.png
res/JC_.png,140880,140880,.png,android_res,res/JC_.png
res/JCw.xml,6332,1733,.xml,android_res,res/JCw.xml
res/JDB.xml,1336,374,.xml,android_res,res/JDB.xml
res/JDq.png,1603,1603,.png,android_res,res/JDq.png
res/JEX.png,62193,62193,.png,android_res,res/JEX.png
res/JF5.webp,1898,1898,.webp,android_res,res/JF5.webp
res/JFY.xml,448,220,.xml,android_res,res/JFY.xml
res/JFv.xml,728,344,.xml,android_res,res/JFv.xml
res/JG5.png,1175,1175,.png,android_res,res/JG5.png
res/JG6.png,3872,3872,.png,android_res,res/JG6.png
res/JGV.xml,1176,537,.xml,android_res,res/JGV.xml
res/JGb.xml,11232,2735,.xml,android_res,res/JGb.xml
res/JGt.xml,1456,639,.xml,android_res,res/JGt.xml
res/JH3.xml,468,233,.xml,android_res,res/JH3.xml
res/JHT.png,74767,74767,.png,android_res,res/JHT.png
res/JHY.xml,1872,653,.xml,android_res,res/JHY.xml
res/JHu.xml,3940,1250,.xml,android_res,res/JHu.xml
res/JI1.webp,8524,8524,.webp,android_res,res/JI1.webp
res/JIF.xml,1600,658,.xml,android_res,res/JIF.xml
res/JIS.png,11750,11750,.png,android_res,res/JIS.png
res/JIk.png,9778,9778,.png,android_res,res/JIk.png
res/JIs.png,7098,7098,.png,android_res,res/JIs.png
res/JJ1.xml,1964,796,.xml,android_res,res/JJ1.xml
res/JJO.webp,15490,15490,.webp,android_res,res/JJO.webp
res/JJZ.webp,6882,6882,.webp,android_res,res/JJZ.webp
res/JJo.png,409,409,.png,android_res,res/JJo.png
res/JJs.png,73870,73870,.png,android_res,res/JJs.png
res/JKs.png,820,820,.png,android_res,res/JKs.png
res/JL3.png,4034,4034,.png,android_res,res/JL3.png
res/JLy.png,7606,7606,.png,android_res,res/JLy.png
res/JM7.png,1073,1073,.png,android_res,res/JM7.png
res/JMG.xml,9516,2622,.xml,android_res,res/JMG.xml
res/JMS.png,62573,62573,.png,android_res,res/JMS.png
res/JMY.9.png,6488,6488,.png,android_res,res/JMY.9.png
res/JMe.xml,2428,923,.xml,android_res,res/JMe.xml
res/JN8.png,2264,2264,.png,android_res,res/JN8.png
res/JNo.png,13485,13485,.png,android_res,res/JNo.png
res/JNq.xml,676,364,.xml,android_res,res/JNq.xml
res/JNy.png,7568,7568,.png,android_res,res/JNy.png
res/JQ1.png,1265,1265,.png,android_res,res/JQ1.png
res/JQe.xml,3400,1099,.xml,android_res,res/JQe.xml
res/JRh.png,1681,1681,.png,android_res,res/JRh.png
res/JRr.png,802,802,.png,android_res,res/JRr.png
res/JT4.xml,3092,1060,.xml,android_res,res/JT4.xml
res/JT7.ttf,191132,82097,.ttf,android_res,res/JT7.ttf
res/JT8.png,4203,4203,.png,android_res,res/JT8.png
res/JTy.xml,2460,975,.xml,android_res,res/JTy.xml
res/JUY.xml,1560,640,.xml,android_res,res/JUY.xml
res/JUx.xml,3212,1087,.xml,android_res,res/JUx.xml
res/JVy.png,278,278,.png,android_res,res/JVy.png
res/JW3.webp,11372,11372,.webp,android_res,res/JW3.webp
res/JWd.png,122884,122884,.png,android_res,res/JWd.png
res/JWu.png,2301,2301,.png,android_res,res/JWu.png
res/JX-.png,744,744,.png,android_res,res/JX-.png
res/JXF.png,16450,16450,.png,android_res,res/JXF.png
res/JXF.xml,420,223,.xml,android_res,res/JXF.xml
res/JXR.webp,1946,1946,.webp,android_res,res/JXR.webp
res/JXs.xml,784,408,.xml,android_res,res/JXs.xml
res/JY5.png,12884,12884,.png,android_res,res/JY5.png
res/JYC.png,196,196,.png,android_res,res/JYC.png
res/JYQ.png,188,188,.png,android_res,res/JYQ.png
res/JZU.png,2855,2855,.png,android_res,res/JZU.png
res/JZU1.png,1167,1167,.png,android_res,res/JZU1.png
res/J_-.webp,5214,5214,.webp,android_res,res/J_-.webp
res/J_N.webp,602,602,.webp,android_res,res/J_N.webp
res/Jb3.png,181,181,.png,android_res,res/Jb3.png
res/JbZ.png,951,951,.png,android_res,res/JbZ.png
res/JcO.xml,1512,627,.xml,android_res,res/JcO.xml
res/Jcn.png,319,319,.png,android_res,res/Jcn.png
res/JdX.png,1287,1287,.png,android_res,res/JdX.png
res/JeR.webp,32718,32718,.webp,android_res,res/JeR.webp
res/JeS.png,284,284,.png,android_res,res/JeS.png
res/JeV.xml,2808,1016,.xml,android_res,res/JeV.xml
res/Jec.xml,29848,6449,.xml,android_res,res/Jec.xml
res/JfF.xml,1960,623,.xml,android_res,res/JfF.xml
res/JfF1.xml,468,231,.xml,android_res,res/JfF1.xml
res/JfQ.webp,1154,1154,.webp,android_res,res/JfQ.webp
res/Jfq.webp,23566,23566,.webp,android_res,res/Jfq.webp
res/JgH.xml,1148,493,.xml,android_res,res/JgH.xml
res/Jga.png,6746,6746,.png,android_res,res/Jga.png
res/Jh9.xml,1244,549,.xml,android_res,res/Jh9.xml
res/Jht.xml,5880,1704,.xml,android_res,res/Jht.xml
res/Ji1.xml,1544,755,.xml,android_res,res/Ji1.xml
res/JiI.xml,3032,1085,.xml,android_res,res/JiI.xml
res/JiT.png,9055,9055,.png,android_res,res/JiT.png
res/Jib.webp,3462,3462,.webp,android_res,res/Jib.webp
res/Jis.png,9853,9853,.png,android_res,res/Jis.png
res/Jj7.webp,740,740,.webp,android_res,res/Jj7.webp
res/JjU.png,4768,4768,.png,android_res,res/JjU.png
res/Jjz.xml,2308,908,.xml,android_res,res/Jjz.xml
res/JkA.webp,1958,1958,.webp,android_res,res/JkA.webp
res/Jkd.png,575,575,.png,android_res,res/Jkd.png
res/Jkp.png,760,760,.png,android_res,res/Jkp.png
res/Jkw.xml,9008,2367,.xml,android_res,res/Jkw.xml
res/Jl0.xml,3160,976,.xml,android_res,res/Jl0.xml
res/Jm-.png,558,558,.png,android_res,res/Jm-.png
res/Jm2.xml,3576,1264,.xml,android_res,res/Jm2.xml
res/Jmb.xml,3612,1139,.xml,android_res,res/Jmb.xml
res/Jmn.png,1544,1544,.png,android_res,res/Jmn.png
res/JnB.xml,2820,950,.xml,android_res,res/JnB.xml
res/JnT.xml,816,347,.xml,android_res,res/JnT.xml
res/Jnv.webp,600,600,.webp,android_res,res/Jnv.webp
res/JoA.webp,1288,1288,.webp,android_res,res/JoA.webp
res/Joc.xml,316,187,.xml,android_res,res/Joc.xml
res/JpE.png,44894,44894,.png,android_res,res/JpE.png
res/Jq7.png,37917,37917,.png,android_res,res/Jq7.png
res/JqJ.png,1953,1953,.png,android_res,res/JqJ.png
res/Jr-.png,5268,5268,.png,android_res,res/Jr-.png
res/JrN.xml,3688,1111,.xml,android_res,res/JrN.xml
res/Js3.png,1934,1934,.png,android_res,res/Js3.png
res/Jsj.xml,5228,1626,.xml,android_res,res/Jsj.xml
res/Ju1.png,4268,4268,.png,android_res,res/Ju1.png
res/JuF.png,8164,8164,.png,android_res,res/JuF.png
res/Jv3.xml,1776,831,.xml,android_res,res/Jv3.xml
res/JvD.xml,6280,1779,.xml,android_res,res/JvD.xml
res/Jve.webp,524,524,.webp,android_res,res/Jve.webp
res/JwM.xml,2392,848,.xml,android_res,res/JwM.xml
res/JwS.png,176,176,.png,android_res,res/JwS.png
res/JwV.xml,704,310,.xml,android_res,res/JwV.xml
res/Jwd.xml,2400,868,.xml,android_res,res/Jwd.xml
res/Jwy.xml,464,232,.xml,android_res,res/Jwy.xml
res/Jxy.xml,12708,3274,.xml,android_res,res/Jxy.xml
res/Jy9.png,5418,5418,.png,android_res,res/Jy9.png
res/Jyh.xml,18292,4094,.xml,android_res,res/Jyh.xml
res/JzE.png,5382,5382,.png,android_res,res/JzE.png
res/JzP.xml,9568,2433,.xml,android_res,res/JzP.xml
res/K-i.png,7346,7346,.png,android_res,res/K-i.png
res/K0S.png,3471,3471,.png,android_res,res/K0S.png
res/K0c.webp,182706,182706,.webp,android_res,res/K0c.webp
res/K0t.xml,5460,1516,.xml,android_res,res/K0t.xml
res/K12.xml,1812,736,.xml,android_res,res/K12.xml
res/K1E.webp,1004,1004,.webp,android_res,res/K1E.webp
res/K1H.webp,163966,163966,.webp,android_res,res/K1H.webp
res/K2P.xml,1360,418,.xml,android_res,res/K2P.xml
res/K3J.xml,852,372,.xml,android_res,res/K3J.xml
res/K3f.xml,612,333,.xml,android_res,res/K3f.xml
res/K3v.xml,1988,841,.xml,android_res,res/K3v.xml
res/K3y.png,1142,1142,.png,android_res,res/K3y.png
res/K4v.xml,2152,922,.xml,android_res,res/K4v.xml
res/K5B.xml,4640,1445,.xml,android_res,res/K5B.xml
res/K6I.png,68432,68432,.png,android_res,res/K6I.png
res/K7d.png,2880,2880,.png,android_res,res/K7d.png
res/K7s.png,11491,11491,.png,android_res,res/K7s.png
res/K8l.png,1506,1506,.png,android_res,res/K8l.png
res/KA5.xml,1284,561,.xml,android_res,res/KA5.xml
res/KA9.xml,2124,827,.xml,android_res,res/KA9.xml
res/KAZ.png,7840,7840,.png,android_res,res/KAZ.png
res/KAn.png,2494,2494,.png,android_res,res/KAn.png
res/KB1.xml,1148,373,.xml,android_res,res/KB1.xml
res/KC9.xml,9156,2370,.xml,android_res,res/KC9.xml
res/KCD.png,491,491,.png,android_res,res/KCD.png
res/KD4.webp,31682,31682,.webp,android_res,res/KD4.webp
res/KDa.xml,696,293,.xml,android_res,res/KDa.xml
res/KDv.webp,704,704,.webp,android_res,res/KDv.webp
res/KEJ.xml,3244,1041,.xml,android_res,res/KEJ.xml
res/KEY.png,4685,4685,.png,android_res,res/KEY.png
res/KEw.xml,1640,685,.xml,android_res,res/KEw.xml
res/KF1.png,11726,11726,.png,android_res,res/KF1.png
res/KF6.xml,11836,1754,.xml,android_res,res/KF6.xml
res/KFc.xml,3732,1406,.xml,android_res,res/KFc.xml
res/KG1.png,96596,96596,.png,android_res,res/KG1.png
res/KG4.xml,592,325,.xml,android_res,res/KG4.xml
res/KG9.png,2750,2750,.png,android_res,res/KG9.png
res/KGo.xml,1376,601,.xml,android_res,res/KGo.xml
res/KGx.png,18720,18720,.png,android_res,res/KGx.png
res/KH-.xml,12404,3018,.xml,android_res,res/KH-.xml
res/KH1.xml,2096,949,.xml,android_res,res/KH1.xml
res/KHI.webp,192,192,.webp,android_res,res/KHI.webp
res/KHr.xml,27044,5409,.xml,android_res,res/KHr.xml
res/KHw.png,133383,133383,.png,android_res,res/KHw.png
res/KI4.png,11776,11776,.png,android_res,res/KI4.png
res/KIo.png,2930,2930,.png,android_res,res/KIo.png
res/KIz.png,16743,16743,.png,android_res,res/KIz.png
res/KKD.xml,2384,912,.xml,android_res,res/KKD.xml
res/KKi.png,3561,3561,.png,android_res,res/KKi.png
res/KL5.png,3634,3634,.png,android_res,res/KL5.png
res/KLq.png,2791,2791,.png,android_res,res/KLq.png
res/KMU.xml,532,270,.xml,android_res,res/KMU.xml
res/KNj.webp,2430,2430,.webp,android_res,res/KNj.webp
res/KOH.webp,2456,2456,.webp,android_res,res/KOH.webp
res/KRE.png,912,912,.png,android_res,res/KRE.png
res/KRQ.png,21476,21476,.png,android_res,res/KRQ.png
res/KRS.png,23722,23722,.png,android_res,res/KRS.png
res/KRn.xml,484,225,.xml,android_res,res/KRn.xml
res/KSJ.png,166039,166039,.png,android_res,res/KSJ.png
res/KSj.webp,186,186,.webp,android_res,res/KSj.webp
res/KSx.png,304,304,.png,android_res,res/KSx.png
res/KTE.webp,382,382,.webp,android_res,res/KTE.webp
res/KTG.png,1867,1867,.png,android_res,res/KTG.png
res/KTg.xml,1492,642,.xml,android_res,res/KTg.xml
res/KTk.xml,3484,1178,.xml,android_res,res/KTk.xml
res/KTo.png,4701,4701,.png,android_res,res/KTo.png
res/KTr.xml,2344,903,.xml,android_res,res/KTr.xml
res/KVz.xml,3552,1273,.xml,android_res,res/KVz.xml
res/KWR.png,8806,8806,.png,android_res,res/KWR.png
res/KWR.xml,448,213,.xml,android_res,res/KWR.xml
res/KWW.png,1222,1222,.png,android_res,res/KWW.png
res/KWa.xml,7864,1992,.xml,android_res,res/KWa.xml
res/KWn.xml,516,244,.xml,android_res,res/KWn.xml
res/KXR.png,500,500,.png,android_res,res/KXR.png
res/KY0.xml,4296,1320,.xml,android_res,res/KY0.xml
res/KYQ.png,5614,5614,.png,android_res,res/KYQ.png
res/KYR.png,5335,5335,.png,android_res,res/KYR.png
res/KYU.png,4999,4999,.png,android_res,res/KYU.png
res/KYV.png,5370,5370,.png,android_res,res/KYV.png
res/KYW.png,4885,4885,.png,android_res,res/KYW.png
res/KYW.xml,1076,477,.xml,android_res,res/KYW.xml
res/KYp.png,5282,5282,.png,android_res,res/KYp.png
res/KYq.png,5829,5829,.png,android_res,res/KYq.png
res/KYr.png,5665,5665,.png,android_res,res/KYr.png
res/KYu.png,5629,5629,.png,android_res,res/KYu.png
res/KYv.png,4912,4912,.png,android_res,res/KYv.png
res/KZU.png,17348,17348,.png,android_res,res/KZU.png
res/KZZ.png,1312,1312,.png,android_res,res/KZZ.png
res/KZZ1.png,2109,2109,.png,android_res,res/KZZ1.png
res/KZg.xml,3112,1193,.xml,android_res,res/KZg.xml
res/K_g.xml,2216,951,.xml,android_res,res/K_g.xml
res/Kb2.png,280,280,.png,android_res,res/Kb2.png
res/KbA.webp,638,638,.webp,android_res,res/KbA.webp
res/Kc4.png,936,936,.png,android_res,res/Kc4.png
res/KeN.xml,3640,1324,.xml,android_res,res/KeN.xml
res/Keh.png,10831,10831,.png,android_res,res/Keh.png
res/KfJ.png,17768,17768,.png,android_res,res/KfJ.png
res/KgA.xml,576,264,.xml,android_res,res/KgA.xml
res/Kgb.xml,4500,1310,.xml,android_res,res/Kgb.xml
res/Kgc.png,562,562,.png,android_res,res/Kgc.png
res/Kh1.webp,18194,18194,.webp,android_res,res/Kh1.webp
res/KhE.png,236,236,.png,android_res,res/KhE.png
res/KhG.png,5846,5846,.png,android_res,res/KhG.png
res/KhI.png,140253,140253,.png,android_res,res/KhI.png
res/KiZ.xml,536,258,.xml,android_res,res/KiZ.xml
res/Kil.xml,3340,1162,.xml,android_res,res/Kil.xml
res/Kit.xml,1224,534,.xml,android_res,res/Kit.xml
res/Kiw.png,33106,33106,.png,android_res,res/Kiw.png
res/Kiz.png,35865,35865,.png,android_res,res/Kiz.png
res/Kj-.xml,1080,452,.xml,android_res,res/Kj-.xml
res/Kj1.png,298,298,.png,android_res,res/Kj1.png
res/Kj7.png,12506,12506,.png,android_res,res/Kj7.png
res/Kju.xml,2044,878,.xml,android_res,res/Kju.xml
res/Kkq.xml,1296,561,.xml,android_res,res/Kkq.xml
res/Km3.xml,2160,830,.xml,android_res,res/Km3.xml
res/Km9.png,2679,2679,.png,android_res,res/Km9.png
res/KmA.png,2100,2100,.png,android_res,res/KmA.png
res/KnF.xml,644,308,.xml,android_res,res/KnF.xml
res/KnR.xml,104,47,.xml,android_res,res/KnR.xml
res/KnT.png,42949,42949,.png,android_res,res/KnT.png
res/Ko_.gif,146060,146060,.gif,android_res,res/Ko_.gif
res/Kok.webp,566,566,.webp,android_res,res/Kok.webp
res/KpD.png,2682,2682,.png,android_res,res/KpD.png
res/KpR.9.png,236,236,.png,android_res,res/KpR.9.png
res/Kph.webp,2288,2288,.webp,android_res,res/Kph.webp
res/Kpv.webp,390,390,.webp,android_res,res/Kpv.webp
res/Kq9.webp,5810,5810,.webp,android_res,res/Kq9.webp
res/KqY.png,15682,15682,.png,android_res,res/KqY.png
res/Kqs.png,4373,4373,.png,android_res,res/Kqs.png
res/Kr4.png,2710,2710,.png,android_res,res/Kr4.png
res/KrD.xml,660,349,.xml,android_res,res/KrD.xml
res/Krd.png,5792,5792,.png,android_res,res/Krd.png
res/Krm.png,4451,4451,.png,android_res,res/Krm.png
res/Krt.xml,2936,1155,.xml,android_res,res/Krt.xml
res/KsB.xml,680,302,.xml,android_res,res/KsB.xml
res/KsG.9.png,1312,1312,.png,android_res,res/KsG.9.png
res/KsU.webp,6788,6788,.webp,android_res,res/KsU.webp
res/Kss.png,4769,4769,.png,android_res,res/Kss.png
res/Kss.xml,448,219,.xml,android_res,res/Kss.xml
res/Ksu.png,4109,4109,.png,android_res,res/Ksu.png
res/Kt2.xml,516,247,.xml,android_res,res/Kt2.xml
res/KtG.webp,924,924,.webp,android_res,res/KtG.webp
res/KtJ.xml,620,306,.xml,android_res,res/KtJ.xml
res/KtN.xml,1332,558,.xml,android_res,res/KtN.xml
res/KtS.xml,2464,977,.xml,android_res,res/KtS.xml
res/Ktl.xml,1568,682,.xml,android_res,res/Ktl.xml
res/Ku0.xml,6408,1612,.xml,android_res,res/Ku0.xml
res/Kuv.xml,2908,1011,.xml,android_res,res/Kuv.xml
res/Kv3.png,4185,4185,.png,android_res,res/Kv3.png
res/Kv5.png,3147,3147,.png,android_res,res/Kv5.png
res/KvZ.xml,1656,428,.xml,android_res,res/KvZ.xml
res/Kvs.webp,742,742,.webp,android_res,res/Kvs.webp
res/Kw_.webp,9326,9326,.webp,android_res,res/Kw_.webp
res/Kxp.png,227,227,.png,android_res,res/Kxp.png
res/KyX.png,10179,10179,.png,android_res,res/KyX.png
res/Kyv.xml,8196,2034,.xml,android_res,res/Kyv.xml
res/Kz0.png,77564,77564,.png,android_res,res/Kz0.png
res/Kzj.webp,25866,25866,.webp,android_res,res/Kzj.webp
res/Kzn.xml,1732,735,.xml,android_res,res/Kzn.xml
res/L-j.png,4572,4572,.png,android_res,res/L-j.png
res/L04.png,14687,14687,.png,android_res,res/L04.png
res/L0n.webp,998,998,.webp,android_res,res/L0n.webp
res/L15.webp,758,758,.webp,android_res,res/L15.webp
res/L2G.xml,392,232,.xml,android_res,res/L2G.xml
res/L2V.webp,15538,15538,.webp,android_res,res/L2V.webp
res/L2b.xml,4624,1585,.xml,android_res,res/L2b.xml
res/L2d.xml,5480,1567,.xml,android_res,res/L2d.xml
res/L2p.png,1048,1048,.png,android_res,res/L2p.png
res/L3G.xml,6352,1767,.xml,android_res,res/L3G.xml
res/L4j.png,1560,1560,.png,android_res,res/L4j.png
res/L5L.xml,4908,1437,.xml,android_res,res/L5L.xml
res/L6E.png,10828,10828,.png,android_res,res/L6E.png
res/L73.xml,488,226,.xml,android_res,res/L73.xml
res/L78.png,851,851,.png,android_res,res/L78.png
res/L7C.png,1192,1192,.png,android_res,res/L7C.png
res/L7O.webp,11730,11730,.webp,android_res,res/L7O.webp
res/L7h.xml,3368,1159,.xml,android_res,res/L7h.xml
res/LAp.png,2868,2868,.png,android_res,res/LAp.png
res/LBL.png,44057,44057,.png,android_res,res/LBL.png
res/LBl.png,1207,1207,.png,android_res,res/LBl.png
res/LBl.webp,52140,52140,.webp,android_res,res/LBl.webp
res/LBq.webp,18306,18306,.webp,android_res,res/LBq.webp
res/LC6.jpg,62163,62163,.jpg,android_res,res/LC6.jpg
res/LCK.png,4367,4367,.png,android_res,res/LCK.png
res/LCN.png,3256,3256,.png,android_res,res/LCN.png
res/LCT.xml,7348,1929,.xml,android_res,res/LCT.xml
res/LCl.xml,2404,836,.xml,android_res,res/LCl.xml
res/LCx.xml,576,294,.xml,android_res,res/LCx.xml
res/LDZ.png,107,107,.png,android_res,res/LDZ.png
res/LDZ.xml,468,232,.xml,android_res,res/LDZ.xml
res/LEd.png,526,526,.png,android_res,res/LEd.png
res/LEh.xml,4472,578,.xml,android_res,res/LEh.xml
res/LEv.webp,310,310,.webp,android_res,res/LEv.webp
res/LF4.xml,3096,1108,.xml,android_res,res/LF4.xml
res/LFQ.png,489,489,.png,android_res,res/LFQ.png
res/LG6.png,8306,8306,.png,android_res,res/LG6.png
res/LHJ.xml,3648,1272,.xml,android_res,res/LHJ.xml
res/LHk.xml,380,225,.xml,android_res,res/LHk.xml
res/LJs.png,2190,2190,.png,android_res,res/LJs.png
res/LJw.xml,3296,1152,.xml,android_res,res/LJw.xml
res/LKQ.png,2473,2473,.png,android_res,res/LKQ.png
res/LKW.xml,696,338,.xml,android_res,res/LKW.xml
res/LK_.xml,11960,2667,.xml,android_res,res/LK_.xml
res/LKj.webp,32684,32684,.webp,android_res,res/LKj.webp
res/LKz.webp,652,652,.webp,android_res,res/LKz.webp
res/LKz.xml,7428,887,.xml,android_res,res/LKz.xml
res/LLK.9.png,790,790,.png,android_res,res/LLK.9.png
res/LLc.xml,1220,441,.xml,android_res,res/LLc.xml
res/LM3.png,8617,8617,.png,android_res,res/LM3.png
res/LMP.png,1291,1291,.png,android_res,res/LMP.png
res/LNA.xml,1208,470,.xml,android_res,res/LNA.xml
res/LNf.webp,246,246,.webp,android_res,res/LNf.webp
res/LNt.webp,1588,1588,.webp,android_res,res/LNt.webp
res/LO9.png,286,286,.png,android_res,res/LO9.png
res/LOE.png,158,158,.png,android_res,res/LOE.png
res/LOM.xml,384,211,.xml,android_res,res/LOM.xml
res/LOR.png,1928,1928,.png,android_res,res/LOR.png
res/LP9.xml,592,271,.xml,android_res,res/LP9.xml
res/LP_.png,270,270,.png,android_res,res/LP_.png
res/LR6.png,422,422,.png,android_res,res/LR6.png
res/LSu.png,437,437,.png,android_res,res/LSu.png
res/LTY.xml,372,185,.xml,android_res,res/LTY.xml
res/LU-.png,5582,5582,.png,android_res,res/LU-.png
res/LUF.png,4140,4140,.png,android_res,res/LUF.png
res/LUX.png,1389,1389,.png,android_res,res/LUX.png
res/LUq.xml,3456,1244,.xml,android_res,res/LUq.xml
res/LUt.png,77761,77761,.png,android_res,res/LUt.png
res/LVY.xml,8168,2112,.xml,android_res,res/LVY.xml
res/LW_.webp,8652,8652,.webp,android_res,res/LW_.webp
res/LWv.xml,420,220,.xml,android_res,res/LWv.xml
res/LXA.xml,448,216,.xml,android_res,res/LXA.xml
res/LXf.webp,8330,8330,.webp,android_res,res/LXf.webp
res/LXi.png,6944,6944,.png,android_res,res/LXi.png
res/LXs.xml,1292,485,.xml,android_res,res/LXs.xml
res/LYF.png,562,562,.png,android_res,res/LYF.png
res/LYH.png,5253,5253,.png,android_res,res/LYH.png
res/LYP.xml,5196,1581,.xml,android_res,res/LYP.xml
res/LZ8.xml,448,214,.xml,android_res,res/LZ8.xml
res/LZN.9.png,333,333,.png,android_res,res/LZN.9.png
res/LZW.xml,3992,1424,.xml,android_res,res/LZW.xml
res/LZt.png,101732,101732,.png,android_res,res/LZt.png
res/L_E.png,2676,2676,.png,android_res,res/L_E.png
res/L_l.png,171,171,.png,android_res,res/L_l.png
res/La4.webp,22968,22968,.webp,android_res,res/La4.webp
res/LaC.xml,21688,4149,.xml,android_res,res/LaC.xml
res/LaQ.xml,1180,540,.xml,android_res,res/LaQ.xml
res/Lac.png,4082,4082,.png,android_res,res/Lac.png
res/Las.png,17439,17439,.png,android_res,res/Las.png
res/LbD.xml,2184,838,.xml,android_res,res/LbD.xml
res/Lbi.xml,5900,1704,.xml,android_res,res/Lbi.xml
res/LcC.png,407,407,.png,android_res,res/LcC.png
res/Ld0.xml,20472,3900,.xml,android_res,res/Ld0.xml
res/LdN.png,7566,7566,.png,android_res,res/LdN.png
res/LdT.xml,1464,599,.xml,android_res,res/LdT.xml
res/Lde.webp,500,500,.webp,android_res,res/Lde.webp
res/Ldv.webp,2388,2388,.webp,android_res,res/Ldv.webp
res/LeF.xml,2592,952,.xml,android_res,res/LeF.xml
res/Lek.xml,3056,1098,.xml,android_res,res/Lek.xml
res/LfG.xml,3244,1074,.xml,android_res,res/LfG.xml
res/Lfi.xml,1292,360,.xml,android_res,res/Lfi.xml
res/Lg0.webp,28474,28474,.webp,android_res,res/Lg0.webp
res/LgL.png,2185,2185,.png,android_res,res/LgL.png
res/Lg_.png,15525,15525,.png,android_res,res/Lg_.png
res/Lgd.xml,1784,750,.xml,android_res,res/Lgd.xml
res/Lgh.xml,444,223,.xml,android_res,res/Lgh.xml
res/LhB.webp,5352,5352,.webp,android_res,res/LhB.webp
res/LhH.png,20280,20280,.png,android_res,res/LhH.png
res/LhW.xml,620,326,.xml,android_res,res/LhW.xml
res/LiC.xml,592,273,.xml,android_res,res/LiC.xml
res/Lig.xml,576,272,.xml,android_res,res/Lig.xml
res/Liu.xml,4472,583,.xml,android_res,res/Liu.xml
res/LjY.xml,15440,3803,.xml,android_res,res/LjY.xml
res/Ljb.png,182,182,.png,android_res,res/Ljb.png
res/Ljh.webp,25702,25702,.webp,android_res,res/Ljh.webp
res/Lk-.xml,576,275,.xml,android_res,res/Lk-.xml
res/LkJ.xml,2228,835,.xml,android_res,res/LkJ.xml
res/Lk_.png,2481,2481,.png,android_res,res/Lk_.png
res/Lk_.webp,1846,1846,.webp,android_res,res/Lk_.webp
res/Lko.webp,2252,2252,.webp,android_res,res/Lko.webp
res/Lm6.xml,2004,840,.xml,android_res,res/Lm6.xml
res/LmH.xml,2340,969,.xml,android_res,res/LmH.xml
res/Lmk.webp,23558,23558,.webp,android_res,res/Lmk.webp
res/LnW.png,8050,8050,.png,android_res,res/LnW.png
res/Lo_.png,761,761,.png,android_res,res/Lo_.png
res/Loe.xml,2668,930,.xml,android_res,res/Loe.xml
res/Loz.xml,17672,3527,.xml,android_res,res/Loz.xml
res/LpD.xml,11240,2719,.xml,android_res,res/LpD.xml
res/LqE.9.png,209,209,.png,android_res,res/LqE.9.png
res/LqF.xml,988,348,.xml,android_res,res/LqF.xml
res/Lqq.png,412,412,.png,android_res,res/Lqq.png
res/LrJ.webp,1874,1874,.webp,android_res,res/LrJ.webp
res/LsM.png,5010,5010,.png,android_res,res/LsM.png
res/Lt-.webp,370,370,.webp,android_res,res/Lt-.webp
res/LtN.webp,1158,1158,.webp,android_res,res/LtN.webp
res/Lty.xml,3192,1154,.xml,android_res,res/Lty.xml
res/LuX.png,31952,31952,.png,android_res,res/LuX.png
res/Luw.xml,468,232,.xml,android_res,res/Luw.xml
res/Lv8.png,1118,1118,.png,android_res,res/Lv8.png
res/LvT.webp,4968,4968,.webp,android_res,res/LvT.webp
res/Lwv.png,15692,15692,.png,android_res,res/Lwv.png
res/Lx6.xml,628,271,.xml,android_res,res/Lx6.xml
res/Lxm.xml,3960,865,.xml,android_res,res/Lxm.xml
res/LyE.xml,684,306,.xml,android_res,res/LyE.xml
res/LyU.xml,1792,732,.xml,android_res,res/LyU.xml
res/LzU.webp,534,534,.webp,android_res,res/LzU.webp
res/Lzm.png,9323,9323,.png,android_res,res/Lzm.png
res/Lzz.png,3977,3977,.png,android_res,res/Lzz.png
res/M-3.xml,500,249,.xml,android_res,res/M-3.xml
res/M-p.webp,348,348,.webp,android_res,res/M-p.webp
res/M0z.xml,1320,579,.xml,android_res,res/M0z.xml
res/M13.png,3231,3231,.png,android_res,res/M13.png
res/M1Z.png,2836,2836,.png,android_res,res/M1Z.png
res/M2M.xml,896,480,.xml,android_res,res/M2M.xml
res/M2a.xml,1932,812,.xml,android_res,res/M2a.xml
res/M2y.xml,1240,366,.xml,android_res,res/M2y.xml
res/M3b.png,1326,1326,.png,android_res,res/M3b.png
res/M3q.png,2143,2143,.png,android_res,res/M3q.png
res/M3t.xml,648,334,.xml,android_res,res/M3t.xml
res/M48.webp,13060,13060,.webp,android_res,res/M48.webp
res/M4T.xml,564,299,.xml,android_res,res/M4T.xml
res/M5A.9.png,790,790,.png,android_res,res/M5A.9.png
res/M5K.png,5762,5762,.png,android_res,res/M5K.png
res/M5h.xml,3224,1168,.xml,android_res,res/M5h.xml
res/M5z.webp,764,764,.webp,android_res,res/M5z.webp
res/M6R.9.png,2423,2423,.png,android_res,res/M6R.9.png
res/M6S.png,4758,4758,.png,android_res,res/M6S.png
res/M6e.xml,124,68,.xml,android_res,res/M6e.xml
res/M70.png,12373,12373,.png,android_res,res/M70.png
res/M76.webp,762,762,.webp,android_res,res/M76.webp
res/M7u.webp,320,320,.webp,android_res,res/M7u.webp
res/M8r.webp,380,380,.webp,android_res,res/M8r.webp
res/M98.png,2405,2405,.png,android_res,res/M98.png
res/M9T.png,4259,4259,.png,android_res,res/M9T.png
res/MAO.xml,1652,666,.xml,android_res,res/MAO.xml
res/MAd.png,51241,51241,.png,android_res,res/MAd.png
res/MAe.png,1909,1909,.png,android_res,res/MAe.png
res/MAy.xml,920,318,.xml,android_res,res/MAy.xml
res/MB9.png,1398,1398,.png,android_res,res/MB9.png
res/MBd.png,46780,46780,.png,android_res,res/MBd.png
res/MCA.xml,2892,1078,.xml,android_res,res/MCA.xml
res/MCY.webp,1072,1072,.webp,android_res,res/MCY.webp
res/MCY.xml,312,178,.xml,android_res,res/MCY.xml
res/MCp.png,1054,1054,.png,android_res,res/MCp.png
res/MD3.webp,514,514,.webp,android_res,res/MD3.webp
res/MDi.xml,1944,821,.xml,android_res,res/MDi.xml
res/MDq.xml,1336,553,.xml,android_res,res/MDq.xml
res/ME4.9.png,772,772,.png,android_res,res/ME4.9.png
res/MEB.png,3740,3740,.png,android_res,res/MEB.png
res/MEJ.png,4118,4118,.png,android_res,res/MEJ.png
res/MEJ.xml,448,216,.xml,android_res,res/MEJ.xml
res/MEV.xml,6328,1893,.xml,android_res,res/MEV.xml
res/MEs.png,2337,2337,.png,android_res,res/MEs.png
res/MFB.xml,6572,1853,.xml,android_res,res/MFB.xml
res/MGQ.webp,500,500,.webp,android_res,res/MGQ.webp
res/MGy.xml,1124,433,.xml,android_res,res/MGy.xml
res/MHE.xml,556,295,.xml,android_res,res/MHE.xml
res/MHf.xml,408,242,.xml,android_res,res/MHf.xml
res/MHh.xml,2412,917,.xml,android_res,res/MHh.xml
res/MHl.png,449,449,.png,android_res,res/MHl.png
res/MHl.xml,4408,1366,.xml,android_res,res/MHl.xml
res/MI5.png,9078,9078,.png,android_res,res/MI5.png
res/MIb.xml,7216,1556,.xml,android_res,res/MIb.xml
res/MJc.xml,488,226,.xml,android_res,res/MJc.xml
res/MJi.png,9772,9772,.png,android_res,res/MJi.png
res/MKa.png,5050,5050,.png,android_res,res/MKa.png
res/MLO.xml,7728,1962,.xml,android_res,res/MLO.xml
res/MLl.xml,488,227,.xml,android_res,res/MLl.xml
res/MLm.xml,2100,859,.xml,android_res,res/MLm.xml
res/MLn.xml,1860,756,.xml,android_res,res/MLn.xml
res/MM0.xml,2628,773,.xml,android_res,res/MM0.xml
res/MMM.xml,892,408,.xml,android_res,res/MMM.xml
res/MMk.webp,11488,11488,.webp,android_res,res/MMk.webp
res/MMu.xml,2084,753,.xml,android_res,res/MMu.xml
res/MMx.png,11044,11044,.png,android_res,res/MMx.png
res/MMz.png,658,658,.png,android_res,res/MMz.png
res/MNO.xml,812,451,.xml,android_res,res/MNO.xml
res/MOm.xml,536,283,.xml,android_res,res/MOm.xml
res/MOx.png,10298,10298,.png,android_res,res/MOx.png
res/MP9.xml,8628,2136,.xml,android_res,res/MP9.xml
res/MPU.xml,864,446,.xml,android_res,res/MPU.xml
res/MPd.png,818,818,.png,android_res,res/MPd.png
res/MPo.xml,1136,502,.xml,android_res,res/MPo.xml
res/MQ4.png,319,319,.png,android_res,res/MQ4.png
res/MQO.png,1848,1848,.png,android_res,res/MQO.png
res/MR1.xml,4368,1327,.xml,android_res,res/MR1.xml
res/MTF.xml,4348,1474,.xml,android_res,res/MTF.xml
res/MTG.xml,1584,711,.xml,android_res,res/MTG.xml
res/MV6.png,1021,1021,.png,android_res,res/MV6.png
res/MVX.webp,22712,22712,.webp,android_res,res/MVX.webp
res/MWO.webp,3410,3410,.webp,android_res,res/MWO.webp
res/MWb.png,256,256,.png,android_res,res/MWb.png
res/MWm.webp,32712,32712,.webp,android_res,res/MWm.webp
res/MXJ.png,399,399,.png,android_res,res/MXJ.png
res/MXQ.png,67,67,.png,android_res,res/MXQ.png
res/MXf.webp,1720,1720,.webp,android_res,res/MXf.webp
res/MXg.webp,426,426,.webp,android_res,res/MXg.webp
res/MYA.png,11445,11445,.png,android_res,res/MYA.png
res/MYL.xml,1060,364,.xml,android_res,res/MYL.xml
res/MYO.xml,2148,807,.xml,android_res,res/MYO.xml
res/MYP.png,535,535,.png,android_res,res/MYP.png
res/MYh.xml,3060,957,.xml,android_res,res/MYh.xml
res/MYj.png,11699,11699,.png,android_res,res/MYj.png
res/MYv.webp,490,490,.webp,android_res,res/MYv.webp
res/MZZ.png,4362,4362,.png,android_res,res/MZZ.png
res/MZc.png,4090,4090,.png,android_res,res/MZc.png
res/MZl.webp,22768,22768,.webp,android_res,res/MZl.webp
res/MZx.webp,58468,58468,.webp,android_res,res/MZx.webp
res/Ma7.png,5401,5401,.png,android_res,res/Ma7.png
res/MaD.png,621,621,.png,android_res,res/MaD.png
res/MaE.png,179,179,.png,android_res,res/MaE.png
res/Mal.png,1204,1204,.png,android_res,res/Mal.png
res/Mam.png,1017,1017,.png,android_res,res/Mam.png
res/Mat.webp,476,476,.webp,android_res,res/Mat.webp
res/MbK.png,20430,20430,.png,android_res,res/MbK.png
res/MbN.webp,19332,19332,.webp,android_res,res/MbN.webp
res/Mbc.xml,4572,1479,.xml,android_res,res/Mbc.xml
res/Mbg.xml,1996,787,.xml,android_res,res/Mbg.xml
res/Mbr.png,4381,4381,.png,android_res,res/Mbr.png
res/McE.png,2330,2330,.png,android_res,res/McE.png
res/McJ.jpg,11191,11191,.jpg,android_res,res/McJ.jpg
res/MdI.xml,2260,857,.xml,android_res,res/MdI.xml
res/Mdm.png,515,515,.png,android_res,res/Mdm.png
res/Mdq.webp,454,454,.webp,android_res,res/Mdq.webp
res/MfH.xml,2408,867,.xml,android_res,res/MfH.xml
res/Mft.png,2371,2371,.png,android_res,res/Mft.png
res/Mfw.xml,2620,1061,.xml,android_res,res/Mfw.xml
res/MgG.xml,6660,1562,.xml,android_res,res/MgG.xml
res/MgV.png,1961,1961,.png,android_res,res/MgV.png
res/MgX.png,13471,13471,.png,android_res,res/MgX.png
res/MgZ.xml,448,217,.xml,android_res,res/MgZ.xml
res/Mgc.png,401,401,.png,android_res,res/Mgc.png
res/Mgp.xml,28260,5816,.xml,android_res,res/Mgp.xml
res/Mhm.png,6218,6218,.png,android_res,res/Mhm.png
res/Mhq.9.png,15553,15553,.png,android_res,res/Mhq.9.png
res/Mi2.9.png,4068,4068,.png,android_res,res/Mi2.9.png
res/Mi7.png,5389,5389,.png,android_res,res/Mi7.png
res/MiA.png,570,570,.png,android_res,res/MiA.png
res/Miw.png,3093,3093,.png,android_res,res/Miw.png
res/Miw1.png,948,948,.png,android_res,res/Miw1.png
res/Mj6.xml,18436,4101,.xml,android_res,res/Mj6.xml
res/MkG.xml,988,441,.xml,android_res,res/MkG.xml
res/Mkn.xml,1304,631,.xml,android_res,res/Mkn.xml
res/Mkz.png,72634,72634,.png,android_res,res/Mkz.png
res/Ml3.9.png,851,851,.png,android_res,res/Ml3.9.png
res/MlB.png,1320,1320,.png,android_res,res/MlB.png
res/MlO.webp,4392,4392,.webp,android_res,res/MlO.webp
res/Mle.png,1496,1496,.png,android_res,res/Mle.png
res/Mmg.png,10889,10889,.png,android_res,res/Mmg.png
res/Mmr.png,95183,95183,.png,android_res,res/Mmr.png
res/Mnb.xml,3980,1298,.xml,android_res,res/Mnb.xml
res/MoO.webp,2460,2460,.webp,android_res,res/MoO.webp
res/Mok.png,45568,45568,.png,android_res,res/Mok.png
res/Mp5.png,695,695,.png,android_res,res/Mp5.png
res/MpQ.xml,468,232,.xml,android_res,res/MpQ.xml
res/Mpi.webp,6912,6912,.webp,android_res,res/Mpi.webp
res/Mpt.png,554,554,.png,android_res,res/Mpt.png
res/MqJ.png,93421,93421,.png,android_res,res/MqJ.png
res/Mqu.xml,1224,648,.xml,android_res,res/Mqu.xml
res/MrE.9.png,1526,1526,.png,android_res,res/MrE.9.png
res/MrM.png,8778,8778,.png,android_res,res/MrM.png
res/MsC.xml,9548,2346,.xml,android_res,res/MsC.xml
res/MsW.png,212,212,.png,android_res,res/MsW.png
res/MsZ.png,4664,4664,.png,android_res,res/MsZ.png
res/Msn.xml,1020,498,.xml,android_res,res/Msn.xml
res/Msz.xml,3652,1203,.xml,android_res,res/Msz.xml
res/Mtd.png,8265,8265,.png,android_res,res/Mtd.png
res/Mte.png,3501,3501,.png,android_res,res/Mte.png
res/Mtm.png,2091,2091,.png,android_res,res/Mtm.png
res/Mtq.xml,988,345,.xml,android_res,res/Mtq.xml
res/Mvv.webp,1260,1260,.webp,android_res,res/Mvv.webp
res/Mvx.png,358,358,.png,android_res,res/Mvx.png
res/Mw1.xml,3160,1010,.xml,android_res,res/Mw1.xml
res/Mwh.png,11768,11768,.png,android_res,res/Mwh.png
res/Mwv.png,342,342,.png,android_res,res/Mwv.png
res/Mx1.png,4350,4350,.png,android_res,res/Mx1.png
res/MxK.png,13146,13146,.png,android_res,res/MxK.png
res/MxY.webp,342,342,.webp,android_res,res/MxY.webp
res/Mz0.png,457,457,.png,android_res,res/Mz0.png
res/MzD.xml,2604,898,.xml,android_res,res/MzD.xml
res/Mzc.xml,6584,1828,.xml,android_res,res/Mzc.xml
res/Mzs.9.png,207,207,.png,android_res,res/Mzs.9.png
res/N-1.png,554,554,.png,android_res,res/N-1.png
res/N0K.png,985,985,.png,android_res,res/N0K.png
res/N0O.png,38318,38318,.png,android_res,res/N0O.png
res/N15.xml,748,384,.xml,android_res,res/N15.xml
res/N1J.png,19720,19720,.png,android_res,res/N1J.png
res/N1T.png,3818,3818,.png,android_res,res/N1T.png
res/N1j.xml,9432,2456,.xml,android_res,res/N1j.xml
res/N2B.png,2518,2518,.png,android_res,res/N2B.png
res/N2P.xml,1636,632,.xml,android_res,res/N2P.xml
res/N30.png,603,603,.png,android_res,res/N30.png
res/N31.webp,15402,15402,.webp,android_res,res/N31.webp
res/N3S.png,10492,10492,.png,android_res,res/N3S.png
res/N3g.png,1274,1274,.png,android_res,res/N3g.png
res/N42.png,2655,2655,.png,android_res,res/N42.png
res/N4V.png,10580,10580,.png,android_res,res/N4V.png
res/N5Q.png,4205,4205,.png,android_res,res/N5Q.png
res/N74.9.png,887,887,.png,android_res,res/N74.9.png
res/N7i.png,10810,10810,.png,android_res,res/N7i.png
res/N7q.png,68432,68432,.png,android_res,res/N7q.png
res/N7u.webp,42022,42022,.webp,android_res,res/N7u.webp
res/N8-.xml,2088,822,.xml,android_res,res/N8-.xml
res/N97.png,832,832,.png,android_res,res/N97.png
res/N9E.xml,2224,810,.xml,android_res,res/N9E.xml
res/N9I.webp,63564,63564,.webp,android_res,res/N9I.webp
res/N9e.xml,508,258,.xml,android_res,res/N9e.xml
res/N9m.png,2463,2463,.png,android_res,res/N9m.png
res/N9q.xml,4428,1382,.xml,android_res,res/N9q.xml
res/NA0.xml,1440,567,.xml,android_res,res/NA0.xml
res/NA8.png,29673,29673,.png,android_res,res/NA8.png
res/NAv.9.png,6468,6468,.png,android_res,res/NAv.9.png
res/NAw.png,1141,1141,.png,android_res,res/NAw.png
res/NBM.xml,500,247,.xml,android_res,res/NBM.xml
res/NBS.xml,3500,1086,.xml,android_res,res/NBS.xml
res/NBZ.webp,12966,12966,.webp,android_res,res/NBZ.webp
res/NBt.png,800,800,.png,android_res,res/NBt.png
res/NCN.png,14132,14132,.png,android_res,res/NCN.png
res/NCa.png,752,752,.png,android_res,res/NCa.png
res/NCi.png,865,865,.png,android_res,res/NCi.png
res/NCk.9.png,1912,1912,.png,android_res,res/NCk.9.png
res/NDF.png,112418,112418,.png,android_res,res/NDF.png
res/NDU.xml,984,457,.xml,android_res,res/NDU.xml
res/NDV.webp,43514,43514,.webp,android_res,res/NDV.webp
res/NEF.png,51698,51698,.png,android_res,res/NEF.png
res/NEM.xml,3024,1082,.xml,android_res,res/NEM.xml
res/NEf.xml,536,283,.xml,android_res,res/NEf.xml
res/NEh.xml,2220,779,.xml,android_res,res/NEh.xml
res/NEt.webp,276,276,.webp,android_res,res/NEt.webp
res/NFB.png,2093,2093,.png,android_res,res/NFB.png
res/NFv.png,27010,27010,.png,android_res,res/NFv.png
res/NGM.webp,518,518,.webp,android_res,res/NGM.webp
res/NGn.xml,596,275,.xml,android_res,res/NGn.xml
res/NHv.png,86670,86670,.png,android_res,res/NHv.png
res/NIu.xml,464,230,.xml,android_res,res/NIu.xml
res/NK7.webp,17962,17962,.webp,android_res,res/NK7.webp
res/NKD.xml,2952,987,.xml,android_res,res/NKD.xml
res/NKH.png,3843,3843,.png,android_res,res/NKH.png
res/NKj.png,15177,15177,.png,android_res,res/NKj.png
res/NL8.xml,2872,1078,.xml,android_res,res/NL8.xml
res/NLG.png,2760,2760,.png,android_res,res/NLG.png
res/NLd.xml,1072,484,.xml,android_res,res/NLd.xml
res/NLf.png,4627,4627,.png,android_res,res/NLf.png
res/NLs.webp,12290,12290,.webp,android_res,res/NLs.webp
res/NM8.9.png,228,228,.png,android_res,res/NM8.9.png
res/NNS.png,747,747,.png,android_res,res/NNS.png
res/NNS1.png,5360,5360,.png,android_res,res/NNS1.png
res/NOg.xml,468,232,.xml,android_res,res/NOg.xml
res/NOq.xml,400,211,.xml,android_res,res/NOq.xml
res/NOy.png,1269,1269,.png,android_res,res/NOy.png
res/NPJ.9.png,182,182,.png,android_res,res/NPJ.9.png
res/NPJ.webp,9634,9634,.webp,android_res,res/NPJ.webp
res/NRG.png,571,571,.png,android_res,res/NRG.png
res/NRP.xml,988,347,.xml,android_res,res/NRP.xml
res/NRd.xml,372,185,.xml,android_res,res/NRd.xml
res/NRp.webp,234,234,.webp,android_res,res/NRp.webp
res/NSB.xml,1416,582,.xml,android_res,res/NSB.xml
res/NSF.xml,1256,538,.xml,android_res,res/NSF.xml
res/NSR.xml,616,330,.xml,android_res,res/NSR.xml
res/NSl.xml,4596,1485,.xml,android_res,res/NSl.xml
res/NUV.webp,16470,16470,.webp,android_res,res/NUV.webp
res/NUX.xml,792,375,.xml,android_res,res/NUX.xml
res/NV4.png,388,388,.png,android_res,res/NV4.png
res/NW1.png,6932,6932,.png,android_res,res/NW1.png
res/NWQ.webp,12072,12072,.webp,android_res,res/NWQ.webp
res/NWb.webp,111624,111624,.webp,android_res,res/NWb.webp
res/NXZ.xml,396,242,.xml,android_res,res/NXZ.xml
res/NXk.png,17156,17156,.png,android_res,res/NXk.png
res/NY8.png,838,838,.png,android_res,res/NY8.png
res/NYB.xml,612,275,.xml,android_res,res/NYB.xml
res/NYz.webp,1132,1132,.webp,android_res,res/NYz.webp
res/NZC.png,1116,1116,.png,android_res,res/NZC.png
res/NZF.xml,4208,1348,.xml,android_res,res/NZF.xml
res/NZS.png,856,856,.png,android_res,res/NZS.png
res/NZa.xml,544,268,.xml,android_res,res/NZa.xml
res/NZc.webp,2650,2650,.webp,android_res,res/NZc.webp
res/NZd.png,1740,1740,.png,android_res,res/NZd.png
res/N_2.webp,14494,14494,.webp,android_res,res/N_2.webp
res/N_s.png,5878,5878,.png,android_res,res/N_s.png
res/N_w.png,524,524,.png,android_res,res/N_w.png
res/NaY.webp,644,644,.webp,android_res,res/NaY.webp
res/NbG.xml,468,231,.xml,android_res,res/NbG.xml
res/Nbr.png,519,519,.png,android_res,res/Nbr.png
res/NcH.xml,3240,1044,.xml,android_res,res/NcH.xml
res/Nco.webp,932,932,.webp,android_res,res/Nco.webp
res/Nd8.png,1400,1400,.png,android_res,res/Nd8.png
res/NeZ.xml,444,223,.xml,android_res,res/NeZ.xml
res/Neh.xml,612,277,.xml,android_res,res/Neh.xml
res/Nex.png,2068,2068,.png,android_res,res/Nex.png
res/Nf6.png,454,454,.png,android_res,res/Nf6.png
res/NfG.png,4553,4553,.png,android_res,res/NfG.png
res/NfP.xml,1580,653,.xml,android_res,res/NfP.xml
res/NfQ.xml,3452,1277,.xml,android_res,res/NfQ.xml
res/NgW.xml,484,228,.xml,android_res,res/NgW.xml
res/NhR.png,1010,1010,.png,android_res,res/NhR.png
res/Nhj.png,1280,1280,.png,android_res,res/Nhj.png
res/Nhn.xml,876,423,.xml,android_res,res/Nhn.xml
res/Nhx.png,24687,24687,.png,android_res,res/Nhx.png
res/Nio.png,1874,1874,.png,android_res,res/Nio.png
res/Niz.png,26040,26040,.png,android_res,res/Niz.png
res/NjD.xml,1916,809,.xml,android_res,res/NjD.xml
res/NjL.png,1001,1001,.png,android_res,res/NjL.png
res/NjN.png,19750,19750,.png,android_res,res/NjN.png
res/Nj_.png,1280,1280,.png,android_res,res/Nj_.png
res/Nkd.xml,2572,1057,.xml,android_res,res/Nkd.xml
res/Nlh.xml,1944,841,.xml,android_res,res/Nlh.xml
res/Nli.png,4539,4539,.png,android_res,res/Nli.png
res/Nli1.png,551,551,.png,android_res,res/Nli1.png
res/NmW.webp,3360,3360,.webp,android_res,res/NmW.webp
res/Nmt.xml,4740,1436,.xml,android_res,res/Nmt.xml
res/NnD.png,3546,3546,.png,android_res,res/NnD.png
res/NnQ.png,11028,11028,.png,android_res,res/NnQ.png
res/No-.webp,1550,1550,.webp,android_res,res/No-.webp
res/No2.xml,3084,1093,.xml,android_res,res/No2.xml
res/NoC.png,14651,14651,.png,android_res,res/NoC.png
res/NoO.png,157,157,.png,android_res,res/NoO.png
res/NoS.webp,36974,36974,.webp,android_res,res/NoS.webp
res/Npx.png,8107,8107,.png,android_res,res/Npx.png
res/NqW.xml,2604,920,.xml,android_res,res/NqW.xml
res/NqZ.xml,2296,790,.xml,android_res,res/NqZ.xml
res/NrC.png,660,660,.png,android_res,res/NrC.png
res/NrW.png,3130,3130,.png,android_res,res/NrW.png
res/Nrm.png,10615,10615,.png,android_res,res/Nrm.png
res/NsQ.xml,2804,990,.xml,android_res,res/NsQ.xml
res/Nsb.png,1229,1229,.png,android_res,res/Nsb.png
res/Nsz.xml,2332,833,.xml,android_res,res/Nsz.xml
res/NtJ.webp,34178,34178,.webp,android_res,res/NtJ.webp
res/Nud.png,1266,1266,.png,android_res,res/Nud.png
res/NwV.xml,4208,1214,.xml,android_res,res/NwV.xml
res/Nx3.xml,1364,589,.xml,android_res,res/Nx3.xml
res/Nxo.png,30136,30136,.png,android_res,res/Nxo.png
res/NyO.xml,1624,667,.xml,android_res,res/NyO.xml
res/Nyp.png,12780,12780,.png,android_res,res/Nyp.png
res/Nyr.png,157277,157277,.png,android_res,res/Nyr.png
res/Nzz.png,3365,3365,.png,android_res,res/Nzz.png
res/O-L.webp,1606,1606,.webp,android_res,res/O-L.webp
res/O-s.webp,594,594,.webp,android_res,res/O-s.webp
res/O0Z.xml,6052,1905,.xml,android_res,res/O0Z.xml
res/O0k.png,378,378,.png,android_res,res/O0k.png
res/O0w.xml,1240,578,.xml,android_res,res/O0w.xml
res/O19.xml,692,327,.xml,android_res,res/O19.xml
res/O1B.xml,488,227,.xml,android_res,res/O1B.xml
res/O1W.xml,2300,707,.xml,android_res,res/O1W.xml
res/O1o.webp,12864,12864,.webp,android_res,res/O1o.webp
res/O1u.xml,596,310,.xml,android_res,res/O1u.xml
res/O2_.xml,2812,1094,.xml,android_res,res/O2_.xml
res/O3U.9.png,223,223,.png,android_res,res/O3U.9.png
res/O42.webp,422,422,.webp,android_res,res/O42.webp
res/O4R.png,1412,1412,.png,android_res,res/O4R.png
res/O4a.xml,520,263,.xml,android_res,res/O4a.xml
res/O54.webp,1022,1022,.webp,android_res,res/O54.webp
res/O57.webp,448,448,.webp,android_res,res/O57.webp
res/O5F.xml,2616,858,.xml,android_res,res/O5F.xml
res/O5S.webp,888,888,.webp,android_res,res/O5S.webp
res/O5a.png,17239,17239,.png,android_res,res/O5a.png
res/O5r.png,4295,4295,.png,android_res,res/O5r.png
res/O6I.xml,5620,1814,.xml,android_res,res/O6I.xml
res/O6w.webp,476,476,.webp,android_res,res/O6w.webp
res/O7H.xml,1264,574,.xml,android_res,res/O7H.xml
res/O7V.xml,2692,1101,.xml,android_res,res/O7V.xml
res/O7g.png,1282,1282,.png,android_res,res/O7g.png
res/O7l.webp,536,536,.webp,android_res,res/O7l.webp
res/O8a.xml,15512,3501,.xml,android_res,res/O8a.xml
res/O8e.xml,564,320,.xml,android_res,res/O8e.xml
res/O8i.webp,564,564,.webp,android_res,res/O8i.webp
res/O93.webp,578,578,.webp,android_res,res/O93.webp
res/O93.xml,400,207,.xml,android_res,res/O93.xml
res/O95.xml,3608,1316,.xml,android_res,res/O95.xml
res/O9f.png,677,677,.png,android_res,res/O9f.png
res/OBJ.webp,790,790,.webp,android_res,res/OBJ.webp
res/OBW.png,409,409,.png,android_res,res/OBW.png
res/OBp.png,4751,4751,.png,android_res,res/OBp.png
res/OCI.xml,2048,868,.xml,android_res,res/OCI.xml
res/OCP.xml,9272,2398,.xml,android_res,res/OCP.xml
res/ODj.xml,7988,2029,.xml,android_res,res/ODj.xml
res/OEP.xml,488,231,.xml,android_res,res/OEP.xml
res/OEY.webp,29210,29210,.webp,android_res,res/OEY.webp
res/OEt.webp,124,124,.webp,android_res,res/OEt.webp
res/OEz.png,592,592,.png,android_res,res/OEz.png
res/OF1.webp,17706,17706,.webp,android_res,res/OF1.webp
res/OGQ.xml,704,309,.xml,android_res,res/OGQ.xml
res/OGU.xml,704,308,.xml,android_res,res/OGU.xml
res/OGW.xml,704,309,.xml,android_res,res/OGW.xml
res/OGe.png,25145,25145,.png,android_res,res/OGe.png
res/OGl.webp,370,370,.webp,android_res,res/OGl.webp
res/OGm.xml,2448,905,.xml,android_res,res/OGm.xml
res/OH3.xml,464,227,.xml,android_res,res/OH3.xml
res/OHg.xml,2152,831,.xml,android_res,res/OHg.xml
res/OJ6.webp,5282,5282,.webp,android_res,res/OJ6.webp
res/OJE.png,591,591,.png,android_res,res/OJE.png
res/OK3.xml,372,185,.xml,android_res,res/OK3.xml
res/OKD.xml,2028,760,.xml,android_res,res/OKD.xml
res/OKK.xml,1700,684,.xml,android_res,res/OKK.xml
res/OKk.png,3945,3945,.png,android_res,res/OKk.png
res/OLV.webp,4754,4754,.webp,android_res,res/OLV.webp
res/OL_.png,2033,2033,.png,android_res,res/OL_.png
res/OLk.webp,14426,14426,.webp,android_res,res/OLk.webp
res/OLu.xml,4672,1369,.xml,android_res,res/OLu.xml
res/OM1.png,926,926,.png,android_res,res/OM1.png
res/OMz.webp,5462,5462,.webp,android_res,res/OMz.webp
res/ON-.png,7342,7342,.png,android_res,res/ON-.png
res/ONV.webp,128,128,.webp,android_res,res/ONV.webp
res/OOW.png,5625,5625,.png,android_res,res/OOW.png
res/OPZ.xml,1360,559,.xml,android_res,res/OPZ.xml
res/OPb.xml,1896,788,.xml,android_res,res/OPb.xml
res/OPy.png,21646,21646,.png,android_res,res/OPy.png
res/OQb.webp,760,760,.webp,android_res,res/OQb.webp
res/ORi.png,11206,11206,.png,android_res,res/ORi.png
res/OSb.png,95508,95508,.png,android_res,res/OSb.png
res/OTF.webp,3506,3506,.webp,android_res,res/OTF.webp
res/OTM.png,633,633,.png,android_res,res/OTM.png
res/OT_.xml,3092,1037,.xml,android_res,res/OT_.xml
res/OTf.png,276,276,.png,android_res,res/OTf.png
res/OTm.png,2795,2795,.png,android_res,res/OTm.png
res/OU5.png,1312,1312,.png,android_res,res/OU5.png
res/OUe.png,1473,1473,.png,android_res,res/OUe.png
res/OV8.webp,13334,13334,.webp,android_res,res/OV8.webp
res/OVu.png,6992,6992,.png,android_res,res/OVu.png
res/OW-.xml,704,306,.xml,android_res,res/OW-.xml
res/OWi.png,192,192,.png,android_res,res/OWi.png
res/OXN.xml,2516,856,.xml,android_res,res/OXN.xml
res/OXq.xml,1000,341,.xml,android_res,res/OXq.xml
res/OYK.webp,12156,12156,.webp,android_res,res/OYK.webp
res/OZH.png,448,448,.png,android_res,res/OZH.png
res/OZw.xml,2436,896,.xml,android_res,res/OZw.xml
res/OZz.png,5342,5342,.png,android_res,res/OZz.png
res/OZz.xml,11440,2433,.xml,android_res,res/OZz.xml
res/O_0.png,939,939,.png,android_res,res/O_0.png
res/O_Q.xml,2884,905,.xml,android_res,res/O_Q.xml
res/O_R.xml,468,231,.xml,android_res,res/O_R.xml
res/O_W.png,229,229,.png,android_res,res/O_W.png
res/O_h.webp,578,578,.webp,android_res,res/O_h.webp
res/OaP.png,244,244,.png,android_res,res/OaP.png
res/Ob0.webp,23090,23090,.webp,android_res,res/Ob0.webp
res/Obd.xml,1712,800,.xml,android_res,res/Obd.xml
res/OcE.png,769582,769582,.png,android_res,res/OcE.png
res/Oca.xml,3100,1113,.xml,android_res,res/Oca.xml
res/OdO.xml,724,318,.xml,android_res,res/OdO.xml
res/Oem.png,7284,7284,.png,android_res,res/Oem.png
res/Oev.png,20121,20121,.png,android_res,res/Oev.png
res/OfG.xml,624,248,.xml,android_res,res/OfG.xml
res/OfL.9.png,258,258,.png,android_res,res/OfL.9.png
res/OfM.xml,124,68,.xml,android_res,res/OfM.xml
res/OfX.webp,342,342,.webp,android_res,res/OfX.webp
res/Ofs.9.png,272,272,.png,android_res,res/Ofs.9.png
res/Og9.xml,484,224,.xml,android_res,res/Og9.xml
res/OgR.xml,576,264,.xml,android_res,res/OgR.xml
res/Oh2.xml,600,283,.xml,android_res,res/Oh2.xml
res/Oh4.9.png,774,774,.png,android_res,res/Oh4.9.png
res/OhC.webp,66910,66910,.webp,android_res,res/OhC.webp
res/OhD.png,1567,1567,.png,android_res,res/OhD.png
res/OhE.png,38314,38314,.png,android_res,res/OhE.png
res/Oi2.xml,624,330,.xml,android_res,res/Oi2.xml
res/Oi6.png,3619,3619,.png,android_res,res/Oi6.png
res/OiN.otf,27756,14598,.otf,android_res,res/OiN.otf
res/Oiu.png,250,250,.png,android_res,res/Oiu.png
res/Ojf.png,2185,2185,.png,android_res,res/Ojf.png
res/Oji.xml,704,309,.xml,android_res,res/Oji.xml
res/Okd.png,2498,2498,.png,android_res,res/Okd.png
res/Oli.xml,3944,1168,.xml,android_res,res/Oli.xml
res/Olu.png,28309,28309,.png,android_res,res/Olu.png
res/OmD.xml,1876,617,.xml,android_res,res/OmD.xml
res/OmQ.png,297,297,.png,android_res,res/OmQ.png
res/OnU.png,1475,1475,.png,android_res,res/OnU.png
res/OnZ.webp,316,316,.webp,android_res,res/OnZ.webp
res/Onn.png,3842,3842,.png,android_res,res/Onn.png
res/Onp.webp,398,398,.webp,android_res,res/Onp.webp
res/Ons.xml,2440,946,.xml,android_res,res/Ons.xml
res/Onv.xml,4320,1361,.xml,android_res,res/Onv.xml
res/Oos.png,5106,5106,.png,android_res,res/Oos.png
res/Oox.xml,724,322,.xml,android_res,res/Oox.xml
res/Ope.png,4294,4294,.png,android_res,res/Ope.png
res/OqD.xml,5568,1814,.xml,android_res,res/OqD.xml
res/OqM.png,1665,1665,.png,android_res,res/OqM.png
res/OqN.xml,464,231,.xml,android_res,res/OqN.xml
res/Oqu.png,112,112,.png,android_res,res/Oqu.png
res/OrP.png,1023,1023,.png,android_res,res/OrP.png
res/Ore.png,6009,6009,.png,android_res,res/Ore.png
res/Orq.xml,760,313,.xml,android_res,res/Orq.xml
res/Os7.png,1716,1716,.png,android_res,res/Os7.png
res/Osb.xml,3400,1142,.xml,android_res,res/Osb.xml
res/Ot9.xml,5552,1749,.xml,android_res,res/Ot9.xml
res/Otv.xml,13760,3002,.xml,android_res,res/Otv.xml
res/Otx.png,138,138,.png,android_res,res/Otx.png
res/OuU.png,3544,3544,.png,android_res,res/OuU.png
res/OuX.png,422,422,.png,android_res,res/OuX.png
res/Ouc.png,9214,9214,.png,android_res,res/Ouc.png
res/OvQ.xml,828,455,.xml,android_res,res/OvQ.xml
res/Ovk.png,31273,31273,.png,android_res,res/Ovk.png
res/OwX.xml,608,318,.xml,android_res,res/OwX.xml
res/Owo.xml,1028,380,.xml,android_res,res/Owo.xml
res/Owz.xml,468,231,.xml,android_res,res/Owz.xml
res/Oxv.xml,608,321,.xml,android_res,res/Oxv.xml
res/Oy6.xml,1940,850,.xml,android_res,res/Oy6.xml
res/Oyi.webp,8490,8490,.webp,android_res,res/Oyi.webp
res/Oz8.png,3678,3678,.png,android_res,res/Oz8.png
res/OzV.png,66763,66763,.png,android_res,res/OzV.png
res/OzZ.png,704,704,.png,android_res,res/OzZ.png
res/Ozk.xml,1920,724,.xml,android_res,res/Ozk.xml
res/P0-.png,67,67,.png,android_res,res/P0-.png
res/P0Y.xml,2968,1044,.xml,android_res,res/P0Y.xml
res/P16.xml,1308,513,.xml,android_res,res/P16.xml
res/P1A.png,447,447,.png,android_res,res/P1A.png
res/P1j.png,16075,16075,.png,android_res,res/P1j.png
res/P2B.png,7400,7400,.png,android_res,res/P2B.png
res/P39.png,894,894,.png,android_res,res/P39.png
res/P5a.webp,3152,3152,.webp,android_res,res/P5a.webp
res/P5e.png,444,444,.png,android_res,res/P5e.png
res/P5j.xml,928,336,.xml,android_res,res/P5j.xml
res/P69.xml,1560,603,.xml,android_res,res/P69.xml
res/P6C.png,814,814,.png,android_res,res/P6C.png
res/P6U.png,18292,18292,.png,android_res,res/P6U.png
res/P6g.xml,13536,3226,.xml,android_res,res/P6g.xml
res/P6i.xml,7588,2171,.xml,android_res,res/P6i.xml
res/P7L.xml,8844,2494,.xml,android_res,res/P7L.xml
res/P7X.webp,11236,11236,.webp,android_res,res/P7X.webp
res/P7a.png,3374,3374,.png,android_res,res/P7a.png
res/P8w.webp,2382,2382,.webp,android_res,res/P8w.webp
res/P91.png,4198,4198,.png,android_res,res/P91.png
res/P9O.png,510,510,.png,android_res,res/P9O.png
res/P9m.xml,876,402,.xml,android_res,res/P9m.xml
res/P9v.webp,4508,4508,.webp,android_res,res/P9v.webp
res/PA6.xml,484,226,.xml,android_res,res/PA6.xml
res/PA9.webp,2036,2036,.webp,android_res,res/PA9.webp
res/PBB.xml,876,413,.xml,android_res,res/PBB.xml
res/PBj.xml,1488,591,.xml,android_res,res/PBj.xml
res/PC7.webp,1800,1800,.webp,android_res,res/PC7.webp
res/PCl.png,66525,66525,.png,android_res,res/PCl.png
res/PCr.xml,1508,674,.xml,android_res,res/PCr.xml
res/PD4.png,2542,2542,.png,android_res,res/PD4.png
res/PDI.xml,1468,666,.xml,android_res,res/PDI.xml
res/PD_.xml,292,154,.xml,android_res,res/PD_.xml
res/PDw.webp,1336,1336,.webp,android_res,res/PDw.webp
res/PE8.png,11091,11091,.png,android_res,res/PE8.png
res/PEL.png,1937,1937,.png,android_res,res/PEL.png
res/PEQ.png,638,638,.png,android_res,res/PEQ.png
res/PEV.png,12467,12467,.png,android_res,res/PEV.png
res/PEg.xml,9496,2384,.xml,android_res,res/PEg.xml
res/PF-.webp,1202,1202,.webp,android_res,res/PF-.webp
res/PF-.xml,1128,392,.xml,android_res,res/PF-.xml
res/PF7.xml,10404,2462,.xml,android_res,res/PF7.xml
res/PFV.xml,648,334,.xml,android_res,res/PFV.xml
res/PGC.xml,3364,1226,.xml,android_res,res/PGC.xml
res/PGa.png,847613,847613,.png,android_res,res/PGa.png
res/PHJ.png,5713,5713,.png,android_res,res/PHJ.png
res/PHb.xml,840,311,.xml,android_res,res/PHb.xml
res/PIQ.xml,2440,709,.xml,android_res,res/PIQ.xml
res/PJQ.png,30241,30241,.png,android_res,res/PJQ.png
res/PJa.xml,6340,1917,.xml,android_res,res/PJa.xml
res/PKj.webp,1584,1584,.webp,android_res,res/PKj.webp
res/PKj.xml,3780,1064,.xml,android_res,res/PKj.xml
res/PLu.webp,694,694,.webp,android_res,res/PLu.webp
res/PMD.png,2603,2603,.png,android_res,res/PMD.png
res/PMt.xml,5704,1743,.xml,android_res,res/PMt.xml
res/PMz.xml,1168,376,.xml,android_res,res/PMz.xml
res/PN3.xml,2548,1012,.xml,android_res,res/PN3.xml
res/PNh.png,5869,5869,.png,android_res,res/PNh.png
res/PNi.xml,1420,674,.xml,android_res,res/PNi.xml
res/PNk.png,1092,1092,.png,android_res,res/PNk.png
res/PNm.xml,2624,900,.xml,android_res,res/PNm.xml
res/PO7.png,627,627,.png,android_res,res/PO7.png
res/POK.xml,464,232,.xml,android_res,res/POK.xml
res/POa.png,67,67,.png,android_res,res/POa.png
res/PPH.png,396,396,.png,android_res,res/PPH.png
res/PPW.png,46842,46842,.png,android_res,res/PPW.png
res/PPq.webp,1076,1076,.webp,android_res,res/PPq.webp
res/PPw.xml,616,298,.xml,android_res,res/PPw.xml
res/PPx.xml,536,273,.xml,android_res,res/PPx.xml
res/PQ1.xml,704,305,.xml,android_res,res/PQ1.xml
res/PQ3.xml,448,219,.xml,android_res,res/PQ3.xml
res/PQq.xml,448,219,.xml,android_res,res/PQq.xml
res/PQs.png,651,651,.png,android_res,res/PQs.png
res/PQs.xml,704,305,.xml,android_res,res/PQs.xml
res/PQv.xml,704,307,.xml,android_res,res/PQv.xml
res/PRb.png,40324,40324,.png,android_res,res/PRb.png
res/PSf.xml,1548,636,.xml,android_res,res/PSf.xml
res/PSo.png,1743,1743,.png,android_res,res/PSo.png
res/PT8.png,8339,8339,.png,android_res,res/PT8.png
res/PTy.xml,576,270,.xml,android_res,res/PTy.xml
res/PUE.webp,678,678,.webp,android_res,res/PUE.webp
res/PUU.xml,2652,919,.xml,android_res,res/PUU.xml
res/PUt.png,496,496,.png,android_res,res/PUt.png
res/PUt.xml,536,258,.xml,android_res,res/PUt.xml
res/PV2.xml,3656,1324,.xml,android_res,res/PV2.xml
res/PV7.xml,2976,1073,.xml,android_res,res/PV7.xml
res/PVZ.png,3575,3575,.png,android_res,res/PVZ.png
res/PW1.xml,5508,1684,.xml,android_res,res/PW1.xml
res/PW2.xml,484,223,.xml,android_res,res/PW2.xml
res/PWV.webp,8698,8698,.webp,android_res,res/PWV.webp
res/PWm.png,4051,4051,.png,android_res,res/PWm.png
res/PWs.png,16590,16590,.png,android_res,res/PWs.png
res/PWv.webp,51016,51016,.webp,android_res,res/PWv.webp
res/PXC.png,2390,2390,.png,android_res,res/PXC.png
res/PXH.png,632,632,.png,android_res,res/PXH.png
res/PXb.png,20467,20467,.png,android_res,res/PXb.png
res/PYV.xml,1104,409,.xml,android_res,res/PYV.xml
res/PYr.xml,2524,1026,.xml,android_res,res/PYr.xml
res/PZM.xml,396,232,.xml,android_res,res/PZM.xml
res/PZk.webp,59992,59992,.webp,android_res,res/PZk.webp
res/P_5.png,55398,55398,.png,android_res,res/P_5.png
res/P_R.png,10283,10283,.png,android_res,res/P_R.png
res/P_T.png,5127,5127,.png,android_res,res/P_T.png
res/P_T.webp,308,308,.webp,android_res,res/P_T.webp
res/P_p.xml,860,386,.xml,android_res,res/P_p.xml
res/P_r.xml,1056,493,.xml,android_res,res/P_r.xml
res/Pa9.png,27823,27823,.png,android_res,res/Pa9.png
res/PaF.webp,34894,34894,.webp,android_res,res/PaF.webp
res/PaG.png,6841,6841,.png,android_res,res/PaG.png
res/PaR.png,777,777,.png,android_res,res/PaR.png
res/PbS.webp,52732,52732,.webp,android_res,res/PbS.webp
res/Pbb.png,2867,2867,.png,android_res,res/Pbb.png
res/Pbc.xml,372,181,.xml,android_res,res/Pbc.xml
res/Pc-.xml,2920,1048,.xml,android_res,res/Pc-.xml
res/Pd2.png,5311,5311,.png,android_res,res/Pd2.png
res/Pd3.xml,516,257,.xml,android_res,res/Pd3.xml
res/Pd6.png,8191,8191,.png,android_res,res/Pd6.png
res/Pde.xml,8608,2314,.xml,android_res,res/Pde.xml
res/Pdf.png,271,271,.png,android_res,res/Pdf.png
res/Pdn.png,1189,1189,.png,android_res,res/Pdn.png
res/PeG.webp,710,710,.webp,android_res,res/PeG.webp
res/PgB.png,1762,1762,.png,android_res,res/PgB.png
res/Ph0.png,4774,4774,.png,android_res,res/Ph0.png
res/PiQ.webp,71452,71452,.webp,android_res,res/PiQ.webp
res/PiT.9.png,2816,2816,.png,android_res,res/PiT.9.png
res/Pk-.xml,1336,495,.xml,android_res,res/Pk-.xml
res/Pk_.xml,3636,1123,.xml,android_res,res/Pk_.xml
res/PlS.png,298,298,.png,android_res,res/PlS.png
res/PlT.png,1425,1425,.png,android_res,res/PlT.png
res/Plb.xml,448,218,.xml,android_res,res/Plb.xml
res/Plq.png,430,430,.png,android_res,res/Plq.png
res/Pm3.png,11830,11830,.png,android_res,res/Pm3.png
res/Pm9.png,4206,4206,.png,android_res,res/Pm9.png
res/PmE.xml,628,278,.xml,android_res,res/PmE.xml
res/PmN.png,5714,5714,.png,android_res,res/PmN.png
res/Pn6.xml,688,306,.xml,android_res,res/Pn6.xml
res/PnV.png,322,322,.png,android_res,res/PnV.png
res/Pn_.xml,6280,1830,.xml,android_res,res/Pn_.xml
res/PoS.xml,9052,2463,.xml,android_res,res/PoS.xml
res/PoU.png,6829,6829,.png,android_res,res/PoU.png
res/Pps.png,3732,3732,.png,android_res,res/Pps.png
res/Pq-.9.png,215,215,.png,android_res,res/Pq-.9.png
res/PqB.xml,1820,719,.xml,android_res,res/PqB.xml
res/Pqt.xml,1924,758,.xml,android_res,res/Pqt.xml
res/Pqt1.xml,2588,968,.xml,android_res,res/Pqt1.xml
res/Pr3.png,490,490,.png,android_res,res/Pr3.png
res/Pr4.webp,24084,24084,.webp,android_res,res/Pr4.webp
res/PrX.png,5327,5327,.png,android_res,res/PrX.png
res/PsG.xml,1736,655,.xml,android_res,res/PsG.xml
res/Psq.xml,1360,566,.xml,android_res,res/Psq.xml
res/Ptc.png,946,946,.png,android_res,res/Ptc.png
res/Puf.png,442,442,.png,android_res,res/Puf.png
res/Puh.xml,2816,1079,.xml,android_res,res/Puh.xml
res/Puq.webp,1024,1024,.webp,android_res,res/Puq.webp
res/Pv6.png,907,907,.png,android_res,res/Pv6.png
res/PvL.png,3159,3159,.png,android_res,res/PvL.png
res/Pvd.xml,1972,794,.xml,android_res,res/Pvd.xml
res/Pwp.xml,4400,1346,.xml,android_res,res/Pwp.xml
res/Pxt.xml,864,446,.xml,android_res,res/Pxt.xml
res/PyF.webp,1630,1630,.webp,android_res,res/PyF.webp
res/PyZ.webp,18488,18488,.webp,android_res,res/PyZ.webp
res/Pyi.xml,1540,646,.xml,android_res,res/Pyi.xml
res/Pyr.xml,2240,763,.xml,android_res,res/Pyr.xml
res/Pyt.xml,8328,2255,.xml,android_res,res/Pyt.xml
res/Pz7.png,569,569,.png,android_res,res/Pz7.png
res/Q-0.webp,93922,93922,.webp,android_res,res/Q-0.webp
res/Q-D.xml,1240,584,.xml,android_res,res/Q-D.xml
res/Q-q.png,9707,9707,.png,android_res,res/Q-q.png
res/Q0c.png,3055,3055,.png,android_res,res/Q0c.png
res/Q0d.xml,1048,500,.xml,android_res,res/Q0d.xml
res/Q0p.xml,464,261,.xml,android_res,res/Q0p.xml
res/Q14.9.png,2834,2834,.png,android_res,res/Q14.9.png
res/Q19.png,8523,8523,.png,android_res,res/Q19.png
res/Q1g.9.png,211,211,.png,android_res,res/Q1g.9.png
res/Q2u.xml,848,361,.xml,android_res,res/Q2u.xml
res/Q3Q.webp,12414,12414,.webp,android_res,res/Q3Q.webp
res/Q3c.xml,484,220,.xml,android_res,res/Q3c.xml
res/Q3v.webp,13208,13208,.webp,android_res,res/Q3v.webp
res/Q46.png,2551,2551,.png,android_res,res/Q46.png
res/Q4G.xml,448,212,.xml,android_res,res/Q4G.xml
res/Q4Y.xml,2608,842,.xml,android_res,res/Q4Y.xml
res/Q4c.xml,1016,473,.xml,android_res,res/Q4c.xml
res/Q4c1.xml,628,281,.xml,android_res,res/Q4c1.xml
res/Q4u.png,67,67,.png,android_res,res/Q4u.png
res/Q58.xml,600,283,.xml,android_res,res/Q58.xml
res/Q5D.xml,1424,676,.xml,android_res,res/Q5D.xml
res/Q6V.webp,2388,2388,.webp,android_res,res/Q6V.webp
res/Q6s.webp,13116,13116,.webp,android_res,res/Q6s.webp
res/Q76.png,1556,1556,.png,android_res,res/Q76.png
res/Q7r.png,1197,1197,.png,android_res,res/Q7r.png
res/Q8P.png,4436,4436,.png,android_res,res/Q8P.png
res/Q8V.xml,464,233,.xml,android_res,res/Q8V.xml
res/Q8a.png,9483,9483,.png,android_res,res/Q8a.png
res/Q8a.xml,2684,1047,.xml,android_res,res/Q8a.xml
res/Q8l.png,4421,4421,.png,android_res,res/Q8l.png
res/Q9L.png,323,323,.png,android_res,res/Q9L.png
res/Q9X.webp,20070,20070,.webp,android_res,res/Q9X.webp
res/QB2.webp,12956,12956,.webp,android_res,res/QB2.webp
res/QCZ.xml,7332,1736,.xml,android_res,res/QCZ.xml
res/QCg.xml,12488,3013,.xml,android_res,res/QCg.xml
res/QDB.png,17553,17553,.png,android_res,res/QDB.png
res/QDW.9.png,202,202,.png,android_res,res/QDW.9.png
res/QDZ.xml,576,294,.xml,android_res,res/QDZ.xml
res/QEB.xml,7144,1964,.xml,android_res,res/QEB.xml
res/QEW.png,2775,2775,.png,android_res,res/QEW.png
res/QEa.png,3199,3199,.png,android_res,res/QEa.png
res/QEb.xml,564,304,.xml,android_res,res/QEb.xml
res/QFL.webp,65552,65552,.webp,android_res,res/QFL.webp
res/QFW.png,11051,11051,.png,android_res,res/QFW.png
res/QFb.png,8083,8083,.png,android_res,res/QFb.png
res/QFc.png,88460,88460,.png,android_res,res/QFc.png
res/QGV.png,1930,1930,.png,android_res,res/QGV.png
res/QGw.xml,2188,792,.xml,android_res,res/QGw.xml
res/QJ1.png,1039,1039,.png,android_res,res/QJ1.png
res/QKY.png,4848,4848,.png,android_res,res/QKY.png
res/QKg.xml,20760,4528,.xml,android_res,res/QKg.xml
res/QKm.png,55001,55001,.png,android_res,res/QKm.png
res/QLM.webp,4896,4896,.webp,android_res,res/QLM.webp
res/QLN.xml,448,215,.xml,android_res,res/QLN.xml
res/QLy.webp,414,414,.webp,android_res,res/QLy.webp
res/QMR.png,377,377,.png,android_res,res/QMR.png
res/QMy.png,22490,22490,.png,android_res,res/QMy.png
res/QN-.png,525,525,.png,android_res,res/QN-.png
res/QNL.xml,3300,884,.xml,android_res,res/QNL.xml
res/QNf.png,509,509,.png,android_res,res/QNf.png
res/QOF.xml,756,291,.xml,android_res,res/QOF.xml
res/QOf.webp,2944,2944,.webp,android_res,res/QOf.webp
res/QOr.webp,1690,1690,.webp,android_res,res/QOr.webp
res/QOv.xml,4008,1293,.xml,android_res,res/QOv.xml
res/QPp.png,2788,2788,.png,android_res,res/QPp.png
res/QPv.ttf,212840,94038,.ttf,android_res,res/QPv.ttf
res/QQY.png,6517,6517,.png,android_res,res/QQY.png
res/QRD.webp,18760,18760,.webp,android_res,res/QRD.webp
res/QRo.xml,384,210,.xml,android_res,res/QRo.xml
res/QT6.png,7478,7478,.png,android_res,res/QT6.png
res/QT_.png,17572,17572,.png,android_res,res/QT_.png
res/QUB.png,257,257,.png,android_res,res/QUB.png
res/QUE.png,6474,6474,.png,android_res,res/QUE.png
res/QUI.png,611,611,.png,android_res,res/QUI.png
res/QUh.png,266,266,.png,android_res,res/QUh.png
res/QUn.webp,290,290,.webp,android_res,res/QUn.webp
res/QVN.xml,37128,6494,.xml,android_res,res/QVN.xml
res/QVT.png,44782,44782,.png,android_res,res/QVT.png
res/QWJ.png,204,204,.png,android_res,res/QWJ.png
res/QWN.xml,2904,1031,.xml,android_res,res/QWN.xml
res/QWb.png,6121,6121,.png,android_res,res/QWb.png
res/QXF.xml,6948,1940,.xml,android_res,res/QXF.xml
res/QXb.xml,648,336,.xml,android_res,res/QXb.xml
res/QY4.png,67,67,.png,android_res,res/QY4.png
res/QY8.webp,3312,3312,.webp,android_res,res/QY8.webp
res/QYO.xml,4232,1294,.xml,android_res,res/QYO.xml
res/QYa.webp,644,644,.webp,android_res,res/QYa.webp
res/QZG.webp,1476,1476,.webp,android_res,res/QZG.webp
res/QZR.png,3078,3078,.png,android_res,res/QZR.png
res/QZZ.xml,2148,763,.xml,android_res,res/QZZ.xml
res/QZm.webp,2168,2168,.webp,android_res,res/QZm.webp
res/Q_B.xml,4476,1423,.xml,android_res,res/Q_B.xml
res/Q_X.xml,600,292,.xml,android_res,res/Q_X.xml
res/Q_n.xml,5224,1703,.xml,android_res,res/Q_n.xml
res/Q_u.png,511,511,.png,android_res,res/Q_u.png
res/Qa-.png,543,543,.png,android_res,res/Qa-.png
res/Qa8.xml,1704,697,.xml,android_res,res/Qa8.xml
res/Qap.xml,7024,1801,.xml,android_res,res/Qap.xml
res/QbE.png,1284,1284,.png,android_res,res/QbE.png
res/Qbo.xml,1000,341,.xml,android_res,res/Qbo.xml
res/QcG.xml,1884,702,.xml,android_res,res/QcG.xml
res/QcZ.webp,10642,10642,.webp,android_res,res/QcZ.webp
res/Qca.png,291,291,.png,android_res,res/Qca.png
res/Qcd.xml,1400,561,.xml,android_res,res/Qcd.xml
res/Qcw.xml,2548,700,.xml,android_res,res/Qcw.xml
res/QdU.webp,40518,40518,.webp,android_res,res/QdU.webp
res/Qe8.webp,18632,18632,.webp,android_res,res/Qe8.webp
res/Qf5.xml,668,360,.xml,android_res,res/Qf5.xml
res/QfG.png,4707,4707,.png,android_res,res/QfG.png
res/Qg5.png,893,893,.png,android_res,res/Qg5.png
res/QgG.png,9631,9631,.png,android_res,res/QgG.png
res/QgJ.webp,3344,3344,.webp,android_res,res/QgJ.webp
res/QgS.png,8997,8997,.png,android_res,res/QgS.png
res/QgT.png,8939,8939,.png,android_res,res/QgT.png
res/Qha.png,3389,3389,.png,android_res,res/Qha.png
res/Qhb.png,4034,4034,.png,android_res,res/Qhb.png
res/QiC.webp,9314,9314,.webp,android_res,res/QiC.webp
res/QjG.png,423,423,.png,android_res,res/QjG.png
res/QjP.webp,8952,8952,.webp,android_res,res/QjP.webp
res/Qje.9.png,404,404,.png,android_res,res/Qje.9.png
res/Qjy.xml,592,270,.xml,android_res,res/Qjy.xml
res/QkJ.xml,660,300,.xml,android_res,res/QkJ.xml
res/Qkg.xml,1392,627,.xml,android_res,res/Qkg.xml
res/Qkt.png,494,494,.png,android_res,res/Qkt.png
res/Ql0.xml,1092,506,.xml,android_res,res/Ql0.xml
res/Ql6.webp,3832,3832,.webp,android_res,res/Ql6.webp
res/Qle.png,1242,1242,.png,android_res,res/Qle.png
res/QmF.xml,4556,1431,.xml,android_res,res/QmF.xml
res/QmG.png,7109,7109,.png,android_res,res/QmG.png
res/Qmw.xml,564,240,.xml,android_res,res/Qmw.xml
res/QnI.png,944,944,.png,android_res,res/QnI.png
res/QnU.xml,504,252,.xml,android_res,res/QnU.xml
res/Qng.xml,1984,840,.xml,android_res,res/Qng.xml
res/QpI.png,3207,3207,.png,android_res,res/QpI.png
res/Qpa.png,723,723,.png,android_res,res/Qpa.png
res/Qpy.png,186,186,.png,android_res,res/Qpy.png
res/Qq2.webp,20662,20662,.webp,android_res,res/Qq2.webp
res/Qq4.xml,6552,1887,.xml,android_res,res/Qq4.xml
res/Qrs.png,168435,168435,.png,android_res,res/Qrs.png
res/QsA.png,22139,22139,.png,android_res,res/QsA.png
res/QsS.xml,3216,1097,.xml,android_res,res/QsS.xml
res/Qsf.png,958,958,.png,android_res,res/Qsf.png
res/Qt3.png,1564,1564,.png,android_res,res/Qt3.png
res/QuC.png,10336,10336,.png,android_res,res/QuC.png
res/Qun.png,67,67,.png,android_res,res/Qun.png
res/Qus.png,181,181,.png,android_res,res/Qus.png
res/Qvx.png,98,98,.png,android_res,res/Qvx.png
res/QwD.png,46000,46000,.png,android_res,res/QwD.png
res/QwG.xml,756,292,.xml,android_res,res/QwG.xml
res/QwY.png,42654,42654,.png,android_res,res/QwY.png
res/Qwa.png,12354,12354,.png,android_res,res/Qwa.png
res/Qwd.png,27297,27297,.png,android_res,res/Qwd.png
res/Qwe.png,34153,34153,.png,android_res,res/Qwe.png
res/Qwf.png,37589,37589,.png,android_res,res/Qwf.png
res/QxI.png,3007,3007,.png,android_res,res/QxI.png
res/Qxb.xml,1944,876,.xml,android_res,res/Qxb.xml
res/Qyx.png,1372,1372,.png,android_res,res/Qyx.png
res/QzN.xml,2612,862,.xml,android_res,res/QzN.xml
res/Qzf.png,2629,2629,.png,android_res,res/Qzf.png
res/R-8.png,10602,10602,.png,android_res,res/R-8.png
res/R-k.png,58417,58417,.png,android_res,res/R-k.png
res/R16.xml,616,331,.xml,android_res,res/R16.xml
res/R2g.xml,312,180,.xml,android_res,res/R2g.xml
res/R3t.xml,756,289,.xml,android_res,res/R3t.xml
res/R4B.png,33222,33222,.png,android_res,res/R4B.png
res/R5Y.xml,444,253,.xml,android_res,res/R5Y.xml
res/R5a.webp,3042,3042,.webp,android_res,res/R5a.webp
res/R5g.xml,3908,1003,.xml,android_res,res/R5g.xml
res/R6A.png,521,521,.png,android_res,res/R6A.png
res/R6S.webp,192,192,.webp,android_res,res/R6S.webp
res/R6p.xml,464,232,.xml,android_res,res/R6p.xml
res/R6r.xml,780,382,.xml,android_res,res/R6r.xml
res/R7c.xml,2160,907,.xml,android_res,res/R7c.xml
res/R82.xml,2000,869,.xml,android_res,res/R82.xml
res/R8V.png,2069,2069,.png,android_res,res/R8V.png
res/R8Z.png,1171,1171,.png,android_res,res/R8Z.png
res/R9G.xml,2712,1118,.xml,android_res,res/R9G.xml
res/RA6.xml,21028,4803,.xml,android_res,res/RA6.xml
res/RAz.png,206,206,.png,android_res,res/RAz.png
res/RBQ.png,6817,6817,.png,android_res,res/RBQ.png
res/RBx.png,672,672,.png,android_res,res/RBx.png
res/RC3.png,1030,1030,.png,android_res,res/RC3.png
res/RCg.png,4443,4443,.png,android_res,res/RCg.png
res/RDR.xml,892,289,.xml,android_res,res/RDR.xml
res/REB.xml,1732,612,.xml,android_res,res/REB.xml
res/REJ.webp,1050,1050,.webp,android_res,res/REJ.webp
res/REQ.webp,9304,9304,.webp,android_res,res/REQ.webp
res/REh.webp,608,608,.webp,android_res,res/REh.webp
res/RFE.png,877,877,.png,android_res,res/RFE.png
res/RFb.webp,7934,7934,.webp,android_res,res/RFb.webp
res/RGM.webp,4126,4126,.webp,android_res,res/RGM.webp
res/RGS.webp,7294,7294,.webp,android_res,res/RGS.webp
res/RGo.xml,2840,983,.xml,android_res,res/RGo.xml
res/RGv.png,3361,3361,.png,android_res,res/RGv.png
res/RHA.xml,672,301,.xml,android_res,res/RHA.xml
res/RHN.png,3034,3034,.png,android_res,res/RHN.png
res/RHl.webp,7554,7554,.webp,android_res,res/RHl.webp
res/RI2.png,812,812,.png,android_res,res/RI2.png
res/RJT.png,3140,3140,.png,android_res,res/RJT.png
res/RJW.png,8093,8093,.png,android_res,res/RJW.png
res/RJX.xml,1168,546,.xml,android_res,res/RJX.xml
res/RJu.png,1372,1372,.png,android_res,res/RJu.png
res/RJz.png,2471,2471,.png,android_res,res/RJz.png
res/RK0.png,7804,7804,.png,android_res,res/RK0.png
res/RKa.xml,988,420,.xml,android_res,res/RKa.xml
res/RLK.xml,484,223,.xml,android_res,res/RLK.xml
res/RLR.png,6782,6782,.png,android_res,res/RLR.png
res/RMt.png,17326,17326,.png,android_res,res/RMt.png
res/RNI.xml,816,456,.xml,android_res,res/RNI.xml
res/RNU.webp,61310,61310,.webp,android_res,res/RNU.webp
res/ROW.xml,2036,771,.xml,android_res,res/ROW.xml
res/RPq.png,20629,20629,.png,android_res,res/RPq.png
res/RPr.webp,8456,8456,.webp,android_res,res/RPr.webp
res/RQ0.xml,2908,948,.xml,android_res,res/RQ0.xml
res/RQC.xml,5076,1436,.xml,android_res,res/RQC.xml
res/RQt.png,3250,3250,.png,android_res,res/RQt.png
res/RQv.xml,2888,947,.xml,android_res,res/RQv.xml
res/RRx.xml,2880,1091,.xml,android_res,res/RRx.xml
res/RSD.webp,15402,15402,.webp,android_res,res/RSD.webp
res/RSw.png,67,67,.png,android_res,res/RSw.png
res/RT4.xml,672,367,.xml,android_res,res/RT4.xml
res/RTD.webp,23294,23294,.webp,android_res,res/RTD.webp
res/RTU.xml,5768,1797,.xml,android_res,res/RTU.xml
res/RTq.webp,1852,1852,.webp,android_res,res/RTq.webp
res/RU9.xml,492,246,.xml,android_res,res/RU9.xml
res/RUG.xml,852,402,.xml,android_res,res/RUG.xml
res/RUW.png,759,759,.png,android_res,res/RUW.png
res/RUh.webp,10798,10798,.webp,android_res,res/RUh.webp
res/RUn.xml,700,353,.xml,android_res,res/RUn.xml
res/RUy.xml,688,265,.xml,android_res,res/RUy.xml
res/RVP.png,15197,15197,.png,android_res,res/RVP.png
res/RWD.xml,448,218,.xml,android_res,res/RWD.xml
res/RXD.png,70415,70415,.png,android_res,res/RXD.png
res/RXL.xml,17304,3383,.xml,android_res,res/RXL.xml
res/RY8.webp,6610,6610,.webp,android_res,res/RY8.webp
res/RY8.xml,15648,3785,.xml,android_res,res/RY8.xml
res/RYM.png,1940,1940,.png,android_res,res/RYM.png
res/RYR.png,6907,6907,.png,android_res,res/RYR.png
res/RZ2.png,15501,15501,.png,android_res,res/RZ2.png
res/RZK.webp,1498,1498,.webp,android_res,res/RZK.webp
res/RZf.webp,7684,7684,.webp,android_res,res/RZf.webp
res/R_E.webp,1956,1956,.webp,android_res,res/R_E.webp
res/Ra-.webp,7452,7452,.webp,android_res,res/Ra-.webp
res/RaU.png,41021,41021,.png,android_res,res/RaU.png
res/Rak.9.png,15791,15791,.png,android_res,res/Rak.9.png
res/Raq.png,2165,2165,.png,android_res,res/Raq.png
res/Raq.xml,4372,1382,.xml,android_res,res/Raq.xml
res/Rar.xml,676,332,.xml,android_res,res/Rar.xml
res/Rau.xml,6752,1745,.xml,android_res,res/Rau.xml
res/Rb5.webp,7034,7034,.webp,android_res,res/Rb5.webp
res/RbY.xml,2048,753,.xml,android_res,res/RbY.xml
res/Rbf.xml,484,229,.xml,android_res,res/Rbf.xml
res/Rbp.webp,1530,1530,.webp,android_res,res/Rbp.webp
res/Rc4.webp,6172,6172,.webp,android_res,res/Rc4.webp
res/Rc6.png,4681,4681,.png,android_res,res/Rc6.png
res/Rd9.9.png,2251,2251,.png,android_res,res/Rd9.9.png
res/RdM.xml,468,232,.xml,android_res,res/RdM.xml
res/RdT.xml,3004,1073,.xml,android_res,res/RdT.xml
res/Rdz.webp,6632,6632,.webp,android_res,res/Rdz.webp
res/Re2.png,565,565,.png,android_res,res/Re2.png
res/ReX.xml,3992,1284,.xml,android_res,res/ReX.xml
res/RfA.png,1442,1442,.png,android_res,res/RfA.png
res/RfR.png,3302,3302,.png,android_res,res/RfR.png
res/Rfb.png,776856,776856,.png,android_res,res/Rfb.png
res/Rfb.xml,704,306,.xml,android_res,res/Rfb.xml
res/RgA.xml,5400,1644,.xml,android_res,res/RgA.xml
res/Rga.xml,2040,974,.xml,android_res,res/Rga.xml
res/RhK.png,1724,1724,.png,android_res,res/RhK.png
res/RhX.xml,4192,1259,.xml,android_res,res/RhX.xml
res/Rhm.png,1715,1715,.png,android_res,res/Rhm.png
res/Ri0.xml,760,381,.xml,android_res,res/Ri0.xml
res/RiP.xml,464,230,.xml,android_res,res/RiP.xml
res/Rj6.png,1274,1274,.png,android_res,res/Rj6.png
res/RjV.webp,24338,24338,.webp,android_res,res/RjV.webp
res/Rjv.png,1543,1543,.png,android_res,res/Rjv.png
res/Rjy.png,8994,8994,.png,android_res,res/Rjy.png
res/RkA.png,2876,2876,.png,android_res,res/RkA.png
res/Rlq.xml,3944,1189,.xml,android_res,res/Rlq.xml
res/RmC.xml,808,366,.xml,android_res,res/RmC.xml
res/RmP.png,4007,4007,.png,android_res,res/RmP.png
res/RmU.xml,2028,761,.xml,android_res,res/RmU.xml
res/Rn-.png,25552,25552,.png,android_res,res/Rn-.png
res/RnR.xml,992,432,.xml,android_res,res/RnR.xml
res/RoP.png,1297,1297,.png,android_res,res/RoP.png
res/Roc.png,337,337,.png,android_res,res/Roc.png
res/Rov.xml,1368,596,.xml,android_res,res/Rov.xml
res/Rpa.xml,484,229,.xml,android_res,res/Rpa.xml
res/Rpz.9.png,868673,868673,.png,android_res,res/Rpz.9.png
res/RqP.xml,576,297,.xml,android_res,res/RqP.xml
res/Rqb.xml,2056,860,.xml,android_res,res/Rqb.xml
res/Rqc.png,895,895,.png,android_res,res/Rqc.png
res/Rqm.png,798,798,.png,android_res,res/Rqm.png
res/RrI.png,69663,69663,.png,android_res,res/RrI.png
res/RrX.png,525,525,.png,android_res,res/RrX.png
res/Rrp.webp,10054,10054,.webp,android_res,res/Rrp.webp
res/RsC.xml,484,222,.xml,android_res,res/RsC.xml
res/RsK.png,17834,17834,.png,android_res,res/RsK.png
res/RsY.png,4744,4744,.png,android_res,res/RsY.png
res/Rsy.png,5882,5882,.png,android_res,res/Rsy.png
res/Rtn.png,10630,10630,.png,android_res,res/Rtn.png
res/Ru2.xml,940,472,.xml,android_res,res/Ru2.xml
res/Ruc.xml,472,265,.xml,android_res,res/Ruc.xml
res/Rut.png,89572,89572,.png,android_res,res/Rut.png
res/RvH.xml,1524,623,.xml,android_res,res/RvH.xml
res/Rw2.xml,1216,541,.xml,android_res,res/Rw2.xml
res/RwE.xml,7028,1944,.xml,android_res,res/RwE.xml
res/RwG.webp,10292,10292,.webp,android_res,res/RwG.webp
res/RwM.png,1188,1188,.png,android_res,res/RwM.png
res/Rwt.png,331,331,.png,android_res,res/Rwt.png
res/RxL.webp,32784,32784,.webp,android_res,res/RxL.webp
res/Rxs.png,1215,1215,.png,android_res,res/Rxs.png
res/Rxv.xml,3680,1108,.xml,android_res,res/Rxv.xml
res/Rxv1.xml,1196,397,.xml,android_res,res/Rxv1.xml
res/Rxz.webp,13866,13866,.webp,android_res,res/Rxz.webp
res/Ry-.xml,2700,1077,.xml,android_res,res/Ry-.xml
res/RyG.xml,2344,877,.xml,android_res,res/RyG.xml
res/Ryh.png,5253,5253,.png,android_res,res/Ryh.png
res/RzC.xml,536,256,.xml,android_res,res/RzC.xml
res/RzF.png,1010,1010,.png,android_res,res/RzF.png
res/RzQ.xml,15852,3355,.xml,android_res,res/RzQ.xml
res/RzV.png,6388,6388,.png,android_res,res/RzV.png
res/RzV.xml,652,263,.xml,android_res,res/RzV.xml
res/Rz_.xml,1048,364,.xml,android_res,res/Rz_.xml
res/Rzv.xml,2492,939,.xml,android_res,res/Rzv.xml
res/S-8.xml,4672,1338,.xml,android_res,res/S-8.xml
res/S-B.png,3745,3745,.png,android_res,res/S-B.png
res/S-k.9.png,1075,1075,.png,android_res,res/S-k.9.png
res/S0v.png,3835,3835,.png,android_res,res/S0v.png
res/S1A.xml,1380,641,.xml,android_res,res/S1A.xml
res/S1O.xml,464,232,.xml,android_res,res/S1O.xml
res/S1g.xml,2268,880,.xml,android_res,res/S1g.xml
res/S2Z.xml,484,222,.xml,android_res,res/S2Z.xml
res/S2d.webp,42858,42858,.webp,android_res,res/S2d.webp
res/S2g.xml,748,349,.xml,android_res,res/S2g.xml
res/S3F.xml,4344,1433,.xml,android_res,res/S3F.xml
res/S4s.webp,30656,30656,.webp,android_res,res/S4s.webp
res/S5E.png,241,241,.png,android_res,res/S5E.png
res/S5m.xml,1264,517,.xml,android_res,res/S5m.xml
res/S67.png,1394,1394,.png,android_res,res/S67.png
res/S6Q.webp,6062,6062,.webp,android_res,res/S6Q.webp
res/S6U.png,30922,30922,.png,android_res,res/S6U.png
res/S7F.png,1846,1846,.png,android_res,res/S7F.png
res/S7K.png,1718,1718,.png,android_res,res/S7K.png
res/S7b.png,1816,1816,.png,android_res,res/S7b.png
res/S7c.png,2421,2421,.png,android_res,res/S7c.png
res/S8T.xml,592,271,.xml,android_res,res/S8T.xml
res/S8n.png,17782,17782,.png,android_res,res/S8n.png
res/S96.webp,24802,24802,.webp,android_res,res/S96.webp
res/S9Z.webp,107538,107538,.webp,android_res,res/S9Z.webp
res/SAs.xml,2424,912,.xml,android_res,res/SAs.xml
res/SBs.webp,714,714,.webp,android_res,res/SBs.webp
res/SBx.png,1086,1086,.png,android_res,res/SBx.png
res/SC5.webp,14318,14318,.webp,android_res,res/SC5.webp
res/SCi.xml,1208,385,.xml,android_res,res/SCi.xml
res/SD-.webp,41148,41148,.webp,android_res,res/SD-.webp
res/SD9.xml,420,237,.xml,android_res,res/SD9.xml
res/SDC.png,3132,3132,.png,android_res,res/SDC.png
res/SDI.png,36190,36190,.png,android_res,res/SDI.png
res/SEg.xml,1420,584,.xml,android_res,res/SEg.xml
res/SF0.png,4743,4743,.png,android_res,res/SF0.png
res/SF3.png,246351,246351,.png,android_res,res/SF3.png
res/SFG.webp,12856,12856,.webp,android_res,res/SFG.webp
res/SHq.xml,440,263,.xml,android_res,res/SHq.xml
res/SHq1.xml,2988,1020,.xml,android_res,res/SHq1.xml
res/SHr.xml,704,311,.xml,android_res,res/SHr.xml
res/SHw.xml,3328,1187,.xml,android_res,res/SHw.xml
res/SI1.xml,8056,2054,.xml,android_res,res/SI1.xml
res/SIR.xml,1468,687,.xml,android_res,res/SIR.xml
res/SJq.png,18232,18232,.png,android_res,res/SJq.png
res/SK8.webp,25038,25038,.webp,android_res,res/SK8.webp
res/SK8.xml,500,229,.xml,android_res,res/SK8.xml
res/SKU.xml,760,386,.xml,android_res,res/SKU.xml
res/SLL.xml,1132,543,.xml,android_res,res/SLL.xml
res/SLb.webp,11940,11940,.webp,android_res,res/SLb.webp
res/SLd.png,1335,1335,.png,android_res,res/SLd.png
res/SLv.png,440,440,.png,android_res,res/SLv.png
res/SMy.png,388,388,.png,android_res,res/SMy.png
res/SNF.png,2335,2335,.png,android_res,res/SNF.png
res/SNI.webp,680,680,.webp,android_res,res/SNI.webp
res/SNQ.xml,696,338,.xml,android_res,res/SNQ.xml
res/SNw.xml,468,231,.xml,android_res,res/SNw.xml
res/SO3.xml,1724,639,.xml,android_res,res/SO3.xml
res/SOC.png,1292,1292,.png,android_res,res/SOC.png
res/SOb.png,15820,15820,.png,android_res,res/SOb.png
res/SOh.png,596,596,.png,android_res,res/SOh.png
res/SOx.webp,4154,4154,.webp,android_res,res/SOx.webp
res/SOy.png,9564,9564,.png,android_res,res/SOy.png
res/SPB.webp,12196,12196,.webp,android_res,res/SPB.webp
res/SPJ.png,4862,4862,.png,android_res,res/SPJ.png
res/SPo.png,261,261,.png,android_res,res/SPo.png
res/SQO.png,24217,24217,.png,android_res,res/SQO.png
res/SQf.xml,796,329,.xml,android_res,res/SQf.xml
res/SR0.webp,13000,13000,.webp,android_res,res/SR0.webp
res/SRT.webp,6064,6064,.webp,android_res,res/SRT.webp
res/SSS.png,7405,7405,.png,android_res,res/SSS.png
res/SSS.xml,988,423,.xml,android_res,res/SSS.xml
res/SSl.webp,3266,3266,.webp,android_res,res/SSl.webp
res/SSl.xml,1184,561,.xml,android_res,res/SSl.xml
res/SSy.xml,11584,2422,.xml,android_res,res/SSy.xml
res/STi.xml,484,222,.xml,android_res,res/STi.xml
res/SU3.xml,604,305,.xml,android_res,res/SU3.xml
res/SUw.xml,640,353,.xml,android_res,res/SUw.xml
res/SVn.png,1273,1273,.png,android_res,res/SVn.png
res/SVz.xml,944,407,.xml,android_res,res/SVz.xml
res/SWS.png,9592,9592,.png,android_res,res/SWS.png
res/SWf.png,16043,16043,.png,android_res,res/SWf.png
res/SWi.webp,0,0,.webp,android_res,res/SWi.webp
res/SYL.xml,37456,6450,.xml,android_res,res/SYL.xml
res/SYm.webp,2348,2348,.webp,android_res,res/SYm.webp
res/SZR.xml,3248,1116,.xml,android_res,res/SZR.xml
res/SZt.png,1016,1016,.png,android_res,res/SZt.png
res/S_n.png,521,521,.png,android_res,res/S_n.png
res/SaS.xml,488,229,.xml,android_res,res/SaS.xml
res/Sae.xml,1420,677,.xml,android_res,res/Sae.xml
res/Sb7.webp,73622,73622,.webp,android_res,res/Sb7.webp
res/Sbq.xml,484,246,.xml,android_res,res/Sbq.xml
res/Scf.png,5025,5025,.png,android_res,res/Scf.png
res/Sck.xml,484,227,.xml,android_res,res/Sck.xml
res/Scz.xml,1212,564,.xml,android_res,res/Scz.xml
res/SdE.png,11616,11616,.png,android_res,res/SdE.png
res/Se2.png,20254,20254,.png,android_res,res/Se2.png
res/Se3.png,25909,25909,.png,android_res,res/Se3.png
res/SeL.xml,10136,1776,.xml,android_res,res/SeL.xml
res/Se_.xml,1000,341,.xml,android_res,res/Se_.xml
res/Ser.png,30147,30147,.png,android_res,res/Ser.png
res/Ses.png,30147,30147,.png,android_res,res/Ses.png
res/Set.png,26882,26882,.png,android_res,res/Set.png
res/Sf3.xml,820,360,.xml,android_res,res/Sf3.xml
res/SgW.xml,484,222,.xml,android_res,res/SgW.xml
res/Sgg.xml,920,341,.xml,android_res,res/Sgg.xml
res/Sho.xml,696,338,.xml,android_res,res/Sho.xml
res/Shp.xml,5304,1603,.xml,android_res,res/Shp.xml
res/Shv.xml,7176,1573,.xml,android_res,res/Shv.xml
res/Shw.xml,736,363,.xml,android_res,res/Shw.xml
res/Si3.xml,6684,1863,.xml,android_res,res/Si3.xml
res/SiF.png,2916,2916,.png,android_res,res/SiF.png
res/Si_.xml,3380,1106,.xml,android_res,res/Si_.xml
res/Sil.png,788,788,.png,android_res,res/Sil.png
res/Sk7.xml,2452,911,.xml,android_res,res/Sk7.xml
res/Smy.webp,2342,2342,.webp,android_res,res/Smy.webp
res/SnH.xml,1428,605,.xml,android_res,res/SnH.xml
res/Snp.ttf,814960,576945,.ttf,android_res,res/Snp.ttf
res/So9.xml,7104,1986,.xml,android_res,res/So9.xml
res/SoY.png,290,290,.png,android_res,res/SoY.png
res/Soh.xml,3312,1208,.xml,android_res,res/Soh.xml
res/Sox.xml,6344,1711,.xml,android_res,res/Sox.xml
res/SrE.png,464,464,.png,android_res,res/SrE.png
res/Srk.png,3197,3197,.png,android_res,res/Srk.png
res/Srl.xml,4072,1142,.xml,android_res,res/Srl.xml
res/SsY.png,1071,1071,.png,android_res,res/SsY.png
res/Ssi.png,848,848,.png,android_res,res/Ssi.png
res/Sso.webp,16926,16926,.webp,android_res,res/Sso.webp
res/StH.png,12632,12632,.png,android_res,res/StH.png
res/StO.png,2950,2950,.png,android_res,res/StO.png
res/StV.xml,1708,684,.xml,android_res,res/StV.xml
res/Stc.png,13346,13346,.png,android_res,res/Stc.png
res/Stl.xml,464,269,.xml,android_res,res/Stl.xml
res/SuS.png,20110,20110,.png,android_res,res/SuS.png
res/SuT.xml,2532,940,.xml,android_res,res/SuT.xml
res/Suk.webp,8876,8876,.webp,android_res,res/Suk.webp
res/Suu.xml,2932,884,.xml,android_res,res/Suu.xml
res/Sv9.xml,1200,545,.xml,android_res,res/Sv9.xml
res/Swj.xml,324,206,.xml,android_res,res/Swj.xml
res/SxS.webp,2054,2054,.webp,android_res,res/SxS.webp
res/Sxn.webp,14306,14306,.webp,android_res,res/Sxn.webp
res/Sxs.xml,1604,622,.xml,android_res,res/Sxs.xml
res/SyC.xml,15868,3642,.xml,android_res,res/SyC.xml
res/Syn.png,169,169,.png,android_res,res/Syn.png
res/Szi.png,3006,3006,.png,android_res,res/Szi.png
res/T-7.xml,1684,761,.xml,android_res,res/T-7.xml
res/T-8.webp,938,938,.webp,android_res,res/T-8.webp
res/T-g.png,64336,64336,.png,android_res,res/T-g.png
res/T-h.png,416,416,.png,android_res,res/T-h.png
res/T-r.xml,464,246,.xml,android_res,res/T-r.xml
res/T-u.png,2308,2308,.png,android_res,res/T-u.png
res/T0X.png,2984,2984,.png,android_res,res/T0X.png
res/T1N.webp,49002,49002,.webp,android_res,res/T1N.webp
res/T1R.png,36970,36970,.png,android_res,res/T1R.png
res/T22.xml,752,420,.xml,android_res,res/T22.xml
res/T2H.9.png,225,225,.png,android_res,res/T2H.9.png
res/T2O.png,2120,2120,.png,android_res,res/T2O.png
res/T2X.png,19449,19449,.png,android_res,res/T2X.png
res/T3H.png,1495,1495,.png,android_res,res/T3H.png
res/T3P.png,3073,3073,.png,android_res,res/T3P.png
res/T3Q.png,4641,4641,.png,android_res,res/T3Q.png
res/T57.png,67,67,.png,android_res,res/T57.png
res/T5P.png,306,306,.png,android_res,res/T5P.png
res/T61.xml,1292,569,.xml,android_res,res/T61.xml
res/T6K.png,1251,1251,.png,android_res,res/T6K.png
res/T7I.xml,448,214,.xml,android_res,res/T7I.xml
res/T7o.xml,2444,1018,.xml,android_res,res/T7o.xml
res/T8x.xml,468,231,.xml,android_res,res/T8x.xml
res/T9i.webp,660,660,.webp,android_res,res/T9i.webp
res/TAl.png,521,521,.png,android_res,res/TAl.png
res/TBU.png,436,436,.png,android_res,res/TBU.png
res/TBq.png,6280,6280,.png,android_res,res/TBq.png
res/TCC.png,400,400,.png,android_res,res/TCC.png
res/TCQ.xml,1712,726,.xml,android_res,res/TCQ.xml
res/TD4.xml,2000,860,.xml,android_res,res/TD4.xml
res/TEQ.webp,360,360,.webp,android_res,res/TEQ.webp
res/TEZ.png,457,457,.png,android_res,res/TEZ.png
res/TEd.xml,2796,877,.xml,android_res,res/TEd.xml
res/TFR.png,2625,2625,.png,android_res,res/TFR.png
res/TFa.9.png,187,187,.png,android_res,res/TFa.9.png
res/TFh.xml,628,270,.xml,android_res,res/TFh.xml
res/TFu.xml,468,232,.xml,android_res,res/TFu.xml
res/TGx.png,5622,5622,.png,android_res,res/TGx.png
res/TJP.xml,1960,761,.xml,android_res,res/TJP.xml
res/TJa.xml,11932,3110,.xml,android_res,res/TJa.xml
res/TJk.xml,2820,1137,.xml,android_res,res/TJk.xml
res/TK5.xml,4880,1435,.xml,android_res,res/TK5.xml
res/TKJ.xml,1304,572,.xml,android_res,res/TKJ.xml
res/TKh.xml,8616,2124,.xml,android_res,res/TKh.xml
res/TLA.png,69415,69415,.png,android_res,res/TLA.png
res/TMc.xml,6036,1776,.xml,android_res,res/TMc.xml
res/TO3.xml,4184,1317,.xml,android_res,res/TO3.xml
res/TOO.png,376,376,.png,android_res,res/TOO.png
res/TOs.png,73660,73660,.png,android_res,res/TOs.png
res/TOw.xml,448,218,.xml,android_res,res/TOw.xml
res/TOx.xml,1412,613,.xml,android_res,res/TOx.xml
res/TP5.xml,3664,1200,.xml,android_res,res/TP5.xml
res/TPR.webp,6088,6088,.webp,android_res,res/TPR.webp
res/TPU.xml,1092,503,.xml,android_res,res/TPU.xml
res/TQK.png,1290,1290,.png,android_res,res/TQK.png
res/TQl.png,1079,1079,.png,android_res,res/TQl.png
res/TQp.png,321,321,.png,android_res,res/TQp.png
res/TRJ.png,18407,18407,.png,android_res,res/TRJ.png
res/TS3.png,32549,32549,.png,android_res,res/TS3.png
res/TTP.xml,3568,1206,.xml,android_res,res/TTP.xml
res/TTZ.xml,576,265,.xml,android_res,res/TTZ.xml
res/TTa.png,252,252,.png,android_res,res/TTa.png
res/TTx.png,333,333,.png,android_res,res/TTx.png
res/TWm.xml,10372,2790,.xml,android_res,res/TWm.xml
res/TYR.png,3788,3788,.png,android_res,res/TYR.png
res/TYn.xml,2492,903,.xml,android_res,res/TYn.xml
res/TZ5.xml,15132,2944,.xml,android_res,res/TZ5.xml
res/TZO.webp,59286,59286,.webp,android_res,res/TZO.webp
res/TZZ.png,123,123,.png,android_res,res/TZZ.png
res/T_B.xml,1728,690,.xml,android_res,res/T_B.xml
res/TaF.webp,10054,10054,.webp,android_res,res/TaF.webp
res/TaR.png,12281,12281,.png,android_res,res/TaR.png
res/TaZ.xml,1672,675,.xml,android_res,res/TaZ.xml
res/Tar.png,4431,4431,.png,android_res,res/Tar.png
res/Tax.png,4687,4687,.png,android_res,res/Tax.png
res/Taz.png,6020,6020,.png,android_res,res/Taz.png
res/TbP.png,1569,1569,.png,android_res,res/TbP.png
res/TbQ.png,452,452,.png,android_res,res/TbQ.png
res/Tbe.png,6985,6985,.png,android_res,res/Tbe.png
res/Tbq.png,2476,2476,.png,android_res,res/Tbq.png
res/Tbz.xml,1524,447,.xml,android_res,res/Tbz.xml
res/Tc1.png,199895,199895,.png,android_res,res/Tc1.png
res/Tca.xml,1660,612,.xml,android_res,res/Tca.xml
res/Td6.xml,456,225,.xml,android_res,res/Td6.xml
res/TdY.png,3460,3460,.png,android_res,res/TdY.png
res/Tdg.png,10616,10616,.png,android_res,res/Tdg.png
res/Tdu.xml,2748,958,.xml,android_res,res/Tdu.xml
res/TeD.png,1352,1352,.png,android_res,res/TeD.png
res/TeE.png,271,271,.png,android_res,res/TeE.png
res/TeI.png,512,512,.png,android_res,res/TeI.png
res/Teg.xml,4476,1376,.xml,android_res,res/Teg.xml
res/TfA.xml,2688,1044,.xml,android_res,res/TfA.xml
res/Tg3.png,11908,11908,.png,android_res,res/Tg3.png
res/TgS.png,4861,4861,.png,android_res,res/TgS.png
res/Tgc.xml,868,428,.xml,android_res,res/Tgc.xml
res/ThC.png,1491,1491,.png,android_res,res/ThC.png
res/Thb.xml,4524,1508,.xml,android_res,res/Thb.xml
res/Ti2.xml,568,276,.xml,android_res,res/Ti2.xml
res/Tin.png,611,611,.png,android_res,res/Tin.png
res/Tj1.png,26949,26949,.png,android_res,res/Tj1.png
res/TjH.xml,3100,1053,.xml,android_res,res/TjH.xml
res/TjX.png,15437,15437,.png,android_res,res/TjX.png
res/Tjk.png,2564,2564,.png,android_res,res/Tjk.png
res/Tkn.png,7772,7772,.png,android_res,res/Tkn.png
res/Tl9.webp,4530,4530,.webp,android_res,res/Tl9.webp
res/Tl9.xml,516,240,.xml,android_res,res/Tl9.xml
res/TlV.xml,448,212,.xml,android_res,res/TlV.xml
res/TlZ.9.png,327,327,.png,android_res,res/TlZ.9.png
res/Tlt.webp,6242,6242,.webp,android_res,res/Tlt.webp
res/TmL.xml,484,223,.xml,android_res,res/TmL.xml
res/TmX.webp,664,664,.webp,android_res,res/TmX.webp
res/TmY.webp,1234,1234,.webp,android_res,res/TmY.webp
res/Tmo.png,1931,1931,.png,android_res,res/Tmo.png
res/TnO.png,300,300,.png,android_res,res/TnO.png
res/Tnh.webp,23276,23276,.webp,android_res,res/Tnh.webp
res/Tnh1.webp,15198,15198,.webp,android_res,res/Tnh1.webp
res/Tnn.xml,1888,840,.xml,android_res,res/Tnn.xml
res/TqS.png,479,479,.png,android_res,res/TqS.png
res/Tqd.png,23769,23769,.png,android_res,res/Tqd.png
res/Tqu.xml,1736,831,.xml,android_res,res/Tqu.xml
res/Trn.png,309,309,.png,android_res,res/Trn.png
res/Ts4.png,1664,1664,.png,android_res,res/Ts4.png
res/Ts6.xml,684,359,.xml,android_res,res/Ts6.xml
res/Tss.png,13656,13656,.png,android_res,res/Tss.png
res/Tsv.9.png,9369,9369,.png,android_res,res/Tsv.9.png
res/TuN.xml,500,249,.xml,android_res,res/TuN.xml
res/TvE.png,14801,14801,.png,android_res,res/TvE.png
res/Tvx.webp,2448,2448,.webp,android_res,res/Tvx.webp
res/TyJ.xml,2480,928,.xml,android_res,res/TyJ.xml
res/TyM.xml,3228,1016,.xml,android_res,res/TyM.xml
res/TyU.png,1148,1148,.png,android_res,res/TyU.png
res/TyW.webp,1658,1658,.webp,android_res,res/TyW.webp
res/TyX.xml,6496,1760,.xml,android_res,res/TyX.xml
res/Tym.xml,420,215,.xml,android_res,res/Tym.xml
res/TzL.png,10397,10397,.png,android_res,res/TzL.png
res/TzY.xml,1344,635,.xml,android_res,res/TzY.xml
res/Tzi.png,10008,10008,.png,android_res,res/Tzi.png
res/U-0.xml,3388,1157,.xml,android_res,res/U-0.xml
res/U-F.png,2464,2464,.png,android_res,res/U-F.png
res/U-x.webp,33642,33642,.webp,android_res,res/U-x.webp
res/U0C.xml,484,225,.xml,android_res,res/U0C.xml
res/U0I.xml,3456,1137,.xml,android_res,res/U0I.xml
res/U0g.mp4,608330,608330,.mp4,android_res,res/U0g.mp4
res/U0k.webp,11950,11950,.webp,android_res,res/U0k.webp
res/U11.xml,2968,1048,.xml,android_res,res/U11.xml
res/U1S.xml,608,339,.xml,android_res,res/U1S.xml
res/U2-.png,23063,23063,.png,android_res,res/U2-.png
res/U3g.xml,7064,2046,.xml,android_res,res/U3g.xml
res/U3r.xml,1228,412,.xml,android_res,res/U3r.xml
res/U4F.webp,25532,25532,.webp,android_res,res/U4F.webp
res/U4L.xml,696,335,.xml,android_res,res/U4L.xml
res/U5A.xml,680,312,.xml,android_res,res/U5A.xml
res/U5P.xml,9356,2431,.xml,android_res,res/U5P.xml
res/U5h.xml,1440,624,.xml,android_res,res/U5h.xml
res/U5m.xml,860,388,.xml,android_res,res/U5m.xml
res/U5r.webp,4524,4524,.webp,android_res,res/U5r.webp
res/U6w.xml,8892,2382,.xml,android_res,res/U6w.xml
res/U7N.png,533,533,.png,android_res,res/U7N.png
res/U7_.png,19232,19232,.png,android_res,res/U7_.png
res/U81.webp,26576,26576,.webp,android_res,res/U81.webp
res/U8M.xml,3960,1280,.xml,android_res,res/U8M.xml
res/U8j.webp,2062,2062,.webp,android_res,res/U8j.webp
res/U9L.png,102809,102809,.png,android_res,res/U9L.png
res/UA0.png,464,464,.png,android_res,res/UA0.png
res/UCa.png,986,986,.png,android_res,res/UCa.png
res/UCl.png,65365,65365,.png,android_res,res/UCl.png
res/UDe.png,1561,1561,.png,android_res,res/UDe.png
res/UEE.xml,2612,963,.xml,android_res,res/UEE.xml
res/UEV.png,287,287,.png,android_res,res/UEV.png
res/UFA.png,2234,2234,.png,android_res,res/UFA.png
res/UFb.9.png,605,605,.png,android_res,res/UFb.9.png
res/UFm.xml,3428,1202,.xml,android_res,res/UFm.xml
res/UGc.webp,7138,7138,.webp,android_res,res/UGc.webp
res/UH-.png,548,548,.png,android_res,res/UH-.png
res/UHo.png,1747,1747,.png,android_res,res/UHo.png
res/UJB.xml,2736,973,.xml,android_res,res/UJB.xml
res/UJJ.png,5572,5572,.png,android_res,res/UJJ.png
res/UJm.png,4737,4737,.png,android_res,res/UJm.png
res/UK_.png,217,217,.png,android_res,res/UK_.png
res/UL8.png,1806,1806,.png,android_res,res/UL8.png
res/ULD.xml,1648,663,.xml,android_res,res/ULD.xml
res/ULk.xml,908,326,.xml,android_res,res/ULk.xml
res/UMX.png,67,67,.png,android_res,res/UMX.png
res/UMZ.webp,5530,5530,.webp,android_res,res/UMZ.webp
res/UMt.png,1634,1634,.png,android_res,res/UMt.png
res/UNO.xml,3260,1040,.xml,android_res,res/UNO.xml
res/UNv.webp,976,976,.webp,android_res,res/UNv.webp
res/UOT.xml,1056,502,.xml,android_res,res/UOT.xml
res/UOg.xml,448,217,.xml,android_res,res/UOg.xml
res/UOi.png,149576,149576,.png,android_res,res/UOi.png
res/UOk.png,342,342,.png,android_res,res/UOk.png
res/UOn.png,2416,2416,.png,android_res,res/UOn.png
res/UPF.xml,3428,1061,.xml,android_res,res/UPF.xml
res/UPw.xml,1772,635,.xml,android_res,res/UPw.xml
res/UPw1.xml,1052,508,.xml,android_res,res/UPw1.xml
res/UQ0.webp,194,194,.webp,android_res,res/UQ0.webp
res/UQK.xml,2012,761,.xml,android_res,res/UQK.xml
res/UQU.webp,3938,3938,.webp,android_res,res/UQU.webp
res/UQi.xml,372,184,.xml,android_res,res/UQi.xml
res/USJ.xml,2816,1046,.xml,android_res,res/USJ.xml
res/USU.xml,796,398,.xml,android_res,res/USU.xml
res/USw.xml,9648,2131,.xml,android_res,res/USw.xml
res/UUw.xml,400,239,.xml,android_res,res/UUw.xml
res/UVY.xml,2464,1039,.xml,android_res,res/UVY.xml
res/UWs.png,7124,7124,.png,android_res,res/UWs.png
res/UXB.xml,600,285,.xml,android_res,res/UXB.xml
res/UXN.png,10878,10878,.png,android_res,res/UXN.png
res/UXq.xml,1648,695,.xml,android_res,res/UXq.xml
res/UY5.xml,360,203,.xml,android_res,res/UY5.xml
res/UZw.xml,11932,2599,.xml,android_res,res/UZw.xml
res/U_P.xml,10964,2676,.xml,android_res,res/U_P.xml
res/U_d.webp,41456,41456,.webp,android_res,res/U_d.webp
res/U_h.png,595,595,.png,android_res,res/U_h.png
res/UaL.png,711,711,.png,android_res,res/UaL.png
res/UaW.webp,23618,23618,.webp,android_res,res/UaW.webp
res/Uao.png,241,241,.png,android_res,res/Uao.png
res/Uas.xml,5096,1534,.xml,android_res,res/Uas.xml
res/UbI.png,196,196,.png,android_res,res/UbI.png
res/UcQ.png,211,211,.png,android_res,res/UcQ.png
res/Udm.png,11326,11326,.png,android_res,res/Udm.png
res/Uds.webp,7838,7838,.webp,android_res,res/Uds.webp
res/UeB.png,74345,74345,.png,android_res,res/UeB.png
res/UeF.png,1247,1247,.png,android_res,res/UeF.png
res/UfB.png,906,906,.png,android_res,res/UfB.png
res/Ufo.png,1364,1364,.png,android_res,res/Ufo.png
res/UgF.xml,2708,867,.xml,android_res,res/UgF.xml
res/Ugl.webp,5728,5728,.webp,android_res,res/Ugl.webp
res/UiH.xml,2352,871,.xml,android_res,res/UiH.xml
res/UiP.xml,1160,514,.xml,android_res,res/UiP.xml
res/UjC.png,3364,3364,.png,android_res,res/UjC.png
res/Ujg.png,855,855,.png,android_res,res/Ujg.png
res/Uks.webp,11944,11944,.webp,android_res,res/Uks.webp
res/UmV.webp,34142,34142,.webp,android_res,res/UmV.webp
res/Umg.xml,1080,409,.xml,android_res,res/Umg.xml
res/UnP.png,237,237,.png,android_res,res/UnP.png
res/UnT.webp,69548,69548,.webp,android_res,res/UnT.webp
res/Une.xml,6276,1481,.xml,android_res,res/Une.xml
res/Uo-.png,5529,5529,.png,android_res,res/Uo-.png
res/Uo9.png,543,543,.png,android_res,res/Uo9.png
res/UoA.png,2916,2916,.png,android_res,res/UoA.png
res/UoB.webp,1076,1076,.webp,android_res,res/UoB.webp
res/UoN.webp,29872,29872,.webp,android_res,res/UoN.webp
res/Uot.png,478,478,.png,android_res,res/Uot.png
res/Up4.png,2913,2913,.png,android_res,res/Up4.png
res/Up7.xml,1180,548,.xml,android_res,res/Up7.xml
res/UpI.xml,828,436,.xml,android_res,res/UpI.xml
res/UpX.xml,5508,1513,.xml,android_res,res/UpX.xml
res/UrI.png,4804,4804,.png,android_res,res/UrI.png
res/UrP.png,2427,2427,.png,android_res,res/UrP.png
res/Us1.xml,1984,875,.xml,android_res,res/Us1.xml
res/UsI.webp,24622,24622,.webp,android_res,res/UsI.webp
res/UsT.webp,2194,2194,.webp,android_res,res/UsT.webp
res/UsY.png,12554,12554,.png,android_res,res/UsY.png
res/Usi.xml,2676,948,.xml,android_res,res/Usi.xml
res/Usk.9.png,208,208,.png,android_res,res/Usk.9.png
res/UtT.png,650,650,.png,android_res,res/UtT.png
res/Uty.xml,2360,900,.xml,android_res,res/Uty.xml
res/Uu1.png,364,364,.png,android_res,res/Uu1.png
res/UuF.webp,65318,65318,.webp,android_res,res/UuF.webp
res/Uux.png,2980,2980,.png,android_res,res/Uux.png
res/Uv5.png,2716,2716,.png,android_res,res/Uv5.png
res/UvP.png,416,416,.png,android_res,res/UvP.png
res/UvX.png,10785,10785,.png,android_res,res/UvX.png
res/Uvv.png,1620,1620,.png,android_res,res/Uvv.png
res/UwF.png,699008,699008,.png,android_res,res/UwF.png
res/UwF.xml,5296,1567,.xml,android_res,res/UwF.xml
res/Uwh.xml,628,331,.xml,android_res,res/Uwh.xml
res/UxS.png,3936,3936,.png,android_res,res/UxS.png
res/Uxp.png,36042,36042,.png,android_res,res/Uxp.png
res/Uy9.png,1836,1836,.png,android_res,res/Uy9.png
res/UyA.xml,600,295,.xml,android_res,res/UyA.xml
res/UzF.webp,17120,17120,.webp,android_res,res/UzF.webp
res/UzI.png,1368,1368,.png,android_res,res/UzI.png
res/Uzh.png,16843,16843,.png,android_res,res/Uzh.png
res/Uzu.xml,528,304,.xml,android_res,res/Uzu.xml
res/Uzv.png,458,458,.png,android_res,res/Uzv.png
res/V-H.png,12254,12254,.png,android_res,res/V-H.png
res/V-h.xml,2276,845,.xml,android_res,res/V-h.xml
res/V-m.9.png,198,198,.png,android_res,res/V-m.9.png
res/V-z.9.png,189,189,.png,android_res,res/V-z.9.png
res/V0r.png,1213,1213,.png,android_res,res/V0r.png
res/V1F.xml,524,300,.xml,android_res,res/V1F.xml
res/V1f.xml,1196,397,.xml,android_res,res/V1f.xml
res/V2L.png,4864,4864,.png,android_res,res/V2L.png
res/V2t.xml,3364,1271,.xml,android_res,res/V2t.xml
res/V3F.xml,596,281,.xml,android_res,res/V3F.xml
res/V4-.png,1281,1281,.png,android_res,res/V4-.png
res/V49.png,946,946,.png,android_res,res/V49.png
res/V4g.webp,314,314,.webp,android_res,res/V4g.webp
res/V4u.png,607,607,.png,android_res,res/V4u.png
res/V4y.xml,2252,789,.xml,android_res,res/V4y.xml
res/V5Q.png,32861,32861,.png,android_res,res/V5Q.png
res/V5Z.png,272,272,.png,android_res,res/V5Z.png
res/V5b.webp,504,504,.webp,android_res,res/V5b.webp
res/V6N.webp,46454,46454,.webp,android_res,res/V6N.webp
res/V7s.png,67,67,.png,android_res,res/V7s.png
res/V8E.png,3364,3364,.png,android_res,res/V8E.png
res/V8O.xml,4952,1612,.xml,android_res,res/V8O.xml
res/V8b.xml,3448,1055,.xml,android_res,res/V8b.xml
res/V9S.xml,712,369,.xml,android_res,res/V9S.xml
res/V9j.png,356,356,.png,android_res,res/V9j.png
res/VAZ.png,21929,21929,.png,android_res,res/VAZ.png
res/VAe.png,4068,4068,.png,android_res,res/VAe.png
res/VBl.png,3197,3197,.png,android_res,res/VBl.png
res/VBn.png,686,686,.png,android_res,res/VBn.png
res/VBs.xml,536,286,.xml,android_res,res/VBs.xml
res/VCL.png,30500,30500,.png,android_res,res/VCL.png
res/VDB.png,63538,63538,.png,android_res,res/VDB.png
res/VDE.xml,488,230,.xml,android_res,res/VDE.xml
res/VDF.png,67,67,.png,android_res,res/VDF.png
res/VDN.png,4647,4647,.png,android_res,res/VDN.png
res/VDk.png,35322,35322,.png,android_res,res/VDk.png
res/VEZ.png,8524,8524,.png,android_res,res/VEZ.png
res/VF-.webp,2050,2050,.webp,android_res,res/VF-.webp
res/VFZ.png,6762,6762,.png,android_res,res/VFZ.png
res/VHo.xml,1308,571,.xml,android_res,res/VHo.xml
res/VIE.webp,7282,7282,.webp,android_res,res/VIE.webp
res/VIX.webp,11670,11670,.webp,android_res,res/VIX.webp
res/VJK.xml,3572,1192,.xml,android_res,res/VJK.xml
res/VJd.xml,1032,452,.xml,android_res,res/VJd.xml
res/VK2.png,2022,2022,.png,android_res,res/VK2.png
res/VK8.png,9406,9406,.png,android_res,res/VK8.png
res/VKN.xml,2048,731,.xml,android_res,res/VKN.xml
res/VKa.9.png,260,260,.png,android_res,res/VKa.9.png
res/VKb.webp,15672,15672,.webp,android_res,res/VKb.webp
res/VKr.png,3374,3374,.png,android_res,res/VKr.png
res/VL4.png,3317,3317,.png,android_res,res/VL4.png
res/VL5.png,3191,3191,.png,android_res,res/VL5.png
res/VL6.png,2752,2752,.png,android_res,res/VL6.png
res/VL7.png,3315,3315,.png,android_res,res/VL7.png
res/VLG.png,2645,2645,.png,android_res,res/VLG.png
res/VLQ.xml,2564,1004,.xml,android_res,res/VLQ.xml
res/VLt.xml,2284,940,.xml,android_res,res/VLt.xml
res/VM1.xml,5960,1821,.xml,android_res,res/VM1.xml
res/VMN.xml,3508,1107,.xml,android_res,res/VMN.xml
res/VMO.webp,206,206,.webp,android_res,res/VMO.webp
res/VMq.xml,1124,437,.xml,android_res,res/VMq.xml
res/VMs.webp,32538,32538,.webp,android_res,res/VMs.webp
res/VNZ.png,571,571,.png,android_res,res/VNZ.png
res/VOq.xml,884,419,.xml,android_res,res/VOq.xml
res/VOw.xml,3348,1208,.xml,android_res,res/VOw.xml
res/VOz.png,575,575,.png,android_res,res/VOz.png
res/VPM.xml,1192,565,.xml,android_res,res/VPM.xml
res/VPZ.xml,2768,1119,.xml,android_res,res/VPZ.xml
res/VPb.webp,210,210,.webp,android_res,res/VPb.webp
res/VPn.png,1214,1214,.png,android_res,res/VPn.png
res/VPp.xml,6048,1841,.xml,android_res,res/VPp.xml
res/VRT.png,16494,16494,.png,android_res,res/VRT.png
res/VRV.png,554,554,.png,android_res,res/VRV.png
res/VSn.xml,2148,785,.xml,android_res,res/VSn.xml
res/VT6.png,375,375,.png,android_res,res/VT6.png
res/VUd.png,4545,4545,.png,android_res,res/VUd.png
res/VVV.png,10111,10111,.png,android_res,res/VVV.png
res/VVc.ttf,1414784,860306,.ttf,android_res,res/VVc.ttf
res/VW1.png,415,415,.png,android_res,res/VW1.png
res/VWb.xml,2968,1187,.xml,android_res,res/VWb.xml
res/VWc.png,631,631,.png,android_res,res/VWc.png
res/VXR.xml,9672,2630,.xml,android_res,res/VXR.xml
res/VXw.xml,9012,2201,.xml,android_res,res/VXw.xml
res/VYN.xml,4128,1312,.xml,android_res,res/VYN.xml
res/VYQ.xml,592,270,.xml,android_res,res/VYQ.xml
res/VYU.webp,33274,33274,.webp,android_res,res/VYU.webp
res/VYZ.xml,2236,851,.xml,android_res,res/VYZ.xml
res/VZS.xml,3524,1188,.xml,android_res,res/VZS.xml
res/V_0.webp,2170,2170,.webp,android_res,res/V_0.webp
res/V_D.xml,468,229,.xml,android_res,res/V_D.xml
res/VaS.xml,1084,514,.xml,android_res,res/VaS.xml
res/Vag.png,367,367,.png,android_res,res/Vag.png
res/Vc2.xml,784,440,.xml,android_res,res/Vc2.xml
res/Vck.webp,26350,26350,.webp,android_res,res/Vck.webp
res/VeH.xml,2520,731,.xml,android_res,res/VeH.xml
res/VeI.png,1968,1968,.png,android_res,res/VeI.png
res/VeZ.webp,1924,1924,.webp,android_res,res/VeZ.webp
res/Vf0.xml,860,393,.xml,android_res,res/Vf0.xml
res/VfF.png,498,498,.png,android_res,res/VfF.png
res/VfP.xml,2124,852,.xml,android_res,res/VfP.xml
res/VfZ.xml,1552,619,.xml,android_res,res/VfZ.xml
res/Vfb.webp,2228,2228,.webp,android_res,res/Vfb.webp
res/Vfb.xml,468,230,.xml,android_res,res/Vfb.xml
res/Vfr.webp,318,318,.webp,android_res,res/Vfr.webp
res/Vfy.xml,812,323,.xml,android_res,res/Vfy.xml
res/Vfz.webp,82690,82690,.webp,android_res,res/Vfz.webp
res/Vg0.xml,1064,516,.xml,android_res,res/Vg0.xml
res/Vg9.webp,214322,214322,.webp,android_res,res/Vg9.webp
res/Vh7.xml,2296,932,.xml,android_res,res/Vh7.xml
res/Vhy.xml,3100,1074,.xml,android_res,res/Vhy.xml
res/Vj7.webp,26554,26554,.webp,android_res,res/Vj7.webp
res/VjS.png,4079,4079,.png,android_res,res/VjS.png
res/VjY.png,2628,2628,.png,android_res,res/VjY.png
res/Vk-.webp,64056,64056,.webp,android_res,res/Vk-.webp
res/Vk3.png,457,457,.png,android_res,res/Vk3.png
res/VkB.png,1304,1304,.png,android_res,res/VkB.png
res/Vkv.webp,224,224,.webp,android_res,res/Vkv.webp
res/VlM.png,2074,2074,.png,android_res,res/VlM.png
res/VlQ.xml,304,175,.xml,android_res,res/VlQ.xml
res/Vm4.png,233,233,.png,android_res,res/Vm4.png
res/Vm7.png,6301,6301,.png,android_res,res/Vm7.png
res/VnE.webp,2342,2342,.webp,android_res,res/VnE.webp
res/VnN.png,2404,2404,.png,android_res,res/VnN.png
res/Vni.xml,416,218,.xml,android_res,res/Vni.xml
res/Vnx.xml,468,226,.xml,android_res,res/Vnx.xml
res/VoY.png,91734,91734,.png,android_res,res/VoY.png
res/Vow.png,4991,4991,.png,android_res,res/Vow.png
res/VpF.xml,1468,711,.xml,android_res,res/VpF.xml
res/VpK.png,124502,124502,.png,android_res,res/VpK.png
res/VpL.xml,668,310,.xml,android_res,res/VpL.xml
res/VqP.png,1208,1208,.png,android_res,res/VqP.png
res/Vr0.png,550,550,.png,android_res,res/Vr0.png
res/VsE.xml,1472,677,.xml,android_res,res/VsE.xml
res/Vsy.png,2106,2106,.png,android_res,res/Vsy.png
res/Vsz.png,9188,9188,.png,android_res,res/Vsz.png
res/Vt9.png,8904,8904,.png,android_res,res/Vt9.png
res/Vtb.png,501,501,.png,android_res,res/Vtb.png
res/Vtj.xml,2084,721,.xml,android_res,res/Vtj.xml
res/Vtt.png,1304,1304,.png,android_res,res/Vtt.png
res/VuH.webp,502,502,.webp,android_res,res/VuH.webp
res/VuM.xml,2584,906,.xml,android_res,res/VuM.xml
res/Vuu.png,2843,2843,.png,android_res,res/Vuu.png
res/Vv4.webp,312,312,.webp,android_res,res/Vv4.webp
res/VvG.xml,516,244,.xml,android_res,res/VvG.xml
res/VvT.webp,213082,213082,.webp,android_res,res/VvT.webp
res/VvY.png,1366,1366,.png,android_res,res/VvY.png
res/Vvi.xml,484,223,.xml,android_res,res/Vvi.xml
res/VwH.webp,1040,1040,.webp,android_res,res/VwH.webp
res/Vwt.xml,1524,443,.xml,android_res,res/Vwt.xml
res/VxJ.png,1101,1101,.png,android_res,res/VxJ.png
res/VxX.png,14725,14725,.png,android_res,res/VxX.png
res/Vxv.png,4398,4398,.png,android_res,res/Vxv.png
res/VyB.png,930,930,.png,android_res,res/VyB.png
res/Vyf.png,28488,28488,.png,android_res,res/Vyf.png
res/Vz5.png,2928,2928,.png,android_res,res/Vz5.png
res/Vzd.webp,2710,2710,.webp,android_res,res/Vzd.webp
res/Vzh.webp,514,514,.webp,android_res,res/Vzh.webp
res/W-0.png,6841,6841,.png,android_res,res/W-0.png
res/W-J.png,4412,4412,.png,android_res,res/W-J.png
res/W-v.webp,5876,5876,.webp,android_res,res/W-v.webp
res/W0C.xml,1252,557,.xml,android_res,res/W0C.xml
res/W0G.xml,448,219,.xml,android_res,res/W0G.xml
res/W0J.xml,576,272,.xml,android_res,res/W0J.xml
res/W0f.webp,698,698,.webp,android_res,res/W0f.webp
res/W0u.xml,552,262,.xml,android_res,res/W0u.xml
res/W26.png,13921,13921,.png,android_res,res/W26.png
res/W2W.xml,628,279,.xml,android_res,res/W2W.xml
res/W2g.webp,9996,9996,.webp,android_res,res/W2g.webp
res/W37.webp,410,410,.webp,android_res,res/W37.webp
res/W3V.png,142986,142986,.png,android_res,res/W3V.png
res/W41.png,24456,24456,.png,android_res,res/W41.png
res/W57.xml,484,223,.xml,android_res,res/W57.xml
res/W58.xml,1300,565,.xml,android_res,res/W58.xml
res/W5M.xml,920,320,.xml,android_res,res/W5M.xml
res/W5t.png,813,813,.png,android_res,res/W5t.png
res/W6y.png,4528,4528,.png,android_res,res/W6y.png
res/W74.xml,2404,873,.xml,android_res,res/W74.xml
res/W7s.xml,1932,759,.xml,android_res,res/W7s.xml
res/W9A.xml,1184,496,.xml,android_res,res/W9A.xml
res/WA0.png,39319,39319,.png,android_res,res/WA0.png
res/WAM.xml,2216,775,.xml,android_res,res/WAM.xml
res/WB5.png,3335,3335,.png,android_res,res/WB5.png
res/WB9.webp,356,356,.webp,android_res,res/WB9.webp
res/WBb.webp,7232,7232,.webp,android_res,res/WBb.webp
res/WBr.png,3266,3266,.png,android_res,res/WBr.png
res/WCE.webp,554,554,.webp,android_res,res/WCE.webp
res/WCL.webp,2276,2276,.webp,android_res,res/WCL.webp
res/WCV.png,816,816,.png,android_res,res/WCV.png
res/WCW.xml,8212,2353,.xml,android_res,res/WCW.xml
res/WCo.png,2536,2536,.png,android_res,res/WCo.png
res/WD9.png,3426,3426,.png,android_res,res/WD9.png
res/WDL.xml,4508,1264,.xml,android_res,res/WDL.xml
res/WEh.png,259,259,.png,android_res,res/WEh.png
res/WFh.png,12655,12655,.png,android_res,res/WFh.png
res/WGn.xml,724,379,.xml,android_res,res/WGn.xml
res/WGt.xml,3156,997,.xml,android_res,res/WGt.xml
res/WHa.png,52511,52511,.png,android_res,res/WHa.png
res/WI9.png,3896,3896,.png,android_res,res/WI9.png
res/WID.webp,260,260,.webp,android_res,res/WID.webp
res/WJ8.png,1991,1991,.png,android_res,res/WJ8.png
res/WJd.xml,632,314,.xml,android_res,res/WJd.xml
res/WJy.webp,27844,27844,.webp,android_res,res/WJy.webp
res/WK8.webp,40802,40802,.webp,android_res,res/WK8.webp
res/WKa.png,11256,11256,.png,android_res,res/WKa.png
res/WL7.png,572,572,.png,android_res,res/WL7.png
res/WL9.webp,8442,8442,.webp,android_res,res/WL9.webp
res/WLW.webp,1000,1000,.webp,android_res,res/WLW.webp
res/WLw.xml,588,254,.xml,android_res,res/WLw.xml
res/WO3.xml,1028,373,.xml,android_res,res/WO3.xml
res/WOE.png,67,67,.png,android_res,res/WOE.png
res/WP3.xml,564,300,.xml,android_res,res/WP3.xml
res/WPW.xml,3364,1189,.xml,android_res,res/WPW.xml
res/WPl.xml,2116,795,.xml,android_res,res/WPl.xml
res/WQ-.png,2131,2131,.png,android_res,res/WQ-.png
res/WQO.webp,1576,1576,.webp,android_res,res/WQO.webp
res/WQd.png,1042,1042,.png,android_res,res/WQd.png
res/WQz.xml,2392,809,.xml,android_res,res/WQz.xml
res/WR-.png,5202,5202,.png,android_res,res/WR-.png
res/WSZ.xml,2488,936,.xml,android_res,res/WSZ.xml
res/WSn.webp,734,734,.webp,android_res,res/WSn.webp
res/WTH.xml,12520,2765,.xml,android_res,res/WTH.xml
res/WTb.xml,984,439,.xml,android_res,res/WTb.xml
res/WTe.png,9799,9799,.png,android_res,res/WTe.png
res/WTx.xml,932,394,.xml,android_res,res/WTx.xml
res/WUq.png,10198,10198,.png,android_res,res/WUq.png
res/WUu.webp,208264,208264,.webp,android_res,res/WUu.webp
res/WVG.xml,448,218,.xml,android_res,res/WVG.xml
res/WV_.xml,9524,2377,.xml,android_res,res/WV_.xml
res/WVs.png,35305,35305,.png,android_res,res/WVs.png
res/WWE.webp,8174,8174,.webp,android_res,res/WWE.webp
res/WWV.webp,540,540,.webp,android_res,res/WWV.webp
res/WX2.png,27966,27966,.png,android_res,res/WX2.png
res/WXA.xml,872,384,.xml,android_res,res/WXA.xml
res/WXj.webp,4038,4038,.webp,android_res,res/WXj.webp
res/WXk.png,4830,4830,.png,android_res,res/WXk.png
res/WYE.png,1704,1704,.png,android_res,res/WYE.png
res/WYN.xml,1720,693,.xml,android_res,res/WYN.xml
res/WZO.png,3668,3668,.png,android_res,res/WZO.png
res/WZe.xml,12592,3009,.xml,android_res,res/WZe.xml
res/Wa2.xml,3976,1266,.xml,android_res,res/Wa2.xml
res/WcU.png,50925,50925,.png,android_res,res/WcU.png
res/WcV.png,17477,17477,.png,android_res,res/WcV.png
res/Wcy.png,5075,5075,.png,android_res,res/Wcy.png
res/WdB.png,3337,3337,.png,android_res,res/WdB.png
res/WdM.png,751,751,.png,android_res,res/WdM.png
res/Wef.xml,3536,1246,.xml,android_res,res/Wef.xml
res/Wew.webp,584,584,.webp,android_res,res/Wew.webp
res/Wfz.png,24463,24463,.png,android_res,res/Wfz.png
res/WgK.png,58429,58429,.png,android_res,res/WgK.png
res/WgS.webp,77414,77414,.webp,android_res,res/WgS.webp
res/Wgc.webp,3334,3334,.webp,android_res,res/Wgc.webp
res/Wgc.xml,568,271,.xml,android_res,res/Wgc.xml
res/Wh9.png,4566,4566,.png,android_res,res/Wh9.png
res/Whk.xml,2332,919,.xml,android_res,res/Whk.xml
res/Wj4.xml,3568,1165,.xml,android_res,res/Wj4.xml
res/WjD.xml,2380,901,.xml,android_res,res/WjD.xml
res/WkC.xml,2092,897,.xml,android_res,res/WkC.xml
res/WkR.png,10856,10856,.png,android_res,res/WkR.png
res/Wlx.xml,1012,475,.xml,android_res,res/Wlx.xml
res/Wm6.png,38884,38884,.png,android_res,res/Wm6.png
res/WmP.xml,2524,921,.xml,android_res,res/WmP.xml
res/WnE.xml,1220,535,.xml,android_res,res/WnE.xml
res/WnG.png,562,562,.png,android_res,res/WnG.png
res/Wnh.png,256,256,.png,android_res,res/Wnh.png
res/Wnh.xml,484,226,.xml,android_res,res/Wnh.xml
res/WoU.png,805,805,.png,android_res,res/WoU.png
res/Woc.xml,8216,2102,.xml,android_res,res/Woc.xml
res/WpB.png,3111,3111,.png,android_res,res/WpB.png
res/WpG.xml,616,299,.xml,android_res,res/WpG.xml
res/WpY.png,211,211,.png,android_res,res/WpY.png
res/Wpb.xml,14164,3490,.xml,android_res,res/Wpb.xml
res/Wqk.xml,576,268,.xml,android_res,res/Wqk.xml
res/WrX.png,1550,1550,.png,android_res,res/WrX.png
res/WsB.xml,6200,1790,.xml,android_res,res/WsB.xml
res/Wsf.png,3246,3246,.png,android_res,res/Wsf.png
res/Wt9.png,596,596,.png,android_res,res/Wt9.png
res/WtU.xml,588,258,.xml,android_res,res/WtU.xml
res/WvV.png,1981,1981,.png,android_res,res/WvV.png
res/Wvi.png,2664,2664,.png,android_res,res/Wvi.png
res/Wvk.xml,1760,769,.xml,android_res,res/Wvk.xml
res/Ww3.png,13188,13188,.png,android_res,res/Ww3.png
res/Wwb.png,45092,45092,.png,android_res,res/Wwb.png
res/WxJ.webp,2898,2898,.webp,android_res,res/WxJ.webp
res/WxO.xml,2208,817,.xml,android_res,res/WxO.xml
res/Wy7.png,2785,2785,.png,android_res,res/Wy7.png
res/WyK.webp,4466,4466,.webp,android_res,res/WyK.webp
res/Wyi.xml,3700,1233,.xml,android_res,res/Wyi.xml
res/Wzt.png,2018,2018,.png,android_res,res/Wzt.png
res/X-Q.xml,2308,877,.xml,android_res,res/X-Q.xml
res/X06.png,60443,60443,.png,android_res,res/X06.png
res/X0D.xml,704,306,.xml,android_res,res/X0D.xml
res/X0n.png,290,290,.png,android_res,res/X0n.png
res/X1Y.xml,4668,1364,.xml,android_res,res/X1Y.xml
res/X1w.png,411,411,.png,android_res,res/X1w.png
res/X3B.png,5868,5868,.png,android_res,res/X3B.png
res/X3N.xml,6284,1491,.xml,android_res,res/X3N.xml
res/X3R.xml,356,209,.xml,android_res,res/X3R.xml
res/X3V.9.png,235,235,.png,android_res,res/X3V.9.png
res/X4G.png,474,474,.png,android_res,res/X4G.png
res/X4M.xml,1132,547,.xml,android_res,res/X4M.xml
res/X5d.png,420,420,.png,android_res,res/X5d.png
res/X5i.webp,6162,6162,.webp,android_res,res/X5i.webp
res/X6-.png,5612,5612,.png,android_res,res/X6-.png
res/X63.png,7337,7337,.png,android_res,res/X63.png
res/X67.xml,6444,1963,.xml,android_res,res/X67.xml
res/X6S.xml,2984,951,.xml,android_res,res/X6S.xml
res/X6a.xml,2368,932,.xml,android_res,res/X6a.xml
res/X6q.xml,420,229,.xml,android_res,res/X6q.xml
res/X6v.png,45788,45788,.png,android_res,res/X6v.png
res/X6w.png,1494,1494,.png,android_res,res/X6w.png
res/X7Z.xml,3464,1085,.xml,android_res,res/X7Z.xml
res/X7p.png,1433,1433,.png,android_res,res/X7p.png
res/X8A.xml,1364,542,.xml,android_res,res/X8A.xml
res/X8d.png,23477,23477,.png,android_res,res/X8d.png
res/X8p.xml,1124,506,.xml,android_res,res/X8p.xml
res/X9E.xml,476,273,.xml,android_res,res/X9E.xml
res/X9u.9.png,4215,4215,.png,android_res,res/X9u.9.png
res/X9v.png,15213,15213,.png,android_res,res/X9v.png
res/XBZ.xml,2872,809,.xml,android_res,res/XBZ.xml
res/XC6.xml,7044,2049,.xml,android_res,res/XC6.xml
res/XCO.webp,690,690,.webp,android_res,res/XCO.webp
res/XCX.xml,464,230,.xml,android_res,res/XCX.xml
res/XDE.xml,1244,364,.xml,android_res,res/XDE.xml
res/XDF.png,1944,1944,.png,android_res,res/XDF.png
res/XDc.xml,912,468,.xml,android_res,res/XDc.xml
res/XDj.webp,8302,8302,.webp,android_res,res/XDj.webp
res/XDs.png,1031,1031,.png,android_res,res/XDs.png
res/XEF.png,59814,59814,.png,android_res,res/XEF.png
res/XEg.png,1570,1570,.png,android_res,res/XEg.png
res/XFP.xml,13800,3081,.xml,android_res,res/XFP.xml
res/XFQ.xml,912,427,.xml,android_res,res/XFQ.xml
res/XFj.png,7186,7186,.png,android_res,res/XFj.png
res/XFu.png,1805,1805,.png,android_res,res/XFu.png
res/XGg.webp,5028,5028,.webp,android_res,res/XGg.webp
res/XGm.xml,880,410,.xml,android_res,res/XGm.xml
res/XH3.xml,2336,779,.xml,android_res,res/XH3.xml
res/XH5.xml,600,285,.xml,android_res,res/XH5.xml
res/XHO.webp,30090,30090,.webp,android_res,res/XHO.webp
res/XHi.xml,2328,801,.xml,android_res,res/XHi.xml
res/XI2.xml,884,427,.xml,android_res,res/XI2.xml
res/XIC.xml,1576,660,.xml,android_res,res/XIC.xml
res/XIE.xml,2684,785,.xml,android_res,res/XIE.xml
res/XIJ.png,16288,16288,.png,android_res,res/XIJ.png
res/XIj.webp,16510,16510,.webp,android_res,res/XIj.webp
res/XJN.webp,4119,4119,.webp,android_res,res/XJN.webp
res/XKP.9.png,718,718,.png,android_res,res/XKP.9.png
res/XKV.png,1252,1252,.png,android_res,res/XKV.png
res/XLj.png,66392,66392,.png,android_res,res/XLj.png
res/XMf.xml,124,68,.xml,android_res,res/XMf.xml
res/XMn.xml,1532,721,.xml,android_res,res/XMn.xml
res/XO1.png,11321,11321,.png,android_res,res/XO1.png
res/XOg.png,304,304,.png,android_res,res/XOg.png
res/XOk.xml,420,217,.xml,android_res,res/XOk.xml
res/XP7.png,876,876,.png,android_res,res/XP7.png
res/XPQ.webp,18840,18840,.webp,android_res,res/XPQ.webp
res/XPv.xml,1004,522,.xml,android_res,res/XPv.xml
res/XRd.png,5006,5006,.png,android_res,res/XRd.png
res/XRs.webp,1866,1866,.webp,android_res,res/XRs.webp
res/XSW.xml,2072,810,.xml,android_res,res/XSW.xml
res/XSY.webp,7630,7630,.webp,android_res,res/XSY.webp
res/XTN.webp,19798,19798,.webp,android_res,res/XTN.webp
res/XTs.xml,608,326,.xml,android_res,res/XTs.xml
res/XUk.webp,418,418,.webp,android_res,res/XUk.webp
res/XVK.xml,4096,1260,.xml,android_res,res/XVK.xml
res/XVR.xml,1756,767,.xml,android_res,res/XVR.xml
res/XVd.xml,5108,1555,.xml,android_res,res/XVd.xml
res/XW2.png,15894,15894,.png,android_res,res/XW2.png
res/XW6.xml,2556,793,.xml,android_res,res/XW6.xml
res/XWC.xml,7376,2102,.xml,android_res,res/XWC.xml
res/XWe.png,18907,18907,.png,android_res,res/XWe.png
res/XWt.xml,704,313,.xml,android_res,res/XWt.xml
res/XWx.png,19379,19379,.png,android_res,res/XWx.png
res/XX0.png,255,255,.png,android_res,res/XX0.png
res/XYS.png,454,454,.png,android_res,res/XYS.png
res/XYg.webp,24710,24710,.webp,android_res,res/XYg.webp
res/XYs.png,1541,1541,.png,android_res,res/XYs.png
res/XYw.xml,592,256,.xml,android_res,res/XYw.xml
res/XZK.png,2968,2968,.png,android_res,res/XZK.png
res/XZZ.png,1844,1844,.png,android_res,res/XZZ.png
res/XZc.xml,1072,379,.xml,android_res,res/XZc.xml
res/XZq.xml,964,462,.xml,android_res,res/XZq.xml
res/X_L.png,25256,25256,.png,android_res,res/X_L.png
res/X_V.xml,1420,620,.xml,android_res,res/X_V.xml
res/XaG.xml,4632,1483,.xml,android_res,res/XaG.xml
res/Xa_.xml,872,407,.xml,android_res,res/Xa_.xml
res/Xad.png,607,607,.png,android_res,res/Xad.png
res/Xb9.png,361,361,.png,android_res,res/Xb9.png
res/XbK.png,33717,33717,.png,android_res,res/XbK.png
res/Xbv.png,565,565,.png,android_res,res/Xbv.png
res/Xcs.xml,916,436,.xml,android_res,res/Xcs.xml
res/Xcx.webp,16576,16576,.webp,android_res,res/Xcx.webp
res/XdC.xml,3256,1106,.xml,android_res,res/XdC.xml
res/XdN.png,27024,27024,.png,android_res,res/XdN.png
res/Xe8.png,54051,54051,.png,android_res,res/Xe8.png
res/XeH.png,2892,2892,.png,android_res,res/XeH.png
res/XfT.png,16200,16200,.png,android_res,res/XfT.png
res/XfT.xml,1896,746,.xml,android_res,res/XfT.xml
res/Xfa.webp,16812,16812,.webp,android_res,res/Xfa.webp
res/XhL.png,78702,78702,.png,android_res,res/XhL.png
res/Xht.xml,604,292,.xml,android_res,res/Xht.xml
res/Xhu.png,1199,1199,.png,android_res,res/Xhu.png
res/XiO.png,6920,6920,.png,android_res,res/XiO.png
res/Xim.png,5210,5210,.png,android_res,res/Xim.png
res/Xiy.webp,13374,13374,.webp,android_res,res/Xiy.webp
res/Xjd.webp,1452,1452,.webp,android_res,res/Xjd.webp
res/XkS.webp,526,526,.webp,android_res,res/XkS.webp
res/Xkr.png,2280,2280,.png,android_res,res/Xkr.png
res/Xl-.png,1290,1290,.png,android_res,res/Xl-.png
res/Xl0.xml,792,373,.xml,android_res,res/Xl0.xml
res/XlQ.webp,41816,41816,.webp,android_res,res/XlQ.webp
res/Xlj.png,2279,2279,.png,android_res,res/Xlj.png
res/Xlo.png,889,889,.png,android_res,res/Xlo.png
res/Xlu.xml,2000,648,.xml,android_res,res/Xlu.xml
res/XnC.png,1651,1651,.png,android_res,res/XnC.png
res/XnK.png,9383,9383,.png,android_res,res/XnK.png
res/Xnk.png,15765,15765,.png,android_res,res/Xnk.png
res/Xnk.xml,488,225,.xml,android_res,res/Xnk.xml
res/Xnl.xml,3512,1222,.xml,android_res,res/Xnl.xml
res/Xnp.xml,368,225,.xml,android_res,res/Xnp.xml
res/Xoa.xml,948,454,.xml,android_res,res/Xoa.xml
res/Xoc.png,315,315,.png,android_res,res/Xoc.png
res/Xok.webp,5012,5012,.webp,android_res,res/Xok.webp
res/Xp0.9.png,430,430,.png,android_res,res/Xp0.9.png
res/Xp1.xml,4748,1525,.xml,android_res,res/Xp1.xml
res/Xp7.png,1465,1465,.png,android_res,res/Xp7.png
res/XpG.xml,1448,641,.xml,android_res,res/XpG.xml
res/XpQ.xml,588,255,.xml,android_res,res/XpQ.xml
res/XpS.webp,590,590,.webp,android_res,res/XpS.webp
res/XpX.webp,30042,30042,.webp,android_res,res/XpX.webp
res/Xpe.xml,1028,470,.xml,android_res,res/Xpe.xml
res/Xq9.png,1905,1905,.png,android_res,res/Xq9.png
res/XqM.webp,4916,4916,.webp,android_res,res/XqM.webp
res/XrX.png,79115,79115,.png,android_res,res/XrX.png
res/Xrn.png,67,67,.png,android_res,res/Xrn.png
res/Xs1.xml,3688,1128,.xml,android_res,res/Xs1.xml
res/Xs3.9.png,225,225,.png,android_res,res/Xs3.9.png
res/Xs7.webp,4136,4136,.webp,android_res,res/Xs7.webp
res/Xsl.webp,1002,1002,.webp,android_res,res/Xsl.webp
res/Xsq.9.png,216,216,.png,android_res,res/Xsq.9.png
res/XtZ.xml,520,258,.xml,android_res,res/XtZ.xml
res/Xu7.png,45210,45210,.png,android_res,res/Xu7.png
res/XuI.xml,13820,3051,.xml,android_res,res/XuI.xml
res/XuV.xml,1312,626,.xml,android_res,res/XuV.xml
res/Xuj.xml,2208,896,.xml,android_res,res/Xuj.xml
res/XvN.xml,3932,1106,.xml,android_res,res/XvN.xml
res/XvP.xml,2912,976,.xml,android_res,res/XvP.xml
res/XvP1.xml,484,222,.xml,android_res,res/XvP1.xml
res/Xvf.webp,19244,19244,.webp,android_res,res/Xvf.webp
res/Xvl.xml,448,214,.xml,android_res,res/Xvl.xml
res/Xvq.png,7072,7072,.png,android_res,res/Xvq.png
res/Xwi.png,727,727,.png,android_res,res/Xwi.png
res/Xwk.webp,3108,3108,.webp,android_res,res/Xwk.webp
res/Xx8.xml,908,391,.xml,android_res,res/Xx8.xml
res/XxE.xml,1028,481,.xml,android_res,res/XxE.xml
res/XxF.png,5124,5124,.png,android_res,res/XxF.png
res/XxT.png,27344,27344,.png,android_res,res/XxT.png
res/Xxi.png,7690,7690,.png,android_res,res/Xxi.png
res/Xy5.png,5267,5267,.png,android_res,res/Xy5.png
res/Xy8.png,1124,1124,.png,android_res,res/Xy8.png
res/XyS.png,1501,1501,.png,android_res,res/XyS.png
res/Xyh.png,2615,2615,.png,android_res,res/Xyh.png
res/Xyr.png,2664,2664,.png,android_res,res/Xyr.png
res/Xyy.xml,5412,1523,.xml,android_res,res/Xyy.xml
res/Y-x.png,142,142,.png,android_res,res/Y-x.png
res/Y05.xml,2296,902,.xml,android_res,res/Y05.xml
res/Y0n.webp,526,526,.webp,android_res,res/Y0n.webp
res/Y11.png,905,905,.png,android_res,res/Y11.png
res/Y2K.xml,2220,952,.xml,android_res,res/Y2K.xml
res/Y2j.xml,1716,671,.xml,android_res,res/Y2j.xml
res/Y2j1.xml,5008,1482,.xml,android_res,res/Y2j1.xml
res/Y2k.webp,5220,5220,.webp,android_res,res/Y2k.webp
res/Y3e.webp,368,368,.webp,android_res,res/Y3e.webp
res/Y3r.xml,912,387,.xml,android_res,res/Y3r.xml
res/Y4o.webp,24842,24842,.webp,android_res,res/Y4o.webp
res/Y5-.xml,872,369,.xml,android_res,res/Y5-.xml
res/Y5H.png,8084,8084,.png,android_res,res/Y5H.png
res/Y5b.webp,16964,16964,.webp,android_res,res/Y5b.webp
res/Y5c.png,1209,1209,.png,android_res,res/Y5c.png
res/Y5r.webp,3746,3746,.webp,android_res,res/Y5r.webp
res/Y68.webp,154,154,.webp,android_res,res/Y68.webp
res/Y6r.png,722,722,.png,android_res,res/Y6r.png
res/Y7f.xml,4716,1515,.xml,android_res,res/Y7f.xml
res/Y7k.xml,576,269,.xml,android_res,res/Y7k.xml
res/Y7r.png,1458,1458,.png,android_res,res/Y7r.png
res/Y8a.xml,2868,959,.xml,android_res,res/Y8a.xml
res/Y8k.png,16938,16938,.png,android_res,res/Y8k.png
res/Y9F.webp,368,368,.webp,android_res,res/Y9F.webp
res/YAh.xml,19652,3991,.xml,android_res,res/YAh.xml
res/YAn.xml,352,207,.xml,android_res,res/YAn.xml
res/YAp.xml,420,219,.xml,android_res,res/YAp.xml
res/YBB.png,18291,18291,.png,android_res,res/YBB.png
res/YCC.webp,43784,43784,.webp,android_res,res/YCC.webp
res/YCD.9.png,77,77,.png,android_res,res/YCD.9.png
res/YCS.xml,15396,3419,.xml,android_res,res/YCS.xml
res/YCb.png,443,443,.png,android_res,res/YCb.png
res/YCp.png,32899,32899,.png,android_res,res/YCp.png
res/YCt.png,29581,29581,.png,android_res,res/YCt.png
res/YD6.png,1975,1975,.png,android_res,res/YD6.png
res/YDC.webp,12502,12502,.webp,android_res,res/YDC.webp
res/YDb.xml,8496,2212,.xml,android_res,res/YDb.xml
res/YDb1.xml,704,299,.xml,android_res,res/YDb1.xml
res/YDf.png,14159,14159,.png,android_res,res/YDf.png
res/YEm.xml,2644,989,.xml,android_res,res/YEm.xml
res/YEv.png,1622,1622,.png,android_res,res/YEv.png
res/YF3.xml,1216,532,.xml,android_res,res/YF3.xml
res/YF4.xml,320,190,.xml,android_res,res/YF4.xml
res/YFE.png,547,547,.png,android_res,res/YFE.png
res/YFM.webp,273162,273162,.webp,android_res,res/YFM.webp
res/YFS.webp,3130,3130,.webp,android_res,res/YFS.webp
res/YFn.xml,520,249,.xml,android_res,res/YFn.xml
res/YGl.xml,4572,1539,.xml,android_res,res/YGl.xml
res/YHE.xml,2276,983,.xml,android_res,res/YHE.xml
res/YHe.xml,468,233,.xml,android_res,res/YHe.xml
res/YHj.9.png,7553,7553,.png,android_res,res/YHj.9.png
res/YHt.9.png,178,178,.png,android_res,res/YHt.9.png
res/YI6.xml,488,230,.xml,android_res,res/YI6.xml
res/YIf.png,132226,132226,.png,android_res,res/YIf.png
res/YIh.xml,3844,1098,.xml,android_res,res/YIh.xml
res/YIk.xml,520,244,.xml,android_res,res/YIk.xml
res/YIq.png,551,551,.png,android_res,res/YIq.png
res/YIr.png,3128,3128,.png,android_res,res/YIr.png
res/YJ1.webp,438,438,.webp,android_res,res/YJ1.webp
res/YJb.webp,14164,14164,.webp,android_res,res/YJb.webp
res/YJe.xml,3160,1184,.xml,android_res,res/YJe.xml
res/YJs.webp,16878,16878,.webp,android_res,res/YJs.webp
res/YKI.xml,2524,1030,.xml,android_res,res/YKI.xml
res/YL4.webp,55104,55104,.webp,android_res,res/YL4.webp
res/YLj.xml,468,228,.xml,android_res,res/YLj.xml
res/YMO.png,284,284,.png,android_res,res/YMO.png
res/YMg.png,2360,2360,.png,android_res,res/YMg.png
res/YMq.xml,468,231,.xml,android_res,res/YMq.xml
res/YNl.png,10121,10121,.png,android_res,res/YNl.png
res/YO1.png,405,405,.png,android_res,res/YO1.png
res/YP-.webp,25038,25038,.webp,android_res,res/YP-.webp
res/YP3.png,73671,73671,.png,android_res,res/YP3.png
res/YPT.webp,17126,17126,.webp,android_res,res/YPT.webp
res/YPf.webp,5350,5350,.webp,android_res,res/YPf.webp
res/YPl.xml,4964,1416,.xml,android_res,res/YPl.xml
res/YPs.xml,704,307,.xml,android_res,res/YPs.xml
res/YQK.png,33593,33593,.png,android_res,res/YQK.png
res/YQZ.xml,452,265,.xml,android_res,res/YQZ.xml
res/YR3.xml,3388,1123,.xml,android_res,res/YR3.xml
res/YRc.png,498,498,.png,android_res,res/YRc.png
res/YRv.png,4646,4646,.png,android_res,res/YRv.png
res/YS-.xml,484,224,.xml,android_res,res/YS-.xml
res/YSq.png,2070,2070,.png,android_res,res/YSq.png
res/YT2.xml,504,252,.xml,android_res,res/YT2.xml
res/YTp.png,65621,65621,.png,android_res,res/YTp.png
res/YTs.xml,2400,853,.xml,android_res,res/YTs.xml
res/YU2.xml,3520,1108,.xml,android_res,res/YU2.xml
res/YU7.png,3789,3789,.png,android_res,res/YU7.png
res/YVS.webp,2804,2804,.webp,android_res,res/YVS.webp
res/YVs.xml,1372,625,.xml,android_res,res/YVs.xml
res/YW1.png,22258,22258,.png,android_res,res/YW1.png
res/YWR.png,3993,3993,.png,android_res,res/YWR.png
res/YWS.xml,20492,3409,.xml,android_res,res/YWS.xml
res/YWg.png,943,943,.png,android_res,res/YWg.png
res/YWo.png,275,275,.png,android_res,res/YWo.png
res/YYN.xml,488,228,.xml,android_res,res/YYN.xml
res/YYS.xml,3060,1033,.xml,android_res,res/YYS.xml
res/YYd.png,975,975,.png,android_res,res/YYd.png
res/YZE.png,918,918,.png,android_res,res/YZE.png
res/Y_U.xml,468,231,.xml,android_res,res/Y_U.xml
res/Y_z.xml,956,419,.xml,android_res,res/Y_z.xml
res/Ya8.png,1955,1955,.png,android_res,res/Ya8.png
res/Yb5.png,2434,2434,.png,android_res,res/Yb5.png
res/YbA.png,34964,34964,.png,android_res,res/YbA.png
res/Yd9.webp,1184,1184,.webp,android_res,res/Yd9.webp
res/Ydi.xml,4476,963,.xml,android_res,res/Ydi.xml
res/Ydr.webp,2598,2598,.webp,android_res,res/Ydr.webp
res/Ydv.webp,1422,1422,.webp,android_res,res/Ydv.webp
res/YeM.xml,848,414,.xml,android_res,res/YeM.xml
res/Yf4.png,295,295,.png,android_res,res/Yf4.png
res/Yfb.png,309,309,.png,android_res,res/Yfb.png
res/Yfc.xml,5396,1591,.xml,android_res,res/Yfc.xml
res/Yfe.xml,492,249,.xml,android_res,res/Yfe.xml
res/Yg6.xml,968,445,.xml,android_res,res/Yg6.xml
res/YgL.png,8089,8089,.png,android_res,res/YgL.png
res/Yhg.png,281,281,.png,android_res,res/Yhg.png
res/YiJ.png,873,873,.png,android_res,res/YiJ.png
res/YiO.png,273,273,.png,android_res,res/YiO.png
res/YiU.png,3049,3049,.png,android_res,res/YiU.png
res/Yik.png,5188,5188,.png,android_res,res/Yik.png
res/YjT.xml,4544,1407,.xml,android_res,res/YjT.xml
res/YjW.png,9627,9627,.png,android_res,res/YjW.png
res/YjZ.xml,2916,1101,.xml,android_res,res/YjZ.xml
res/Yk5.webp,2812,2812,.webp,android_res,res/Yk5.webp
res/Yka.png,5577,5577,.png,android_res,res/Yka.png
res/Ykk.webp,38412,38412,.webp,android_res,res/Ykk.webp
res/Yko.png,44125,44125,.png,android_res,res/Yko.png
res/YlG.png,553,553,.png,android_res,res/YlG.png
res/YlP.png,20930,20930,.png,android_res,res/YlP.png
res/YlR.png,3244,3244,.png,android_res,res/YlR.png
res/Ylx.xml,2180,837,.xml,android_res,res/Ylx.xml
res/Yn5.xml,4360,1483,.xml,android_res,res/Yn5.xml
res/Ynn.xml,2972,994,.xml,android_res,res/Ynn.xml
res/Ynp.xml,3900,1187,.xml,android_res,res/Ynp.xml
res/Ynq.xml,2560,900,.xml,android_res,res/Ynq.xml
res/Yo5.xml,8872,2231,.xml,android_res,res/Yo5.xml
res/YoB.webp,46788,46788,.webp,android_res,res/YoB.webp
res/YoX.png,4153,4153,.png,android_res,res/YoX.png
res/Yp4.xml,876,419,.xml,android_res,res/Yp4.xml
res/YpR.xml,6500,1950,.xml,android_res,res/YpR.xml
res/Ypi.xml,568,275,.xml,android_res,res/Ypi.xml
res/Yps.png,137,137,.png,android_res,res/Yps.png
res/YqE.png,291,291,.png,android_res,res/YqE.png
res/YqH.xml,3492,1225,.xml,android_res,res/YqH.xml
res/Yrm.png,44995,44995,.png,android_res,res/Yrm.png
res/Yrt.webp,7844,7844,.webp,android_res,res/Yrt.webp
res/YtP.webp,1824,1824,.webp,android_res,res/YtP.webp
res/YtV.9.png,825,825,.png,android_res,res/YtV.9.png
res/Yu4.webp,1238,1238,.webp,android_res,res/Yu4.webp
res/Yue.png,4576,4576,.png,android_res,res/Yue.png
res/Yw5.xml,488,282,.xml,android_res,res/Yw5.xml
res/Yw6.xml,456,237,.xml,android_res,res/Yw6.xml
res/YwN.9.png,774,774,.png,android_res,res/YwN.9.png
res/Ywi.png,29883,29883,.png,android_res,res/Ywi.png
res/Ywn.webp,30018,30018,.webp,android_res,res/Ywn.webp
res/Yya.xml,1220,490,.xml,android_res,res/Yya.xml
res/YzP.png,13672,13672,.png,android_res,res/YzP.png
res/Yzi.webp,2380,2380,.webp,android_res,res/Yzi.webp
res/Yzy.xml,2796,908,.xml,android_res,res/Yzy.xml
res/Z-P.png,874,874,.png,android_res,res/Z-P.png
res/Z-Y.xml,688,307,.xml,android_res,res/Z-Y.xml
res/Z0Q.png,788,788,.png,android_res,res/Z0Q.png
res/Z0Q.webp,11386,11386,.webp,android_res,res/Z0Q.webp
res/Z11.png,2679,2679,.png,android_res,res/Z11.png
res/Z1M.png,374,374,.png,android_res,res/Z1M.png
res/Z1P.xml,748,357,.xml,android_res,res/Z1P.xml
res/Z1j.png,227,227,.png,android_res,res/Z1j.png
res/Z3e.png,5385,5385,.png,android_res,res/Z3e.png
res/Z40.xml,424,199,.xml,android_res,res/Z40.xml
res/Z47.png,865,865,.png,android_res,res/Z47.png
res/Z66.webp,12894,12894,.webp,android_res,res/Z66.webp
res/Z6K.xml,884,277,.xml,android_res,res/Z6K.xml
res/Z6v.xml,8440,2427,.xml,android_res,res/Z6v.xml
res/Z7V.xml,2876,1055,.xml,android_res,res/Z7V.xml
res/Z7e.xml,484,224,.xml,android_res,res/Z7e.xml
res/Z86.webp,780,780,.webp,android_res,res/Z86.webp
res/Z9G.xml,2576,1025,.xml,android_res,res/Z9G.xml
res/Z9H.png,37146,37146,.png,android_res,res/Z9H.png
res/ZAH.png,38639,38639,.png,android_res,res/ZAH.png
res/ZAJ.xml,516,244,.xml,android_res,res/ZAJ.xml
res/ZAL.png,46957,46957,.png,android_res,res/ZAL.png
res/ZB3.png,1173,1173,.png,android_res,res/ZB3.png
res/ZBG.png,6043,6043,.png,android_res,res/ZBG.png
res/ZBH.xml,8720,2109,.xml,android_res,res/ZBH.xml
res/ZBm.xml,2660,932,.xml,android_res,res/ZBm.xml
res/ZBr.png,4067,4067,.png,android_res,res/ZBr.png
res/ZCB.webp,54612,54612,.webp,android_res,res/ZCB.webp
res/ZCd.webp,36164,36164,.webp,android_res,res/ZCd.webp
res/ZDk.xml,2352,751,.xml,android_res,res/ZDk.xml
res/ZDt.xml,468,234,.xml,android_res,res/ZDt.xml
res/ZED.xml,3524,1172,.xml,android_res,res/ZED.xml
res/ZEG.png,561532,561532,.png,android_res,res/ZEG.png
res/ZEJ.png,7489,7489,.png,android_res,res/ZEJ.png
res/ZEL.png,233,233,.png,android_res,res/ZEL.png
res/ZER.xml,3780,1229,.xml,android_res,res/ZER.xml
res/ZEr.png,64587,64587,.png,android_res,res/ZEr.png
res/ZF7.xml,528,296,.xml,android_res,res/ZF7.xml
res/ZFu.webp,1956,1956,.webp,android_res,res/ZFu.webp
res/ZG7.png,6135,6135,.png,android_res,res/ZG7.png
res/ZGQ.xml,596,281,.xml,android_res,res/ZGQ.xml
res/ZGZ.xml,1132,530,.xml,android_res,res/ZGZ.xml
res/ZHi.xml,468,233,.xml,android_res,res/ZHi.xml
res/ZId.xml,1868,702,.xml,android_res,res/ZId.xml
res/ZIi.xml,3584,1105,.xml,android_res,res/ZIi.xml
res/ZJF.png,4298,4298,.png,android_res,res/ZJF.png
res/ZJL.xml,6720,1449,.xml,android_res,res/ZJL.xml
res/ZJf.xml,628,278,.xml,android_res,res/ZJf.xml
res/ZK0.png,16306,16306,.png,android_res,res/ZK0.png
res/ZK6.png,21947,21947,.png,android_res,res/ZK6.png
res/ZKZ.webp,1062,1062,.webp,android_res,res/ZKZ.webp
res/ZKs.png,2368,2368,.png,android_res,res/ZKs.png
res/ZKs1.png,7679,7679,.png,android_res,res/ZKs1.png
res/ZL-.png,3699,3699,.png,android_res,res/ZL-.png
res/ZLo.xml,3944,1246,.xml,android_res,res/ZLo.xml
res/ZM6.xml,3100,1115,.xml,android_res,res/ZM6.xml
res/ZNK.png,6433,6433,.png,android_res,res/ZNK.png
res/ZNR.png,9288,9288,.png,android_res,res/ZNR.png
res/ZOP.xml,468,229,.xml,android_res,res/ZOP.xml
res/ZOr.xml,1180,392,.xml,android_res,res/ZOr.xml
res/ZPc.png,545,545,.png,android_res,res/ZPc.png
res/ZPp.webp,310,310,.webp,android_res,res/ZPp.webp
res/ZPu.xml,1084,436,.xml,android_res,res/ZPu.xml
res/ZQ1.xml,600,291,.xml,android_res,res/ZQ1.xml
res/ZQJ.png,40856,40856,.png,android_res,res/ZQJ.png
res/ZRK.xml,4516,1432,.xml,android_res,res/ZRK.xml
res/ZRR.webp,2762,2762,.webp,android_res,res/ZRR.webp
res/ZS0.webp,4910,4910,.webp,android_res,res/ZS0.webp
res/ZSD.xml,8820,2161,.xml,android_res,res/ZSD.xml
res/ZSJ.png,54560,54560,.png,android_res,res/ZSJ.png
res/ZSf.webp,11598,11598,.webp,android_res,res/ZSf.webp
res/ZT5.xml,16152,3795,.xml,android_res,res/ZT5.xml
res/ZT7.png,9333,9333,.png,android_res,res/ZT7.png
res/ZTJ.xml,5152,1487,.xml,android_res,res/ZTJ.xml
res/ZTM.xml,1076,481,.xml,android_res,res/ZTM.xml
res/ZUf.png,21748,21748,.png,android_res,res/ZUf.png
res/ZVw.webp,2118,2118,.webp,android_res,res/ZVw.webp
res/ZW-.png,3857,3857,.png,android_res,res/ZW-.png
res/ZW8.xml,788,378,.xml,android_res,res/ZW8.xml
res/ZWy.xml,744,420,.xml,android_res,res/ZWy.xml
res/ZXY.png,36774,36774,.png,android_res,res/ZXY.png
res/ZXy.xml,1988,845,.xml,android_res,res/ZXy.xml
res/ZYD.png,26225,26225,.png,android_res,res/ZYD.png
res/ZYX.png,188,188,.png,android_res,res/ZYX.png
res/ZZL.png,4056,4056,.png,android_res,res/ZZL.png
res/ZZa.webp,1094,1094,.webp,android_res,res/ZZa.webp
res/ZZg.png,2566,2566,.png,android_res,res/ZZg.png
res/ZZi.png,2468,2468,.png,android_res,res/ZZi.png
res/ZZk.png,2768,2768,.png,android_res,res/ZZk.png
res/ZZl.png,2729,2729,.png,android_res,res/ZZl.png
res/ZZm.png,2661,2661,.png,android_res,res/ZZm.png
res/ZZn.png,2848,2848,.png,android_res,res/ZZn.png
res/ZZp.png,2442,2442,.png,android_res,res/ZZp.png
res/ZZr.png,2754,2754,.png,android_res,res/ZZr.png
res/Z_u.webp,2430,2430,.webp,android_res,res/Z_u.webp
res/Za9.xml,320,188,.xml,android_res,res/Za9.xml
res/ZaH.xml,4708,1248,.xml,android_res,res/ZaH.xml
res/Zad.webp,1822,1822,.webp,android_res,res/Zad.webp
res/ZbC.png,778,778,.png,android_res,res/ZbC.png
res/Zbh.xml,1032,450,.xml,android_res,res/Zbh.xml
res/Zd0.xml,3296,1065,.xml,android_res,res/Zd0.xml
res/ZeI.xml,8224,1727,.xml,android_res,res/ZeI.xml
res/ZeZ.png,3988,3988,.png,android_res,res/ZeZ.png
res/Zea.xml,2440,921,.xml,android_res,res/Zea.xml
res/Zey.png,3165,3165,.png,android_res,res/Zey.png
res/Zf6.xml,1708,684,.xml,android_res,res/Zf6.xml
res/ZfK.png,45528,45528,.png,android_res,res/ZfK.png
res/ZfT.png,486,486,.png,android_res,res/ZfT.png
res/ZfY.webp,8482,8482,.webp,android_res,res/ZfY.webp
res/ZgH.webp,13154,13154,.webp,android_res,res/ZgH.webp
res/Zgw.png,2956,2956,.png,android_res,res/Zgw.png
res/ZhR.png,91388,91388,.png,android_res,res/ZhR.png
res/ZiK.xml,1944,778,.xml,android_res,res/ZiK.xml
res/ZiV.9.png,107505,107505,.png,android_res,res/ZiV.9.png
res/Zjn.xml,1016,484,.xml,android_res,res/Zjn.xml
res/Zjx.webp,8398,8398,.webp,android_res,res/Zjx.webp
res/Zk0.xml,4252,1391,.xml,android_res,res/Zk0.xml
res/Zk2.png,13813,13813,.png,android_res,res/Zk2.png
res/ZkC.xml,8916,2510,.xml,android_res,res/ZkC.xml
res/ZkF.xml,3460,1176,.xml,android_res,res/ZkF.xml
res/Zkt.png,8825,8825,.png,android_res,res/Zkt.png
res/Zkz.xml,1500,545,.xml,android_res,res/Zkz.xml
res/ZlN.xml,840,347,.xml,android_res,res/ZlN.xml
res/ZlZ.webp,8786,8786,.webp,android_res,res/ZlZ.webp
res/Zlg.xml,852,443,.xml,android_res,res/Zlg.xml
res/ZmG.xml,1568,673,.xml,android_res,res/ZmG.xml
res/Zmp.xml,4612,1547,.xml,android_res,res/Zmp.xml
res/Zoo.png,4323,4323,.png,android_res,res/Zoo.png
res/Zot.xml,1824,727,.xml,android_res,res/Zot.xml
res/Zp0.png,231,231,.png,android_res,res/Zp0.png
res/Zpe.png,1770,1770,.png,android_res,res/Zpe.png
res/Zqe.xml,564,304,.xml,android_res,res/Zqe.xml
res/Zql.png,762,762,.png,android_res,res/Zql.png
res/Zr7.xml,604,314,.xml,android_res,res/Zr7.xml
res/ZrF.xml,468,231,.xml,android_res,res/ZrF.xml
res/ZrP.xml,2060,820,.xml,android_res,res/ZrP.xml
res/Zrq.xml,4972,1476,.xml,android_res,res/Zrq.xml
res/Zse.xml,848,364,.xml,android_res,res/Zse.xml
res/ZtU.png,2219,2219,.png,android_res,res/ZtU.png
res/Ztf.xml,14620,3415,.xml,android_res,res/Ztf.xml
res/Ztn.png,41370,41370,.png,android_res,res/Ztn.png
res/ZuC.png,5199,5199,.png,android_res,res/ZuC.png
res/Zuu.png,474,474,.png,android_res,res/Zuu.png
res/Zv5.png,14944,14944,.png,android_res,res/Zv5.png
res/Zv8.png,6243,6243,.png,android_res,res/Zv8.png
res/ZvR.xml,2484,886,.xml,android_res,res/ZvR.xml
res/ZvY.png,1092,1092,.png,android_res,res/ZvY.png
res/Zvz.xml,4072,1250,.xml,android_res,res/Zvz.xml
res/ZwJ.xml,448,218,.xml,android_res,res/ZwJ.xml
res/ZwM.png,633,633,.png,android_res,res/ZwM.png
res/ZwR.xml,5648,1750,.xml,android_res,res/ZwR.xml
res/Zwn.webp,4250,4250,.webp,android_res,res/Zwn.webp
res/Zx7.xml,1700,774,.xml,android_res,res/Zx7.xml
res/Zyr.png,14518,14518,.png,android_res,res/Zyr.png
res/Zyw.png,3421,3421,.png,android_res,res/Zyw.png
res/Zz7.png,1029,1029,.png,android_res,res/Zz7.png
res/ZzV.png,234,234,.png,android_res,res/ZzV.png
res/Zzd.webp,810,810,.webp,android_res,res/Zzd.webp
res/_-Q.xml,932,456,.xml,android_res,res/_-Q.xml
res/_-W.xml,7392,2101,.xml,android_res,res/_-W.xml
res/_0c.xml,2248,839,.xml,android_res,res/_0c.xml
res/_0x.png,3074,3074,.png,android_res,res/_0x.png
res/_0x1.png,1996,1996,.png,android_res,res/_0x1.png
res/_14.xml,600,283,.xml,android_res,res/_14.xml
res/_2-.xml,448,215,.xml,android_res,res/_2-.xml
res/_2K.png,1664,1664,.png,android_res,res/_2K.png
res/_2q.webp,490,490,.webp,android_res,res/_2q.webp
res/_2u.png,9344,9344,.png,android_res,res/_2u.png
res/_2v.png,2360,2360,.png,android_res,res/_2v.png
res/_3Y.webp,660,660,.webp,android_res,res/_3Y.webp
res/_3c.png,38239,38239,.png,android_res,res/_3c.png
res/_45.png,3374,3374,.png,android_res,res/_45.png
res/_4L.xml,8204,2012,.xml,android_res,res/_4L.xml
res/_4Y.xml,1352,571,.xml,android_res,res/_4Y.xml
res/_4c.xml,9440,2324,.xml,android_res,res/_4c.xml
res/_4n.webp,708,708,.webp,android_res,res/_4n.webp
res/_5K.webp,102956,102956,.webp,android_res,res/_5K.webp
res/_5W.xml,416,229,.xml,android_res,res/_5W.xml
res/_5w.xml,2848,1044,.xml,android_res,res/_5w.xml
res/_68.9.png,244,244,.png,android_res,res/_68.9.png
res/_6U.xml,2180,862,.xml,android_res,res/_6U.xml
res/_6Y.xml,2988,960,.xml,android_res,res/_6Y.xml
res/_7-.xml,492,237,.xml,android_res,res/_7-.xml
res/_7Y.png,563,563,.png,android_res,res/_7Y.png
res/_8o.webp,514,514,.webp,android_res,res/_8o.webp
res/_8u.png,3726,3726,.png,android_res,res/_8u.png
res/_8w.png,516,516,.png,android_res,res/_8w.png
res/_9d.9.png,219,219,.png,android_res,res/_9d.9.png
res/_9h.png,444,444,.png,android_res,res/_9h.png
res/_9k.xml,1428,649,.xml,android_res,res/_9k.xml
res/_A1.png,2499,2499,.png,android_res,res/_A1.png
res/_A7.xml,5288,1541,.xml,android_res,res/_A7.xml
res/_AF.png,580,580,.png,android_res,res/_AF.png
res/_AN.xml,1184,529,.xml,android_res,res/_AN.xml
res/_AW.webp,8896,8896,.webp,android_res,res/_AW.webp
res/_Ah.png,2776,2776,.png,android_res,res/_Ah.png
res/_Ak.webp,68160,68160,.webp,android_res,res/_Ak.webp
res/_An.png,5704,5704,.png,android_res,res/_An.png
res/_Aq.xml,5028,1417,.xml,android_res,res/_Aq.xml
res/_Au.png,7216,7216,.png,android_res,res/_Au.png
res/_B5.png,2000,2000,.png,android_res,res/_B5.png
res/_BP.png,1350,1350,.png,android_res,res/_BP.png
res/_DM.webp,17320,17320,.webp,android_res,res/_DM.webp
res/_Dh.png,28916,28916,.png,android_res,res/_Dh.png
res/_E5.png,1490,1490,.png,android_res,res/_E5.png
res/_EK.webp,17720,17720,.webp,android_res,res/_EK.webp
res/_FD.xml,1836,721,.xml,android_res,res/_FD.xml
res/_G2.xml,576,268,.xml,android_res,res/_G2.xml
res/_Gn.png,20917,20917,.png,android_res,res/_Gn.png
res/_In.xml,3796,1232,.xml,android_res,res/_In.xml
res/_Jt.webp,27968,27968,.webp,android_res,res/_Jt.webp
res/_L-.png,11710,11710,.png,android_res,res/_L-.png
res/_LJ.png,188,188,.png,android_res,res/_LJ.png
res/_M7.xml,3308,1090,.xml,android_res,res/_M7.xml
res/_MX.xml,5676,1619,.xml,android_res,res/_MX.xml
res/_NI.png,379,379,.png,android_res,res/_NI.png
res/_NQ.png,284,284,.png,android_res,res/_NQ.png
res/_No.png,10232,10232,.png,android_res,res/_No.png
res/_Nz.png,8861,8861,.png,android_res,res/_Nz.png
res/_P-.xml,1736,742,.xml,android_res,res/_P-.xml
res/_PV.xml,1484,616,.xml,android_res,res/_PV.xml
res/_Pj.png,691,691,.png,android_res,res/_Pj.png
res/_Pl.xml,7016,2108,.xml,android_res,res/_Pl.xml
res/_Pp.png,138205,138205,.png,android_res,res/_Pp.png
res/_Pz.webp,8312,8312,.webp,android_res,res/_Pz.webp
res/_QL.png,82648,82648,.png,android_res,res/_QL.png
res/_QN.xml,7700,2272,.xml,android_res,res/_QN.xml
res/_Rc.xml,7120,1917,.xml,android_res,res/_Rc.xml
res/_T1.xml,1840,716,.xml,android_res,res/_T1.xml
res/_T8.png,39350,39350,.png,android_res,res/_T8.png
res/_UG.webp,7232,7232,.webp,android_res,res/_UG.webp
res/_Uc.png,3047,3047,.png,android_res,res/_Uc.png
res/_Ut.png,258,258,.png,android_res,res/_Ut.png
res/_Vc.png,1248,1248,.png,android_res,res/_Vc.png
res/_Vp.png,6918,6918,.png,android_res,res/_Vp.png
res/_Vu.png,15324,15324,.png,android_res,res/_Vu.png
res/_Vx.png,1712,1712,.png,android_res,res/_Vx.png
res/_XE.png,1300,1300,.png,android_res,res/_XE.png
res/_Xd.xml,5540,1766,.xml,android_res,res/_Xd.xml
res/_Y1.png,10033,10033,.png,android_res,res/_Y1.png
res/_YA.xml,6488,1756,.xml,android_res,res/_YA.xml
res/_YY.xml,1512,692,.xml,android_res,res/_YY.xml
res/_YZ.png,12133,12133,.png,android_res,res/_YZ.png
res/_ZT.xml,3172,1304,.xml,android_res,res/_ZT.xml
res/_Zf.webp,896,896,.webp,android_res,res/_Zf.webp
res/_Zh.webp,41328,41328,.webp,android_res,res/_Zh.webp
res/__N.png,851,851,.png,android_res,res/__N.png
res/_bd.png,3984,3984,.png,android_res,res/_bd.png
res/_bp.xml,1964,818,.xml,android_res,res/_bp.xml
res/_c2.xml,2688,1074,.xml,android_res,res/_c2.xml
res/_cP.webp,8420,8420,.webp,android_res,res/_cP.webp
res/_cV.xml,2612,890,.xml,android_res,res/_cV.xml
res/_cY.webp,4780,4780,.webp,android_res,res/_cY.webp
res/_ce.xml,592,272,.xml,android_res,res/_ce.xml
res/_cp.png,2537,2537,.png,android_res,res/_cp.png
res/_d3.xml,1464,691,.xml,android_res,res/_d3.xml
res/_dF.png,2744,2744,.png,android_res,res/_dF.png
res/_dH.xml,872,421,.xml,android_res,res/_dH.xml
res/_dP.xml,2148,990,.xml,android_res,res/_dP.xml
res/_dU.xml,2940,930,.xml,android_res,res/_dU.xml
res/_dw.webp,41554,41554,.webp,android_res,res/_dw.webp
res/_dw.xml,428,244,.xml,android_res,res/_dw.xml
res/_ed.xml,2976,861,.xml,android_res,res/_ed.xml
res/_fu.xml,3712,1248,.xml,android_res,res/_fu.xml
res/_g1.png,547,547,.png,android_res,res/_g1.png
res/_gq.png,1081,1081,.png,android_res,res/_gq.png
res/_hF.webp,320,320,.webp,android_res,res/_hF.webp
res/_hO.webp,8654,8654,.webp,android_res,res/_hO.webp
res/_hk.xml,8964,2258,.xml,android_res,res/_hk.xml
res/_i0.png,3372,3372,.png,android_res,res/_i0.png
res/_i8.png,442,442,.png,android_res,res/_i8.png
res/_j0.xml,704,309,.xml,android_res,res/_j0.xml
res/_jd.xml,2640,943,.xml,android_res,res/_jd.xml
res/_jo.png,1307,1307,.png,android_res,res/_jo.png
res/_k0.webp,454,454,.webp,android_res,res/_k0.webp
res/_kE.xml,6620,1877,.xml,android_res,res/_kE.xml
res/_lL.webp,4918,4918,.webp,android_res,res/_lL.webp
res/_lj.xml,1656,430,.xml,android_res,res/_lj.xml
res/_mT.webp,3400,3400,.webp,android_res,res/_mT.webp
res/_ml.webp,458,458,.webp,android_res,res/_ml.webp
res/_nG.png,446,446,.png,android_res,res/_nG.png
res/_nP.webp,698,698,.webp,android_res,res/_nP.webp
res/_nW.xml,6732,1677,.xml,android_res,res/_nW.xml
res/_nY.png,918,918,.png,android_res,res/_nY.png
res/_ny.png,75571,75571,.png,android_res,res/_ny.png
res/_oA.webp,214390,214390,.webp,android_res,res/_oA.webp
res/_os.png,1864,1864,.png,android_res,res/_os.png
res/_p_.png,468,468,.png,android_res,res/_p_.png
res/_ps.png,11253,11253,.png,android_res,res/_ps.png
res/_pw.png,598,598,.png,android_res,res/_pw.png
res/_qO.png,622,622,.png,android_res,res/_qO.png
res/_qP.xml,808,355,.xml,android_res,res/_qP.xml
res/_qT.xml,4264,1150,.xml,android_res,res/_qT.xml
res/_s6.xml,3972,1140,.xml,android_res,res/_s6.xml
res/_uG.webp,476,476,.webp,android_res,res/_uG.webp
res/_uz.png,2676,2676,.png,android_res,res/_uz.png
res/_v1.xml,2044,776,.xml,android_res,res/_v1.xml
res/_vC.xml,464,275,.xml,android_res,res/_vC.xml
res/_vX.png,423,423,.png,android_res,res/_vX.png
res/_vf.png,2284,2284,.png,android_res,res/_vf.png
res/_vo.xml,1052,486,.xml,android_res,res/_vo.xml
res/_x1.xml,704,307,.xml,android_res,res/_x1.xml
res/_xK.xml,448,218,.xml,android_res,res/_xK.xml
res/_xL.xml,448,216,.xml,android_res,res/_xL.xml
res/_xY.xml,4736,1536,.xml,android_res,res/_xY.xml
res/_xZ.webp,107228,107228,.webp,android_res,res/_xZ.webp
res/_z1.xml,18832,3488,.xml,android_res,res/_z1.xml
res/_zI.xml,1204,562,.xml,android_res,res/_zI.xml
res/_zS.xml,1088,512,.xml,android_res,res/_zS.xml
res/_zX.png,185,185,.png,android_res,res/_zX.png
res/_zn.png,7640,7640,.png,android_res,res/_zn.png
res/a0b.png,262,262,.png,android_res,res/a0b.png
res/a0v.webp,11378,11378,.webp,android_res,res/a0v.webp
res/a1b.xml,1032,472,.xml,android_res,res/a1b.xml
res/a2T.xml,952,446,.xml,android_res,res/a2T.xml
res/a2i.png,370,370,.png,android_res,res/a2i.png
res/a2i.webp,24266,24266,.webp,android_res,res/a2i.webp
res/a4G.xml,468,229,.xml,android_res,res/a4G.xml
res/a5h.webp,5190,5190,.webp,android_res,res/a5h.webp
res/a6j.png,17382,17382,.png,android_res,res/a6j.png
res/a6m.png,753,753,.png,android_res,res/a6m.png
res/a8Z.png,82045,82045,.png,android_res,res/a8Z.png
res/a9K.webp,62982,62982,.webp,android_res,res/a9K.webp
res/a9T.xml,5068,1570,.xml,android_res,res/a9T.xml
res/aA6.png,4670,4670,.png,android_res,res/aA6.png
res/aAU.xml,612,309,.xml,android_res,res/aAU.xml
res/aAp.png,276,276,.png,android_res,res/aAp.png
res/aBe.xml,2408,981,.xml,android_res,res/aBe.xml
res/aBh.png,535,535,.png,android_res,res/aBh.png
res/aCc.png,476,476,.png,android_res,res/aCc.png
res/aCt.xml,1148,459,.xml,android_res,res/aCt.xml
res/aD0.webp,2164,2164,.webp,android_res,res/aD0.webp
res/aDJ.png,18157,18157,.png,android_res,res/aDJ.png
res/aDg.xml,1964,841,.xml,android_res,res/aDg.xml
res/aDv.png,1704,1704,.png,android_res,res/aDv.png
res/aDw.xml,716,324,.xml,android_res,res/aDw.xml
res/aEF.xml,2920,1156,.xml,android_res,res/aEF.xml
res/aEX.xml,3756,1216,.xml,android_res,res/aEX.xml
res/aEc.xml,6292,1933,.xml,android_res,res/aEc.xml
res/aF5.png,37817,37817,.png,android_res,res/aF5.png
res/aFf.png,261,261,.png,android_res,res/aFf.png
res/aFz.webp,25864,25864,.webp,android_res,res/aFz.webp
res/aG7.xml,3528,1134,.xml,android_res,res/aG7.xml
res/aGP.xml,448,216,.xml,android_res,res/aGP.xml
res/aGZ.png,887,887,.png,android_res,res/aGZ.png
res/aHc.xml,600,283,.xml,android_res,res/aHc.xml
res/aHz.png,7180,7180,.png,android_res,res/aHz.png
res/aIN.webp,14002,14002,.webp,android_res,res/aIN.webp
res/aJx.webp,41176,41176,.webp,android_res,res/aJx.webp
res/aKp.xml,1236,592,.xml,android_res,res/aKp.xml
res/aMC.png,46626,46626,.png,android_res,res/aMC.png
res/aMS.png,3056,3056,.png,android_res,res/aMS.png
res/aNZ.webp,6146,6146,.webp,android_res,res/aNZ.webp
res/aNd.webp,3078,3078,.webp,android_res,res/aNd.webp
res/aOF.xml,372,225,.xml,android_res,res/aOF.xml
res/aOh.webp,620,620,.webp,android_res,res/aOh.webp
res/aOv.xml,704,310,.xml,android_res,res/aOv.xml
res/aP9.xml,2188,886,.xml,android_res,res/aP9.xml
res/aPf.xml,628,262,.xml,android_res,res/aPf.xml
res/aQ8.webp,816,816,.webp,android_res,res/aQ8.webp
res/aQB.png,22032,22032,.png,android_res,res/aQB.png
res/aQW.png,9001,9001,.png,android_res,res/aQW.png
res/aRh.png,2933,2933,.png,android_res,res/aRh.png
res/aRv.xml,984,445,.xml,android_res,res/aRv.xml
res/aSG.xml,3440,1252,.xml,android_res,res/aSG.xml
res/aSn.png,2718,2718,.png,android_res,res/aSn.png
res/aUL.png,537,537,.png,android_res,res/aUL.png
res/aUl.xml,736,310,.xml,android_res,res/aUl.xml
res/aV2.png,5772,5772,.png,android_res,res/aV2.png
res/aVK.webp,121136,121136,.webp,android_res,res/aVK.webp
res/aVc.png,487,487,.png,android_res,res/aVc.png
res/aW1.png,3172,3172,.png,android_res,res/aW1.png
res/aWE.webp,3738,3738,.webp,android_res,res/aWE.webp
res/aWS.xml,4440,1399,.xml,android_res,res/aWS.xml
res/aWg.xml,3512,1042,.xml,android_res,res/aWg.xml
res/aXb.png,35465,35465,.png,android_res,res/aXb.png
res/aXp.xml,14016,3098,.xml,android_res,res/aXp.xml
res/aYF.xml,484,228,.xml,android_res,res/aYF.xml
res/aYW.xml,3260,1216,.xml,android_res,res/aYW.xml
res/aYp.png,8178,8178,.png,android_res,res/aYp.png
res/aYw.webp,3522,3522,.webp,android_res,res/aYw.webp
res/aZJ.xml,5636,1719,.xml,android_res,res/aZJ.xml
res/a_0.png,7769,7769,.png,android_res,res/a_0.png
res/a_E.webp,316,316,.webp,android_res,res/a_E.webp
res/a_i.png,610,610,.png,android_res,res/a_i.png
res/aaC.xml,1576,690,.xml,android_res,res/aaC.xml
res/abT.png,8141,8141,.png,android_res,res/abT.png
res/abo.webp,562,562,.webp,android_res,res/abo.webp
res/abv.xml,7496,1593,.xml,android_res,res/abv.xml
res/ac6.xml,880,425,.xml,android_res,res/ac6.xml
res/acm.xml,704,350,.xml,android_res,res/acm.xml
res/adW.webp,13682,13682,.webp,android_res,res/adW.webp
res/adg.png,35776,35776,.png,android_res,res/adg.png
res/aeU.png,1614,1614,.png,android_res,res/aeU.png
res/ae_.png,1358,1358,.png,android_res,res/ae_.png
res/aej.png,676,676,.png,android_res,res/aej.png
res/aew.xml,1568,617,.xml,android_res,res/aew.xml
res/afY.png,7350,7350,.png,android_res,res/afY.png
res/afZ.png,7770,7770,.png,android_res,res/afZ.png
res/afn.png,6127,6127,.png,android_res,res/afn.png
res/agS.xml,468,230,.xml,android_res,res/agS.xml
res/age.xml,10392,2787,.xml,android_res,res/age.xml
res/ah5.xml,1596,726,.xml,android_res,res/ah5.xml
res/ah6.xml,752,388,.xml,android_res,res/ah6.xml
res/ahK.png,7337,7337,.png,android_res,res/ahK.png
res/ahL.xml,23252,4809,.xml,android_res,res/ahL.xml
res/ahO.png,50090,50090,.png,android_res,res/ahO.png
res/ahU.xml,2904,953,.xml,android_res,res/ahU.xml
res/ahg.xml,1664,702,.xml,android_res,res/ahg.xml
res/ai-.xml,1116,378,.xml,android_res,res/ai-.xml
res/ai6.webp,4046,4046,.webp,android_res,res/ai6.webp
res/aiN.webp,43128,43128,.webp,android_res,res/aiN.webp
res/ajB.xml,8784,2417,.xml,android_res,res/ajB.xml
res/ajC.png,2282,2282,.png,android_res,res/ajC.png
res/ajE.png,4342,4342,.png,android_res,res/ajE.png
res/ajz.xml,400,236,.xml,android_res,res/ajz.xml
res/ak3.png,1255,1255,.png,android_res,res/ak3.png
res/ak31.png,436,436,.png,android_res,res/ak31.png
res/ak6.png,43310,43310,.png,android_res,res/ak6.png
res/akN.xml,19008,4042,.xml,android_res,res/akN.xml
res/akU.png,7973,7973,.png,android_res,res/akU.png
res/akb.xml,2772,1017,.xml,android_res,res/akb.xml
res/ams.xml,984,476,.xml,android_res,res/ams.xml
res/amv.xml,484,227,.xml,android_res,res/amv.xml
res/anm.png,264,264,.png,android_res,res/anm.png
res/apA.xml,1036,475,.xml,android_res,res/apA.xml
res/apI.ttf,220600,97865,.ttf,android_res,res/apI.ttf
res/apK.png,12154,12154,.png,android_res,res/apK.png
res/apw.webp,44746,44746,.webp,android_res,res/apw.webp
res/arA.webp,732,732,.webp,android_res,res/arA.webp
res/arK.png,88281,88281,.png,android_res,res/arK.png
res/asP.xml,3516,1164,.xml,android_res,res/asP.xml
res/asd.png,9919,9919,.png,android_res,res/asd.png
res/atK.png,8462,8462,.png,android_res,res/atK.png
res/auJ.png,217207,217207,.png,android_res,res/auJ.png
res/auQ.xml,9896,2537,.xml,android_res,res/auQ.xml
res/aup.9.png,229,229,.png,android_res,res/aup.9.png
res/avk.png,4177,4177,.png,android_res,res/avk.png
res/awc.png,2039,2039,.png,android_res,res/awc.png
res/axv.xml,464,231,.xml,android_res,res/axv.xml
res/ay1.png,72823,72823,.png,android_res,res/ay1.png
res/ay2.png,5898,5898,.png,android_res,res/ay2.png
res/ayf.webp,790,790,.webp,android_res,res/ayf.webp
res/az2.9.png,11237,11237,.png,android_res,res/az2.9.png
res/azi.webp,12778,12778,.webp,android_res,res/azi.webp
res/b-4.xml,1660,738,.xml,android_res,res/b-4.xml
res/b-p.png,707,707,.png,android_res,res/b-p.png
res/b07.xml,3604,1170,.xml,android_res,res/b07.xml
res/b0a.xml,908,365,.xml,android_res,res/b0a.xml
res/b0e.png,46890,46890,.png,android_res,res/b0e.png
res/b1Z.xml,3364,1085,.xml,android_res,res/b1Z.xml
res/b1g.png,2342,2342,.png,android_res,res/b1g.png
res/b2-.xml,1136,475,.xml,android_res,res/b2-.xml
res/b2n.png,25262,25262,.png,android_res,res/b2n.png
res/b3J.xml,3208,1146,.xml,android_res,res/b3J.xml
res/b3l.png,2693,2693,.png,android_res,res/b3l.png
res/b4A.xml,2972,1097,.xml,android_res,res/b4A.xml
res/b4S.xml,1148,373,.xml,android_res,res/b4S.xml
res/b4Y.webp,1172,1172,.webp,android_res,res/b4Y.webp
res/b54.xml,5224,1265,.xml,android_res,res/b54.xml
res/b5C.webp,15676,15676,.webp,android_res,res/b5C.webp
res/b6M.png,2059,2059,.png,android_res,res/b6M.png
res/b79.png,2945,2945,.png,android_res,res/b79.png
res/b7r.png,3073,3073,.png,android_res,res/b7r.png
res/b81.png,2316,2316,.png,android_res,res/b81.png
res/b8E.xml,860,386,.xml,android_res,res/b8E.xml
res/b90.xml,1020,536,.xml,android_res,res/b90.xml
res/b9B.png,412,412,.png,android_res,res/b9B.png
res/b9K.xml,492,279,.xml,android_res,res/b9K.xml
res/b9L.webp,21848,21848,.webp,android_res,res/b9L.webp
res/b9c.xml,2412,1027,.xml,android_res,res/b9c.xml
res/bAm.png,1441,1441,.png,android_res,res/bAm.png
res/bBU.png,607,607,.png,android_res,res/bBU.png
res/bC1.9.png,776,776,.png,android_res,res/bC1.9.png
res/bCe.xml,132,75,.xml,android_res,res/bCe.xml
res/bCi.png,4607,4607,.png,android_res,res/bCi.png
res/bD5.xml,2772,957,.xml,android_res,res/bD5.xml
res/bD7.xml,4616,1359,.xml,android_res,res/bD7.xml
res/bD8.webp,310,310,.webp,android_res,res/bD8.webp
res/bDX.xml,5820,1347,.xml,android_res,res/bDX.xml
res/bDb.png,50901,50901,.png,android_res,res/bDb.png
res/bEh.xml,456,235,.xml,android_res,res/bEh.xml
res/bFV.xml,1948,863,.xml,android_res,res/bFV.xml
res/bFf.xml,3556,1182,.xml,android_res,res/bFf.xml
res/bGS.png,1353,1353,.png,android_res,res/bGS.png
res/bGd.webp,2734,2734,.webp,android_res,res/bGd.webp
res/bGx.png,34865,34865,.png,android_res,res/bGx.png
res/bH-.png,5393,5393,.png,android_res,res/bH-.png
res/bH0.png,8014,8014,.png,android_res,res/bH0.png
res/bH1.png,6272,6272,.png,android_res,res/bH1.png
res/bH3.png,8212,8212,.png,android_res,res/bH3.png
res/bH4.png,6205,6205,.png,android_res,res/bH4.png
res/bH5.png,7257,7257,.png,android_res,res/bH5.png
res/bH7.png,5548,5548,.png,android_res,res/bH7.png
res/bH9.xml,536,273,.xml,android_res,res/bH9.xml
res/bHM.webp,4216,4216,.webp,android_res,res/bHM.webp
res/bHQ.png,114830,114830,.png,android_res,res/bHQ.png
res/bHu.xml,772,374,.xml,android_res,res/bHu.xml
res/bIO.png,4114,4114,.png,android_res,res/bIO.png
res/bJc.xml,2480,900,.xml,android_res,res/bJc.xml
res/bJj.png,3978,3978,.png,android_res,res/bJj.png
res/bK9.9.png,776,776,.png,android_res,res/bK9.9.png
res/bKw.xml,5768,1726,.xml,android_res,res/bKw.xml
res/bLL.xml,532,271,.xml,android_res,res/bLL.xml
res/bLQ.xml,1896,688,.xml,android_res,res/bLQ.xml
res/bMC.9.png,1238,1238,.png,android_res,res/bMC.9.png
res/bMM.webp,2436,2436,.webp,android_res,res/bMM.webp
res/bN2.webp,3994,3994,.webp,android_res,res/bN2.webp
res/bNZ.xml,812,286,.xml,android_res,res/bNZ.xml
res/bPE.xml,860,386,.xml,android_res,res/bPE.xml
res/bPI.xml,2612,948,.xml,android_res,res/bPI.xml
res/bPY.xml,1160,441,.xml,android_res,res/bPY.xml
res/bR8.png,323,323,.png,android_res,res/bR8.png
res/bRY.xml,912,422,.xml,android_res,res/bRY.xml
res/bSD.webp,4296,4296,.webp,android_res,res/bSD.webp
res/bSk.png,1285,1285,.png,android_res,res/bSk.png
res/bSt.png,2193,2193,.png,android_res,res/bSt.png
res/bT3.xml,1888,512,.xml,android_res,res/bT3.xml
res/bTd.png,5863,5863,.png,android_res,res/bTd.png
res/bTw.webp,33316,33316,.webp,android_res,res/bTw.webp
res/bTy.png,31381,31381,.png,android_res,res/bTy.png
res/bUL.webp,1602,1602,.webp,android_res,res/bUL.webp
res/bVN.xml,6328,1905,.xml,android_res,res/bVN.xml
res/bVP.webp,5164,5164,.webp,android_res,res/bVP.webp
res/bVW.webp,5372,5372,.webp,android_res,res/bVW.webp
res/bWN.png,228,228,.png,android_res,res/bWN.png
res/bWn.png,67,67,.png,android_res,res/bWn.png
res/bXX.webp,7170,7170,.webp,android_res,res/bXX.webp
res/bXt.png,4247,4247,.png,android_res,res/bXt.png
res/bY5.webp,4106,4106,.webp,android_res,res/bY5.webp
res/bZA.xml,1344,601,.xml,android_res,res/bZA.xml
res/bZC.png,525,525,.png,android_res,res/bZC.png
res/b_3.webp,3430,3430,.webp,android_res,res/b_3.webp
res/b_t.xml,3752,1187,.xml,android_res,res/b_t.xml
res/baU.png,15948,15948,.png,android_res,res/baU.png
res/bbd.png,39953,39953,.png,android_res,res/bbd.png
res/bbo.xml,1172,462,.xml,android_res,res/bbo.xml
res/bbu.xml,576,293,.xml,android_res,res/bbu.xml
res/bcH.png,1048,1048,.png,android_res,res/bcH.png
res/bdS.xml,584,239,.xml,android_res,res/bdS.xml
res/bdj.webp,3704,3704,.webp,android_res,res/bdj.webp
res/bdu.png,12895,12895,.png,android_res,res/bdu.png
res/beA.webp,7612,7612,.webp,android_res,res/beA.webp
res/beX.png,10316,10316,.png,android_res,res/beX.png
res/be_.webp,292016,292016,.webp,android_res,res/be_.webp
res/bg7.xml,408,206,.xml,android_res,res/bg7.xml
res/bgC.webp,1320,1320,.webp,android_res,res/bgC.webp
res/bgK.png,4017,4017,.png,android_res,res/bgK.png
res/bgt.webp,624,624,.webp,android_res,res/bgt.webp
res/bh-.xml,1896,808,.xml,android_res,res/bh-.xml
res/bh8.png,1853,1853,.png,android_res,res/bh8.png
res/bj-.xml,776,387,.xml,android_res,res/bj-.xml
res/bkG.png,1962,1962,.png,android_res,res/bkG.png
res/blN.webp,23502,23502,.webp,android_res,res/blN.webp
res/ble.xml,740,338,.xml,android_res,res/ble.xml
res/bli.png,853,853,.png,android_res,res/bli.png
res/blk.xml,1828,735,.xml,android_res,res/blk.xml
res/blv.png,2301,2301,.png,android_res,res/blv.png
res/bmT.png,1638,1638,.png,android_res,res/bmT.png
res/bmV.xml,1896,828,.xml,android_res,res/bmV.xml
res/bmZ.png,26331,26331,.png,android_res,res/bmZ.png
res/bma.png,432,432,.png,android_res,res/bma.png
res/bme.webp,984,984,.webp,android_res,res/bme.webp
res/bnj.webp,1684,1684,.webp,android_res,res/bnj.webp
res/bnl.png,5296,5296,.png,android_res,res/bnl.png
res/bnq.png,1035,1035,.png,android_res,res/bnq.png
res/bny.xml,400,216,.xml,android_res,res/bny.xml
res/boS.png,4491,4491,.png,android_res,res/boS.png
res/box.xml,564,301,.xml,android_res,res/box.xml
res/bp5.png,19173,19173,.png,android_res,res/bp5.png
res/bpN.png,15815,15815,.png,android_res,res/bpN.png
res/bqB.9.png,1347,1347,.png,android_res,res/bqB.9.png
res/bqV.png,375,375,.png,android_res,res/bqV.png
res/bqW.webp,524,524,.webp,android_res,res/bqW.webp
res/bqZ.png,95,95,.png,android_res,res/bqZ.png
res/bqw.png,7178,7178,.png,android_res,res/bqw.png
res/bqw.xml,520,231,.xml,android_res,res/bqw.xml
res/brX.png,2105,2105,.png,android_res,res/brX.png
res/brb.webp,11602,11602,.webp,android_res,res/brb.webp
res/bsR.webp,3732,3732,.webp,android_res,res/bsR.webp
res/bsg.png,83176,83176,.png,android_res,res/bsg.png
res/bsm.png,894,894,.png,android_res,res/bsm.png
res/btT.png,3248,3248,.png,android_res,res/btT.png
res/bta.xml,2628,1009,.xml,android_res,res/bta.xml
res/bur.xml,6448,1819,.xml,android_res,res/bur.xml
res/buv.9.png,186,186,.png,android_res,res/buv.9.png
res/bvt.png,3248,3248,.png,android_res,res/bvt.png
res/bwP.png,16372,16372,.png,android_res,res/bwP.png
res/bwg.xml,484,226,.xml,android_res,res/bwg.xml
res/bwl.webp,90,90,.webp,android_res,res/bwl.webp
res/bxB.xml,1000,465,.xml,android_res,res/bxB.xml
res/by9.webp,5648,5648,.webp,android_res,res/by9.webp
res/byt.xml,872,370,.xml,android_res,res/byt.xml
res/bz7.xml,680,362,.xml,android_res,res/bz7.xml
res/bzg.xml,1964,799,.xml,android_res,res/bzg.xml
res/c-G.png,3115,3115,.png,android_res,res/c-G.png
res/c-S.xml,4496,1412,.xml,android_res,res/c-S.xml
res/c-s.png,126094,126094,.png,android_res,res/c-s.png
res/c02.webp,1188,1188,.webp,android_res,res/c02.webp
res/c021.webp,21194,21194,.webp,android_res,res/c021.webp
res/c0U.png,743,743,.png,android_res,res/c0U.png
res/c0W.png,2027,2027,.png,android_res,res/c0W.png
res/c0_.xml,1036,481,.xml,android_res,res/c0_.xml
res/c1G.xml,264,155,.xml,android_res,res/c1G.xml
res/c1Q.webp,504,504,.webp,android_res,res/c1Q.webp
res/c1z.png,895,895,.png,android_res,res/c1z.png
res/c3W.png,3055,3055,.png,android_res,res/c3W.png
res/c3k.webp,33012,33012,.webp,android_res,res/c3k.webp
res/c3s.png,750,750,.png,android_res,res/c3s.png
res/c3t.png,7408,7408,.png,android_res,res/c3t.png
res/c3w.xml,2196,790,.xml,android_res,res/c3w.xml
res/c4l.png,276,276,.png,android_res,res/c4l.png
res/c4o.xml,616,299,.xml,android_res,res/c4o.xml
res/c51.png,491,491,.png,android_res,res/c51.png
res/c66.png,250,250,.png,android_res,res/c66.png
res/c7T.png,147,147,.png,android_res,res/c7T.png
res/c7c.png,2307,2307,.png,android_res,res/c7c.png
res/c7r.png,3053,3053,.png,android_res,res/c7r.png
res/c8M.png,2411,2411,.png,android_res,res/c8M.png
res/c9D.xml,4492,1444,.xml,android_res,res/c9D.xml
res/c9L.xml,880,410,.xml,android_res,res/c9L.xml
res/c9c.png,905,905,.png,android_res,res/c9c.png
res/c9n.png,21254,21254,.png,android_res,res/c9n.png
res/cAd.png,15663,15663,.png,android_res,res/cAd.png
res/cAn.xml,2016,807,.xml,android_res,res/cAn.xml
res/cAn1.xml,888,428,.xml,android_res,res/cAn1.xml
res/cCS.xml,12808,2957,.xml,android_res,res/cCS.xml
res/cCj.png,416,416,.png,android_res,res/cCj.png
res/cDm.png,95210,95210,.png,android_res,res/cDm.png
res/cDs.png,535,535,.png,android_res,res/cDs.png
res/cE3.xml,792,406,.xml,android_res,res/cE3.xml
res/cE7.xml,23544,4243,.xml,android_res,res/cE7.xml
res/cEI.xml,2124,827,.xml,android_res,res/cEI.xml
res/cEQ.webp,1698,1698,.webp,android_res,res/cEQ.webp
res/cEt.png,1151,1151,.png,android_res,res/cEt.png
res/cF7.xml,7756,2219,.xml,android_res,res/cF7.xml
res/cFH.png,27628,27628,.png,android_res,res/cFH.png
res/cFc.webp,1796,1796,.webp,android_res,res/cFc.webp
res/cHC.webp,10848,10848,.webp,android_res,res/cHC.webp
res/cHd.xml,564,304,.xml,android_res,res/cHd.xml
res/cIg.xml,484,224,.xml,android_res,res/cIg.xml
res/cJN.xml,792,277,.xml,android_res,res/cJN.xml
res/cJO.xml,3504,1162,.xml,android_res,res/cJO.xml
res/cJP.png,2143,2143,.png,android_res,res/cJP.png
res/cKR.webp,9258,9258,.webp,android_res,res/cKR.webp
res/cLN.png,501,501,.png,android_res,res/cLN.png
res/cLa.png,98164,98164,.png,android_res,res/cLa.png
res/cLj.xml,576,268,.xml,android_res,res/cLj.xml
res/cMH.9.png,417,417,.png,android_res,res/cMH.9.png
res/cMK.xml,2660,1125,.xml,android_res,res/cMK.xml
res/cNG.xml,8208,1681,.xml,android_res,res/cNG.xml
res/cNS.xml,336,182,.xml,android_res,res/cNS.xml
res/cOp.png,934,934,.png,android_res,res/cOp.png
res/cQL.png,250,250,.png,android_res,res/cQL.png
res/cQa.png,2027,2027,.png,android_res,res/cQa.png
res/cQd.xml,6388,1697,.xml,android_res,res/cQd.xml
res/cQq.xml,488,227,.xml,android_res,res/cQq.xml
res/cS_.png,21906,21906,.png,android_res,res/cS_.png
res/cT-.xml,9840,2786,.xml,android_res,res/cT-.xml
res/cTb.png,11096,11096,.png,android_res,res/cTb.png
res/cTb.xml,3784,1158,.xml,android_res,res/cTb.xml
res/cV1.webp,904,904,.webp,android_res,res/cV1.webp
res/cV3.png,327,327,.png,android_res,res/cV3.png
res/cVN.xml,564,281,.xml,android_res,res/cVN.xml
res/cW4.xml,2720,793,.xml,android_res,res/cW4.xml
res/cW_.png,1113,1113,.png,android_res,res/cW_.png
res/cWf.png,1664,1664,.png,android_res,res/cWf.png
res/cWn.webp,4400,4400,.webp,android_res,res/cWn.webp
res/cYW.xml,6732,1841,.xml,android_res,res/cYW.xml
res/cZL.png,11754,11754,.png,android_res,res/cZL.png
res/c_O.png,1640,1640,.png,android_res,res/c_O.png
res/c_W.webp,1280,1280,.webp,android_res,res/c_W.webp
res/c__.webp,200,200,.webp,android_res,res/c__.webp
res/c_f.xml,1780,749,.xml,android_res,res/c_f.xml
res/c_k.png,5865,5865,.png,android_res,res/c_k.png
res/caH.png,79123,79123,.png,android_res,res/caH.png
res/caZ.9.png,286,286,.png,android_res,res/caZ.9.png
res/cb8.png,7275,7275,.png,android_res,res/cb8.png
res/cc9.png,503,503,.png,android_res,res/cc9.png
res/cc9.webp,117724,117724,.webp,android_res,res/cc9.webp
res/ccJ.webp,35772,35772,.webp,android_res,res/ccJ.webp
res/ccQ.xml,468,231,.xml,android_res,res/ccQ.xml
res/ccs.png,1902,1902,.png,android_res,res/ccs.png
res/cd-.png,1054,1054,.png,android_res,res/cd-.png
res/cdO.xml,5256,1593,.xml,android_res,res/cdO.xml
res/cdv.png,1144,1144,.png,android_res,res/cdv.png
res/ce-.png,5737,5737,.png,android_res,res/ce-.png
res/ceJ.png,27398,27398,.png,android_res,res/ceJ.png
res/ces.xml,2144,901,.xml,android_res,res/ces.xml
res/cfC.png,2820,2820,.png,android_res,res/cfC.png
res/cfF.png,57991,57991,.png,android_res,res/cfF.png
res/cfR.webp,3440,3440,.webp,android_res,res/cfR.webp
res/cfV.png,1271,1271,.png,android_res,res/cfV.png
res/cfZ.png,5106,5106,.png,android_res,res/cfZ.png
res/cff.xml,872,388,.xml,android_res,res/cff.xml
res/cg3.xml,1628,643,.xml,android_res,res/cg3.xml
res/cgQ.png,4009,4009,.png,android_res,res/cgQ.png
res/chL.webp,43584,43584,.webp,android_res,res/chL.webp
res/chT.xml,2420,857,.xml,android_res,res/chT.xml
res/chX.xml,2492,919,.xml,android_res,res/chX.xml
res/chh.png,1294,1294,.png,android_res,res/chh.png
res/chs.xml,1844,720,.xml,android_res,res/chs.xml
res/chw.9.png,352,352,.png,android_res,res/chw.9.png
res/ci-.png,3233,3233,.png,android_res,res/ci-.png
res/ci8.png,38103,38103,.png,android_res,res/ci8.png
res/cj5.png,3658,3658,.png,android_res,res/cj5.png
res/cjA.xml,2028,788,.xml,android_res,res/cjA.xml
res/ckK.png,181922,181922,.png,android_res,res/ckK.png
res/ckX.webp,19560,19560,.webp,android_res,res/ckX.webp
res/ckn.xml,1432,593,.xml,android_res,res/ckn.xml
res/ckv.png,7131,7131,.png,android_res,res/ckv.png
res/ckv.webp,708,708,.webp,android_res,res/ckv.webp
res/cl9.xml,5572,1554,.xml,android_res,res/cl9.xml
res/clS.xml,3424,1205,.xml,android_res,res/clS.xml
res/cmQ.png,1843,1843,.png,android_res,res/cmQ.png
res/cnB.png,55254,55254,.png,android_res,res/cnB.png
res/cns.xml,616,321,.xml,android_res,res/cns.xml
res/cns1.xml,788,335,.xml,android_res,res/cns1.xml
res/coR.xml,2592,952,.xml,android_res,res/coR.xml
res/color-night-v8/material_timepicker_button_stroke.xml,376,206,.xml,android_res,res/color-night-v8
res/color-night-v8/material_timepicker_clockface.xml,376,205,.xml,android_res,res/color-night-v8
res/color-night-v8/material_timepicker_modebutton_tint.xml,340,180,.xml,android_res,res/color-night-v8
res/color-v23/abc_btn_colored_borderless_text_material.xml,500,242,.xml,android_res,res/color-v23
res/color-v23/abc_btn_colored_text_material.xml,500,242,.xml,android_res,res/color-v23
res/color-v23/abc_color_highlight_material.xml,544,258,.xml,android_res,res/color-v23
res/color-v23/abc_tint_btn_checkable.xml,624,273,.xml,android_res,res/color-v23
res/color-v23/abc_tint_default.xml,1120,369,.xml,android_res,res/color-v23
res/color-v23/abc_tint_edittext.xml,668,283,.xml,android_res,res/color-v23
res/color-v23/abc_tint_seek_thumb.xml,500,240,.xml,android_res,res/color-v23
res/color-v23/abc_tint_spinner.xml,668,283,.xml,android_res,res/color-v23
res/color-v23/abc_tint_switch_track.xml,664,282,.xml,android_res,res/color-v23
res/color/abc_background_cache_hint_selector_material_dark.xml,468,229,.xml,android_res,res/color
res/color/abc_background_cache_hint_selector_material_light.xml,468,230,.xml,android_res,res/color
res/color/abc_hint_foreground_material_dark.xml,564,261,.xml,android_res,res/color
res/color/abc_hint_foreground_material_light.xml,564,261,.xml,android_res,res/color
res/color/abc_primary_text_disable_only_material_dark.xml,464,228,.xml,android_res,res/color
res/color/abc_primary_text_disable_only_material_light.xml,464,228,.xml,android_res,res/color
res/color/abc_primary_text_material_dark.xml,464,228,.xml,android_res,res/color
res/color/abc_primary_text_material_light.xml,464,228,.xml,android_res,res/color
res/color/abc_search_url_text.xml,588,249,.xml,android_res,res/color
res/color/abc_secondary_text_material_dark.xml,464,229,.xml,android_res,res/color
res/color/abc_secondary_text_material_light.xml,464,229,.xml,android_res,res/color
res/color/checkbox_themeable_attribute_color.xml,464,228,.xml,android_res,res/color
res/color/color_employ_count.xml,464,231,.xml,android_res,res/color
res/color/color_gemstone_time.xml,464,228,.xml,android_res,res/color
res/color/design_box_stroke_color.xml,712,285,.xml,android_res,res/color
res/color/design_error.xml,464,229,.xml,android_res,res/color
res/color/design_icon_tint.xml,376,207,.xml,android_res,res/color
res/color/dracula_bottom_toolbar_apply.xml,464,229,.xml,android_res,res/color
res/color/dracula_bottom_toolbar_preview.xml,464,229,.xml,android_res,res/color
res/color/dracula_preview_bottom_toolbar_apply.xml,464,229,.xml,android_res,res/color
res/color/material_cursor_color.xml,340,179,.xml,android_res,res/color
res/color/material_on_background_disabled.xml,376,203,.xml,android_res,res/color
res/color/material_on_background_emphasis_high_type.xml,376,202,.xml,android_res,res/color
res/color/material_on_background_emphasis_medium.xml,376,202,.xml,android_res,res/color
res/color/material_on_primary_disabled.xml,376,202,.xml,android_res,res/color
res/color/material_on_primary_emphasis_high_type.xml,376,202,.xml,android_res,res/color
res/color/material_on_primary_emphasis_medium.xml,376,202,.xml,android_res,res/color
res/color/material_on_surface_disabled.xml,376,202,.xml,android_res,res/color
res/color/material_on_surface_emphasis_high_type.xml,376,202,.xml,android_res,res/color
res/color/material_on_surface_emphasis_medium.xml,376,201,.xml,android_res,res/color
res/color/material_on_surface_stroke.xml,376,205,.xml,android_res,res/color
res/color/material_slider_active_tick_marks_color.xml,520,254,.xml,android_res,res/color
res/color/material_slider_active_track_color.xml,500,246,.xml,android_res,res/color
res/color/material_slider_halo_color.xml,500,251,.xml,android_res,res/color
res/color/material_slider_inactive_tick_marks_color.xml,520,256,.xml,android_res,res/color
res/color/material_slider_inactive_track_color.xml,520,253,.xml,android_res,res/color
res/color/material_slider_thumb_color.xml,500,247,.xml,android_res,res/color
res/color/material_timepicker_button_background.xml,500,249,.xml,android_res,res/color
res/color/material_timepicker_button_stroke.xml,376,206,.xml,android_res,res/color
res/color/material_timepicker_clock_text_color.xml,464,227,.xml,android_res,res/color
res/color/material_timepicker_clockface.xml,376,204,.xml,android_res,res/color
res/color/material_timepicker_modebutton_tint.xml,376,203,.xml,android_res,res/color
res/color/mtrl_btn_bg_color_selector.xml,500,247,.xml,android_res,res/color
res/color/mtrl_btn_ripple_color.xml,948,321,.xml,android_res,res/color
res/color/mtrl_btn_stroke_color_selector.xml,520,251,.xml,android_res,res/color
res/color/mtrl_btn_text_btn_bg_color_selector.xml,520,249,.xml,android_res,res/color
res/color/mtrl_btn_text_btn_ripple_color.xml,948,322,.xml,android_res,res/color
res/color/mtrl_btn_text_color_selector.xml,500,247,.xml,android_res,res/color
res/color/mtrl_calendar_item_stroke_color.xml,808,316,.xml,android_res,res/color
res/color/mtrl_calendar_selected_range.xml,376,205,.xml,android_res,res/color
res/color/mtrl_card_view_foreground.xml,788,309,.xml,android_res,res/color
res/color/mtrl_card_view_ripple.xml,768,314,.xml,android_res,res/color
res/color/mtrl_chip_background_color.xml,848,315,.xml,android_res,res/color
res/color/mtrl_chip_close_icon_tint.xml,1092,349,.xml,android_res,res/color
res/color/mtrl_chip_surface_color.xml,340,180,.xml,android_res,res/color
res/color/mtrl_chip_text_color.xml,520,256,.xml,android_res,res/color
res/color/mtrl_choice_chip_background_color.xml,848,316,.xml,android_res,res/color
res/color/mtrl_choice_chip_ripple_color.xml,948,325,.xml,android_res,res/color
res/color/mtrl_choice_chip_text_color.xml,808,309,.xml,android_res,res/color
res/color/mtrl_error.xml,464,228,.xml,android_res,res/color
res/color/mtrl_fab_bg_color_selector.xml,500,247,.xml,android_res,res/color
res/color/mtrl_fab_icon_text_color_selector.xml,500,247,.xml,android_res,res/color
res/color/mtrl_fab_ripple_color.xml,948,321,.xml,android_res,res/color
res/color/mtrl_filled_background_color.xml,808,310,.xml,android_res,res/color
res/color/mtrl_filled_icon_tint.xml,644,286,.xml,android_res,res/color
res/color/mtrl_filled_stroke_color.xml,788,321,.xml,android_res,res/color
res/color/mtrl_indicator_text_color.xml,520,252,.xml,android_res,res/color
res/color/mtrl_navigation_bar_colored_item_tint.xml,520,247,.xml,android_res,res/color
res/color/mtrl_navigation_bar_colored_ripple_color.xml,948,332,.xml,android_res,res/color
res/color/mtrl_navigation_bar_item_tint.xml,520,250,.xml,android_res,res/color
res/color/mtrl_navigation_bar_ripple_color.xml,1672,418,.xml,android_res,res/color
res/color/mtrl_navigation_item_background_color.xml,644,278,.xml,android_res,res/color
res/color/mtrl_navigation_item_icon_tint.xml,624,280,.xml,android_res,res/color
res/color/mtrl_navigation_item_text_color.xml,624,280,.xml,android_res,res/color
res/color/mtrl_on_primary_text_btn_text_color_selector.xml,500,243,.xml,android_res,res/color
res/color/mtrl_on_surface_ripple_color.xml,808,301,.xml,android_res,res/color
res/color/mtrl_outlined_icon_tint.xml,644,286,.xml,android_res,res/color
res/color/mtrl_outlined_stroke_color.xml,788,320,.xml,android_res,res/color
res/color/mtrl_popupmenu_overlay_color.xml,376,206,.xml,android_res,res/color
res/color/mtrl_tabs_colored_ripple_color.xml,948,332,.xml,android_res,res/color
res/color/mtrl_tabs_icon_color_selector.xml,500,243,.xml,android_res,res/color
res/color/mtrl_tabs_icon_color_selector_colored.xml,500,241,.xml,android_res,res/color
res/color/mtrl_tabs_legacy_text_color_selector.xml,464,228,.xml,android_res,res/color
res/color/mtrl_tabs_ripple_color.xml,1672,418,.xml,android_res,res/color
res/color/mtrl_text_btn_text_color_selector.xml,888,323,.xml,android_res,res/color
res/color/order_tab_text.xml,464,231,.xml,android_res,res/color
res/color/radiobutton_themeable_attribute_color.xml,464,228,.xml,android_res,res/color
res/color/rank_tab_text.xml,464,228,.xml,android_res,res/color
res/color/select_quantity_text_color.xml,464,229,.xml,android_res,res/color
res/color/selector_address_title.xml,464,228,.xml,android_res,res/color
res/color/selector_ape_tab.xml,464,226,.xml,android_res,res/color
res/color/selector_boring_ape_brand_tab.xml,464,227,.xml,android_res,res/color
res/color/selector_boring_ape_tab.xml,464,227,.xml,android_res,res/color
res/color/selector_boring_ape_tab2.xml,464,229,.xml,android_res,res/color
res/color/selector_brown_and_light_brown.xml,464,228,.xml,android_res,res/color
res/color/selector_brown_and_orange.xml,464,227,.xml,android_res,res/color
res/color/selector_cart_inventory.xml,464,227,.xml,android_res,res/color
res/color/selector_cart_title.xml,464,228,.xml,android_res,res/color
res/color/selector_choose_sell_print.xml,464,228,.xml,android_res,res/color
res/color/selector_color_super_link_conntections.xml,464,234,.xml,android_res,res/color
res/color/selector_digital_card_price.xml,464,228,.xml,android_res,res/color
res/color/selector_grey_and_black.xml,464,228,.xml,android_res,res/color
res/color/selector_light_brown_and_primary.xml,464,228,.xml,android_res,res/color
res/color/selector_logs_title.xml,464,228,.xml,android_res,res/color
res/color/selector_lucky_bag_tab.xml,464,233,.xml,android_res,res/color
res/color/selector_medal_trade.xml,464,226,.xml,android_res,res/color
res/color/selector_mine_bidding_tab.xml,464,228,.xml,android_res,res/color
res/color/selector_my_prints_tab.xml,464,228,.xml,android_res,res/color
res/color/selector_orange_and_light_brown.xml,464,227,.xml,android_res,res/color
res/color/selector_search_hint_text.xml,464,231,.xml,android_res,res/color
res/color/selector_search_text.xml,464,229,.xml,android_res,res/color
res/color/selector_sport_tab.xml,464,230,.xml,android_res,res/color
res/color/selector_sport_tab_count.xml,464,232,.xml,android_res,res/color
res/color/selector_tab_text.xml,464,232,.xml,android_res,res/color
res/color/selector_tiger_mouth_help_btn.xml,484,230,.xml,android_res,res/color
res/color/switch_thumb_material_dark.xml,464,229,.xml,android_res,res/color
res/color/switch_thumb_material_light.xml,464,229,.xml,android_res,res/color
res/color/tab_text.xml,464,229,.xml,android_res,res/color
res/color/test_mtrl_calendar_day.xml,340,180,.xml,android_res,res/color
res/color/test_mtrl_calendar_day_selected.xml,340,180,.xml,android_res,res/color
res/color/tug_record_tab_selector.xml,484,231,.xml,android_res,res/color
res/color/ysf_bot_logistic_text_color_selector.xml,464,225,.xml,android_res,res/color
res/color/ysf_bot_logistic_time_color_selector.xml,464,226,.xml,android_res,res/color
res/color/ysf_btn_circle_text_color.xml,464,225,.xml,android_res,res/color
res/color/ysf_btn_common_text_color_selector.xml,464,227,.xml,android_res,res/color
res/color/ysf_button_color_state_list.xml,588,254,.xml,android_res,res/color
res/color/ysf_evaluation_dialog_select_text_selector.xml,464,225,.xml,android_res,res/color
res/color/ysf_evaluator_label_color.xml,464,226,.xml,android_res,res/color
res/color/ysf_robot_evaluate_text_selector.xml,464,226,.xml,android_res,res/color
res/color/ysf_tab_text_color.xml,464,227,.xml,android_res,res/color
res/color/ysf_title_bar_text_color_dark_selector.xml,464,227,.xml,android_res,res/color
res/color/ysf_title_bar_text_color_light_selector.xml,464,226,.xml,android_res,res/color
res/color/zhihu_bottom_toolbar_apply.xml,464,228,.xml,android_res,res/color
res/color/zhihu_bottom_toolbar_preview.xml,464,228,.xml,android_res,res/color
res/color/zhihu_preview_bottom_toolbar_apply.xml,464,228,.xml,android_res,res/color
res/cou.png,41770,41770,.png,android_res,res/cou.png
res/cp8.png,567,567,.png,android_res,res/cp8.png
res/cpJ.png,5296,5296,.png,android_res,res/cpJ.png
res/cpN.webp,1982,1982,.webp,android_res,res/cpN.webp
res/cpm.xml,848,360,.xml,android_res,res/cpm.xml
res/cqC.xml,468,229,.xml,android_res,res/cqC.xml
res/crD.xml,572,278,.xml,android_res,res/crD.xml
res/crp.png,45220,45220,.png,android_res,res/crp.png
res/cru.xml,668,289,.xml,android_res,res/cru.xml
res/cs4.xml,508,294,.xml,android_res,res/cs4.xml
res/csG.webp,2186,2186,.webp,android_res,res/csG.webp
res/csH.xml,1336,526,.xml,android_res,res/csH.xml
res/csJ.xml,472,245,.xml,android_res,res/csJ.xml
res/csT.webp,14434,14434,.webp,android_res,res/csT.webp
res/csp.xml,5916,1586,.xml,android_res,res/csp.xml
res/ct8.xml,1468,599,.xml,android_res,res/ct8.xml
res/cth.png,7036,7036,.png,android_res,res/cth.png
res/cuJ.png,3822,3822,.png,android_res,res/cuJ.png
res/cvC.xml,11988,2896,.xml,android_res,res/cvC.xml
res/cvf.png,1608,1608,.png,android_res,res/cvf.png
res/cvn.xml,3384,1301,.xml,android_res,res/cvn.xml
res/cw1.xml,424,233,.xml,android_res,res/cw1.xml
res/cw7.xml,600,331,.xml,android_res,res/cw7.xml
res/cwB.png,21907,21907,.png,android_res,res/cwB.png
res/cwr.xml,592,258,.xml,android_res,res/cwr.xml
res/cx2.webp,14008,14008,.webp,android_res,res/cx2.webp
res/cx8.webp,568,568,.webp,android_res,res/cx8.webp
res/cxj.xml,704,309,.xml,android_res,res/cxj.xml
res/cyG.xml,2908,1111,.xml,android_res,res/cyG.xml
res/cy_.png,450,450,.png,android_res,res/cy_.png
res/cye.xml,972,466,.xml,android_res,res/cye.xml
res/cz1.xml,4556,1315,.xml,android_res,res/cz1.xml
res/cz9.png,563,563,.png,android_res,res/cz9.png
res/czn.xml,4856,1533,.xml,android_res,res/czn.xml
res/d-n.xml,500,247,.xml,android_res,res/d-n.xml
res/d04.png,2954,2954,.png,android_res,res/d04.png
res/d0T.webp,914,914,.webp,android_res,res/d0T.webp
res/d0g.webp,2220,2220,.webp,android_res,res/d0g.webp
res/d1K.xml,440,212,.xml,android_res,res/d1K.xml
res/d1V.9.png,208,208,.png,android_res,res/d1V.9.png
res/d2C.xml,4640,1416,.xml,android_res,res/d2C.xml
res/d2W.xml,484,220,.xml,android_res,res/d2W.xml
res/d2a.xml,848,390,.xml,android_res,res/d2a.xml
res/d2b.webp,342,342,.webp,android_res,res/d2b.webp
res/d2j.png,7065,7065,.png,android_res,res/d2j.png
res/d3M.webp,2450,2450,.webp,android_res,res/d3M.webp
res/d3Y.xml,592,271,.xml,android_res,res/d3Y.xml
res/d4O.png,3635,3635,.png,android_res,res/d4O.png
res/d5J.xml,2524,786,.xml,android_res,res/d5J.xml
res/d5U.webp,6186,6186,.webp,android_res,res/d5U.webp
res/d5j.png,220,220,.png,android_res,res/d5j.png
res/d70.webp,364,364,.webp,android_res,res/d70.webp
res/d7W.xml,576,270,.xml,android_res,res/d7W.xml
res/d8-.png,382,382,.png,android_res,res/d8-.png
res/d8Z.xml,2300,939,.xml,android_res,res/d8Z.xml
res/d8i.xml,448,215,.xml,android_res,res/d8i.xml
res/d9-.png,54930,54930,.png,android_res,res/d9-.png
res/d9d.xml,8508,2306,.xml,android_res,res/d9d.xml
res/d9v.png,29639,29639,.png,android_res,res/d9v.png
res/dA-.png,67,67,.png,android_res,res/dA-.png
res/dAE.webp,68424,68424,.webp,android_res,res/dAE.webp
res/dAY.xml,448,218,.xml,android_res,res/dAY.xml
res/dBB.png,22958,22958,.png,android_res,res/dBB.png
res/dCD.png,18902,18902,.png,android_res,res/dCD.png
res/dCM.webp,6886,6886,.webp,android_res,res/dCM.webp
res/dD-.xml,484,242,.xml,android_res,res/dD-.xml
res/dDR.xml,880,426,.xml,android_res,res/dDR.xml
res/dDc.webp,508,508,.webp,android_res,res/dDc.webp
res/dEF.webp,178,178,.webp,android_res,res/dEF.webp
res/dF2.png,39781,39781,.png,android_res,res/dF2.png
res/dFU.xml,548,273,.xml,android_res,res/dFU.xml
res/dGZ.png,53074,53074,.png,android_res,res/dGZ.png
res/dH3.png,1379,1379,.png,android_res,res/dH3.png
res/dHh.9.png,221,221,.png,android_res,res/dHh.9.png
res/dI-.xml,536,273,.xml,android_res,res/dI-.xml
res/dJF.webp,200,200,.webp,android_res,res/dJF.webp
res/dJH.xml,3204,1079,.xml,android_res,res/dJH.xml
res/dJK.png,276,276,.png,android_res,res/dJK.png
res/dJp.xml,704,311,.xml,android_res,res/dJp.xml
res/dKH.webp,236,236,.webp,android_res,res/dKH.webp
res/dKN.png,22439,22439,.png,android_res,res/dKN.png
res/dKm.xml,484,227,.xml,android_res,res/dKm.xml
res/dKx.png,541,541,.png,android_res,res/dKx.png
res/dLn.xml,500,246,.xml,android_res,res/dLn.xml
res/dM5.png,97918,97918,.png,android_res,res/dM5.png
res/dMD.webp,3856,3856,.webp,android_res,res/dMD.webp
res/dME.png,3046,3046,.png,android_res,res/dME.png
res/dMK.png,5224,5224,.png,android_res,res/dMK.png
res/dMP.xml,408,207,.xml,android_res,res/dMP.xml
res/dMw.png,511,511,.png,android_res,res/dMw.png
res/dNC.webp,336,336,.webp,android_res,res/dNC.webp
res/dNT.png,164271,164271,.png,android_res,res/dNT.png
res/dOA.webp,7232,7232,.webp,android_res,res/dOA.webp
res/dOD.webp,128,128,.webp,android_res,res/dOD.webp
res/dOl.xml,7668,2002,.xml,android_res,res/dOl.xml
res/dOo.webp,1106,1106,.webp,android_res,res/dOo.webp
res/dP8.png,879,879,.png,android_res,res/dP8.png
res/dPA.webp,298,298,.webp,android_res,res/dPA.webp
res/dPD.png,12931,12931,.png,android_res,res/dPD.png
res/dPg.webp,3840,3840,.webp,android_res,res/dPg.webp
res/dQV.xml,11192,2736,.xml,android_res,res/dQV.xml
res/dQl.xml,704,312,.xml,android_res,res/dQl.xml
res/dR-.png,11681,11681,.png,android_res,res/dR-.png
res/dR9.xml,9916,2832,.xml,android_res,res/dR9.xml
res/dRK.webp,3968,3968,.webp,android_res,res/dRK.webp
res/dRO.xml,1452,616,.xml,android_res,res/dRO.xml
res/dRf.webp,16234,16234,.webp,android_res,res/dRf.webp
res/dRr.xml,468,230,.xml,android_res,res/dRr.xml
res/dRw.xml,1304,532,.xml,android_res,res/dRw.xml
res/dS5.png,2000,2000,.png,android_res,res/dS5.png
res/dSU.png,23374,23374,.png,android_res,res/dSU.png
res/dSz.png,610,610,.png,android_res,res/dSz.png
res/dT2.xml,3636,1117,.xml,android_res,res/dT2.xml
res/dTF.xml,3540,1216,.xml,android_res,res/dTF.xml
res/dTG.xml,4784,1510,.xml,android_res,res/dTG.xml
res/dV4.xml,816,341,.xml,android_res,res/dV4.xml
res/dVy.xml,576,305,.xml,android_res,res/dVy.xml
res/dWF.png,2156,2156,.png,android_res,res/dWF.png
res/dWW.xml,704,307,.xml,android_res,res/dWW.xml
res/dWu.webp,4282,4282,.webp,android_res,res/dWu.webp
res/dXU.webp,41894,41894,.webp,android_res,res/dXU.webp
res/dXr.xml,2332,921,.xml,android_res,res/dXr.xml
res/dYT.xml,840,313,.xml,android_res,res/dYT.xml
res/dYV.png,16912,16912,.png,android_res,res/dYV.png
res/dZV.webp,308,308,.webp,android_res,res/dZV.webp
res/d_8.png,2198,2198,.png,android_res,res/d_8.png
res/d_t.png,1619,1619,.png,android_res,res/d_t.png
res/d_u.xml,2108,901,.xml,android_res,res/d_u.xml
res/d_x.xml,696,338,.xml,android_res,res/d_x.xml
res/da-.png,2387,2387,.png,android_res,res/da-.png
res/daZ.png,1634,1634,.png,android_res,res/daZ.png
res/dap.png,376,376,.png,android_res,res/dap.png
res/day.png,1578,1578,.png,android_res,res/day.png
res/dcC.xml,2400,956,.xml,android_res,res/dcC.xml
res/dcL.png,10801,10801,.png,android_res,res/dcL.png
res/dcU.wav,17202,17202,.wav,android_res,res/dcU.wav
res/dcY.xml,1524,320,.xml,android_res,res/dcY.xml
res/dd1.webp,15438,15438,.webp,android_res,res/dd1.webp
res/ddA.xml,1580,691,.xml,android_res,res/ddA.xml
res/deB.xml,3600,1099,.xml,android_res,res/deB.xml
res/der.webp,6572,6572,.webp,android_res,res/der.webp
res/df-.png,7334,7334,.png,android_res,res/df-.png
res/dfN.png,1464,1464,.png,android_res,res/dfN.png
res/dfb.xml,2428,922,.xml,android_res,res/dfb.xml
res/dgP.xml,4228,1376,.xml,android_res,res/dgP.xml
res/dgk.png,1628,1628,.png,android_res,res/dgk.png
res/dhS.png,1344,1344,.png,android_res,res/dhS.png
res/di-.png,2127,2127,.png,android_res,res/di-.png
res/did.webp,84454,84454,.webp,android_res,res/did.webp
res/djB.webp,22398,22398,.webp,android_res,res/djB.webp
res/djQ.webp,626,626,.webp,android_res,res/djQ.webp
res/dk5.xml,2464,981,.xml,android_res,res/dk5.xml
res/dkB.xml,992,334,.xml,android_res,res/dkB.xml
res/dkD.webp,21200,21200,.webp,android_res,res/dkD.webp
res/dk_.png,8769,8769,.png,android_res,res/dk_.png
res/dla.xml,3752,1250,.xml,android_res,res/dla.xml
res/dmJ.xml,2456,899,.xml,android_res,res/dmJ.xml
res/dnN.xml,448,216,.xml,android_res,res/dnN.xml
res/do7.webp,2312,2312,.webp,android_res,res/do7.webp
res/dos.xml,704,308,.xml,android_res,res/dos.xml
res/dot.xml,516,241,.xml,android_res,res/dot.xml
res/dpN.xml,1128,395,.xml,android_res,res/dpN.xml
res/dpQ.webp,7582,7582,.webp,android_res,res/dpQ.webp
res/dpl.png,5331,5331,.png,android_res,res/dpl.png
res/dqu.xml,1852,782,.xml,android_res,res/dqu.xml
res/drE.png,6495,6495,.png,android_res,res/drE.png
res/drT.png,1382,1382,.png,android_res,res/drT.png
res/drb.webp,11824,11824,.webp,android_res,res/drb.webp
res/drz.png,12161,12161,.png,android_res,res/drz.png
res/ds7.webp,2438,2438,.webp,android_res,res/ds7.webp
res/dsU.xml,2752,963,.xml,android_res,res/dsU.xml
res/dsc.xml,488,226,.xml,android_res,res/dsc.xml
res/dte.xml,2872,966,.xml,android_res,res/dte.xml
res/dtn.png,38905,38905,.png,android_res,res/dtn.png
res/duC.png,415,415,.png,android_res,res/duC.png
res/dud.xml,7732,2268,.xml,android_res,res/dud.xml
res/dv0.png,10501,10501,.png,android_res,res/dv0.png
res/dvO.9.png,210,210,.png,android_res,res/dvO.9.png
res/dvU.png,6653,6653,.png,android_res,res/dvU.png
res/dw5.webp,308,308,.webp,android_res,res/dw5.webp
res/dww.png,267,267,.png,android_res,res/dww.png
res/dx-.webp,212,212,.webp,android_res,res/dx-.webp
res/dxE.xml,1804,706,.xml,android_res,res/dxE.xml
res/dxK.xml,484,223,.xml,android_res,res/dxK.xml
res/dxd.png,3229,3229,.png,android_res,res/dxd.png
res/dxw.xml,1012,502,.xml,android_res,res/dxw.xml
res/dy6.xml,3900,1257,.xml,android_res,res/dy6.xml
res/dyl.png,4836,4836,.png,android_res,res/dyl.png
res/dz8.webp,174,174,.webp,android_res,res/dz8.webp
res/dzL.xml,2724,1049,.xml,android_res,res/dzL.xml
res/dzU.png,347,347,.png,android_res,res/dzU.png
res/dzd.webp,3324,3324,.webp,android_res,res/dzd.webp
res/e-6.webp,530,530,.webp,android_res,res/e-6.webp
res/e-f.png,66694,66694,.png,android_res,res/e-f.png
res/e-r.png,247,247,.png,android_res,res/e-r.png
res/e0W.xml,536,273,.xml,android_res,res/e0W.xml
res/e0j.png,67,67,.png,android_res,res/e0j.png
res/e0w.webp,824,824,.webp,android_res,res/e0w.webp
res/e1M.xml,2964,1050,.xml,android_res,res/e1M.xml
res/e1c.xml,3472,1104,.xml,android_res,res/e1c.xml
res/e1q.webp,86962,86962,.webp,android_res,res/e1q.webp
res/e2A.png,628,628,.png,android_res,res/e2A.png
res/e3B.png,216,216,.png,android_res,res/e3B.png
res/e3W.png,260,260,.png,android_res,res/e3W.png
res/e3c.xml,532,277,.xml,android_res,res/e3c.xml
res/e3e.webp,500,500,.webp,android_res,res/e3e.webp
res/e3w.xml,2880,1058,.xml,android_res,res/e3w.xml
res/e3x.webp,852,852,.webp,android_res,res/e3x.webp
res/e4r.9.png,196,196,.png,android_res,res/e4r.9.png
res/e53.png,2371,2371,.png,android_res,res/e53.png
res/e57.webp,570,570,.webp,android_res,res/e57.webp
res/e5F.webp,11714,11714,.webp,android_res,res/e5F.webp
res/e6-.webp,7514,7514,.webp,android_res,res/e6-.webp
res/e6b.xml,3804,1192,.xml,android_res,res/e6b.xml
res/e71.png,1415,1415,.png,android_res,res/e71.png
res/e7n.png,17189,17189,.png,android_res,res/e7n.png
res/e7s.xml,2164,781,.xml,android_res,res/e7s.xml
res/e84.webp,480,480,.webp,android_res,res/e84.webp
res/e8G.webp,1634,1634,.webp,android_res,res/e8G.webp
res/e8s.xml,468,230,.xml,android_res,res/e8s.xml
res/e97.png,484,484,.png,android_res,res/e97.png
res/e9P.xml,6708,1927,.xml,android_res,res/e9P.xml
res/e9Z.png,4000,4000,.png,android_res,res/e9Z.png
res/e9h.xml,1232,557,.xml,android_res,res/e9h.xml
res/eAb.9.png,1975,1975,.png,android_res,res/eAb.9.png
res/eAx.png,1867,1867,.png,android_res,res/eAx.png
res/eB9.png,525,525,.png,android_res,res/eB9.png
res/eBI.png,1258,1258,.png,android_res,res/eBI.png
res/eBL.png,5991,5991,.png,android_res,res/eBL.png
res/eBM.xml,2928,1148,.xml,android_res,res/eBM.xml
res/eBm.webp,962,962,.webp,android_res,res/eBm.webp
res/eBp.9.png,1544,1544,.png,android_res,res/eBp.9.png
res/eCQ.png,10449,10449,.png,android_res,res/eCQ.png
res/eD5.png,67,67,.png,android_res,res/eD5.png
res/eDQ.xml,5260,1532,.xml,android_res,res/eDQ.xml
res/eEB.png,46832,46832,.png,android_res,res/eEB.png
res/eEF.webp,60670,60670,.webp,android_res,res/eEF.webp
res/eER.png,954,954,.png,android_res,res/eER.png
res/eF4.png,3286,3286,.png,android_res,res/eF4.png
res/eFT.png,1407,1407,.png,android_res,res/eFT.png
res/eFm.webp,760,760,.webp,android_res,res/eFm.webp
res/eFx.webp,178,178,.webp,android_res,res/eFx.webp
res/eG3.xml,5204,1733,.xml,android_res,res/eG3.xml
res/eGR.webp,11316,11316,.webp,android_res,res/eGR.webp
res/eGY.xml,2884,1060,.xml,android_res,res/eGY.xml
res/eGs.xml,6664,1598,.xml,android_res,res/eGs.xml
res/eHW.otf,28640,15433,.otf,android_res,res/eHW.otf
res/eI6.png,760,760,.png,android_res,res/eI6.png
res/eIV.webp,626,626,.webp,android_res,res/eIV.webp
res/eIi.xml,752,376,.xml,android_res,res/eIi.xml
res/eJI.xml,744,383,.xml,android_res,res/eJI.xml
res/eJJ.xml,484,228,.xml,android_res,res/eJJ.xml
res/eKL.xml,448,219,.xml,android_res,res/eKL.xml
res/eKS.9.png,223,223,.png,android_res,res/eKS.9.png
res/eKX.webp,672,672,.webp,android_res,res/eKX.webp
res/eKt.png,415,415,.png,android_res,res/eKt.png
res/eKw.xml,756,390,.xml,android_res,res/eKw.xml
res/eKx.webp,136,136,.webp,android_res,res/eKx.webp
res/eKy.xml,752,385,.xml,android_res,res/eKy.xml
res/eL0.webp,652,652,.webp,android_res,res/eL0.webp
res/eLQ.webp,578,578,.webp,android_res,res/eLQ.webp
res/eLT.png,264,264,.png,android_res,res/eLT.png
res/eL_.webp,308,308,.webp,android_res,res/eL_.webp
res/eLj.xml,1776,744,.xml,android_res,res/eLj.xml
res/eLk.png,4227,4227,.png,android_res,res/eLk.png
res/eLk.xml,936,436,.xml,android_res,res/eLk.xml
res/eLl.webp,46216,46216,.webp,android_res,res/eLl.webp
res/eM2.webp,12310,12310,.webp,android_res,res/eM2.webp
res/eM2.xml,1264,505,.xml,android_res,res/eM2.xml
res/eNJ.xml,628,265,.xml,android_res,res/eNJ.xml
res/eNR.png,2801,2801,.png,android_res,res/eNR.png
res/eNc.xml,808,401,.xml,android_res,res/eNc.xml
res/eNe.png,2173,2173,.png,android_res,res/eNe.png
res/eOZ.png,13676,13676,.png,android_res,res/eOZ.png
res/eOj.png,1811,1811,.png,android_res,res/eOj.png
res/eOt.xml,372,184,.xml,android_res,res/eOt.xml
res/eQO.png,2314,2314,.png,android_res,res/eQO.png
res/eQe.png,12623,12623,.png,android_res,res/eQe.png
res/eQh.png,416,416,.png,android_res,res/eQh.png
res/eRB.xml,1140,513,.xml,android_res,res/eRB.xml
res/eRr.webp,77860,77860,.webp,android_res,res/eRr.webp
res/eS2.png,11377,11377,.png,android_res,res/eS2.png
res/eST.png,2869,2869,.png,android_res,res/eST.png
res/eSw.xml,1528,605,.xml,android_res,res/eSw.xml
res/eT9.png,4378,4378,.png,android_res,res/eT9.png
res/eTD.webp,1480,1480,.webp,android_res,res/eTD.webp
res/eTE.webp,520,520,.webp,android_res,res/eTE.webp
res/eTE.xml,1988,770,.xml,android_res,res/eTE.xml
res/eU9.webp,394,394,.webp,android_res,res/eU9.webp
res/eUQ.xml,508,259,.xml,android_res,res/eUQ.xml
res/eUh.xml,704,306,.xml,android_res,res/eUh.xml
res/eUq.webp,1868,1868,.webp,android_res,res/eUq.webp
res/eV-.png,207,207,.png,android_res,res/eV-.png
res/eV1.xml,3812,1377,.xml,android_res,res/eV1.xml
res/eVj.webp,48928,48928,.webp,android_res,res/eVj.webp
res/eWC.webp,121456,121456,.webp,android_res,res/eWC.webp
res/eWU.png,536,536,.png,android_res,res/eWU.png
res/eWq.png,10110,10110,.png,android_res,res/eWq.png
res/eXA.xml,6548,1964,.xml,android_res,res/eXA.xml
res/eXi.xml,2036,729,.xml,android_res,res/eXi.xml
res/eXx.webp,1344,1344,.webp,android_res,res/eXx.webp
res/eYI.webp,63866,63866,.webp,android_res,res/eYI.webp
res/eYP.xml,2176,950,.xml,android_res,res/eYP.xml
res/eYa.xml,1012,475,.xml,android_res,res/eYa.xml
res/eZR.xml,2144,892,.xml,android_res,res/eZR.xml
res/e_5.webp,510,510,.webp,android_res,res/e_5.webp
res/e_5.xml,1940,825,.xml,android_res,res/e_5.xml
res/e_i.xml,2344,908,.xml,android_res,res/e_i.xml
res/ea0.png,2278,2278,.png,android_res,res/ea0.png
res/eaH.9.png,671,671,.png,android_res,res/eaH.9.png
res/eaI.png,4546,4546,.png,android_res,res/eaI.png
res/eaa.xml,4964,1479,.xml,android_res,res/eaa.xml
res/eaj.png,161,161,.png,android_res,res/eaj.png
res/ebP.xml,468,232,.xml,android_res,res/ebP.xml
res/ebx.png,5182,5182,.png,android_res,res/ebx.png
res/ec4.png,221,221,.png,android_res,res/ec4.png
res/ecl.xml,976,487,.xml,android_res,res/ecl.xml
res/ecx.xml,3064,957,.xml,android_res,res/ecx.xml
res/ed5.xml,2392,853,.xml,android_res,res/ed5.xml
res/edF.xml,748,355,.xml,android_res,res/edF.xml
res/ee9.png,214,214,.png,android_res,res/ee9.png
res/eeW.png,342,342,.png,android_res,res/eeW.png
res/eel.png,159328,159328,.png,android_res,res/eel.png
res/efE.png,256,256,.png,android_res,res/efE.png
res/eff.xml,928,449,.xml,android_res,res/eff.xml
res/efv.webp,89876,89876,.webp,android_res,res/efv.webp
res/ega.png,745,745,.png,android_res,res/ega.png
res/ege.png,427,427,.png,android_res,res/ege.png
res/egr.webp,88980,88980,.webp,android_res,res/egr.webp
res/ehN.xml,704,310,.xml,android_res,res/ehN.xml
res/ehR.xml,628,282,.xml,android_res,res/ehR.xml
res/ehg.xml,2204,767,.xml,android_res,res/ehg.xml
res/ehy.xml,2720,1050,.xml,android_res,res/ehy.xml
res/ei8.png,3998,3998,.png,android_res,res/ei8.png
res/eid.xml,484,248,.xml,android_res,res/eid.xml
res/eis.9.png,167,167,.png,android_res,res/eis.9.png
res/ejD.webp,3678,3678,.webp,android_res,res/ejD.webp
res/ejP.xml,328,190,.xml,android_res,res/ejP.xml
res/ejq.xml,1748,621,.xml,android_res,res/ejq.xml
res/ekS.png,604,604,.png,android_res,res/ekS.png
res/ekY.xml,6628,1734,.xml,android_res,res/ekY.xml
res/el4.xml,1768,761,.xml,android_res,res/el4.xml
res/eli.webp,158,158,.webp,android_res,res/eli.webp
res/elj.xml,2160,763,.xml,android_res,res/elj.xml
res/em2.xml,104,47,.xml,android_res,res/em2.xml
res/emE.xml,1460,531,.xml,android_res,res/emE.xml
res/emb.webp,402,402,.webp,android_res,res/emb.webp
res/emt.webp,45080,45080,.webp,android_res,res/emt.webp
res/eoU.webp,54858,54858,.webp,android_res,res/eoU.webp
res/epC.png,9039,9039,.png,android_res,res/epC.png
res/eqW.png,286,286,.png,android_res,res/eqW.png
res/eqX.xml,808,292,.xml,android_res,res/eqX.xml
res/eqq.xml,4168,1324,.xml,android_res,res/eqq.xml
res/eqs.png,22034,22034,.png,android_res,res/eqs.png
res/er5.xml,2100,776,.xml,android_res,res/er5.xml
res/er7.png,26923,26923,.png,android_res,res/er7.png
res/erL.webp,5860,5860,.webp,android_res,res/erL.webp
res/erM.xml,1008,352,.xml,android_res,res/erM.xml
res/ers.png,5181,5181,.png,android_res,res/ers.png
res/est.xml,1852,699,.xml,android_res,res/est.xml
res/et8.png,4381,4381,.png,android_res,res/et8.png
res/etE.png,1747,1747,.png,android_res,res/etE.png
res/etG.otf,24516,13610,.otf,android_res,res/etG.otf
res/etX.xml,3592,1206,.xml,android_res,res/etX.xml
res/etZ.png,129712,129712,.png,android_res,res/etZ.png
res/etw.png,67,67,.png,android_res,res/etw.png
res/euP.png,749,749,.png,android_res,res/euP.png
res/euS.png,603,603,.png,android_res,res/euS.png
res/eup.png,16473,16473,.png,android_res,res/eup.png
res/ev3.xml,704,305,.xml,android_res,res/ev3.xml
res/evO.xml,352,203,.xml,android_res,res/evO.xml
res/evs.xml,592,269,.xml,android_res,res/evs.xml
res/ew7.xml,1748,655,.xml,android_res,res/ew7.xml
res/ewE.png,1225,1225,.png,android_res,res/ewE.png
res/ex0.xml,484,228,.xml,android_res,res/ex0.xml
res/ex_.xml,1740,772,.xml,android_res,res/ex_.xml
res/exz.webp,3776,3776,.webp,android_res,res/exz.webp
res/ey0.xml,2092,847,.xml,android_res,res/ey0.xml
res/ey2.png,433,433,.png,android_res,res/ey2.png
res/ey9.png,137717,137717,.png,android_res,res/ey9.png
res/eyO.xml,8324,2179,.xml,android_res,res/eyO.xml
res/eyO1.xml,704,303,.xml,android_res,res/eyO1.xml
res/ez3.png,1036,1036,.png,android_res,res/ez3.png
res/ezB.png,9148,9148,.png,android_res,res/ezB.png
res/ezP.xml,2920,876,.xml,android_res,res/ezP.xml
res/ezd.png,267,267,.png,android_res,res/ezd.png
res/f-I.png,2487,2487,.png,android_res,res/f-I.png
res/f-O.png,4541,4541,.png,android_res,res/f-O.png
res/f0Z.webp,7918,7918,.webp,android_res,res/f0Z.webp
res/f0Z.xml,6764,2044,.xml,android_res,res/f0Z.xml
res/f1N.png,673,673,.png,android_res,res/f1N.png
res/f1k.xml,484,226,.xml,android_res,res/f1k.xml
res/f1w.png,10456,10456,.png,android_res,res/f1w.png
res/f2Z.png,18551,18551,.png,android_res,res/f2Z.png
res/f2e.png,6004,6004,.png,android_res,res/f2e.png
res/f3J.webp,3696,3696,.webp,android_res,res/f3J.webp
res/f3M.png,3007,3007,.png,android_res,res/f3M.png
res/f3N.xml,484,247,.xml,android_res,res/f3N.xml
res/f3W.xml,2680,890,.xml,android_res,res/f3W.xml
res/f3Y.webp,860,860,.webp,android_res,res/f3Y.webp
res/f3_.xml,6452,1888,.xml,android_res,res/f3_.xml
res/f3b.xml,1708,726,.xml,android_res,res/f3b.xml
res/f3w.png,9881,9881,.png,android_res,res/f3w.png
res/f4J.png,666,666,.png,android_res,res/f4J.png
res/f4w.png,11092,11092,.png,android_res,res/f4w.png
res/f5Q.png,4483,4483,.png,android_res,res/f5Q.png
res/f5c.png,563,563,.png,android_res,res/f5c.png
res/f7i.png,14984,14984,.png,android_res,res/f7i.png
res/f7y.xml,2396,852,.xml,android_res,res/f7y.xml
res/f8b.png,2395,2395,.png,android_res,res/f8b.png
res/f9a.xml,448,214,.xml,android_res,res/f9a.xml
res/f9e.png,785,785,.png,android_res,res/f9e.png
res/fAM.webp,1170,1170,.webp,android_res,res/fAM.webp
res/fAj.xml,5152,1538,.xml,android_res,res/fAj.xml
res/fAq.xml,668,303,.xml,android_res,res/fAq.xml
res/fBF.png,2835,2835,.png,android_res,res/fBF.png
res/fCj.png,1840,1840,.png,android_res,res/fCj.png
res/fCn.webp,48526,48526,.webp,android_res,res/fCn.webp
res/fD8.xml,22240,4369,.xml,android_res,res/fD8.xml
res/fDP.png,598,598,.png,android_res,res/fDP.png
res/fDT.9.png,217,217,.png,android_res,res/fDT.9.png
res/fDk.png,77398,77398,.png,android_res,res/fDk.png
res/fDy.png,4108,4108,.png,android_res,res/fDy.png
res/fEK.xml,9812,2421,.xml,android_res,res/fEK.xml
res/fEi.png,33426,33426,.png,android_res,res/fEi.png
res/fEi.xml,2588,944,.xml,android_res,res/fEi.xml
res/fEm.webp,1762,1762,.webp,android_res,res/fEm.webp
res/fEt.xml,3428,1210,.xml,android_res,res/fEt.xml
res/fEw.xml,2156,822,.xml,android_res,res/fEw.xml
res/fFL.webp,34314,34314,.webp,android_res,res/fFL.webp
res/fGT.xml,2152,722,.xml,android_res,res/fGT.xml
res/fGj.xml,592,269,.xml,android_res,res/fGj.xml
res/fH2.png,2516,2516,.png,android_res,res/fH2.png
res/fHE.png,247,247,.png,android_res,res/fHE.png
res/fHP.png,277,277,.png,android_res,res/fHP.png
res/fHk.png,2836,2836,.png,android_res,res/fHk.png
res/fHv.png,1325,1325,.png,android_res,res/fHv.png
res/fKL.webp,2792,2792,.webp,android_res,res/fKL.webp
res/fKd.png,3118,3118,.png,android_res,res/fKd.png
res/fLC.xml,776,381,.xml,android_res,res/fLC.xml
res/fLD.xml,1352,550,.xml,android_res,res/fLD.xml
res/fMi.png,114,114,.png,android_res,res/fMi.png
res/fMq.xml,744,374,.xml,android_res,res/fMq.xml
res/fN7.xml,1732,538,.xml,android_res,res/fN7.xml
res/fNB.webp,19644,19644,.webp,android_res,res/fNB.webp
res/fNn.xml,3100,1023,.xml,android_res,res/fNn.xml
res/fOB.png,1384,1384,.png,android_res,res/fOB.png
res/fON.xml,2220,908,.xml,android_res,res/fON.xml
res/fOl.png,3598,3598,.png,android_res,res/fOl.png
res/fOx.png,12848,12848,.png,android_res,res/fOx.png
res/fPa.png,6580,6580,.png,android_res,res/fPa.png
res/fPz.xml,612,273,.xml,android_res,res/fPz.xml
res/fQD.xml,2684,1094,.xml,android_res,res/fQD.xml
res/fQL.webp,776,776,.webp,android_res,res/fQL.webp
res/fQq.png,646,646,.png,android_res,res/fQq.png
res/fQr.xml,552,274,.xml,android_res,res/fQr.xml
res/fRG.png,1166,1166,.png,android_res,res/fRG.png
res/fRG.xml,2436,819,.xml,android_res,res/fRG.xml
res/fSB.xml,27236,5836,.xml,android_res,res/fSB.xml
res/fSl.png,13955,13955,.png,android_res,res/fSl.png
res/fTK.webp,14866,14866,.webp,android_res,res/fTK.webp
res/fTp.xml,2488,636,.xml,android_res,res/fTp.xml
res/fTz.xml,1084,503,.xml,android_res,res/fTz.xml
res/fUi.xml,636,274,.xml,android_res,res/fUi.xml
res/fWA.webp,328,328,.webp,android_res,res/fWA.webp
res/fWE.png,1081,1081,.png,android_res,res/fWE.png
res/fWb.png,2302,2302,.png,android_res,res/fWb.png
res/fX1.xml,4668,1477,.xml,android_res,res/fX1.xml
res/fYA.png,2074,2074,.png,android_res,res/fYA.png
res/fYX.webp,396,396,.webp,android_res,res/fYX.webp
res/fYf.xml,1028,473,.xml,android_res,res/fYf.xml
res/fZt.9.png,237,237,.png,android_res,res/fZt.9.png
res/f_1.webp,1672,1672,.webp,android_res,res/f_1.webp
res/f_A.png,9298,9298,.png,android_res,res/f_A.png
res/f_j.png,112,112,.png,android_res,res/f_j.png
res/faS.xml,1256,522,.xml,android_res,res/faS.xml
res/faU.png,42237,42237,.png,android_res,res/faU.png
res/fcK.png,8382,8382,.png,android_res,res/fcK.png
res/fcb.xml,404,236,.xml,android_res,res/fcb.xml
res/fdm.xml,788,339,.xml,android_res,res/fdm.xml
res/fdz.png,13524,13524,.png,android_res,res/fdz.png
res/feB.png,7906,7906,.png,android_res,res/feB.png
res/feR.png,596,596,.png,android_res,res/feR.png
res/fei.webp,380,380,.webp,android_res,res/fei.webp
res/few.xml,3628,1072,.xml,android_res,res/few.xml
res/ff8.xml,12928,2456,.xml,android_res,res/ff8.xml
res/fgT.png,2514,2514,.png,android_res,res/fgT.png
res/fgz.xml,2948,1135,.xml,android_res,res/fgz.xml
res/fhU.png,18412,18412,.png,android_res,res/fhU.png
res/fiO.png,1324,1324,.png,android_res,res/fiO.png
res/fiS.png,67,67,.png,android_res,res/fiS.png
res/fif.png,6204,6204,.png,android_res,res/fif.png
res/fjT.webp,342,342,.webp,android_res,res/fjT.webp
res/fjq.png,543,543,.png,android_res,res/fjq.png
res/fjs.webp,12696,12696,.webp,android_res,res/fjs.webp
res/fjy.png,2877,2877,.png,android_res,res/fjy.png
res/fkC.png,394,394,.png,android_res,res/fkC.png
res/fkD.xml,2684,706,.xml,android_res,res/fkD.xml
res/fkQ.webp,426,426,.webp,android_res,res/fkQ.webp
res/fkk.png,5692,5692,.png,android_res,res/fkk.png
res/fl9.webp,348,348,.webp,android_res,res/fl9.webp
res/flT.png,5108,5108,.png,android_res,res/flT.png
res/flo.png,3195,3195,.png,android_res,res/flo.png
res/fmO.png,234,234,.png,android_res,res/fmO.png
res/fmv.webp,135972,135972,.webp,android_res,res/fmv.webp
res/fn7.png,16675,16675,.png,android_res,res/fn7.png
res/fnb.xml,1456,510,.xml,android_res,res/fnb.xml
res/fnd.png,18917,18917,.png,android_res,res/fnd.png
res/foC.xml,1044,492,.xml,android_res,res/foC.xml
res/fpM.xml,1964,859,.xml,android_res,res/fpM.xml
res/fpm.xml,1952,747,.xml,android_res,res/fpm.xml
res/fpr.png,2630,2630,.png,android_res,res/fpr.png
res/fqv.png,7455,7455,.png,android_res,res/fqv.png
res/fr2.png,8556,8556,.png,android_res,res/fr2.png
res/frK.png,2665,2665,.png,android_res,res/frK.png
res/frU.webp,8068,8068,.webp,android_res,res/frU.webp
res/frd.png,5025,5025,.png,android_res,res/frd.png
res/fre.xml,484,221,.xml,android_res,res/fre.xml
res/frv.9.png,267,267,.png,android_res,res/frv.9.png
res/fs8.png,16433,16433,.png,android_res,res/fs8.png
res/fs9.png,5114,5114,.png,android_res,res/fs9.png
res/fsi.png,4404,4404,.png,android_res,res/fsi.png
res/fsr.xml,596,364,.xml,android_res,res/fsr.xml
res/fss.otf,0,0,.otf,android_res,res/fss.otf
res/ftc.xml,968,468,.xml,android_res,res/ftc.xml
res/fu5.xml,10800,2563,.xml,android_res,res/fu5.xml
res/fuK.xml,480,266,.xml,android_res,res/fuK.xml
res/fuT.png,3019,3019,.png,android_res,res/fuT.png
res/fub.webp,3556,3556,.webp,android_res,res/fub.webp
res/fvA.png,283,283,.png,android_res,res/fvA.png
res/fvH.xml,484,225,.xml,android_res,res/fvH.xml
res/fvR.9.png,212,212,.png,android_res,res/fvR.9.png
res/fvV.xml,724,320,.xml,android_res,res/fvV.xml
res/fwJ.webp,4022,4022,.webp,android_res,res/fwJ.webp
res/fxC.xml,448,219,.xml,android_res,res/fxC.xml
res/fxG.png,335,335,.png,android_res,res/fxG.png
res/fxq.xml,3712,1168,.xml,android_res,res/fxq.xml
res/fy1.png,2304,2304,.png,android_res,res/fy1.png
res/fyz.xml,2332,885,.xml,android_res,res/fyz.xml
res/fzA.xml,1092,497,.xml,android_res,res/fzA.xml
res/fzk.png,608,608,.png,android_res,res/fzk.png
res/fzs.xml,1412,630,.xml,android_res,res/fzs.xml
res/g-Q.png,9422,9422,.png,android_res,res/g-Q.png
res/g-b.png,465,465,.png,android_res,res/g-b.png
res/g-n.png,846,846,.png,android_res,res/g-n.png
res/g0-.webp,5444,5444,.webp,android_res,res/g0-.webp
res/g0N.webp,6764,6764,.webp,android_res,res/g0N.webp
res/g0d.xml,1524,430,.xml,android_res,res/g0d.xml
res/g1g.xml,420,219,.xml,android_res,res/g1g.xml
res/g1s.webp,3688,3688,.webp,android_res,res/g1s.webp
res/g2P.webp,6716,6716,.webp,android_res,res/g2P.webp
res/g2V.webp,1556,1556,.webp,android_res,res/g2V.webp
res/g3o.png,12850,12850,.png,android_res,res/g3o.png
res/g3u.webp,7110,7110,.webp,android_res,res/g3u.webp
res/g3y.png,430,430,.png,android_res,res/g3y.png
res/g4o.webp,27470,27470,.webp,android_res,res/g4o.webp
res/g4z.xml,3296,1281,.xml,android_res,res/g4z.xml
res/g6q.png,501,501,.png,android_res,res/g6q.png
res/g73.png,12645,12645,.png,android_res,res/g73.png
res/g76.png,39381,39381,.png,android_res,res/g76.png
res/g77.xml,4532,1569,.xml,android_res,res/g77.xml
res/g7a.png,607,607,.png,android_res,res/g7a.png
res/g7j.xml,1304,399,.xml,android_res,res/g7j.xml
res/g7x.png,4620,4620,.png,android_res,res/g7x.png
res/g8c.png,1816,1816,.png,android_res,res/g8c.png
res/g8d.png,2625,2625,.png,android_res,res/g8d.png
res/g8f.webp,3300,3300,.webp,android_res,res/g8f.webp
res/g9J.xml,2908,1108,.xml,android_res,res/g9J.xml
res/g9T.xml,576,268,.xml,android_res,res/g9T.xml
res/g9T1.xml,416,216,.xml,android_res,res/g9T1.xml
res/g9h.xml,644,322,.xml,android_res,res/g9h.xml
res/g9q.xml,2428,921,.xml,android_res,res/g9q.xml
res/gA2.webp,3036,3036,.webp,android_res,res/gA2.webp
res/gAG.png,35147,35147,.png,android_res,res/gAG.png
res/gAg.png,16614,16614,.png,android_res,res/gAg.png
res/gAg.xml,816,343,.xml,android_res,res/gAg.xml
res/gAl.xml,3968,1353,.xml,android_res,res/gAl.xml
res/gAt.png,1106,1106,.png,android_res,res/gAt.png
res/gAu.xml,2580,924,.xml,android_res,res/gAu.xml
res/gB9.xml,1624,693,.xml,android_res,res/gB9.xml
res/gBm.xml,2312,924,.xml,android_res,res/gBm.xml
res/gBy.png,18263,18263,.png,android_res,res/gBy.png
res/gC1.webp,55534,55534,.webp,android_res,res/gC1.webp
res/gC6.xml,1668,629,.xml,android_res,res/gC6.xml
res/gCY.xml,756,363,.xml,android_res,res/gCY.xml
res/gD4.png,7897,7897,.png,android_res,res/gD4.png
res/gDG.xml,1656,683,.xml,android_res,res/gDG.xml
res/gDG1.xml,1288,611,.xml,android_res,res/gDG1.xml
res/gDe.xml,448,217,.xml,android_res,res/gDe.xml
res/gE-.png,1627,1627,.png,android_res,res/gE-.png
res/gEA.png,554,554,.png,android_res,res/gEA.png
res/gED.webp,3678,3678,.webp,android_res,res/gED.webp
res/gEw.xml,2560,886,.xml,android_res,res/gEw.xml
res/gF-.xml,488,227,.xml,android_res,res/gF-.xml
res/gFD.png,10300,10300,.png,android_res,res/gFD.png
res/gGN.png,801,801,.png,android_res,res/gGN.png
res/gGY.xml,448,217,.xml,android_res,res/gGY.xml
res/gGZ.9.png,214,214,.png,android_res,res/gGZ.9.png
res/gH4.xml,1104,388,.xml,android_res,res/gH4.xml
res/gHm.xml,5716,1804,.xml,android_res,res/gHm.xml
res/gIb.webp,4524,4524,.webp,android_res,res/gIb.webp
res/gIc.png,57303,57303,.png,android_res,res/gIc.png
res/gJ7.xml,2180,834,.xml,android_res,res/gJ7.xml
res/gJI.webp,7126,7126,.webp,android_res,res/gJI.webp
res/gJi.png,2625,2625,.png,android_res,res/gJi.png
res/gJu.png,4885,4885,.png,android_res,res/gJu.png
res/gJz.xml,2204,851,.xml,android_res,res/gJz.xml
res/gKj.xml,2100,909,.xml,android_res,res/gKj.xml
res/gKl.xml,576,272,.xml,android_res,res/gKl.xml
res/gLh.png,2253,2253,.png,android_res,res/gLh.png
res/gLp.9.png,199,199,.png,android_res,res/gLp.9.png
res/gM2.xml,1216,573,.xml,android_res,res/gM2.xml
res/gND.xml,1676,674,.xml,android_res,res/gND.xml
res/gNQ.png,6831,6831,.png,android_res,res/gNQ.png
res/gNg.png,34687,34687,.png,android_res,res/gNg.png
res/gO5.webp,7354,7354,.webp,android_res,res/gO5.webp
res/gOx.xml,11640,2838,.xml,android_res,res/gOx.xml
res/gQC.webp,14342,14342,.webp,android_res,res/gQC.webp
res/gQF.png,4655,4655,.png,android_res,res/gQF.png
res/gQn.xml,2708,924,.xml,android_res,res/gQn.xml
res/gQu.png,789,789,.png,android_res,res/gQu.png
res/gRT.xml,448,220,.xml,android_res,res/gRT.xml
res/gRU.png,504,504,.png,android_res,res/gRU.png
res/gR_.xml,6376,1799,.xml,android_res,res/gR_.xml
res/gS5.png,407,407,.png,android_res,res/gS5.png
res/gSd.png,2267,2267,.png,android_res,res/gSd.png
res/gTI.xml,388,218,.xml,android_res,res/gTI.xml
res/gU7.xml,848,363,.xml,android_res,res/gU7.xml
res/gUC.xml,2028,775,.xml,android_res,res/gUC.xml
res/gUQ.png,4688,4688,.png,android_res,res/gUQ.png
res/gV3.png,17945,17945,.png,android_res,res/gV3.png
res/gVM.png,268,268,.png,android_res,res/gVM.png
res/gVN.png,387,387,.png,android_res,res/gVN.png
res/gVP.png,228,228,.png,android_res,res/gVP.png
res/gVP1.png,150,150,.png,android_res,res/gVP1.png
res/gVQ.9.png,1098,1098,.png,android_res,res/gVQ.9.png
res/gVq.xml,600,285,.xml,android_res,res/gVq.xml
res/gW6.png,707,707,.png,android_res,res/gW6.png
res/gWI.png,641,641,.png,android_res,res/gWI.png
res/gWT.xml,2452,971,.xml,android_res,res/gWT.xml
res/gWq.xml,1824,666,.xml,android_res,res/gWq.xml
res/gWx.png,67,67,.png,android_res,res/gWx.png
res/gXL.webp,110,110,.webp,android_res,res/gXL.webp
res/gXo.xml,500,249,.xml,android_res,res/gXo.xml
res/gY4.xml,588,259,.xml,android_res,res/gY4.xml
res/gYW.xml,9920,2448,.xml,android_res,res/gYW.xml
res/gZW.xml,688,301,.xml,android_res,res/gZW.xml
res/gZw.xml,4472,592,.xml,android_res,res/gZw.xml
res/g_L.webp,16176,16176,.webp,android_res,res/g_L.webp
res/g_P.webp,30176,30176,.webp,android_res,res/g_P.webp
res/g_e.webp,30932,30932,.webp,android_res,res/g_e.webp
res/gaN.png,307,307,.png,android_res,res/gaN.png
res/gb0.webp,1860,1860,.webp,android_res,res/gb0.webp
res/gbm.xml,14880,3137,.xml,android_res,res/gbm.xml
res/gbu.xml,704,312,.xml,android_res,res/gbu.xml
res/gcr.xml,3036,899,.xml,android_res,res/gcr.xml
res/gd1.xml,3000,998,.xml,android_res,res/gd1.xml
res/gd5.jpg,11191,11191,.jpg,android_res,res/gd5.jpg
res/geA.png,2893,2893,.png,android_res,res/geA.png
res/geO.png,1639,1639,.png,android_res,res/geO.png
res/gfQ.png,192665,192665,.png,android_res,res/gfQ.png
res/gfZ.png,206,206,.png,android_res,res/gfZ.png
res/gg4.png,9871,9871,.png,android_res,res/gg4.png
res/ggP.png,9921,9921,.png,android_res,res/ggP.png
res/ggy.png,9972,9972,.png,android_res,res/ggy.png
res/gh0.png,604,604,.png,android_res,res/gh0.png
res/ghS.xml,1416,594,.xml,android_res,res/ghS.xml
res/ghg.png,921,921,.png,android_res,res/ghg.png
res/gi0.png,67,67,.png,android_res,res/gi0.png
res/giH.xml,21536,4128,.xml,android_res,res/giH.xml
res/gii.xml,908,385,.xml,android_res,res/gii.xml
res/gj4.xml,3512,1173,.xml,android_res,res/gj4.xml
res/gjL.png,3055,3055,.png,android_res,res/gjL.png
res/gjP.xml,516,239,.xml,android_res,res/gjP.xml
res/gjZ.webp,4522,4522,.webp,android_res,res/gjZ.webp
res/gjd.xml,5000,1466,.xml,android_res,res/gjd.xml
res/gkJ.xml,104,47,.xml,android_res,res/gkJ.xml
res/glj.xml,656,304,.xml,android_res,res/glj.xml
res/gls.xml,680,302,.xml,android_res,res/gls.xml
res/gm0.xml,5288,1714,.xml,android_res,res/gm0.xml
res/gm4.png,215,215,.png,android_res,res/gm4.png
res/gnR.webp,27628,27628,.webp,android_res,res/gnR.webp
res/gnZ.webp,11418,11418,.webp,android_res,res/gnZ.webp
res/gnv.png,584,584,.png,android_res,res/gnv.png
res/goe.png,2915,2915,.png,android_res,res/goe.png
res/got.xml,2476,811,.xml,android_res,res/got.xml
res/goy.xml,1168,376,.xml,android_res,res/goy.xml
res/gqZ.png,2183,2183,.png,android_res,res/gqZ.png
res/gqp.xml,536,276,.xml,android_res,res/gqp.xml
res/grb.webp,59374,59374,.webp,android_res,res/grb.webp
res/grl.xml,824,343,.xml,android_res,res/grl.xml
res/grm.xml,2712,1003,.xml,android_res,res/grm.xml
res/gsM.webp,44558,44558,.webp,android_res,res/gsM.webp
res/gsU.png,8417,8417,.png,android_res,res/gsU.png
res/gsg.xml,464,246,.xml,android_res,res/gsg.xml
res/gsh.png,551,551,.png,android_res,res/gsh.png
res/gso.xml,1812,664,.xml,android_res,res/gso.xml
res/gsq.png,41932,41932,.png,android_res,res/gsq.png
res/gsy.png,1262,1262,.png,android_res,res/gsy.png
res/gsz.png,1107,1107,.png,android_res,res/gsz.png
res/gt1.xml,3056,1037,.xml,android_res,res/gt1.xml
res/gtx.webp,88194,88194,.webp,android_res,res/gtx.webp
res/gty.xml,1712,745,.xml,android_res,res/gty.xml
res/guB.png,394,394,.png,android_res,res/guB.png
res/guF.png,443,443,.png,android_res,res/guF.png
res/gul.xml,1660,688,.xml,android_res,res/gul.xml
res/guy.webp,31024,31024,.webp,android_res,res/guy.webp
res/gvJ.png,5255,5255,.png,android_res,res/gvJ.png
res/gvW.png,858,858,.png,android_res,res/gvW.png
res/gvY.png,225,225,.png,android_res,res/gvY.png
res/gvi.xml,500,249,.xml,android_res,res/gvi.xml
res/gw1.xml,748,342,.xml,android_res,res/gw1.xml
res/gw2.webp,28018,28018,.webp,android_res,res/gw2.webp
res/gxl.xml,1028,469,.xml,android_res,res/gxl.xml
res/gyO.webp,1672,1672,.webp,android_res,res/gyO.webp
res/gzD.webp,33898,33898,.webp,android_res,res/gzD.webp
res/gzb.webp,14538,14538,.webp,android_res,res/gzb.webp
res/gzx.png,5253,5253,.png,android_res,res/gzx.png
res/gzz.png,5905,5905,.png,android_res,res/gzz.png
res/h--.png,152,152,.png,android_res,res/h--.png
res/h-4.xml,4568,1449,.xml,android_res,res/h-4.xml
res/h-5.xml,2568,961,.xml,android_res,res/h-5.xml
res/h-V.xml,2580,1025,.xml,android_res,res/h-V.xml
res/h-d.png,285,285,.png,android_res,res/h-d.png
res/h-f.png,99188,99188,.png,android_res,res/h-f.png
res/h-g.png,6650,6650,.png,android_res,res/h-g.png
res/h-j.xml,2024,830,.xml,android_res,res/h-j.xml
res/h0H.9.png,190,190,.png,android_res,res/h0H.9.png
res/h0f.xml,800,399,.xml,android_res,res/h0f.xml
res/h0l.xml,3356,1131,.xml,android_res,res/h0l.xml
res/h2-.webp,312,312,.webp,android_res,res/h2-.webp
res/h2b.png,1013,1013,.png,android_res,res/h2b.png
res/h33.xml,7768,2158,.xml,android_res,res/h33.xml
res/h3r.png,2292,2292,.png,android_res,res/h3r.png
res/h4J.xml,2364,844,.xml,android_res,res/h4J.xml
res/h4S.xml,1464,706,.xml,android_res,res/h4S.xml
res/h4U.xml,920,319,.xml,android_res,res/h4U.xml
res/h5T.webp,1120,1120,.webp,android_res,res/h5T.webp
res/h5h.xml,468,233,.xml,android_res,res/h5h.xml
res/h68.xml,2204,916,.xml,android_res,res/h68.xml
res/h7H.png,1471,1471,.png,android_res,res/h7H.png
res/h8I.webp,272,272,.webp,android_res,res/h8I.webp
res/h8I.xml,4800,1492,.xml,android_res,res/h8I.xml
res/h8U.png,8227,8227,.png,android_res,res/h8U.png
res/h8b.png,557,557,.png,android_res,res/h8b.png
res/h8n.xml,700,356,.xml,android_res,res/h8n.xml
res/h94.webp,2888,2888,.webp,android_res,res/h94.webp
res/h9g.xml,19496,4401,.xml,android_res,res/h9g.xml
res/h9k.webp,2722,2722,.webp,android_res,res/h9k.webp
res/hAY.png,4421,4421,.png,android_res,res/hAY.png
res/hAi.png,4436,4436,.png,android_res,res/hAi.png
res/hAk.png,3129,3129,.png,android_res,res/hAk.png
res/hBU.xml,13352,2186,.xml,android_res,res/hBU.xml
res/hBX.xml,468,246,.xml,android_res,res/hBX.xml
res/hBc.xml,448,217,.xml,android_res,res/hBc.xml
res/hBg.png,1760,1760,.png,android_res,res/hBg.png
res/hCY.xml,4108,1354,.xml,android_res,res/hCY.xml
res/hCu.xml,2528,960,.xml,android_res,res/hCu.xml
res/hE4.xml,11868,2902,.xml,android_res,res/hE4.xml
res/hET.xml,464,227,.xml,android_res,res/hET.xml
res/hEc.png,2525,2525,.png,android_res,res/hEc.png
res/hEe.png,924,924,.png,android_res,res/hEe.png
res/hFN.png,51717,51717,.png,android_res,res/hFN.png
res/hFR.png,5027,5027,.png,android_res,res/hFR.png
res/hFb.webp,18802,18802,.webp,android_res,res/hFb.webp
res/hFd.png,3438,3438,.png,android_res,res/hFd.png
res/hFq.9.png,1552,1552,.png,android_res,res/hFq.9.png
res/hG_.png,3295,3295,.png,android_res,res/hG_.png
res/hGa.xml,1080,498,.xml,android_res,res/hGa.xml
res/hHR.png,3030,3030,.png,android_res,res/hHR.png
res/hHi.webp,3478,3478,.webp,android_res,res/hHi.webp
res/hIB.xml,468,233,.xml,android_res,res/hIB.xml
res/hIC.png,9963,9963,.png,android_res,res/hIC.png
res/hI_.png,183,183,.png,android_res,res/hI_.png
res/hJB.png,6193,6193,.png,android_res,res/hJB.png
res/hK-.xml,588,251,.xml,android_res,res/hK-.xml
res/hK9.xml,944,330,.xml,android_res,res/hK9.xml
res/hKC.png,7469,7469,.png,android_res,res/hKC.png
res/hKC1.png,8208,8208,.png,android_res,res/hKC1.png
res/hKU.xml,956,431,.xml,android_res,res/hKU.xml
res/hKc.xml,5164,1549,.xml,android_res,res/hKc.xml
res/hL8.png,7087,7087,.png,android_res,res/hL8.png
res/hLe.png,5137,5137,.png,android_res,res/hLe.png
res/hMo.png,101,101,.png,android_res,res/hMo.png
res/hMp.xml,1924,722,.xml,android_res,res/hMp.xml
res/hN8.xml,3148,1152,.xml,android_res,res/hN8.xml
res/hOd.png,6206,6206,.png,android_res,res/hOd.png
res/hOl.xml,5876,1906,.xml,android_res,res/hOl.xml
res/hPV.9.png,149443,149443,.png,android_res,res/hPV.9.png
res/hPr.webp,2408,2408,.webp,android_res,res/hPr.webp
res/hQ-.png,20898,20898,.png,android_res,res/hQ-.png
res/hQJ.png,67,67,.png,android_res,res/hQJ.png
res/hQS.xml,3228,1227,.xml,android_res,res/hQS.xml
res/hQ_.xml,1448,640,.xml,android_res,res/hQ_.xml
res/hQk.png,4981,4981,.png,android_res,res/hQk.png
res/hQq.png,8050,8050,.png,android_res,res/hQq.png
res/hRD.png,986,986,.png,android_res,res/hRD.png
res/hRI.webp,4436,4436,.webp,android_res,res/hRI.webp
res/hSW.png,431,431,.png,android_res,res/hSW.png
res/hSw.xml,3840,630,.xml,android_res,res/hSw.xml
res/hTr.png,12343,12343,.png,android_res,res/hTr.png
res/hTv.9.png,917,917,.png,android_res,res/hTv.9.png
res/hTv.png,17894,17894,.png,android_res,res/hTv.png
res/hTz.png,634,634,.png,android_res,res/hTz.png
res/hU4.xml,924,447,.xml,android_res,res/hU4.xml
res/hUB.png,9937,9937,.png,android_res,res/hUB.png
res/hU_.png,254,254,.png,android_res,res/hU_.png
res/hUm.png,4138,4138,.png,android_res,res/hUm.png
res/hVT.png,1642,1642,.png,android_res,res/hVT.png
res/hWU.png,33623,33623,.png,android_res,res/hWU.png
res/hWq.xml,4212,1266,.xml,android_res,res/hWq.xml
res/hXj.xml,612,277,.xml,android_res,res/hXj.xml
res/hYf.xml,11772,2650,.xml,android_res,res/hYf.xml
res/hYm.xml,2060,793,.xml,android_res,res/hYm.xml
res/hZ3.xml,24980,5468,.xml,android_res,res/hZ3.xml
res/hZ4.png,1017,1017,.png,android_res,res/hZ4.png
res/hZE.xml,1804,696,.xml,android_res,res/hZE.xml
res/hZP.xml,1176,472,.xml,android_res,res/hZP.xml
res/hZ_.xml,448,225,.xml,android_res,res/hZ_.xml
res/h_L.xml,8940,2329,.xml,android_res,res/h_L.xml
res/haG.png,148821,148821,.png,android_res,res/haG.png
res/haX.xml,612,276,.xml,android_res,res/haX.xml
res/hag.xml,940,321,.xml,android_res,res/hag.xml
res/hb8.png,2006,2006,.png,android_res,res/hb8.png
res/hc3.png,3265,3265,.png,android_res,res/hc3.png
res/hcG.png,8124,8124,.png,android_res,res/hcG.png
res/heE.png,308,308,.png,android_res,res/heE.png
res/hf4.png,5441,5441,.png,android_res,res/hf4.png
res/hgD.png,769,769,.png,android_res,res/hgD.png
res/hge.webp,77428,77428,.webp,android_res,res/hge.webp
res/hhq.png,947,947,.png,android_res,res/hhq.png
res/hip.png,18898,18898,.png,android_res,res/hip.png
res/hjT.9.png,215,215,.png,android_res,res/hjT.9.png
res/hk8.xml,668,292,.xml,android_res,res/hk8.xml
res/hkG.png,376,376,.png,android_res,res/hkG.png
res/hkx.png,3596,3596,.png,android_res,res/hkx.png
res/hlO.xml,1880,622,.xml,android_res,res/hlO.xml
res/hlW.png,12220,12220,.png,android_res,res/hlW.png
res/hld.xml,2404,872,.xml,android_res,res/hld.xml
res/hlo.png,1668,1668,.png,android_res,res/hlo.png
res/hmW.xml,2004,721,.xml,android_res,res/hmW.xml
res/hnA.png,3382,3382,.png,android_res,res/hnA.png
res/hnO.webp,806,806,.webp,android_res,res/hnO.webp
res/ho6.png,12678,12678,.png,android_res,res/ho6.png
res/hoa.png,1380,1380,.png,android_res,res/hoa.png
res/hok.9.png,1262,1262,.png,android_res,res/hok.9.png
res/how.xml,8184,2405,.xml,android_res,res/how.xml
res/hoy.webp,838,838,.webp,android_res,res/hoy.webp
res/hp2.png,10271,10271,.png,android_res,res/hp2.png
res/hpj.xml,1736,731,.xml,android_res,res/hpj.xml
res/hq3.xml,448,214,.xml,android_res,res/hq3.xml
res/hq8.xml,704,306,.xml,android_res,res/hq8.xml
res/hq_.xml,532,275,.xml,android_res,res/hq_.xml
res/hqj.xml,600,281,.xml,android_res,res/hqj.xml
res/hr2.png,1033,1033,.png,android_res,res/hr2.png
res/hr7.png,271,271,.png,android_res,res/hr7.png
res/hr9.xml,4400,1361,.xml,android_res,res/hr9.xml
res/hs3.png,27116,27116,.png,android_res,res/hs3.png
res/hs4.webp,8982,8982,.webp,android_res,res/hs4.webp
res/hs6.png,803,803,.png,android_res,res/hs6.png
res/hs8.xml,1172,527,.xml,android_res,res/hs8.xml
res/hsV.9.png,29729,29729,.png,android_res,res/hsV.9.png
res/ht6.png,49702,49702,.png,android_res,res/ht6.png
res/huD.xml,692,381,.xml,android_res,res/huD.xml
res/huQ.png,730,730,.png,android_res,res/huQ.png
res/huV.webp,21416,21416,.webp,android_res,res/huV.webp
res/hum.png,939,939,.png,android_res,res/hum.png
res/hv4.xml,3828,1345,.xml,android_res,res/hv4.xml
res/hvQ.xml,696,381,.xml,android_res,res/hvQ.xml
res/hw0.png,126754,126754,.png,android_res,res/hw0.png
res/hxF.png,3895,3895,.png,android_res,res/hxF.png
res/hxW.png,4759,4759,.png,android_res,res/hxW.png
res/hxa.png,112,112,.png,android_res,res/hxa.png
res/hxa1.png,1199,1199,.png,android_res,res/hxa1.png
res/hym.png,1247,1247,.png,android_res,res/hym.png
res/hzT.xml,988,345,.xml,android_res,res/hzT.xml
res/hzr.webp,35060,35060,.webp,android_res,res/hzr.webp
res/i-p.xml,564,301,.xml,android_res,res/i-p.xml
res/i-u.xml,488,228,.xml,android_res,res/i-u.xml
res/i01.png,7639,7639,.png,android_res,res/i01.png
res/i0d.xml,464,230,.xml,android_res,res/i0d.xml
res/i0h.xml,6812,1721,.xml,android_res,res/i0h.xml
res/i1S.xml,1372,650,.xml,android_res,res/i1S.xml
res/i1v.png,147,147,.png,android_res,res/i1v.png
res/i2f.png,544,544,.png,android_res,res/i2f.png
res/i2v.webp,24320,24320,.webp,android_res,res/i2v.webp
res/i35.png,731,731,.png,android_res,res/i35.png
res/i3O.xml,704,310,.xml,android_res,res/i3O.xml
res/i3V.png,105,105,.png,android_res,res/i3V.png
res/i42.png,185,185,.png,android_res,res/i42.png
res/i4d.png,1650,1650,.png,android_res,res/i4d.png
res/i4z.xml,1136,570,.xml,android_res,res/i4z.xml
res/i68.webp,1670,1670,.webp,android_res,res/i68.webp
res/i6V.png,822687,822687,.png,android_res,res/i6V.png
res/i72.xml,2756,989,.xml,android_res,res/i72.xml
res/i7F.xml,468,232,.xml,android_res,res/i7F.xml
res/i8H.xml,500,250,.xml,android_res,res/i8H.xml
res/i9J.9.png,14387,14387,.png,android_res,res/i9J.9.png
res/i9U.png,8393,8393,.png,android_res,res/i9U.png
res/iAb.xml,2512,968,.xml,android_res,res/iAb.xml
res/iAp.xml,3504,1095,.xml,android_res,res/iAp.xml
res/iAr.xml,788,402,.xml,android_res,res/iAr.xml
res/iBJ.png,3897,3897,.png,android_res,res/iBJ.png
res/iBN.9.png,2840,2840,.png,android_res,res/iBN.9.png
res/iBm.xml,2344,982,.xml,android_res,res/iBm.xml
res/iBn.png,645,645,.png,android_res,res/iBn.png
res/iC4.png,466,466,.png,android_res,res/iC4.png
res/iCW.xml,1392,542,.xml,android_res,res/iCW.xml
res/iDl.webp,518,518,.webp,android_res,res/iDl.webp
res/iE1.xml,1496,666,.xml,android_res,res/iE1.xml
res/iEg.png,7136,7136,.png,android_res,res/iEg.png
res/iEv.png,1097,1097,.png,android_res,res/iEv.png
res/iFv.xml,2940,1085,.xml,android_res,res/iFv.xml
res/iG5.png,6357,6357,.png,android_res,res/iG5.png
res/iGC.png,5164,5164,.png,android_res,res/iGC.png
res/iGQ.png,3668,3668,.png,android_res,res/iGQ.png
res/iHC.webp,728,728,.webp,android_res,res/iHC.webp
res/iHZ.png,564,564,.png,android_res,res/iHZ.png
res/iHa.png,176830,176830,.png,android_res,res/iHa.png
res/iHb.png,286,286,.png,android_res,res/iHb.png
res/iIP.png,5677,5677,.png,android_res,res/iIP.png
res/iJ4.png,6927,6927,.png,android_res,res/iJ4.png
res/iK1.png,19256,19256,.png,android_res,res/iK1.png
res/iKh.xml,600,287,.xml,android_res,res/iKh.xml
res/iLS.xml,440,261,.xml,android_res,res/iLS.xml
res/iLU.webp,1654,1654,.webp,android_res,res/iLU.webp
res/iMu.png,2417,2417,.png,android_res,res/iMu.png
res/iMv.png,12392,12392,.png,android_res,res/iMv.png
res/iOB.webp,4602,4602,.webp,android_res,res/iOB.webp
res/iOV.png,3046,3046,.png,android_res,res/iOV.png
res/iP7.png,4994,4994,.png,android_res,res/iP7.png
res/iPE.png,199,199,.png,android_res,res/iPE.png
res/iPN.xml,4320,1359,.xml,android_res,res/iPN.xml
res/iRf.webp,44282,44282,.webp,android_res,res/iRf.webp
res/iSD.xml,448,216,.xml,android_res,res/iSD.xml
res/iSW.png,2173,2173,.png,android_res,res/iSW.png
res/iS_.webp,2146,2146,.webp,android_res,res/iS_.webp
res/iSn.xml,588,291,.xml,android_res,res/iSn.xml
res/iSt.png,411,411,.png,android_res,res/iSt.png
res/iT7.webp,92718,92718,.webp,android_res,res/iT7.webp
res/iTQ.png,477,477,.png,android_res,res/iTQ.png
res/iU0.xml,536,255,.xml,android_res,res/iU0.xml
res/iU8.xml,3044,1126,.xml,android_res,res/iU8.xml
res/iUS.xml,2828,962,.xml,android_res,res/iUS.xml
res/iVV.xml,592,313,.xml,android_res,res/iVV.xml
res/iVu.xml,1300,519,.xml,android_res,res/iVu.xml
res/iW_.png,1506,1506,.png,android_res,res/iW_.png
res/iWw.xml,2960,932,.xml,android_res,res/iWw.xml
res/iXA.png,664,664,.png,android_res,res/iXA.png
res/iXG.png,847,847,.png,android_res,res/iXG.png
res/iXf.png,1210,1210,.png,android_res,res/iXf.png
res/iYt.webp,68328,68328,.webp,android_res,res/iYt.webp
res/i_U.png,398,398,.png,android_res,res/i_U.png
res/i_V.png,512,512,.png,android_res,res/i_V.png
res/i_W.png,280,280,.png,android_res,res/i_W.png
res/iaD.xml,484,228,.xml,android_res,res/iaD.xml
res/ibB.xml,1176,523,.xml,android_res,res/ibB.xml
res/ibC.png,2631,2631,.png,android_res,res/ibC.png
res/ibM.png,3590,3590,.png,android_res,res/ibM.png
res/ibM.webp,2364,2364,.webp,android_res,res/ibM.webp
res/ibT.webp,3584,3584,.webp,android_res,res/ibT.webp
res/ibf.png,646,646,.png,android_res,res/ibf.png
res/icA.xml,1560,654,.xml,android_res,res/icA.xml
res/icA1.xml,488,229,.xml,android_res,res/icA1.xml
res/id7.xml,6748,1851,.xml,android_res,res/id7.xml
res/ieA.xml,1648,655,.xml,android_res,res/ieA.xml
res/ieD.png,29285,29285,.png,android_res,res/ieD.png
res/ieD.xml,5296,1610,.xml,android_res,res/ieD.xml
res/ieS.png,11287,11287,.png,android_res,res/ieS.png
res/iem.png,711,711,.png,android_res,res/iem.png
res/iep.png,67441,67441,.png,android_res,res/iep.png
res/ifE.xml,1028,503,.xml,android_res,res/ifE.xml
res/ifK.webp,19552,19552,.webp,android_res,res/ifK.webp
res/ifS.webp,730,730,.webp,android_res,res/ifS.webp
res/ifh.webp,11994,11994,.webp,android_res,res/ifh.webp
res/ifm.png,29349,29349,.png,android_res,res/ifm.png
res/ifp.png,4979,4979,.png,android_res,res/ifp.png
res/igG.png,1291,1291,.png,android_res,res/igG.png
res/igN.xml,476,253,.xml,android_res,res/igN.xml
res/igb.png,307,307,.png,android_res,res/igb.png
res/igb.webp,3574,3574,.webp,android_res,res/igb.webp
res/ihC.png,6377,6377,.png,android_res,res/ihC.png
res/ihC.xml,14952,2782,.xml,android_res,res/ihC.xml
res/ihl.xml,1012,319,.xml,android_res,res/ihl.xml
res/iiB.9.png,178,178,.png,android_res,res/iiB.9.png
res/iiX.xml,3664,1257,.xml,android_res,res/iiX.xml
res/iia.png,772689,772689,.png,android_res,res/iia.png
res/iim.png,1740,1740,.png,android_res,res/iim.png
res/ij6.png,10194,10194,.png,android_res,res/ij6.png
res/ijK.xml,1400,648,.xml,android_res,res/ijK.xml
res/ijY.png,298,298,.png,android_res,res/ijY.png
res/ikh.webp,33206,33206,.webp,android_res,res/ikh.webp
res/ikn.webp,17536,17536,.webp,android_res,res/ikn.webp
res/ilx.webp,8980,8980,.webp,android_res,res/ilx.webp
res/inH.png,1152,1152,.png,android_res,res/inH.png
res/ioH.png,3009,3009,.png,android_res,res/ioH.png
res/ipL.png,2595,2595,.png,android_res,res/ipL.png
res/ipg.webp,16730,16730,.webp,android_res,res/ipg.webp
res/iph.png,542,542,.png,android_res,res/iph.png
res/iqD.xml,704,310,.xml,android_res,res/iqD.xml
res/iqG.png,1403,1403,.png,android_res,res/iqG.png
res/is5.png,15327,15327,.png,android_res,res/is5.png
res/isH.webp,13026,13026,.webp,android_res,res/isH.webp
res/iu5.png,49385,49385,.png,android_res,res/iu5.png
res/iun.webp,544,544,.webp,android_res,res/iun.webp
res/iux.png,310,310,.png,android_res,res/iux.png
res/iv-.xml,4880,1435,.xml,android_res,res/iv-.xml
res/iv0.xml,680,384,.xml,android_res,res/iv0.xml
res/iv6.xml,444,221,.xml,android_res,res/iv6.xml
res/ivB.png,144,144,.png,android_res,res/ivB.png
res/ivo.xml,444,219,.xml,android_res,res/ivo.xml
res/ivy.png,8970,8970,.png,android_res,res/ivy.png
res/iw8.xml,796,435,.xml,android_res,res/iw8.xml
res/iwR.xml,2224,764,.xml,android_res,res/iwR.xml
res/iwg.png,3767,3767,.png,android_res,res/iwg.png
res/iwn.xml,624,322,.xml,android_res,res/iwn.xml
res/ix-.xml,488,231,.xml,android_res,res/ix-.xml
res/ix3.webp,820,820,.webp,android_res,res/ix3.webp
res/iyN.webp,1542,1542,.webp,android_res,res/iyN.webp
res/iyR.png,1855,1855,.png,android_res,res/iyR.png
res/iyZ.xml,4976,1616,.xml,android_res,res/iyZ.xml
res/iz3.png,1848,1848,.png,android_res,res/iz3.png
res/izC.webp,21668,21668,.webp,android_res,res/izC.webp
res/izQ.webp,4340,4340,.webp,android_res,res/izQ.webp
res/izm.xml,2228,866,.xml,android_res,res/izm.xml
res/izr.xml,1352,597,.xml,android_res,res/izr.xml
res/j--.png,1514,1514,.png,android_res,res/j--.png
res/j-P.xml,480,240,.xml,android_res,res/j-P.xml
res/j-S.png,24850,24850,.png,android_res,res/j-S.png
res/j-e.9.png,184,184,.png,android_res,res/j-e.9.png
res/j-o.9.png,345,345,.png,android_res,res/j-o.9.png
res/j-o.xml,2000,768,.xml,android_res,res/j-o.xml
res/j-s.png,195,195,.png,android_res,res/j-s.png
res/j08.xml,1456,587,.xml,android_res,res/j08.xml
res/j0V.webp,2698,2698,.webp,android_res,res/j0V.webp
res/j10.xml,676,331,.xml,android_res,res/j10.xml
res/j11.webp,544,544,.webp,android_res,res/j11.webp
res/j1N.xml,1012,398,.xml,android_res,res/j1N.xml
res/j1j.xml,532,274,.xml,android_res,res/j1j.xml
res/j1z.png,346,346,.png,android_res,res/j1z.png
res/j1z1.png,5057,5057,.png,android_res,res/j1z1.png
res/j20.png,198,198,.png,android_res,res/j20.png
res/j21.webp,2844,2844,.webp,android_res,res/j21.webp
res/j22.webp,538,538,.webp,android_res,res/j22.webp
res/j24.png,258,258,.png,android_res,res/j24.png
res/j2I.webp,5962,5962,.webp,android_res,res/j2I.webp
res/j2s.png,1628,1628,.png,android_res,res/j2s.png
res/j33.webp,500,500,.webp,android_res,res/j33.webp
res/j34.xml,2148,659,.xml,android_res,res/j34.xml
res/j3H.png,12565,12565,.png,android_res,res/j3H.png
res/j3a.webp,1478,1478,.webp,android_res,res/j3a.webp
res/j44.webp,456,456,.webp,android_res,res/j44.webp
res/j4o.xml,2688,1031,.xml,android_res,res/j4o.xml
res/j50.webp,158732,158732,.webp,android_res,res/j50.webp
res/j54.xml,1716,743,.xml,android_res,res/j54.xml
res/j55.webp,424,424,.webp,android_res,res/j55.webp
res/j59.webp,3580,3580,.webp,android_res,res/j59.webp
res/j5K.webp,19530,19530,.webp,android_res,res/j5K.webp
res/j66.webp,472,472,.webp,android_res,res/j66.webp
res/j6N.png,1910,1910,.png,android_res,res/j6N.png
res/j6j.xml,2748,937,.xml,android_res,res/j6j.xml
res/j77.webp,498,498,.webp,android_res,res/j77.webp
res/j7W.png,1308,1308,.png,android_res,res/j7W.png
res/j84.png,3441,3441,.png,android_res,res/j84.png
res/j88.webp,534,534,.webp,android_res,res/j88.webp
res/j8k.xml,2056,795,.xml,android_res,res/j8k.xml
res/j92.9.png,194,194,.png,android_res,res/j92.9.png
res/j9_.xml,2728,995,.xml,android_res,res/j9_.xml
res/jAJ.xml,484,246,.xml,android_res,res/jAJ.xml
res/jAs.png,11961,11961,.png,android_res,res/jAs.png
res/jBO.png,15223,15223,.png,android_res,res/jBO.png
res/jBV.xml,564,266,.xml,android_res,res/jBV.xml
res/jC3.png,340,340,.png,android_res,res/jC3.png
res/jCB.webp,3122,3122,.webp,android_res,res/jCB.webp
res/jCi.png,40333,40333,.png,android_res,res/jCi.png
res/jDq.png,294,294,.png,android_res,res/jDq.png
res/jEq.webp,19500,19500,.webp,android_res,res/jEq.webp
res/jFI.png,67,67,.png,android_res,res/jFI.png
res/jG3.webp,4840,4840,.webp,android_res,res/jG3.webp
res/jHA.png,4256,4256,.png,android_res,res/jHA.png
res/jHP.png,797,797,.png,android_res,res/jHP.png
res/jHS.webp,78252,78252,.webp,android_res,res/jHS.webp
res/jHb.xml,1276,551,.xml,android_res,res/jHb.xml
res/jI1.xml,6648,1699,.xml,android_res,res/jI1.xml
res/jIH.xml,464,268,.xml,android_res,res/jIH.xml
res/jIL.png,7115,7115,.png,android_res,res/jIL.png
res/jIW.png,733,733,.png,android_res,res/jIW.png
res/jJ8.xml,2316,891,.xml,android_res,res/jJ8.xml
res/jKE.webp,8224,8224,.webp,android_res,res/jKE.webp
res/jKL.png,18700,18700,.png,android_res,res/jKL.png
res/jKR.9.png,212,212,.png,android_res,res/jKR.9.png
res/jKy.png,10580,10580,.png,android_res,res/jKy.png
res/jKy1.png,774,774,.png,android_res,res/jKy1.png
res/jMk.png,2281,2281,.png,android_res,res/jMk.png
res/jNF.xml,2412,904,.xml,android_res,res/jNF.xml
res/jOH.png,2889,2889,.png,android_res,res/jOH.png
res/jOP.png,36774,36774,.png,android_res,res/jOP.png
res/jOS.png,625,625,.png,android_res,res/jOS.png
res/jP3.png,16916,16916,.png,android_res,res/jP3.png
res/jPD.xml,3096,1118,.xml,android_res,res/jPD.xml
res/jPG.xml,5848,1628,.xml,android_res,res/jPG.xml
res/jPH.webp,7876,7876,.webp,android_res,res/jPH.webp
res/jPd.png,6943,6943,.png,android_res,res/jPd.png
res/jPs.xml,2160,826,.xml,android_res,res/jPs.xml
res/jQw.webp,402,402,.webp,android_res,res/jQw.webp
res/jR2.png,2656,2656,.png,android_res,res/jR2.png
res/jRI.png,1326,1326,.png,android_res,res/jRI.png
res/jRm.9.png,2493,2493,.png,android_res,res/jRm.9.png
res/jRt.png,1132,1132,.png,android_res,res/jRt.png
res/jRt.xml,396,228,.xml,android_res,res/jRt.xml
res/jS9.png,257,257,.png,android_res,res/jS9.png
res/jUQ.xml,3264,1012,.xml,android_res,res/jUQ.xml
res/jUW.xml,1884,733,.xml,android_res,res/jUW.xml
res/jUX.xml,1308,571,.xml,android_res,res/jUX.xml
res/jUl.xml,3108,1053,.xml,android_res,res/jUl.xml
res/jVB.xml,468,233,.xml,android_res,res/jVB.xml
res/jVC.xml,3020,1106,.xml,android_res,res/jVC.xml
res/jVX.xml,564,290,.xml,android_res,res/jVX.xml
res/jVw.webp,2450,2450,.webp,android_res,res/jVw.webp
res/jW9.png,2838,2838,.png,android_res,res/jW9.png
res/jWO.png,1638,1638,.png,android_res,res/jWO.png
res/jWQ.xml,2812,936,.xml,android_res,res/jWQ.xml
res/jWY.xml,3028,891,.xml,android_res,res/jWY.xml
res/jWb.xml,3796,1230,.xml,android_res,res/jWb.xml
res/jXR.png,3592,3592,.png,android_res,res/jXR.png
res/jXW.png,1616,1616,.png,android_res,res/jXW.png
res/jXb.9.png,5124,5124,.png,android_res,res/jXb.9.png
res/jY1.xml,1224,572,.xml,android_res,res/jY1.xml
res/jYG.xml,1080,409,.xml,android_res,res/jYG.xml
res/jYV.xml,7060,1899,.xml,android_res,res/jYV.xml
res/jZw.xml,448,220,.xml,android_res,res/jZw.xml
res/j_7.xml,872,365,.xml,android_res,res/j_7.xml
res/j_L.xml,488,227,.xml,android_res,res/j_L.xml
res/j_m.webp,43330,43330,.webp,android_res,res/j_m.webp
res/j_v.png,2873,2873,.png,android_res,res/j_v.png
res/ja2.xml,816,348,.xml,android_res,res/ja2.xml
res/jak.webp,4974,4974,.webp,android_res,res/jak.webp
res/jb-.png,47913,47913,.png,android_res,res/jb-.png
res/jb3.png,10920,10920,.png,android_res,res/jb3.png
res/jbX.png,10990,10990,.png,android_res,res/jbX.png
res/jbe.webp,12740,12740,.webp,android_res,res/jbe.webp
res/jbl.xml,3732,1278,.xml,android_res,res/jbl.xml
res/jcL.xml,1288,453,.xml,android_res,res/jcL.xml
res/jcU.xml,676,264,.xml,android_res,res/jcU.xml
res/jcY.png,1826,1826,.png,android_res,res/jcY.png
res/jdO.png,46570,46570,.png,android_res,res/jdO.png
res/jdv.png,1408,1408,.png,android_res,res/jdv.png
res/je5.png,18239,18239,.png,android_res,res/je5.png
res/je7.png,718,718,.png,android_res,res/je7.png
res/jeW.xml,5584,1767,.xml,android_res,res/jeW.xml
res/jgP.png,1371,1371,.png,android_res,res/jgP.png
res/jgo.xml,5024,1273,.xml,android_res,res/jgo.xml
res/jgr.png,556,556,.png,android_res,res/jgr.png
res/jh0.png,5693,5693,.png,android_res,res/jh0.png
res/jh5.png,13729,13729,.png,android_res,res/jh5.png
res/jhA.9.png,618,618,.png,android_res,res/jhA.9.png
res/jhX.xml,8124,2268,.xml,android_res,res/jhX.xml
res/jhe.png,1101,1101,.png,android_res,res/jhe.png
res/jhf.webp,58514,58514,.webp,android_res,res/jhf.webp
res/jhw.xml,9608,2272,.xml,android_res,res/jhw.xml
res/jhy.xml,980,451,.xml,android_res,res/jhy.xml
res/jib.png,7343,7343,.png,android_res,res/jib.png
res/jj4.xml,536,275,.xml,android_res,res/jj4.xml
res/jjo.png,4451,4451,.png,android_res,res/jjo.png
res/jkF.xml,1876,813,.xml,android_res,res/jkF.xml
res/jkQ.xml,15380,3016,.xml,android_res,res/jkQ.xml
res/jlc.xml,688,308,.xml,android_res,res/jlc.xml
res/jmt.webp,28378,28378,.webp,android_res,res/jmt.webp
res/jnC.webp,136848,136848,.webp,android_res,res/jnC.webp
res/jnS.webp,1742,1742,.webp,android_res,res/jnS.webp
res/jnY.xml,576,268,.xml,android_res,res/jnY.xml
res/jo0.xml,500,249,.xml,android_res,res/jo0.xml
res/jo8.xml,576,294,.xml,android_res,res/jo8.xml
res/joU.png,50628,50628,.png,android_res,res/joU.png
res/joX.xml,7748,2043,.xml,android_res,res/joX.xml
res/jox.png,3022,3022,.png,android_res,res/jox.png
res/jpi.png,14176,14176,.png,android_res,res/jpi.png
res/jrV.png,2427,2427,.png,android_res,res/jrV.png
res/jrZ.png,1892,1892,.png,android_res,res/jrZ.png
res/jrh.webp,338,338,.webp,android_res,res/jrh.webp
res/jtC.webp,21882,21882,.webp,android_res,res/jtC.webp
res/jtK.png,1496,1496,.png,android_res,res/jtK.png
res/ju5.webp,1926,1926,.webp,android_res,res/ju5.webp
res/juc.png,352,352,.png,android_res,res/juc.png
res/juf.png,640,640,.png,android_res,res/juf.png
res/jvf.xml,516,297,.xml,android_res,res/jvf.xml
res/jvt.png,60802,60802,.png,android_res,res/jvt.png
res/jvu.png,10573,10573,.png,android_res,res/jvu.png
res/jvv.webp,370,370,.webp,android_res,res/jvv.webp
res/jvx.xml,1000,339,.xml,android_res,res/jvx.xml
res/jwN.xml,3668,1260,.xml,android_res,res/jwN.xml
res/jwO.xml,468,232,.xml,android_res,res/jwO.xml
res/jwZ.xml,832,394,.xml,android_res,res/jwZ.xml
res/jwj.xml,1804,651,.xml,android_res,res/jwj.xml
res/jwj1.xml,448,221,.xml,android_res,res/jwj1.xml
res/jwq.xml,476,271,.xml,android_res,res/jwq.xml
res/jx4.webp,638,638,.webp,android_res,res/jx4.webp
res/jxH.xml,5868,1658,.xml,android_res,res/jxH.xml
res/jy4.xml,464,231,.xml,android_res,res/jy4.xml
res/jyD.xml,564,240,.xml,android_res,res/jyD.xml
res/jyj.png,4198,4198,.png,android_res,res/jyj.png
res/jyj.xml,6124,1659,.xml,android_res,res/jyj.xml
res/jz2.png,184,184,.png,android_res,res/jz2.png
res/jzh.png,5323,5323,.png,android_res,res/jzh.png
res/jzk.xml,1524,325,.xml,android_res,res/jzk.xml
res/k-U.xml,104,47,.xml,android_res,res/k-U.xml
res/k0l.png,55525,55525,.png,android_res,res/k0l.png
res/k1E.xml,672,297,.xml,android_res,res/k1E.xml
res/k1P.xml,3480,1221,.xml,android_res,res/k1P.xml
res/k29.xml,500,247,.xml,android_res,res/k29.xml
res/k2W.png,414,414,.png,android_res,res/k2W.png
res/k2e.webp,225426,225426,.webp,android_res,res/k2e.webp
res/k35.png,9066,9066,.png,android_res,res/k35.png
res/k3j.webp,34500,34500,.webp,android_res,res/k3j.webp
res/k3s.xml,4852,1490,.xml,android_res,res/k3s.xml
res/k4J.9.png,1819,1819,.png,android_res,res/k4J.9.png
res/k4P.png,42714,42714,.png,android_res,res/k4P.png
res/k4f.xml,2596,949,.xml,android_res,res/k4f.xml
res/k5s.png,3316,3316,.png,android_res,res/k5s.png
res/k5z.xml,3328,1154,.xml,android_res,res/k5z.xml
res/k61.png,105,105,.png,android_res,res/k61.png
res/k6V.png,2008,2008,.png,android_res,res/k6V.png
res/k6x.webp,1592,1592,.webp,android_res,res/k6x.webp
res/k7p.xml,12304,2923,.xml,android_res,res/k7p.xml
res/k81.webp,7502,7502,.webp,android_res,res/k81.webp
res/k8C.xml,6564,1832,.xml,android_res,res/k8C.xml
res/k8f.png,13446,13446,.png,android_res,res/k8f.png
res/k9b.webp,7510,7510,.webp,android_res,res/k9b.webp
res/k9b.xml,2548,1079,.xml,android_res,res/k9b.xml
res/k9k.png,374,374,.png,android_res,res/k9k.png
res/k9w.png,4831,4831,.png,android_res,res/k9w.png
res/kAA.png,10696,10696,.png,android_res,res/kAA.png
res/kAK.xml,1112,479,.xml,android_res,res/kAK.xml
res/kBA.webp,26054,26054,.webp,android_res,res/kBA.webp
res/kBE.xml,1120,516,.xml,android_res,res/kBE.xml
res/kBg.png,2903,2903,.png,android_res,res/kBg.png
res/kBl.xml,1560,653,.xml,android_res,res/kBl.xml
res/kDK.png,199,199,.png,android_res,res/kDK.png
res/kDQ.9.png,1435,1435,.png,android_res,res/kDQ.9.png
res/kDa.webp,41876,41876,.webp,android_res,res/kDa.webp
res/kDd.webp,2860,2860,.webp,android_res,res/kDd.webp
res/kEU.xml,3524,1255,.xml,android_res,res/kEU.xml
res/kEs.xml,3408,1233,.xml,android_res,res/kEs.xml
res/kFa.png,1545,1545,.png,android_res,res/kFa.png
res/kFy.xml,2496,835,.xml,android_res,res/kFy.xml
res/kGf.png,8159,8159,.png,android_res,res/kGf.png
res/kI4.xml,576,259,.xml,android_res,res/kI4.xml
res/kIE.xml,484,216,.xml,android_res,res/kIE.xml
res/kIG.xml,1292,515,.xml,android_res,res/kIG.xml
res/kIs.png,67,67,.png,android_res,res/kIs.png
res/kJ4.png,498,498,.png,android_res,res/kJ4.png
res/kJ8.xml,520,238,.xml,android_res,res/kJ8.xml
res/kK1.png,3480,3480,.png,android_res,res/kK1.png
res/kK3.9.png,178,178,.png,android_res,res/kK3.9.png
res/kK6.xml,9104,1997,.xml,android_res,res/kK6.xml
res/kLJ.xml,2376,904,.xml,android_res,res/kLJ.xml
res/kLX.png,7031,7031,.png,android_res,res/kLX.png
res/kLY.png,1630,1630,.png,android_res,res/kLY.png
res/kLc.webp,33866,33866,.webp,android_res,res/kLc.webp
res/kLm.xml,400,238,.xml,android_res,res/kLm.xml
res/kLs.png,30584,30584,.png,android_res,res/kLs.png
res/kLt.xml,1896,687,.xml,android_res,res/kLt.xml
res/kM-.xml,1696,645,.xml,android_res,res/kM-.xml
res/kMq.png,4125,4125,.png,android_res,res/kMq.png
res/kNF.webp,11468,11468,.webp,android_res,res/kNF.webp
res/kOC.png,88893,88893,.png,android_res,res/kOC.png
res/kOg.png,11654,11654,.png,android_res,res/kOg.png
res/kOm.png,412,412,.png,android_res,res/kOm.png
res/kOt.png,549,549,.png,android_res,res/kOt.png
res/kPM.png,1500,1500,.png,android_res,res/kPM.png
res/kPR.xml,484,221,.xml,android_res,res/kPR.xml
res/kPT.webp,4008,4008,.webp,android_res,res/kPT.webp
res/kPn.xml,3904,1174,.xml,android_res,res/kPn.xml
res/kSD.png,904,904,.png,android_res,res/kSD.png
res/kSi.webp,424,424,.webp,android_res,res/kSi.webp
res/kSy.png,168,168,.png,android_res,res/kSy.png
res/kTM.png,1135,1135,.png,android_res,res/kTM.png
res/kTl.png,48995,48995,.png,android_res,res/kTl.png
res/kTy.webp,1400,1400,.webp,android_res,res/kTy.webp
res/kUS.xml,3020,1162,.xml,android_res,res/kUS.xml
res/kU_.png,12565,12565,.png,android_res,res/kU_.png
res/kUv.xml,468,232,.xml,android_res,res/kUv.xml
res/kVu.png,3014,3014,.png,android_res,res/kVu.png
res/kVu.webp,1534,1534,.webp,android_res,res/kVu.webp
res/kWU.png,10280,10280,.png,android_res,res/kWU.png
res/kX0.xml,2992,1094,.xml,android_res,res/kX0.xml
res/kXH.png,2866,2866,.png,android_res,res/kXH.png
res/kXJ.png,2582,2582,.png,android_res,res/kXJ.png
res/kXc.webp,9646,9646,.webp,android_res,res/kXc.webp
res/kXq.xml,1528,624,.xml,android_res,res/kXq.xml
res/kYq.xml,664,303,.xml,android_res,res/kYq.xml
res/kYy.xml,1072,495,.xml,android_res,res/kYy.xml
res/kYz.webp,686,686,.webp,android_res,res/kYz.webp
res/kZx.png,1767,1767,.png,android_res,res/kZx.png
res/k_4.png,403,403,.png,android_res,res/k_4.png
res/k_Y.xml,3148,944,.xml,android_res,res/k_Y.xml
res/kaA.xml,9472,2532,.xml,android_res,res/kaA.xml
res/kah.xml,688,274,.xml,android_res,res/kah.xml
res/kbE.xml,5688,1652,.xml,android_res,res/kbE.xml
res/kcG.xml,724,320,.xml,android_res,res/kcG.xml
res/kcM.xml,520,247,.xml,android_res,res/kcM.xml
res/kd2.xml,5044,1661,.xml,android_res,res/kd2.xml
res/kdL.xml,552,245,.xml,android_res,res/kdL.xml
res/ke4.9.png,8275,8275,.png,android_res,res/ke4.9.png
res/kfT.xml,3472,1283,.xml,android_res,res/kfT.xml
res/kfY.png,157,157,.png,android_res,res/kfY.png
res/kfi.png,1620,1620,.png,android_res,res/kfi.png
res/kgN.webp,3622,3622,.webp,android_res,res/kgN.webp
res/kgU.png,74511,74511,.png,android_res,res/kgU.png
res/khB.xml,1216,534,.xml,android_res,res/khB.xml
res/khU.png,3532,3532,.png,android_res,res/khU.png
res/kho.png,272,272,.png,android_res,res/kho.png
res/kiw.png,109862,109862,.png,android_res,res/kiw.png
res/kjB.xml,440,260,.xml,android_res,res/kjB.xml
res/kjs.webp,1418,1418,.webp,android_res,res/kjs.webp
res/kkZ.webp,1482,1482,.webp,android_res,res/kkZ.webp
res/kkl.png,50072,50072,.png,android_res,res/kkl.png
res/kkq.xml,892,412,.xml,android_res,res/kkq.xml
res/klE.xml,704,309,.xml,android_res,res/klE.xml
res/kli.png,3039,3039,.png,android_res,res/kli.png
res/kmr.webp,664,664,.webp,android_res,res/kmr.webp
res/kni.png,338,338,.png,android_res,res/kni.png
res/knm.png,6568,6568,.png,android_res,res/knm.png
res/knz.png,4447,4447,.png,android_res,res/knz.png
res/ko3.xml,536,258,.xml,android_res,res/ko3.xml
res/koj.xml,484,223,.xml,android_res,res/koj.xml
res/kpT.png,2442,2442,.png,android_res,res/kpT.png
res/kpU.png,2768,2768,.png,android_res,res/kpU.png
res/kpV.png,2754,2754,.png,android_res,res/kpV.png
res/kpW.png,2661,2661,.png,android_res,res/kpW.png
res/kpX.png,2729,2729,.png,android_res,res/kpX.png
res/kpY.png,2566,2566,.png,android_res,res/kpY.png
res/kpZ.png,2848,2848,.png,android_res,res/kpZ.png
res/kpa.png,2468,2468,.png,android_res,res/kpa.png
res/kqI.xml,872,413,.xml,android_res,res/kqI.xml
res/krE.png,152,152,.png,android_res,res/krE.png
res/krr.xml,1396,569,.xml,android_res,res/krr.xml
res/ks8.xml,2448,1005,.xml,android_res,res/ks8.xml
res/ksZ.png,8228,8228,.png,android_res,res/ksZ.png
res/ksn.png,8674,8674,.png,android_res,res/ksn.png
res/ktK.png,4036,4036,.png,android_res,res/ktK.png
res/kto.xml,2244,935,.xml,android_res,res/kto.xml
res/ku0.webp,536,536,.webp,android_res,res/ku0.webp
res/kuI.xml,3480,1161,.xml,android_res,res/kuI.xml
res/kuw.xml,484,249,.xml,android_res,res/kuw.xml
res/kvb.xml,10020,2428,.xml,android_res,res/kvb.xml
res/kvw.xml,1600,679,.xml,android_res,res/kvw.xml
res/kw1.png,3071,3071,.png,android_res,res/kw1.png
res/kwC.xml,4252,1192,.xml,android_res,res/kwC.xml
res/kww.xml,7892,2066,.xml,android_res,res/kww.xml
res/kxO.webp,4524,4524,.webp,android_res,res/kxO.webp
res/ky0.png,265,265,.png,android_res,res/ky0.png
res/kyO.webp,498,498,.webp,android_res,res/kyO.webp
res/kzV.xml,448,219,.xml,android_res,res/kzV.xml
res/kzt.png,1198,1198,.png,android_res,res/kzt.png
res/l-j.png,1248,1248,.png,android_res,res/l-j.png
res/l-m.png,957,957,.png,android_res,res/l-m.png
res/l0h.xml,748,355,.xml,android_res,res/l0h.xml
res/l12.png,13181,13181,.png,android_res,res/l12.png
res/l1l.xml,1908,860,.xml,android_res,res/l1l.xml
res/l20.webp,32480,32480,.webp,android_res,res/l20.webp
res/l2F.webp,414,414,.webp,android_res,res/l2F.webp
res/l2s.png,5943,5943,.png,android_res,res/l2s.png
res/l2y.xml,264,152,.xml,android_res,res/l2y.xml
res/l3C.png,4225,4225,.png,android_res,res/l3C.png
res/l3d.webp,326,326,.webp,android_res,res/l3d.webp
res/l4w.xml,1988,764,.xml,android_res,res/l4w.xml
res/l5w.png,334,334,.png,android_res,res/l5w.png
res/l6-.webp,0,0,.webp,android_res,res/l6-.webp
res/l7I.xml,2384,841,.xml,android_res,res/l7I.xml
res/l7v.png,333,333,.png,android_res,res/l7v.png
res/l8Y.webp,1876,1876,.webp,android_res,res/l8Y.webp
res/l8Z.xml,468,230,.xml,android_res,res/l8Z.xml
res/l9N.png,9660,9660,.png,android_res,res/l9N.png
res/l9P.xml,916,424,.xml,android_res,res/l9P.xml
res/lAt.png,67,67,.png,android_res,res/lAt.png
res/lBH.png,74178,74178,.png,android_res,res/lBH.png
res/lBI.png,20984,20984,.png,android_res,res/lBI.png
res/lBT.png,2467,2467,.png,android_res,res/lBT.png
res/lBU.png,5895,5895,.png,android_res,res/lBU.png
res/lBV.png,5663,5663,.png,android_res,res/lBV.png
res/lBb.png,5765,5765,.png,android_res,res/lBb.png
res/lBs.webp,219270,219270,.webp,android_res,res/lBs.webp
res/lCi.webp,25476,25476,.webp,android_res,res/lCi.webp
res/lD4.png,27284,27284,.png,android_res,res/lD4.png
res/lDF.png,2680,2680,.png,android_res,res/lDF.png
res/lDJ.webp,6528,6528,.webp,android_res,res/lDJ.webp
res/lD_.xml,912,436,.xml,android_res,res/lD_.xml
res/lD_1.xml,688,304,.xml,android_res,res/lD_1.xml
res/lDi.xml,916,442,.xml,android_res,res/lDi.xml
res/lDr.webp,26564,26564,.webp,android_res,res/lDr.webp
res/lDx.png,49215,49215,.png,android_res,res/lDx.png
res/lDy.xml,2528,948,.xml,android_res,res/lDy.xml
res/lEE.xml,2060,826,.xml,android_res,res/lEE.xml
res/lEY.png,19400,19400,.png,android_res,res/lEY.png
res/lEd.png,1064,1064,.png,android_res,res/lEd.png
res/lEx.png,65541,65541,.png,android_res,res/lEx.png
res/lEy.xml,364,212,.xml,android_res,res/lEy.xml
res/lF2.xml,1808,755,.xml,android_res,res/lF2.xml
res/lGS.png,375,375,.png,android_res,res/lGS.png
res/lGb.xml,360,221,.xml,android_res,res/lGb.xml
res/lGb1.xml,464,226,.xml,android_res,res/lGb1.xml
res/lGf.webp,25022,25022,.webp,android_res,res/lGf.webp
res/lGy.xml,464,228,.xml,android_res,res/lGy.xml
res/lHT.png,13955,13955,.png,android_res,res/lHT.png
res/lHY.png,7615,7615,.png,android_res,res/lHY.png
res/lHZ.png,7407,7407,.png,android_res,res/lHZ.png
res/lHa.xml,576,268,.xml,android_res,res/lHa.xml
res/lHe.png,8499,8499,.png,android_res,res/lHe.png
res/lHf.png,8499,8499,.png,android_res,res/lHf.png
res/lHi.png,8950,8950,.png,android_res,res/lHi.png
res/lHs.png,3464,3464,.png,android_res,res/lHs.png
res/lI8.xml,1604,644,.xml,android_res,res/lI8.xml
res/lIO.9.png,233,233,.png,android_res,res/lIO.9.png
res/lIl.webp,646,646,.webp,android_res,res/lIl.webp
res/lJD.webp,17628,17628,.webp,android_res,res/lJD.webp
res/lJl.xml,592,272,.xml,android_res,res/lJl.xml
res/lJy.xml,1764,771,.xml,android_res,res/lJy.xml
res/lJz.xml,312,196,.xml,android_res,res/lJz.xml
res/lK9.mp4,222098,222098,.mp4,android_res,res/lK9.mp4
res/lKM.png,15047,15047,.png,android_res,res/lKM.png
res/lKN.xml,104,47,.xml,android_res,res/lKN.xml
res/lKa.png,615,615,.png,android_res,res/lKa.png
res/lKl.xml,1148,510,.xml,android_res,res/lKl.xml
res/lMN.png,567,567,.png,android_res,res/lMN.png
res/lMZ.xml,632,292,.xml,android_res,res/lMZ.xml
res/lMl.xml,4336,1502,.xml,android_res,res/lMl.xml
res/lMm.png,12368,12368,.png,android_res,res/lMm.png
res/lMu.webp,384,384,.webp,android_res,res/lMu.webp
res/lNc.webp,27640,27640,.webp,android_res,res/lNc.webp
res/lO_.xml,1716,784,.xml,android_res,res/lO_.xml
res/lOn.xml,816,338,.xml,android_res,res/lOn.xml
res/lPV.png,5918,5918,.png,android_res,res/lPV.png
res/lPn.webp,568,568,.webp,android_res,res/lPn.webp
res/lQ-.png,902,902,.png,android_res,res/lQ-.png
res/lQU.webp,2236,2236,.webp,android_res,res/lQU.webp
res/lR-.xml,580,303,.xml,android_res,res/lR-.xml
res/lRH.xml,516,245,.xml,android_res,res/lRH.xml
res/lRR.png,595,595,.png,android_res,res/lRR.png
res/lR_.png,4264,4264,.png,android_res,res/lR_.png
res/lRq.webp,498,498,.webp,android_res,res/lRq.webp
res/lSX.webp,4894,4894,.webp,android_res,res/lSX.webp
res/lSZ.xml,21940,4556,.xml,android_res,res/lSZ.xml
res/lTL.png,5091,5091,.png,android_res,res/lTL.png
res/lU2.xml,700,355,.xml,android_res,res/lU2.xml
res/lU9.webp,218,218,.webp,android_res,res/lU9.webp
res/lUW.xml,700,375,.xml,android_res,res/lUW.xml
res/lVa.webp,234,234,.webp,android_res,res/lVa.webp
res/lVh.xml,612,268,.xml,android_res,res/lVh.xml
res/lVq.png,603,603,.png,android_res,res/lVq.png
res/lVw.png,9472,9472,.png,android_res,res/lVw.png
res/lW5.xml,336,174,.xml,android_res,res/lW5.xml
res/lWD.webp,266,266,.webp,android_res,res/lWD.webp
res/lWO.png,386,386,.png,android_res,res/lWO.png
res/lXK.png,3010,3010,.png,android_res,res/lXK.png
res/lXP.xml,876,421,.xml,android_res,res/lXP.xml
res/lXV.xml,4668,1938,.xml,android_res,res/lXV.xml
res/lYF.webp,4612,4612,.webp,android_res,res/lYF.webp
res/lY_.xml,6032,1704,.xml,android_res,res/lY_.xml
res/lYy.webp,19186,19186,.webp,android_res,res/lYy.webp
res/lZU.webp,1820,1820,.webp,android_res,res/lZU.webp
res/lZf.xml,484,228,.xml,android_res,res/lZf.xml
res/lZi.ttf,34360,10650,.ttf,android_res,res/lZi.ttf
res/lZy.xml,5416,1661,.xml,android_res,res/lZy.xml
res/lZy1.xml,6496,1905,.xml,android_res,res/lZy1.xml
res/lZz.png,555,555,.png,android_res,res/lZz.png
res/l_Y.webp,2806,2806,.webp,android_res,res/l_Y.webp
res/la3.webp,142,142,.webp,android_res,res/la3.webp
res/laH.png,29189,29189,.png,android_res,res/laH.png
res/laQ.xml,9724,1584,.xml,android_res,res/laQ.xml
res/lbU.webp,176,176,.webp,android_res,res/lbU.webp
res/lbr.webp,27866,27866,.webp,android_res,res/lbr.webp
res/lbz.png,5562,5562,.png,android_res,res/lbz.png
res/lcN.png,1379,1379,.png,android_res,res/lcN.png
res/lcd.webp,26616,26616,.webp,android_res,res/lcd.webp
res/ld9.xml,1900,732,.xml,android_res,res/ld9.xml
res/ldD.9.png,345,345,.png,android_res,res/ldD.9.png
res/ldH.xml,576,271,.xml,android_res,res/ldH.xml
res/le1.png,631,631,.png,android_res,res/le1.png
res/lfA.png,690,690,.png,android_res,res/lfA.png
res/lfR.png,120580,120580,.png,android_res,res/lfR.png
res/lfX.xml,616,298,.xml,android_res,res/lfX.xml
res/lfy.xml,1944,661,.xml,android_res,res/lfy.xml
res/lhO.png,22579,22579,.png,android_res,res/lhO.png
res/lhR.9.png,1238,1238,.png,android_res,res/lhR.9.png
res/lhl.png,242002,242002,.png,android_res,res/lhl.png
res/lhq.png,4204,4204,.png,android_res,res/lhq.png
res/liA.xml,1140,516,.xml,android_res,res/liA.xml
res/liY.png,2637,2637,.png,android_res,res/liY.png
res/ljZ.png,3444,3444,.png,android_res,res/ljZ.png
res/ljw.xml,1556,692,.xml,android_res,res/ljw.xml
res/lkp.xml,6288,1781,.xml,android_res,res/lkp.xml
res/lky.webp,5536,5536,.webp,android_res,res/lky.webp
res/llB.png,4654,4654,.png,android_res,res/llB.png
res/llW.xml,1064,338,.xml,android_res,res/llW.xml
res/llz.png,254,254,.png,android_res,res/llz.png
res/lm9.png,1924,1924,.png,android_res,res/lm9.png
res/lmc.xml,1156,360,.xml,android_res,res/lmc.xml
res/lnl.png,2877,2877,.png,android_res,res/lnl.png
res/lnq.xml,9076,2495,.xml,android_res,res/lnq.xml
res/lo_.png,624,624,.png,android_res,res/lo_.png
res/loe.png,20164,20164,.png,android_res,res/loe.png
res/loh.xml,724,316,.xml,android_res,res/loh.xml
res/lon.9.png,77,77,.png,android_res,res/lon.9.png
res/lou.xml,7380,2024,.xml,android_res,res/lou.xml
res/lov.xml,5560,1716,.xml,android_res,res/lov.xml
res/lp0.xml,2020,830,.xml,android_res,res/lp0.xml
res/lpK.xml,4228,1360,.xml,android_res,res/lpK.xml
res/lpd.png,1449,1449,.png,android_res,res/lpd.png
res/lpv.png,27052,27052,.png,android_res,res/lpv.png
res/lq2.png,314,314,.png,android_res,res/lq2.png
res/lqX.webp,0,0,.webp,android_res,res/lqX.webp
res/lqt.webp,67286,67286,.webp,android_res,res/lqt.webp
res/lrR.png,489,489,.png,android_res,res/lrR.png
res/lsN.xml,448,216,.xml,android_res,res/lsN.xml
res/lsj.xml,6460,1855,.xml,android_res,res/lsj.xml
res/ltk.png,32302,32302,.png,android_res,res/ltk.png
res/lvd.png,2569,2569,.png,android_res,res/lvd.png
res/lvd.xml,792,270,.xml,android_res,res/lvd.xml
res/lw-.xml,484,224,.xml,android_res,res/lw-.xml
res/lw6.webp,364,364,.webp,android_res,res/lw6.webp
res/lw7.png,1016,1016,.png,android_res,res/lw7.png
res/lwC.xml,448,221,.xml,android_res,res/lwC.xml
res/lwp.png,25824,25824,.png,android_res,res/lwp.png
res/lwz.png,20772,20772,.png,android_res,res/lwz.png
res/lxZ.png,394,394,.png,android_res,res/lxZ.png
res/lx_.xml,2208,965,.xml,android_res,res/lx_.xml
res/lxn.webp,390,390,.webp,android_res,res/lxn.webp
res/lxs.webp,216,216,.webp,android_res,res/lxs.webp
res/ly8.webp,398,398,.webp,android_res,res/ly8.webp
res/lyR.xml,5504,1609,.xml,android_res,res/lyR.xml
res/lyU.xml,4692,1293,.xml,android_res,res/lyU.xml
res/lyW.xml,364,202,.xml,android_res,res/lyW.xml
res/lys.xml,4676,1408,.xml,android_res,res/lys.xml
res/lz4.png,8773,8773,.png,android_res,res/lz4.png
res/lzZ.webp,426,426,.webp,android_res,res/lzZ.webp
res/lzm.xml,1264,543,.xml,android_res,res/lzm.xml
res/lzu.xml,1672,764,.xml,android_res,res/lzu.xml
res/m-2.9.png,693,693,.png,android_res,res/m-2.9.png
res/m-5.png,13515,13515,.png,android_res,res/m-5.png
res/m-5.xml,2636,895,.xml,android_res,res/m-5.xml
res/m-M.webp,12272,12272,.webp,android_res,res/m-M.webp
res/m-N.xml,952,453,.xml,android_res,res/m-N.xml
res/m-U.xml,1848,792,.xml,android_res,res/m-U.xml
res/m01.xml,476,280,.xml,android_res,res/m01.xml
res/m06.xml,2320,859,.xml,android_res,res/m06.xml
res/m0C.png,15776,15776,.png,android_res,res/m0C.png
res/m1K.png,12631,12631,.png,android_res,res/m1K.png
res/m1p.xml,4596,1252,.xml,android_res,res/m1p.xml
res/m21.xml,848,360,.xml,android_res,res/m21.xml
res/m2H.png,1074,1074,.png,android_res,res/m2H.png
res/m2e.png,6728,6728,.png,android_res,res/m2e.png
res/m2w.webp,536,536,.webp,android_res,res/m2w.webp
res/m3W.webp,33420,33420,.webp,android_res,res/m3W.webp
res/m3p.png,236,236,.png,android_res,res/m3p.png
res/m5B.png,3564,3564,.png,android_res,res/m5B.png
res/m5L.png,6851,6851,.png,android_res,res/m5L.png
res/m5k.png,708,708,.png,android_res,res/m5k.png
res/m6X.xml,2476,778,.xml,android_res,res/m6X.xml
res/m71.xml,640,329,.xml,android_res,res/m71.xml
res/m7d.xml,1684,732,.xml,android_res,res/m7d.xml
res/m7j.webp,212,212,.webp,android_res,res/m7j.webp
res/m9F.webp,50840,50840,.webp,android_res,res/m9F.webp
res/m9V.9.png,205,205,.png,android_res,res/m9V.9.png
res/m9i.png,2450,2450,.png,android_res,res/m9i.png
res/mAC.png,2930,2930,.png,android_res,res/mAC.png
res/mAP.webp,7256,7256,.webp,android_res,res/mAP.webp
res/mAR.png,2054,2054,.png,android_res,res/mAR.png
res/mAV.png,296,296,.png,android_res,res/mAV.png
res/mAk.xml,8156,1739,.xml,android_res,res/mAk.xml
res/mBP.xml,780,395,.xml,android_res,res/mBP.xml
res/mBa.xml,2100,798,.xml,android_res,res/mBa.xml
res/mC1.png,2977,2977,.png,android_res,res/mC1.png
res/mC6.webp,41518,41518,.webp,android_res,res/mC6.webp
res/mCA.webp,1244,1244,.webp,android_res,res/mCA.webp
res/mCr.xml,1848,791,.xml,android_res,res/mCr.xml
res/mCz.xml,484,246,.xml,android_res,res/mCz.xml
res/mDa.xml,2972,1107,.xml,android_res,res/mDa.xml
res/mDq.webp,2254,2254,.webp,android_res,res/mDq.webp
res/mDq.xml,3060,882,.xml,android_res,res/mDq.xml
res/mE9.png,9553,9553,.png,android_res,res/mE9.png
res/mEl.png,822,822,.png,android_res,res/mEl.png
res/mFO.webp,7728,7728,.webp,android_res,res/mFO.webp
res/mFw.png,1395,1395,.png,android_res,res/mFw.png
res/mGM.xml,704,305,.xml,android_res,res/mGM.xml
res/mGZ.xml,1192,496,.xml,android_res,res/mGZ.xml
res/mGr.xml,1072,376,.xml,android_res,res/mGr.xml
res/mH3.xml,5428,1682,.xml,android_res,res/mH3.xml
res/mH9.xml,1932,832,.xml,android_res,res/mH9.xml
res/mIV.xml,2028,911,.xml,android_res,res/mIV.xml
res/mJ7.xml,7056,1847,.xml,android_res,res/mJ7.xml
res/mJE.webp,43254,43254,.webp,android_res,res/mJE.webp
res/mJH.webp,54826,54826,.webp,android_res,res/mJH.webp
res/mJX.png,11519,11519,.png,android_res,res/mJX.png
res/mJp.xml,952,413,.xml,android_res,res/mJp.xml
res/mKT.png,2131,2131,.png,android_res,res/mKT.png
res/mKs.xml,2924,1032,.xml,android_res,res/mKs.xml
res/mKy.png,8788,8788,.png,android_res,res/mKy.png
res/mLH.xml,1768,822,.xml,android_res,res/mLH.xml
res/mLJ.png,236,236,.png,android_res,res/mLJ.png
res/mLL.png,6582,6582,.png,android_res,res/mLL.png
res/mLL.xml,7060,1881,.xml,android_res,res/mLL.xml
res/mLo.png,6739,6739,.png,android_res,res/mLo.png
res/mLw.webp,2700,2700,.webp,android_res,res/mLw.webp
res/mMJ.png,18925,18925,.png,android_res,res/mMJ.png
res/mMR.xml,2316,796,.xml,android_res,res/mMR.xml
res/mMj.xml,484,222,.xml,android_res,res/mMj.xml
res/mNu.xml,436,247,.xml,android_res,res/mNu.xml
res/mPL.xml,996,332,.xml,android_res,res/mPL.xml
res/mQL.webp,972,972,.webp,android_res,res/mQL.webp
res/mQo.png,67,67,.png,android_res,res/mQo.png
res/mQz.webp,626,626,.webp,android_res,res/mQz.webp
res/mR6.xml,448,220,.xml,android_res,res/mR6.xml
res/mRq.png,1243,1243,.png,android_res,res/mRq.png
res/mSF.xml,4700,1236,.xml,android_res,res/mSF.xml
res/mSM.xml,592,254,.xml,android_res,res/mSM.xml
res/mST.webp,4444,4444,.webp,android_res,res/mST.webp
res/mTB.9.png,272,272,.png,android_res,res/mTB.9.png
res/mTl.webp,7066,7066,.webp,android_res,res/mTl.webp
res/mUf.png,508,508,.png,android_res,res/mUf.png
res/mUu.png,196,196,.png,android_res,res/mUu.png
res/mVE.xml,692,367,.xml,android_res,res/mVE.xml
res/mXD.xml,1612,590,.xml,android_res,res/mXD.xml
res/mXd.xml,448,218,.xml,android_res,res/mXd.xml
res/mXs.png,1925,1925,.png,android_res,res/mXs.png
res/mXz.xml,2796,969,.xml,android_res,res/mXz.xml
res/mYM.xml,1064,498,.xml,android_res,res/mYM.xml
res/mZA.png,2684,2684,.png,android_res,res/mZA.png
res/mZQ.xml,5372,1794,.xml,android_res,res/mZQ.xml
res/mZd.otf,57600,34736,.otf,android_res,res/mZd.otf
res/mZh.xml,420,219,.xml,android_res,res/mZh.xml
res/m_8.webp,12402,12402,.webp,android_res,res/m_8.webp
res/m_g.xml,3356,1223,.xml,android_res,res/m_g.xml
res/m_q.png,4517,4517,.png,android_res,res/m_q.png
res/m_t.webp,11368,11368,.webp,android_res,res/m_t.webp
res/ma_.xml,10108,2479,.xml,android_res,res/ma_.xml
res/man.xml,464,233,.xml,android_res,res/man.xml
res/mbP.webp,364,364,.webp,android_res,res/mbP.webp
res/mbf.xml,484,227,.xml,android_res,res/mbf.xml
res/mbi.9.png,3700,3700,.png,android_res,res/mbi.9.png
res/mcK.png,17557,17557,.png,android_res,res/mcK.png
res/mdL.xml,4388,1477,.xml,android_res,res/mdL.xml
res/mdL1.xml,1524,325,.xml,android_res,res/mdL1.xml
res/mdM.xml,1524,325,.xml,android_res,res/mdM.xml
res/mdV.png,6597,6597,.png,android_res,res/mdV.png
res/mdY.xml,1992,746,.xml,android_res,res/mdY.xml
res/me6.xml,3780,1300,.xml,android_res,res/me6.xml
res/meZ.ttf,37964,25230,.ttf,android_res,res/meZ.ttf
res/mfD.xml,1600,670,.xml,android_res,res/mfD.xml
res/mfU.png,964,964,.png,android_res,res/mfU.png
res/mge.png,4053,4053,.png,android_res,res/mge.png
res/mgf.xml,1396,557,.xml,android_res,res/mgf.xml
res/mh1.png,439,439,.png,android_res,res/mh1.png
res/mh5.xml,1924,672,.xml,android_res,res/mh5.xml
res/mhU.otf,1066892,834950,.otf,android_res,res/mhU.otf
res/mhW.png,15951,15951,.png,android_res,res/mhW.png
res/mi7.xml,860,387,.xml,android_res,res/mi7.xml
res/miE.xml,408,243,.xml,android_res,res/miE.xml
res/miT.png,6479,6479,.png,android_res,res/miT.png
res/miU.png,840,840,.png,android_res,res/miU.png
res/mkA.webp,13110,13110,.webp,android_res,res/mkA.webp
res/mkf.png,46346,46346,.png,android_res,res/mkf.png
res/ml3.xml,3576,1143,.xml,android_res,res/ml3.xml
res/mlC.xml,832,380,.xml,android_res,res/mlC.xml
res/mlx.xml,516,242,.xml,android_res,res/mlx.xml
res/mmE.webp,2670,2670,.webp,android_res,res/mmE.webp
res/mmJ.png,13700,13700,.png,android_res,res/mmJ.png
res/mo2.9.png,821,821,.png,android_res,res/mo2.9.png
res/mp4.png,1996,1996,.png,android_res,res/mp4.png
res/mpa.webp,4862,4862,.webp,android_res,res/mpa.webp
res/mqX.xml,2180,856,.xml,android_res,res/mqX.xml
res/mqi.png,2235,2235,.png,android_res,res/mqi.png
res/mqo.xml,448,216,.xml,android_res,res/mqo.xml
res/mrC.png,2261,2261,.png,android_res,res/mrC.png
res/msE.xml,8224,1728,.xml,android_res,res/msE.xml
res/msG.webp,54034,54034,.webp,android_res,res/msG.webp
res/msW.xml,2572,982,.xml,android_res,res/msW.xml
res/mtL.xml,484,222,.xml,android_res,res/mtL.xml
res/mtw.webp,28764,28764,.webp,android_res,res/mtw.webp
res/mum.xml,3924,1299,.xml,android_res,res/mum.xml
res/mv3.xml,488,226,.xml,android_res,res/mv3.xml
res/mvO.png,461,461,.png,android_res,res/mvO.png
res/mvs.png,29850,29850,.png,android_res,res/mvs.png
res/mvv.png,18197,18197,.png,android_res,res/mvv.png
res/mw9.png,1638,1638,.png,android_res,res/mw9.png
res/mwx.png,61539,61539,.png,android_res,res/mwx.png
res/mx2.xml,592,270,.xml,android_res,res/mx2.xml
res/mx7.9.png,1959,1959,.png,android_res,res/mx7.9.png
res/my6.png,11774,11774,.png,android_res,res/my6.png
res/myB.png,6480,6480,.png,android_res,res/myB.png
res/myz.xml,2232,739,.xml,android_res,res/myz.xml
res/n-4.xml,596,283,.xml,android_res,res/n-4.xml
res/n-A.png,2983,2983,.png,android_res,res/n-A.png
res/n-d.xml,4820,1613,.xml,android_res,res/n-d.xml
res/n-g.png,5676,5676,.png,android_res,res/n-g.png
res/n07.png,391,391,.png,android_res,res/n07.png
res/n0L.xml,580,301,.xml,android_res,res/n0L.xml
res/n1T.png,70834,70834,.png,android_res,res/n1T.png
res/n1n.xml,2100,909,.xml,android_res,res/n1n.xml
res/n28.xml,1204,562,.xml,android_res,res/n28.xml
res/n2H.png,827,827,.png,android_res,res/n2H.png
res/n2S.xml,416,216,.xml,android_res,res/n2S.xml
res/n4U.png,8692,8692,.png,android_res,res/n4U.png
res/n4X.xml,1444,598,.xml,android_res,res/n4X.xml
res/n4_.xml,1080,482,.xml,android_res,res/n4_.xml
res/n53.webp,44658,44658,.webp,android_res,res/n53.webp
res/n55.png,444,444,.png,android_res,res/n55.png
res/n5D.png,1167,1167,.png,android_res,res/n5D.png
res/n5f.webp,11426,11426,.webp,android_res,res/n5f.webp
res/n5l.xml,2352,885,.xml,android_res,res/n5l.xml
res/n6F.xml,2000,781,.xml,android_res,res/n6F.xml
res/n6S.xml,120,66,.xml,android_res,res/n6S.xml
res/n6Y.xml,704,305,.xml,android_res,res/n6Y.xml
res/n6k.xml,3372,1085,.xml,android_res,res/n6k.xml
res/n7X.xml,19876,4419,.xml,android_res,res/n7X.xml
res/n8F.webp,13866,13866,.webp,android_res,res/n8F.webp
res/n8I.png,727,727,.png,android_res,res/n8I.png
res/n8Z.xml,1424,646,.xml,android_res,res/n8Z.xml
res/n8k.png,7166,7166,.png,android_res,res/n8k.png
res/n97.9.png,187,187,.png,android_res,res/n97.9.png
res/nBH.png,3166,3166,.png,android_res,res/nBH.png
res/nBN.xml,1224,539,.xml,android_res,res/nBN.xml
res/nBQ.png,7605,7605,.png,android_res,res/nBQ.png
res/nC5.png,178,178,.png,android_res,res/nC5.png
res/nCZ.png,1074,1074,.png,android_res,res/nCZ.png
res/nDd.png,19263,19263,.png,android_res,res/nDd.png
res/nDk.xml,3356,1202,.xml,android_res,res/nDk.xml
res/nE0.xml,5052,1474,.xml,android_res,res/nE0.xml
res/nEV.webp,40626,40626,.webp,android_res,res/nEV.webp
res/nEi.png,2441,2441,.png,android_res,res/nEi.png
res/nEi.xml,696,338,.xml,android_res,res/nEi.xml
res/nEy.png,743,743,.png,android_res,res/nEy.png
res/nFO.xml,3204,1176,.xml,android_res,res/nFO.xml
res/nFt.png,31160,31160,.png,android_res,res/nFt.png
res/nGL.png,2227,2227,.png,android_res,res/nGL.png
res/nGX.png,416,416,.png,android_res,res/nGX.png
res/nGf.png,31368,31368,.png,android_res,res/nGf.png
res/nH2.png,3814,3814,.png,android_res,res/nH2.png
res/nHA.xml,824,408,.xml,android_res,res/nHA.xml
res/nI-.webp,3510,3510,.webp,android_res,res/nI-.webp
res/nJT.xml,480,238,.xml,android_res,res/nJT.xml
res/nJX.png,1550,1550,.png,android_res,res/nJX.png
res/nK8.png,443,443,.png,android_res,res/nK8.png
res/nLf.xml,848,365,.xml,android_res,res/nLf.xml
res/nMB.png,1031,1031,.png,android_res,res/nMB.png
res/nMc.png,1247,1247,.png,android_res,res/nMc.png
res/nMg.png,339,339,.png,android_res,res/nMg.png
res/nMk.xml,2884,1096,.xml,android_res,res/nMk.xml
res/nNd.webp,3740,3740,.webp,android_res,res/nNd.webp
res/nNg.png,67,67,.png,android_res,res/nNg.png
res/nO-.xml,5756,1670,.xml,android_res,res/nO-.xml
res/nO_.png,16036,16036,.png,android_res,res/nO_.png
res/nOt.png,3155,3155,.png,android_res,res/nOt.png
res/nPe.png,8369,8369,.png,android_res,res/nPe.png
res/nPf.png,2335,2335,.png,android_res,res/nPf.png
res/nPf.xml,11632,2380,.xml,android_res,res/nPf.xml
res/nPm.xml,1740,774,.xml,android_res,res/nPm.xml
res/nQ5.xml,656,271,.xml,android_res,res/nQ5.xml
res/nQB.xml,1012,472,.xml,android_res,res/nQB.xml
res/nQH.xml,468,231,.xml,android_res,res/nQH.xml
res/nQW.png,5448,5448,.png,android_res,res/nQW.png
res/nQv.webp,48906,48906,.webp,android_res,res/nQv.webp
res/nQy.png,692,692,.png,android_res,res/nQy.png
res/nRd.png,92303,92303,.png,android_res,res/nRd.png
res/nS2.png,1280,1280,.png,android_res,res/nS2.png
res/nSH.xml,624,303,.xml,android_res,res/nSH.xml
res/nSg.png,215,215,.png,android_res,res/nSg.png
res/nSg.webp,3800,3800,.webp,android_res,res/nSg.webp
res/nSw.png,13268,13268,.png,android_res,res/nSw.png
res/nTo.png,5604,5604,.png,android_res,res/nTo.png
res/nUP.xml,3852,1198,.xml,android_res,res/nUP.xml
res/nV8.png,624655,624655,.png,android_res,res/nV8.png
res/nVJ.xml,1172,563,.xml,android_res,res/nVJ.xml
res/nVf.xml,1080,484,.xml,android_res,res/nVf.xml
res/nVs.xml,2948,1066,.xml,android_res,res/nVs.xml
res/nVu.png,2314,2314,.png,android_res,res/nVu.png
res/nVy.png,4335,4335,.png,android_res,res/nVy.png
res/nWt.png,1597,1597,.png,android_res,res/nWt.png
res/nX8.png,1987,1987,.png,android_res,res/nX8.png
res/nXS.xml,720,265,.xml,android_res,res/nXS.xml
res/nYO.xml,1032,522,.xml,android_res,res/nYO.xml
res/nYR.xml,468,233,.xml,android_res,res/nYR.xml
res/nZ7.webp,1772,1772,.webp,android_res,res/nZ7.webp
res/nZG.xml,1944,831,.xml,android_res,res/nZG.xml
res/nZV.png,71539,71539,.png,android_res,res/nZV.png
res/nZt.xml,3140,986,.xml,android_res,res/nZt.xml
res/nZw.webp,19126,19126,.webp,android_res,res/nZw.webp
res/n_K.xml,612,329,.xml,android_res,res/n_K.xml
res/n_x.png,324,324,.png,android_res,res/n_x.png
res/nab.png,5911,5911,.png,android_res,res/nab.png
res/nal.png,433,433,.png,android_res,res/nal.png
res/nao.xml,448,216,.xml,android_res,res/nao.xml
res/nb2.png,38921,38921,.png,android_res,res/nb2.png
res/nb4.webp,5600,5600,.webp,android_res,res/nb4.webp
res/nbR.png,1361,1361,.png,android_res,res/nbR.png
res/nbi.png,11428,11428,.png,android_res,res/nbi.png
res/ncJ.xml,1040,490,.xml,android_res,res/ncJ.xml
res/nd5.png,536,536,.png,android_res,res/nd5.png
res/nd7.png,585,585,.png,android_res,res/nd7.png
res/ne0.png,19265,19265,.png,android_res,res/ne0.png
res/neA.xml,484,221,.xml,android_res,res/neA.xml
res/neE.png,18757,18757,.png,android_res,res/neE.png
res/nf8.webp,6266,6266,.webp,android_res,res/nf8.webp
res/nfX.png,382,382,.png,android_res,res/nfX.png
res/ng1.xml,2148,891,.xml,android_res,res/ng1.xml
res/ng3.xml,5148,1431,.xml,android_res,res/ng3.xml
res/ng6.xml,704,308,.xml,android_res,res/ng6.xml
res/ng8.png,579,579,.png,android_res,res/ng8.png
res/ngD.webp,5780,5780,.webp,android_res,res/ngD.webp
res/ngM.xml,644,334,.xml,android_res,res/ngM.xml
res/ngy.png,10129,10129,.png,android_res,res/ngy.png
res/ngz.xml,1000,339,.xml,android_res,res/ngz.xml
res/nh-.webp,5878,5878,.webp,android_res,res/nh-.webp
res/ni1.webp,5494,5494,.webp,android_res,res/ni1.webp
res/nkH.webp,5828,5828,.webp,android_res,res/nkH.webp
res/nk_.png,6473,6473,.png,android_res,res/nk_.png
res/nkm.png,2040,2040,.png,android_res,res/nkm.png
res/nlM.png,19806,19806,.png,android_res,res/nlM.png
res/nlQ.xml,1304,640,.xml,android_res,res/nlQ.xml
res/nlW.png,2274,2274,.png,android_res,res/nlW.png
res/nlh.png,3514,3514,.png,android_res,res/nlh.png
res/nly.webp,5556,5556,.webp,android_res,res/nly.webp
res/nly.xml,516,244,.xml,android_res,res/nly.xml
res/nm5.webp,5580,5580,.webp,android_res,res/nm5.webp
res/nmT.xml,5004,1468,.xml,android_res,res/nmT.xml
res/nmd.png,2394,2394,.png,android_res,res/nmd.png
res/nn9.xml,440,249,.xml,android_res,res/nn9.xml
res/nnn.webp,2350,2350,.webp,android_res,res/nnn.webp
res/nnq.png,12894,12894,.png,android_res,res/nnq.png
res/nnu.xml,4108,1339,.xml,android_res,res/nnu.xml
res/npj.png,2597,2597,.png,android_res,res/npj.png
res/nqO.png,462,462,.png,android_res,res/nqO.png
res/nqc.xml,2044,846,.xml,android_res,res/nqc.xml
res/nrA.xml,3580,1290,.xml,android_res,res/nrA.xml
res/ns2.png,396,396,.png,android_res,res/ns2.png
res/nsW.png,264,264,.png,android_res,res/nsW.png
res/ntU.png,442,442,.png,android_res,res/ntU.png
res/ntl.xml,904,415,.xml,android_res,res/ntl.xml
res/nu-.xml,592,273,.xml,android_res,res/nu-.xml
res/nuk.png,21469,21469,.png,android_res,res/nuk.png
res/nve.png,3797,3797,.png,android_res,res/nve.png
res/nvm.png,312,312,.png,android_res,res/nvm.png
res/nw0.png,883,883,.png,android_res,res/nw0.png
res/nw9.webp,38898,38898,.webp,android_res,res/nw9.webp
res/nx2.xml,3568,1091,.xml,android_res,res/nx2.xml
res/nxA.xml,2464,953,.xml,android_res,res/nxA.xml
res/ny2.webp,228,228,.webp,android_res,res/ny2.webp
res/nyc.png,1250,1250,.png,android_res,res/nyc.png
res/nyy.png,19917,19917,.png,android_res,res/nyy.png
res/nzX.xml,588,252,.xml,android_res,res/nzX.xml
res/o-k.png,17294,17294,.png,android_res,res/o-k.png
res/o-p.xml,1916,668,.xml,android_res,res/o-p.xml
res/o01.png,19083,19083,.png,android_res,res/o01.png
res/o0U.png,7856,7856,.png,android_res,res/o0U.png
res/o0Y.xml,872,460,.xml,android_res,res/o0Y.xml
res/o0w.png,10687,10687,.png,android_res,res/o0w.png
res/o11.xml,548,314,.xml,android_res,res/o11.xml
res/o16.xml,2508,879,.xml,android_res,res/o16.xml
res/o1F.webp,4654,4654,.webp,android_res,res/o1F.webp
res/o1U.xml,796,339,.xml,android_res,res/o1U.xml
res/o1f.xml,644,309,.xml,android_res,res/o1f.xml
res/o1w.webp,1148,1148,.webp,android_res,res/o1w.webp
res/o3Z.xml,484,222,.xml,android_res,res/o3Z.xml
res/o4K.png,160,160,.png,android_res,res/o4K.png
res/o4g.png,6377,6377,.png,android_res,res/o4g.png
res/o4u.png,6298,6298,.png,android_res,res/o4u.png
res/o5F.png,407,407,.png,android_res,res/o5F.png
res/o5u.png,4926,4926,.png,android_res,res/o5u.png
res/o68.xml,6540,1955,.xml,android_res,res/o68.xml
res/o6Q.png,2820,2820,.png,android_res,res/o6Q.png
res/o6t.png,34777,34777,.png,android_res,res/o6t.png
res/o7l.png,545,545,.png,android_res,res/o7l.png
res/o8b.xml,488,231,.xml,android_res,res/o8b.xml
res/o8m.webp,1294,1294,.webp,android_res,res/o8m.webp
res/o92.png,84735,84735,.png,android_res,res/o92.png
res/o9V.png,1539,1539,.png,android_res,res/o9V.png
res/o9a.9.png,2214,2214,.png,android_res,res/o9a.9.png
res/o9a.xml,588,254,.xml,android_res,res/o9a.xml
res/o9x.png,17816,17816,.png,android_res,res/o9x.png
res/oA9.9.png,718,718,.png,android_res,res/oA9.9.png
res/oAd.xml,9472,2553,.xml,android_res,res/oAd.xml
res/oBG.png,2060,2060,.png,android_res,res/oBG.png
res/oBJ.xml,5804,1863,.xml,android_res,res/oBJ.xml
res/oCr.xml,4900,1437,.xml,android_res,res/oCr.xml
res/oDG.xml,3316,1071,.xml,android_res,res/oDG.xml
res/oDK.png,6135,6135,.png,android_res,res/oDK.png
res/oDp.xml,1132,508,.xml,android_res,res/oDp.xml
res/oDt.xml,1640,705,.xml,android_res,res/oDt.xml
res/oEP.xml,500,229,.xml,android_res,res/oEP.xml
res/oF4.png,1336,1336,.png,android_res,res/oF4.png
res/oFZ.png,3536,3536,.png,android_res,res/oFZ.png
res/oH7.png,25368,25368,.png,android_res,res/oH7.png
res/oHG.xml,3076,1017,.xml,android_res,res/oHG.xml
res/oIO.png,1511,1511,.png,android_res,res/oIO.png
res/oIh.xml,1324,579,.xml,android_res,res/oIh.xml
res/oIk.png,629,629,.png,android_res,res/oIk.png
res/oJ7.webp,1370,1370,.webp,android_res,res/oJ7.webp
res/oJE.png,1412,1412,.png,android_res,res/oJE.png
res/oJV.xml,8880,2315,.xml,android_res,res/oJV.xml
res/oK4.xml,2604,824,.xml,android_res,res/oK4.xml
res/oK7.png,1985,1985,.png,android_res,res/oK7.png
res/oKU.xml,2776,1093,.xml,android_res,res/oKU.xml
res/oL3.png,627,627,.png,android_res,res/oL3.png
res/oLL.png,1682,1682,.png,android_res,res/oLL.png
res/oLT.webp,63582,63582,.webp,android_res,res/oLT.webp
res/oMl.png,4567,4567,.png,android_res,res/oMl.png
res/oNC.xml,1572,636,.xml,android_res,res/oNC.xml
res/oOw.xml,1288,567,.xml,android_res,res/oOw.xml
res/oP1.png,2823,2823,.png,android_res,res/oP1.png
res/oPO.xml,3912,1296,.xml,android_res,res/oPO.xml
res/oPd.xml,5920,1807,.xml,android_res,res/oPd.xml
res/oQA.xml,908,452,.xml,android_res,res/oQA.xml
res/oQD.xml,3712,1285,.xml,android_res,res/oQD.xml
res/oR-.png,1297,1297,.png,android_res,res/oR-.png
res/oRR.png,32225,32225,.png,android_res,res/oRR.png
res/oRY.png,700,700,.png,android_res,res/oRY.png
res/oR_.xml,468,232,.xml,android_res,res/oR_.xml
res/oRt.9.png,754,754,.png,android_res,res/oRt.9.png
res/oRu.png,8363,8363,.png,android_res,res/oRu.png
res/oSJ.xml,2652,1076,.xml,android_res,res/oSJ.xml
res/oSM.png,926,926,.png,android_res,res/oSM.png
res/oSS.png,6962,6962,.png,android_res,res/oSS.png
res/oTI.xml,7172,2081,.xml,android_res,res/oTI.xml
res/oTi.webp,41252,41252,.webp,android_res,res/oTi.webp
res/oTu.png,99982,99982,.png,android_res,res/oTu.png
res/oUZ.webp,66408,66408,.webp,android_res,res/oUZ.webp
res/oUc.xml,2504,957,.xml,android_res,res/oUc.xml
res/oUh.9.png,61136,61136,.png,android_res,res/oUh.9.png
res/oV2.png,3053,3053,.png,android_res,res/oV2.png
res/oVJ.xml,448,216,.xml,android_res,res/oVJ.xml
res/oVL.webp,13810,13810,.webp,android_res,res/oVL.webp
res/oWn.xml,5632,1577,.xml,android_res,res/oWn.xml
res/oWu.xml,3876,1183,.xml,android_res,res/oWu.xml
res/oX8.xml,1072,483,.xml,android_res,res/oX8.xml
res/oZh.ttf,948892,522300,.ttf,android_res,res/oZh.ttf
res/oZu.xml,1120,501,.xml,android_res,res/oZu.xml
res/o_M.webp,902,902,.webp,android_res,res/o_M.webp
res/o_V.png,48464,48464,.png,android_res,res/o_V.png
res/oaH.png,314,314,.png,android_res,res/oaH.png
res/oaq.xml,1024,386,.xml,android_res,res/oaq.xml
res/ob2.png,24017,24017,.png,android_res,res/ob2.png
res/ob5.webp,4254,4254,.webp,android_res,res/ob5.webp
res/obj.xml,11176,2945,.xml,android_res,res/obj.xml
res/obl.xml,448,216,.xml,android_res,res/obl.xml
res/ocT.xml,468,230,.xml,android_res,res/ocT.xml
res/ocU.xml,2056,876,.xml,android_res,res/ocU.xml
res/ocZ.xml,484,223,.xml,android_res,res/ocZ.xml
res/ocd.xml,852,320,.xml,android_res,res/ocd.xml
res/od6.xml,2368,762,.xml,android_res,res/od6.xml
res/odX.xml,1392,399,.xml,android_res,res/odX.xml
res/odk.webp,66816,66816,.webp,android_res,res/odk.webp
res/odm.webp,2914,2914,.webp,android_res,res/odm.webp
res/odo.png,514,514,.png,android_res,res/odo.png
res/oeF.png,1697,1697,.png,android_res,res/oeF.png
res/oeH.9.png,896,896,.png,android_res,res/oeH.9.png
res/oeI.png,8728,8728,.png,android_res,res/oeI.png
res/ofA.png,249,249,.png,android_res,res/ofA.png
res/og8.xml,2016,849,.xml,android_res,res/og8.xml
res/ohB.png,860,860,.png,android_res,res/ohB.png
res/oi1.png,673,673,.png,android_res,res/oi1.png
res/oiG.xml,600,283,.xml,android_res,res/oiG.xml
res/oii.png,2187,2187,.png,android_res,res/oii.png
res/ojE.xml,1316,564,.xml,android_res,res/ojE.xml
res/ojL.webp,20244,20244,.webp,android_res,res/ojL.webp
res/ojj.png,3871,3871,.png,android_res,res/ojj.png
res/ok3.webp,474,474,.webp,android_res,res/ok3.webp
res/okM.png,12238,12238,.png,android_res,res/okM.png
res/oky.png,532,532,.png,android_res,res/oky.png
res/olI.png,767,767,.png,android_res,res/olI.png
res/olr.png,1202,1202,.png,android_res,res/olr.png
res/omR.png,1905,1905,.png,android_res,res/omR.png
res/ome.png,5042,5042,.png,android_res,res/ome.png
res/onC.xml,2780,741,.xml,android_res,res/onC.xml
res/onr.png,6473,6473,.png,android_res,res/onr.png
res/ooY.png,17182,17182,.png,android_res,res/ooY.png
res/opO.xml,3240,1044,.xml,android_res,res/opO.xml
res/opi.png,3802,3802,.png,android_res,res/opi.png
res/oqX.xml,1632,670,.xml,android_res,res/oqX.xml
res/or7.xml,3164,1135,.xml,android_res,res/or7.xml
res/orA.png,358,358,.png,android_res,res/orA.png
res/osM.png,95213,95213,.png,android_res,res/osM.png
res/ot_.png,215,215,.png,android_res,res/ot_.png
res/otl.png,12718,12718,.png,android_res,res/otl.png
res/otr.webp,356,356,.webp,android_res,res/otr.webp
res/ott.webp,13546,13546,.webp,android_res,res/ott.webp
res/otv.xml,2064,844,.xml,android_res,res/otv.xml
res/ouI.xml,488,227,.xml,android_res,res/ouI.xml
res/oua.webp,1452,1452,.webp,android_res,res/oua.webp
res/oul.xml,628,270,.xml,android_res,res/oul.xml
res/ovC.xml,2188,952,.xml,android_res,res/ovC.xml
res/ovN.xml,8064,2288,.xml,android_res,res/ovN.xml
res/ovW.png,141,141,.png,android_res,res/ovW.png
res/ovp.webp,3510,3510,.webp,android_res,res/ovp.webp
res/ovu.9.png,6028,6028,.png,android_res,res/ovu.9.png
res/owC.png,7086,7086,.png,android_res,res/owC.png
res/owi.webp,14974,14974,.webp,android_res,res/owi.webp
res/oxc.png,873,873,.png,android_res,res/oxc.png
res/oya.xml,10800,2566,.xml,android_res,res/oya.xml
res/ozQ.webp,4866,4866,.webp,android_res,res/ozQ.webp
res/ozd.xml,464,230,.xml,android_res,res/ozd.xml
res/ozn.webp,1148,1148,.webp,android_res,res/ozn.webp
res/ozz.xml,19628,4108,.xml,android_res,res/ozz.xml
res/p1Z.xml,4416,1564,.xml,android_res,res/p1Z.xml
res/p1f.png,391,391,.png,android_res,res/p1f.png
res/p25.xml,504,293,.xml,android_res,res/p25.xml
res/p27.xml,7668,1922,.xml,android_res,res/p27.xml
res/p2q.xml,448,217,.xml,android_res,res/p2q.xml
res/p3Q.webp,1120,1120,.webp,android_res,res/p3Q.webp
res/p3b.xml,4848,1610,.xml,android_res,res/p3b.xml
res/p3m.webp,5372,5372,.webp,android_res,res/p3m.webp
res/p42.xml,2200,831,.xml,android_res,res/p42.xml
res/p4D.webp,2398,2398,.webp,android_res,res/p4D.webp
res/p4T.xml,1056,509,.xml,android_res,res/p4T.xml
res/p5x.xml,1324,590,.xml,android_res,res/p5x.xml
res/p5y.xml,468,233,.xml,android_res,res/p5y.xml
res/p6N.webp,4166,4166,.webp,android_res,res/p6N.webp
res/p6O.webp,32190,32190,.webp,android_res,res/p6O.webp
res/p6e.png,449,449,.png,android_res,res/p6e.png
res/p6e.webp,1930,1930,.webp,android_res,res/p6e.webp
res/p7U.xml,792,388,.xml,android_res,res/p7U.xml
res/p8C.xml,660,299,.xml,android_res,res/p8C.xml
res/p8l.png,632,632,.png,android_res,res/p8l.png
res/p8z.xml,1656,656,.xml,android_res,res/p8z.xml
res/p9M.xml,5004,1280,.xml,android_res,res/p9M.xml
res/p9a.png,573,573,.png,android_res,res/p9a.png
res/pA5.png,524,524,.png,android_res,res/pA5.png
res/pB3.png,2029,2029,.png,android_res,res/pB3.png
res/pBW.png,1549,1549,.png,android_res,res/pBW.png
res/pBX.png,5785,5785,.png,android_res,res/pBX.png
res/pB_.9.png,31988,31988,.png,android_res,res/pB_.9.png
res/pBl.png,6979,6979,.png,android_res,res/pBl.png
res/pBn.xml,9704,2303,.xml,android_res,res/pBn.xml
res/pCO.xml,576,270,.xml,android_res,res/pCO.xml
res/pEP.webp,174,174,.webp,android_res,res/pEP.webp
res/pET.png,451,451,.png,android_res,res/pET.png
res/pF0.png,1813,1813,.png,android_res,res/pF0.png
res/pFE.png,44580,44580,.png,android_res,res/pFE.png
res/pFF.png,590,590,.png,android_res,res/pFF.png
res/pFc.9.png,395,395,.png,android_res,res/pFc.9.png
res/pFk.png,2801,2801,.png,android_res,res/pFk.png
res/pFr.xml,5680,1642,.xml,android_res,res/pFr.xml
res/pGL.xml,1024,386,.xml,android_res,res/pGL.xml
res/pGP.xml,1172,565,.xml,android_res,res/pGP.xml
res/pGh.xml,7160,1993,.xml,android_res,res/pGh.xml
res/pHJ.webp,12476,12476,.webp,android_res,res/pHJ.webp
res/pHO.png,10129,10129,.png,android_res,res/pHO.png
res/pHU.xml,3092,1043,.xml,android_res,res/pHU.xml
res/pJ9.xml,4488,1358,.xml,android_res,res/pJ9.xml
res/pJC.png,230797,230797,.png,android_res,res/pJC.png
res/pKC.png,752,752,.png,android_res,res/pKC.png
res/pKL.png,2816,2816,.png,android_res,res/pKL.png
res/pKM.png,2873,2873,.png,android_res,res/pKM.png
res/pKR.png,137,137,.png,android_res,res/pKR.png
res/pL2.png,67,67,.png,android_res,res/pL2.png
res/pLE.png,66611,66611,.png,android_res,res/pLE.png
res/pLv.xml,6124,1526,.xml,android_res,res/pLv.xml
res/pMy.png,7021,7021,.png,android_res,res/pMy.png
res/pN_.png,3491,3491,.png,android_res,res/pN_.png
res/pNm.png,8526,8526,.png,android_res,res/pNm.png
res/pNs.png,5024,5024,.png,android_res,res/pNs.png
res/pO1.xml,1772,781,.xml,android_res,res/pO1.xml
res/pOR.xml,944,368,.xml,android_res,res/pOR.xml
res/pOT.xml,2052,787,.xml,android_res,res/pOT.xml
res/pPJ.png,2828,2828,.png,android_res,res/pPJ.png
res/pPL.png,16095,16095,.png,android_res,res/pPL.png
res/pPN.png,429,429,.png,android_res,res/pPN.png
res/pPO.png,336,336,.png,android_res,res/pPO.png
res/pPY.webp,846,846,.webp,android_res,res/pPY.webp
res/pR3.png,212,212,.png,android_res,res/pR3.png
res/pR4.png,201,201,.png,android_res,res/pR4.png
res/pRO.xml,2676,1004,.xml,android_res,res/pRO.xml
res/pRn.png,2051,2051,.png,android_res,res/pRn.png
res/pSC.xml,2820,989,.xml,android_res,res/pSC.xml
res/pTC.png,530,530,.png,android_res,res/pTC.png
res/pTK.png,4018,4018,.png,android_res,res/pTK.png
res/pTc.webp,15316,15316,.webp,android_res,res/pTc.webp
res/pVL.webp,6128,6128,.webp,android_res,res/pVL.webp
res/pVT.xml,1224,302,.xml,android_res,res/pVT.xml
res/pWA.xml,5180,1456,.xml,android_res,res/pWA.xml
res/pWW.webp,5972,5972,.webp,android_res,res/pWW.webp
res/pWe.png,229,229,.png,android_res,res/pWe.png
res/pWl.png,15869,15869,.png,android_res,res/pWl.png
res/pXL.xml,4116,1280,.xml,android_res,res/pXL.xml
res/pXe.png,5482,5482,.png,android_res,res/pXe.png
res/pY_.png,4490,4490,.png,android_res,res/pY_.png
res/pZ1.xml,2016,925,.xml,android_res,res/pZ1.xml
res/pZg.xml,1084,477,.xml,android_res,res/pZg.xml
res/pZx.xml,3732,1246,.xml,android_res,res/pZx.xml
res/p_B.xml,488,228,.xml,android_res,res/p_B.xml
res/p_u.png,1370,1370,.png,android_res,res/p_u.png
res/pbS.xml,4732,1401,.xml,android_res,res/pbS.xml
res/pcp.xml,500,249,.xml,android_res,res/pcp.xml
res/pd3.png,36774,36774,.png,android_res,res/pd3.png
res/pdd.xml,6408,1781,.xml,android_res,res/pdd.xml
res/pef.xml,3764,1305,.xml,android_res,res/pef.xml
res/pel.xml,484,223,.xml,android_res,res/pel.xml
res/pf7.png,1534,1534,.png,android_res,res/pf7.png
res/pfE.webp,1636,1636,.webp,android_res,res/pfE.webp
res/pfJ.png,647,647,.png,android_res,res/pfJ.png
res/pfp.xml,704,314,.xml,android_res,res/pfp.xml
res/pgX.png,1900,1900,.png,android_res,res/pgX.png
res/pgw.webp,6096,6096,.webp,android_res,res/pgw.webp
res/phH.webp,1980,1980,.webp,android_res,res/phH.webp
res/pho.xml,840,423,.xml,android_res,res/pho.xml
res/piR.png,12880,12880,.png,android_res,res/piR.png
res/pi_.png,17419,17419,.png,android_res,res/pi_.png
res/pjK.xml,5164,1456,.xml,android_res,res/pjK.xml
res/pjg.png,1418,1418,.png,android_res,res/pjg.png
res/pjx.webp,8632,8632,.webp,android_res,res/pjx.webp
res/pkZ.png,8832,8832,.png,android_res,res/pkZ.png
res/plu.png,11861,11861,.png,android_res,res/plu.png
res/pmw.xml,3604,990,.xml,android_res,res/pmw.xml
res/pn_.webp,24686,24686,.webp,android_res,res/pn_.webp
res/pnu.xml,468,232,.xml,android_res,res/pnu.xml
res/poE.xml,2108,792,.xml,android_res,res/poE.xml
res/poM.png,3680,3680,.png,android_res,res/poM.png
res/poQ.png,2208,2208,.png,android_res,res/poQ.png
res/ppq.png,2145,2145,.png,android_res,res/ppq.png
res/pqd.png,67,67,.png,android_res,res/pqd.png
res/pr2.webp,2264,2264,.webp,android_res,res/pr2.webp
res/pr4.xml,956,302,.xml,android_res,res/pr4.xml
res/ps-.png,2567,2567,.png,android_res,res/ps-.png
res/psH.png,815,815,.png,android_res,res/psH.png
res/psW.png,2113,2113,.png,android_res,res/psW.png
res/pt3.webp,0,0,.webp,android_res,res/pt3.webp
res/pt4.png,4371,4371,.png,android_res,res/pt4.png
res/ptw.xml,1528,591,.xml,android_res,res/ptw.xml
res/pv9.xml,1216,534,.xml,android_res,res/pv9.xml
res/pvR.xml,728,334,.xml,android_res,res/pvR.xml
res/pvj.png,6718,6718,.png,android_res,res/pvj.png
res/pw4.png,32903,32903,.png,android_res,res/pw4.png
res/pwR.png,570,570,.png,android_res,res/pwR.png
res/pwo.png,9674,9674,.png,android_res,res/pwo.png
res/pxN.xml,448,216,.xml,android_res,res/pxN.xml
res/pxa.xml,6060,1663,.xml,android_res,res/pxa.xml
res/pxd.webp,6632,6632,.webp,android_res,res/pxd.webp
res/pxg.png,728,728,.png,android_res,res/pxg.png
res/pxv.xml,700,361,.xml,android_res,res/pxv.xml
res/q-F.xml,5872,1698,.xml,android_res,res/q-F.xml
res/q-L.xml,9208,2490,.xml,android_res,res/q-L.xml
res/q-S.png,670,670,.png,android_res,res/q-S.png
res/q-U.png,1492,1492,.png,android_res,res/q-U.png
res/q-e.png,3963,3963,.png,android_res,res/q-e.png
res/q0y.xml,1072,392,.xml,android_res,res/q0y.xml
res/q1I.xml,2124,641,.xml,android_res,res/q1I.xml
res/q1N.xml,15664,3976,.xml,android_res,res/q1N.xml
res/q1V.png,19460,19460,.png,android_res,res/q1V.png
res/q2D.xml,1376,570,.xml,android_res,res/q2D.xml
res/q2E.png,2996,2996,.png,android_res,res/q2E.png
res/q2v.xml,600,283,.xml,android_res,res/q2v.xml
res/q2z.webp,8924,8924,.webp,android_res,res/q2z.webp
res/q3I.webp,15736,15736,.webp,android_res,res/q3I.webp
res/q3i.png,34443,34443,.png,android_res,res/q3i.png
res/q3j.png,36152,36152,.png,android_res,res/q3j.png
res/q3k.png,3590,3590,.png,android_res,res/q3k.png
res/q3l.png,23989,23989,.png,android_res,res/q3l.png
res/q3m.png,1795,1795,.png,android_res,res/q3m.png
res/q3n.png,19519,19519,.png,android_res,res/q3n.png
res/q3p.png,1173,1173,.png,android_res,res/q3p.png
res/q5-.png,7151,7151,.png,android_res,res/q5-.png
res/q63.xml,1180,469,.xml,android_res,res/q63.xml
res/q6G.xml,2688,841,.xml,android_res,res/q6G.xml
res/q6P.png,694,694,.png,android_res,res/q6P.png
res/q7y.png,1441,1441,.png,android_res,res/q7y.png
res/q7z.xml,488,227,.xml,android_res,res/q7z.xml
res/q89.webp,25454,25454,.webp,android_res,res/q89.webp
res/q8h.xml,2252,784,.xml,android_res,res/q8h.xml
res/q93.png,8927,8927,.png,android_res,res/q93.png
res/qA1.xml,484,224,.xml,android_res,res/qA1.xml
res/qA4.xml,2172,854,.xml,android_res,res/qA4.xml
res/qAS.png,1890,1890,.png,android_res,res/qAS.png
res/qAX.xml,20880,4959,.xml,android_res,res/qAX.xml
res/qAp.webp,39402,39402,.webp,android_res,res/qAp.webp
res/qBX.png,121038,121038,.png,android_res,res/qBX.png
res/qBp.png,3380,3380,.png,android_res,res/qBp.png
res/qDc.png,363,363,.png,android_res,res/qDc.png
res/qDd.xml,960,474,.xml,android_res,res/qDd.xml
res/qDw.png,91328,91328,.png,android_res,res/qDw.png
res/qEk.xml,2816,1091,.xml,android_res,res/qEk.xml
res/qEn.xml,3320,947,.xml,android_res,res/qEn.xml
res/qFX.xml,756,291,.xml,android_res,res/qFX.xml
res/qG9.xml,488,225,.xml,android_res,res/qG9.xml
res/qGB.png,271,271,.png,android_res,res/qGB.png
res/qGY.xml,3016,1102,.xml,android_res,res/qGY.xml
res/qH5.png,732,732,.png,android_res,res/qH5.png
res/qHF.png,11990,11990,.png,android_res,res/qHF.png
res/qHu.png,13004,13004,.png,android_res,res/qHu.png
res/qIE.png,4093,4093,.png,android_res,res/qIE.png
res/qIH.png,288,288,.png,android_res,res/qIH.png
res/qIK.xml,1756,802,.xml,android_res,res/qIK.xml
res/qJ6.xml,576,273,.xml,android_res,res/qJ6.xml
res/qJJ.xml,448,218,.xml,android_res,res/qJJ.xml
res/qJJ1.xml,484,222,.xml,android_res,res/qJJ1.xml
res/qJ_.png,10789,10789,.png,android_res,res/qJ_.png
res/qKW.png,83,83,.png,android_res,res/qKW.png
res/qKh.xml,364,218,.xml,android_res,res/qKh.xml
res/qKs.9.png,1091,1091,.png,android_res,res/qKs.9.png
res/qL1.png,4353,4353,.png,android_res,res/qL1.png
res/qLT.png,10239,10239,.png,android_res,res/qLT.png
res/qLl.png,39318,39318,.png,android_res,res/qLl.png
res/qLp.xml,616,296,.xml,android_res,res/qLp.xml
res/qM0.png,5473,5473,.png,android_res,res/qM0.png
res/qMU.9.png,1963,1963,.png,android_res,res/qMU.9.png
res/qMY.png,846,846,.png,android_res,res/qMY.png
res/qMZ.png,5284,5284,.png,android_res,res/qMZ.png
res/qMe.png,5384,5384,.png,android_res,res/qMe.png
res/qMg.xml,4148,1315,.xml,android_res,res/qMg.xml
res/qN5.png,1312,1312,.png,android_res,res/qN5.png
res/qO5.png,13343,13343,.png,android_res,res/qO5.png
res/qOk.xml,4972,1294,.xml,android_res,res/qOk.xml
res/qQB.xml,532,273,.xml,android_res,res/qQB.xml
res/qQF.xml,1300,569,.xml,android_res,res/qQF.xml
res/qQM.xml,844,404,.xml,android_res,res/qQM.xml
res/qQM1.xml,396,229,.xml,android_res,res/qQM1.xml
res/qQN.xml,2176,921,.xml,android_res,res/qQN.xml
res/qQT.png,454,454,.png,android_res,res/qQT.png
res/qQW.png,396,396,.png,android_res,res/qQW.png
res/qQd.png,4525,4525,.png,android_res,res/qQd.png
res/qSb.xml,396,234,.xml,android_res,res/qSb.xml
res/qTB.xml,2020,758,.xml,android_res,res/qTB.xml
res/qTN.xml,1940,732,.xml,android_res,res/qTN.xml
res/qTZ.png,2756,2756,.png,android_res,res/qTZ.png
res/qTm.xml,884,356,.xml,android_res,res/qTm.xml
res/qVG.xml,2348,889,.xml,android_res,res/qVG.xml
res/qV_.png,2733,2733,.png,android_res,res/qV_.png
res/qW2.png,2035,2035,.png,android_res,res/qW2.png
res/qWG.png,10237,10237,.png,android_res,res/qWG.png
res/qWU.webp,4258,4258,.webp,android_res,res/qWU.webp
res/qX-.webp,80518,80518,.webp,android_res,res/qX-.webp
res/qXG.png,19913,19913,.png,android_res,res/qXG.png
res/qXR.xml,4996,1258,.xml,android_res,res/qXR.xml
res/qXT.xml,2648,960,.xml,android_res,res/qXT.xml
res/qY1.webp,364,364,.webp,android_res,res/qY1.webp
res/qZG.png,2859,2859,.png,android_res,res/qZG.png
res/q_9.xml,7912,2129,.xml,android_res,res/q_9.xml
res/q_V.png,958,958,.png,android_res,res/q_V.png
res/q_r.webp,1054,1054,.webp,android_res,res/q_r.webp
res/qaz.webp,602,602,.webp,android_res,res/qaz.webp
res/qbz.png,280,280,.png,android_res,res/qbz.png
res/qcG.png,380,380,.png,android_res,res/qcG.png
res/qcR.png,960,960,.png,android_res,res/qcR.png
res/qcq.xml,5832,1647,.xml,android_res,res/qcq.xml
res/qeS.png,454,454,.png,android_res,res/qeS.png
res/qep.webp,9978,9978,.webp,android_res,res/qep.webp
res/qf8.png,7920,7920,.png,android_res,res/qf8.png
res/qfl.png,950,950,.png,android_res,res/qfl.png
res/qgF.xml,5988,1665,.xml,android_res,res/qgF.xml
res/qgX.png,18623,18623,.png,android_res,res/qgX.png
res/qh6.png,489,489,.png,android_res,res/qh6.png
res/qhQ.png,261,261,.png,android_res,res/qhQ.png
res/qiT.png,4710,4710,.png,android_res,res/qiT.png
res/qj6.png,64194,64194,.png,android_res,res/qj6.png
res/qja.png,6641,6641,.png,android_res,res/qja.png
res/qjb.9.png,2190,2190,.png,android_res,res/qjb.9.png
res/qjd.xml,516,239,.xml,android_res,res/qjd.xml
res/qjl.xml,564,238,.xml,android_res,res/qjl.xml
res/qk-.webp,1098,1098,.webp,android_res,res/qk-.webp
res/qkL.xml,3932,1382,.xml,android_res,res/qkL.xml
res/qlF.png,2631,2631,.png,android_res,res/qlF.png
res/qlm.xml,592,270,.xml,android_res,res/qlm.xml
res/qln.xml,876,425,.xml,android_res,res/qln.xml
res/qnC.xml,1216,534,.xml,android_res,res/qnC.xml
res/qo6.xml,2132,800,.xml,android_res,res/qo6.xml
res/qpC.xml,1552,652,.xml,android_res,res/qpC.xml
res/qpG.png,859,859,.png,android_res,res/qpG.png
res/qpv.png,1833,1833,.png,android_res,res/qpv.png
res/qqK.xml,1636,684,.xml,android_res,res/qqK.xml
res/qqV.xml,7992,2129,.xml,android_res,res/qqV.xml
res/qqp.xml,3732,1218,.xml,android_res,res/qqp.xml
res/qrB.png,1541,1541,.png,android_res,res/qrB.png
res/qr_.png,215,215,.png,android_res,res/qr_.png
res/qre.9.png,813,813,.png,android_res,res/qre.9.png
res/qrm.xml,484,227,.xml,android_res,res/qrm.xml
res/qro.png,10032,10032,.png,android_res,res/qro.png
res/qrv.xml,448,219,.xml,android_res,res/qrv.xml
res/qs2.xml,2552,951,.xml,android_res,res/qs2.xml
res/qsP.9.png,2879,2879,.png,android_res,res/qsP.9.png
res/qs_.png,606,606,.png,android_res,res/qs_.png
res/qsc.png,67,67,.png,android_res,res/qsc.png
res/qsm.xml,2704,1022,.xml,android_res,res/qsm.xml
res/qtD.xml,5920,1873,.xml,android_res,res/qtD.xml
res/qtM.xml,3220,1157,.xml,android_res,res/qtM.xml
res/qth.png,1119,1119,.png,android_res,res/qth.png
res/que.png,3532,3532,.png,android_res,res/que.png
res/qul.png,461,461,.png,android_res,res/qul.png
res/qv1.png,1047,1047,.png,android_res,res/qv1.png
res/qvW.xml,464,207,.xml,android_res,res/qvW.xml
res/qv_.xml,760,332,.xml,android_res,res/qv_.xml
res/qw0.png,1564,1564,.png,android_res,res/qw0.png
res/qxW.webp,4876,4876,.webp,android_res,res/qxW.webp
res/qxb.webp,2870,2870,.webp,android_res,res/qxb.webp
res/qxd.png,3912,3912,.png,android_res,res/qxd.png
res/qy7.xml,4620,1467,.xml,android_res,res/qy7.xml
res/qzB.png,1982,1982,.png,android_res,res/qzB.png
res/qzM.xml,484,224,.xml,android_res,res/qzM.xml
res/qzT.png,3324,3324,.png,android_res,res/qzT.png
res/r-7.png,13920,13920,.png,android_res,res/r-7.png
res/r-t.xml,440,251,.xml,android_res,res/r-t.xml
res/r0N.xml,872,422,.xml,android_res,res/r0N.xml
res/r0Z.png,4221,4221,.png,android_res,res/r0Z.png
res/r0d.png,1123,1123,.png,android_res,res/r0d.png
res/r0o.webp,51254,51254,.webp,android_res,res/r0o.webp
res/r0u.xml,400,214,.xml,android_res,res/r0u.xml
res/r0u1.xml,484,227,.xml,android_res,res/r0u1.xml
res/r1D.xml,6740,1827,.xml,android_res,res/r1D.xml
res/r1E.xml,7992,2163,.xml,android_res,res/r1E.xml
res/r1H.xml,1380,591,.xml,android_res,res/r1H.xml
res/r1_.xml,3060,1003,.xml,android_res,res/r1_.xml
res/r1t.png,175379,175379,.png,android_res,res/r1t.png
res/r2C.xml,1272,501,.xml,android_res,res/r2C.xml
res/r2f.png,8466,8466,.png,android_res,res/r2f.png
res/r33.xml,6724,1781,.xml,android_res,res/r33.xml
res/r3X.9.png,153565,153565,.png,android_res,res/r3X.9.png
res/r45.xml,10716,2835,.xml,android_res,res/r45.xml
res/r4M.png,381,381,.png,android_res,res/r4M.png
res/r4n.xml,448,217,.xml,android_res,res/r4n.xml
res/r4p.png,2010,2010,.png,android_res,res/r4p.png
res/r5-.xml,5028,1433,.xml,android_res,res/r5-.xml
res/r50.xml,604,315,.xml,android_res,res/r50.xml
res/r51.webp,7978,7978,.webp,android_res,res/r51.webp
res/r59.webp,776,776,.webp,android_res,res/r59.webp
res/r5v.xml,552,294,.xml,android_res,res/r5v.xml
res/r6P.webp,836,836,.webp,android_res,res/r6P.webp
res/r6_.png,107578,107578,.png,android_res,res/r6_.png
res/r7R.webp,2004,2004,.webp,android_res,res/r7R.webp
res/r7b.xml,940,320,.xml,android_res,res/r7b.xml
res/r7j.webp,61968,61968,.webp,android_res,res/r7j.webp
res/r7q.webp,14340,14340,.webp,android_res,res/r7q.webp
res/r7z.xml,6400,1780,.xml,android_res,res/r7z.xml
res/r8O.png,2194,2194,.png,android_res,res/r8O.png
res/r8X.xml,448,221,.xml,android_res,res/r8X.xml
res/r8x.xml,352,201,.xml,android_res,res/r8x.xml
res/r9D.xml,448,218,.xml,android_res,res/r9D.xml
res/r9O.xml,1072,380,.xml,android_res,res/r9O.xml
res/r9X.xml,2460,896,.xml,android_res,res/r9X.xml
res/rB9.png,3573,3573,.png,android_res,res/rB9.png
res/rBJ.xml,748,355,.xml,android_res,res/rBJ.xml
res/rBp.png,412,412,.png,android_res,res/rBp.png
res/rDU.webp,456,456,.webp,android_res,res/rDU.webp
res/rDp.xml,9164,2292,.xml,android_res,res/rDp.xml
res/rE-.xml,444,219,.xml,android_res,res/rE-.xml
res/rE1.png,470,470,.png,android_res,res/rE1.png
res/rEK.png,1933,1933,.png,android_res,res/rEK.png
res/rEN.png,1047,1047,.png,android_res,res/rEN.png
res/rEY.xml,688,306,.xml,android_res,res/rEY.xml
res/rEf.png,1362,1362,.png,android_res,res/rEf.png
res/rEh.png,32154,32154,.png,android_res,res/rEh.png
res/rF3.png,2289,2289,.png,android_res,res/rF3.png
res/rF7.png,775,775,.png,android_res,res/rF7.png
res/rFY.xml,484,224,.xml,android_res,res/rFY.xml
res/rFZ.xml,1344,552,.xml,android_res,res/rFZ.xml
res/rFi.png,1717,1717,.png,android_res,res/rFi.png
res/rGB.webp,11146,11146,.webp,android_res,res/rGB.webp
res/rGQ.png,6489,6489,.png,android_res,res/rGQ.png
res/rGb.xml,600,288,.xml,android_res,res/rGb.xml
res/rGp.xml,5568,1703,.xml,android_res,res/rGp.xml
res/rHC.xml,2416,881,.xml,android_res,res/rHC.xml
res/rIR.xml,1368,597,.xml,android_res,res/rIR.xml
res/rIy.9.png,448,448,.png,android_res,res/rIy.9.png
res/rJ7.png,411,411,.png,android_res,res/rJ7.png
res/rJi.xml,4160,1137,.xml,android_res,res/rJi.xml
res/rJt.xml,732,360,.xml,android_res,res/rJt.xml
res/rJt1.xml,2664,611,.xml,android_res,res/rJt1.xml
res/rL3.xml,1808,794,.xml,android_res,res/rL3.xml
res/rLQ.png,1749,1749,.png,android_res,res/rLQ.png
res/rM5.9.png,5768,5768,.png,android_res,res/rM5.9.png
res/rMT.xml,808,405,.xml,android_res,res/rMT.xml
res/rNF.png,1656,1656,.png,android_res,res/rNF.png
res/rNt.png,25944,25944,.png,android_res,res/rNt.png
res/rO2.png,1524,1524,.png,android_res,res/rO2.png
res/rO3.png,779,779,.png,android_res,res/rO3.png
res/rO_.png,24668,24668,.png,android_res,res/rO_.png
res/rOe.webp,588,588,.webp,android_res,res/rOe.webp
res/rOs.png,1326,1326,.png,android_res,res/rOs.png
res/rPT.png,4556,4556,.png,android_res,res/rPT.png
res/rPy.png,708,708,.png,android_res,res/rPy.png
res/rQA.xml,860,386,.xml,android_res,res/rQA.xml
res/rQb.xml,704,306,.xml,android_res,res/rQb.xml
res/rQh.png,3207,3207,.png,android_res,res/rQh.png
res/rR5.png,2321,2321,.png,android_res,res/rR5.png
res/rRF.png,67,67,.png,android_res,res/rRF.png
res/rS5.png,66699,66699,.png,android_res,res/rS5.png
res/rSE.webp,5048,5048,.webp,android_res,res/rSE.webp
res/rSW.xml,492,235,.xml,android_res,res/rSW.xml
res/rSf.webp,354,354,.webp,android_res,res/rSf.webp
res/rSo.xml,4300,1264,.xml,android_res,res/rSo.xml
res/rTJ.webp,14200,14200,.webp,android_res,res/rTJ.webp
res/rTS.xml,1136,533,.xml,android_res,res/rTS.xml
res/rTk.webp,466,466,.webp,android_res,res/rTk.webp
res/rU3.xml,3280,1158,.xml,android_res,res/rU3.xml
res/rUU.png,19062,19062,.png,android_res,res/rUU.png
res/rUc.png,2730,2730,.png,android_res,res/rUc.png
res/rUx.png,4641,4641,.png,android_res,res/rUx.png
res/rVP.png,54287,54287,.png,android_res,res/rVP.png
res/rVW.xml,2168,892,.xml,android_res,res/rVW.xml
res/rVZ.webp,29412,29412,.webp,android_res,res/rVZ.webp
res/rVp.webp,2584,2584,.webp,android_res,res/rVp.webp
res/rWr.webp,3764,3764,.webp,android_res,res/rWr.webp
res/rWy.xml,576,271,.xml,android_res,res/rWy.xml
res/rXe.webp,9246,9246,.webp,android_res,res/rXe.webp
res/rXl.xml,1080,408,.xml,android_res,res/rXl.xml
res/rXo.xml,728,366,.xml,android_res,res/rXo.xml
res/rYE.webp,338,338,.webp,android_res,res/rYE.webp
res/rYK.png,733,733,.png,android_res,res/rYK.png
res/rYK.xml,3308,1208,.xml,android_res,res/rYK.xml
res/rYT.xml,592,271,.xml,android_res,res/rYT.xml
res/rYb.xml,880,427,.xml,android_res,res/rYb.xml
res/rZ5.xml,2736,1088,.xml,android_res,res/rZ5.xml
res/rZj.webp,120,120,.webp,android_res,res/rZj.webp
res/r_D.webp,6344,6344,.webp,android_res,res/r_D.webp
res/r_L.png,3875,3875,.png,android_res,res/r_L.png
res/r_U.xml,484,223,.xml,android_res,res/r_U.xml
res/r_e.png,112,112,.png,android_res,res/r_e.png
res/raF.png,6093,6093,.png,android_res,res/raF.png
res/raw.png,1380,1380,.png,android_res,res/raw.png
res/rax.xml,4164,1398,.xml,android_res,res/rax.xml
res/rbU.9.png,525,525,.png,android_res,res/rbU.9.png
res/rbb.png,150,150,.png,android_res,res/rbb.png
res/rbi.xml,696,339,.xml,android_res,res/rbi.xml
res/rbk.xml,2608,1153,.xml,android_res,res/rbk.xml
res/rcS.png,12812,12812,.png,android_res,res/rcS.png
res/rck.png,36628,36628,.png,android_res,res/rck.png
res/rdO.xml,1008,445,.xml,android_res,res/rdO.xml
res/ref.xml,520,252,.xml,android_res,res/ref.xml
res/reg.png,5340,5340,.png,android_res,res/reg.png
res/req.webp,1264,1264,.webp,android_res,res/req.webp
res/rf1.webp,10722,10722,.webp,android_res,res/rf1.webp
res/rf2.xml,1932,775,.xml,android_res,res/rf2.xml
res/rfH.png,27128,27128,.png,android_res,res/rfH.png
res/rfo.xml,1504,691,.xml,android_res,res/rfo.xml
res/rg4.png,11859,11859,.png,android_res,res/rg4.png
res/rgB.xml,932,498,.xml,android_res,res/rgB.xml
res/rgk.png,17224,17224,.png,android_res,res/rgk.png
res/rgp.png,58428,58428,.png,android_res,res/rgp.png
res/rhQ.webp,30706,30706,.webp,android_res,res/rhQ.webp
res/ri7.png,251,251,.png,android_res,res/ri7.png
res/ril.png,626,626,.png,android_res,res/ril.png
res/rir.xml,712,359,.xml,android_res,res/rir.xml
res/rk6.xml,488,227,.xml,android_res,res/rk6.xml
res/rkE.xml,6508,2053,.xml,android_res,res/rkE.xml
res/rkq.xml,704,310,.xml,android_res,res/rkq.xml
res/rlN.jpg,2125,2125,.jpg,android_res,res/rlN.jpg
res/rlU.xml,2744,970,.xml,android_res,res/rlU.xml
res/rlY.webp,864,864,.webp,android_res,res/rlY.webp
res/rm7.xml,500,262,.xml,android_res,res/rm7.xml
res/rmv.png,1738,1738,.png,android_res,res/rmv.png
res/rn2.png,3327,3327,.png,android_res,res/rn2.png
res/rnC.png,7977,7977,.png,android_res,res/rnC.png
res/rnI.png,51966,51966,.png,android_res,res/rnI.png
res/rnP.png,145,145,.png,android_res,res/rnP.png
res/rnj.xml,724,346,.xml,android_res,res/rnj.xml
res/ro0.xml,592,273,.xml,android_res,res/ro0.xml
res/roG.png,1102,1102,.png,android_res,res/roG.png
res/roc.png,1696,1696,.png,android_res,res/roc.png
res/roz.xml,1288,560,.xml,android_res,res/roz.xml
res/rp1.xml,7848,2113,.xml,android_res,res/rp1.xml
res/rpx.xml,1372,567,.xml,android_res,res/rpx.xml
res/rq3.png,5297,5297,.png,android_res,res/rq3.png
res/rr4.xml,6348,1884,.xml,android_res,res/rr4.xml
res/rrD.xml,1708,697,.xml,android_res,res/rrD.xml
res/rrL.png,2600,2600,.png,android_res,res/rrL.png
res/rrm.xml,3868,1312,.xml,android_res,res/rrm.xml
res/rsQ.xml,852,380,.xml,android_res,res/rsQ.xml
res/rse.png,4469,4469,.png,android_res,res/rse.png
res/rtB.xml,552,313,.xml,android_res,res/rtB.xml
res/rtN.xml,576,326,.xml,android_res,res/rtN.xml
res/rto.xml,2420,919,.xml,android_res,res/rto.xml
res/rtz.xml,5976,1761,.xml,android_res,res/rtz.xml
res/rvH.xml,2780,968,.xml,android_res,res/rvH.xml
res/rvd.xml,1988,754,.xml,android_res,res/rvd.xml
res/rw5.png,1743,1743,.png,android_res,res/rw5.png
res/rwC.webp,19494,19494,.webp,android_res,res/rwC.webp
res/rwn.png,4265,4265,.png,android_res,res/rwn.png
res/rx2.png,8455,8455,.png,android_res,res/rx2.png
res/rx4.xml,928,336,.xml,android_res,res/rx4.xml
res/ryf.png,16974,16974,.png,android_res,res/ryf.png
res/rzN.png,1046,1046,.png,android_res,res/rzN.png
res/rzQ.xml,948,385,.xml,android_res,res/rzQ.xml
res/rz_.png,17165,17165,.png,android_res,res/rz_.png
res/s--.xml,464,230,.xml,android_res,res/s--.xml
res/s-2.png,9561,9561,.png,android_res,res/s-2.png
res/s-5.png,4129,4129,.png,android_res,res/s-5.png
res/s0b.png,1401,1401,.png,android_res,res/s0b.png
res/s0i.xml,632,283,.xml,android_res,res/s0i.xml
res/s17.xml,536,283,.xml,android_res,res/s17.xml
res/s29.xml,3400,1284,.xml,android_res,res/s29.xml
res/s2i.xml,932,470,.xml,android_res,res/s2i.xml
res/s2v.9.png,217,217,.png,android_res,res/s2v.9.png
res/s3-.png,607,607,.png,android_res,res/s3-.png
res/s3a.webp,4530,4530,.webp,android_res,res/s3a.webp
res/s4i.xml,1848,654,.xml,android_res,res/s4i.xml
res/s6G.xml,1076,486,.xml,android_res,res/s6G.xml
res/s6N.xml,1128,396,.xml,android_res,res/s6N.xml
res/s6t.xml,704,310,.xml,android_res,res/s6t.xml
res/s6v.xml,704,308,.xml,android_res,res/s6v.xml
res/s71.png,1511,1511,.png,android_res,res/s71.png
res/s7Y.xml,2292,821,.xml,android_res,res/s7Y.xml
res/s8n.xml,13612,3308,.xml,android_res,res/s8n.xml
res/s8t.9.png,14639,14639,.png,android_res,res/s8t.9.png
res/sA0.png,8373,8373,.png,android_res,res/sA0.png
res/sAU.png,12021,12021,.png,android_res,res/sAU.png
res/sAX.png,2840,2840,.png,android_res,res/sAX.png
res/sAu.png,2309,2309,.png,android_res,res/sAu.png
res/sB-.xml,1168,519,.xml,android_res,res/sB-.xml
res/sB9.png,9519,9519,.png,android_res,res/sB9.png
res/sBC.png,6055,6055,.png,android_res,res/sBC.png
res/sBU.xml,848,357,.xml,android_res,res/sBU.xml
res/sBX.xml,1780,789,.xml,android_res,res/sBX.xml
res/sCB.png,2994,2994,.png,android_res,res/sCB.png
res/sE7.9.png,5957,5957,.png,android_res,res/sE7.9.png
res/sF7.webp,2884,2884,.webp,android_res,res/sF7.webp
res/sF9.png,24235,24235,.png,android_res,res/sF9.png
res/sFJ.png,600,600,.png,android_res,res/sFJ.png
res/sG3.xml,2112,717,.xml,android_res,res/sG3.xml
res/sHM.xml,1744,755,.xml,android_res,res/sHM.xml
res/sHY.png,209667,209667,.png,android_res,res/sHY.png
res/sIM.png,2522,2522,.png,android_res,res/sIM.png
res/sIa.webp,776,776,.webp,android_res,res/sIa.webp
res/sIs.png,472,472,.png,android_res,res/sIs.png
res/sIv.xml,5640,1561,.xml,android_res,res/sIv.xml
res/sJ1.webp,11578,11578,.webp,android_res,res/sJ1.webp
res/sJO.webp,4692,4692,.webp,android_res,res/sJO.webp
res/sK4.xml,5720,1817,.xml,android_res,res/sK4.xml
res/sKO.png,51117,51117,.png,android_res,res/sKO.png
res/sKm.png,2890,2890,.png,android_res,res/sKm.png
res/sLH.png,802,802,.png,android_res,res/sLH.png
res/sLJ.9.png,318,318,.png,android_res,res/sLJ.9.png
res/sLW.webp,5258,5258,.webp,android_res,res/sLW.webp
res/sLp.webp,756,756,.webp,android_res,res/sLp.webp
res/sLw.webp,13282,13282,.webp,android_res,res/sLw.webp
res/sMk.png,61707,61707,.png,android_res,res/sMk.png
res/sNL.xml,1808,713,.xml,android_res,res/sNL.xml
res/sNS.png,782,782,.png,android_res,res/sNS.png
res/sNc.png,1927,1927,.png,android_res,res/sNc.png
res/sNq.png,474,474,.png,android_res,res/sNq.png
res/sO-.png,2720,2720,.png,android_res,res/sO-.png
res/sOK.xml,1596,727,.xml,android_res,res/sOK.xml
res/sPW.png,539,539,.png,android_res,res/sPW.png
res/sPY.xml,5824,1745,.xml,android_res,res/sPY.xml
res/sPh.png,290,290,.png,android_res,res/sPh.png
res/sQs.png,3091,3091,.png,android_res,res/sQs.png
res/sR3.png,3448,3448,.png,android_res,res/sR3.png
res/sRR.png,478,478,.png,android_res,res/sRR.png
res/sRk.xml,6480,1689,.xml,android_res,res/sRk.xml
res/sSW.webp,50684,50684,.webp,android_res,res/sSW.webp
res/sSk.xml,9680,2374,.xml,android_res,res/sSk.xml
res/sSu.png,53396,53396,.png,android_res,res/sSu.png
res/sTb.png,3881,3881,.png,android_res,res/sTb.png
res/sU0.webp,402,402,.webp,android_res,res/sU0.webp
res/sUi.png,1073,1073,.png,android_res,res/sUi.png
res/sUu.xml,296,154,.xml,android_res,res/sUu.xml
res/sVX.xml,604,314,.xml,android_res,res/sVX.xml
res/sWu.png,220,220,.png,android_res,res/sWu.png
res/sX5.xml,392,232,.xml,android_res,res/sX5.xml
res/sXd.xml,1224,301,.xml,android_res,res/sXd.xml
res/sY3.png,4167,4167,.png,android_res,res/sY3.png
res/sYN.png,8615,8615,.png,android_res,res/sYN.png
res/sYp.xml,2588,905,.xml,android_res,res/sYp.xml
res/sZh.xml,3164,1039,.xml,android_res,res/sZh.xml
res/sZm.xml,2272,848,.xml,android_res,res/sZm.xml
res/s_5.xml,2564,1046,.xml,android_res,res/s_5.xml
res/s_F.png,3265,3265,.png,android_res,res/s_F.png
res/s_H.png,1031,1031,.png,android_res,res/s_H.png
res/s_n.xml,656,334,.xml,android_res,res/s_n.xml
res/sc-.xml,816,399,.xml,android_res,res/sc-.xml
res/scG.xml,516,243,.xml,android_res,res/scG.xml
res/sdR.png,6334,6334,.png,android_res,res/sdR.png
res/se9.webp,3114,3114,.webp,android_res,res/se9.webp
res/seb.xml,420,226,.xml,android_res,res/seb.xml
res/sf6.png,579,579,.png,android_res,res/sf6.png
res/sfv.xml,3356,1074,.xml,android_res,res/sfv.xml
res/she.xml,16612,3798,.xml,android_res,res/she.xml
res/shg.png,1599,1599,.png,android_res,res/shg.png
res/sho.png,12752,12752,.png,android_res,res/sho.png
res/siP.xml,992,348,.xml,android_res,res/siP.xml
res/siY.xml,3104,979,.xml,android_res,res/siY.xml
res/skL.xml,2952,940,.xml,android_res,res/skL.xml
res/skO.png,409,409,.png,android_res,res/skO.png
res/skT.xml,484,226,.xml,android_res,res/skT.xml
res/skb.xml,760,336,.xml,android_res,res/skb.xml
res/skv.xml,752,370,.xml,android_res,res/skv.xml
res/slF.png,1234,1234,.png,android_res,res/slF.png
res/sle.png,1382,1382,.png,android_res,res/sle.png
res/slo.png,2024,2024,.png,android_res,res/slo.png
res/sm_.png,5148,5148,.png,android_res,res/sm_.png
res/sn4.xml,464,232,.xml,android_res,res/sn4.xml
res/snj.webp,23736,23736,.webp,android_res,res/snj.webp
res/spF.webp,19668,19668,.webp,android_res,res/spF.webp
res/sq3.png,879,879,.png,android_res,res/sq3.png
res/sq9.png,943,943,.png,android_res,res/sq9.png
res/sq_.xml,1228,537,.xml,android_res,res/sq_.xml
res/srU.mp4,1814506,1814506,.mp4,android_res,res/srU.mp4
res/ssg.webp,17336,17336,.webp,android_res,res/ssg.webp
res/stG.webp,4342,4342,.webp,android_res,res/stG.webp
res/stT.9.png,448,448,.png,android_res,res/stT.9.png
res/suq.xml,2012,895,.xml,android_res,res/suq.xml
res/sus.png,711,711,.png,android_res,res/sus.png
res/suy.xml,408,209,.xml,android_res,res/suy.xml
res/sv-.png,595,595,.png,android_res,res/sv-.png
res/svy.png,3078,3078,.png,android_res,res/svy.png
res/sw_.png,533,533,.png,android_res,res/sw_.png
res/sxD.png,15980,15980,.png,android_res,res/sxD.png
res/sxL.xml,3280,1039,.xml,android_res,res/sxL.xml
res/sxW.xml,6004,1479,.xml,android_res,res/sxW.xml
res/sy9.xml,836,413,.xml,android_res,res/sy9.xml
res/syM.xml,1504,651,.xml,android_res,res/syM.xml
res/syN.xml,4852,1492,.xml,android_res,res/syN.xml
res/szT.xml,3076,1086,.xml,android_res,res/szT.xml
res/t-K.xml,2904,861,.xml,android_res,res/t-K.xml
res/t-g.xml,656,354,.xml,android_res,res/t-g.xml
res/t0v.xml,488,249,.xml,android_res,res/t0v.xml
res/t17.png,703,703,.png,android_res,res/t17.png
res/t1a.webp,496,496,.webp,android_res,res/t1a.webp
res/t23.xml,1000,506,.xml,android_res,res/t23.xml
res/t2F.webp,532,532,.webp,android_res,res/t2F.webp
res/t2c.png,1966,1966,.png,android_res,res/t2c.png
res/t3N.xml,484,224,.xml,android_res,res/t3N.xml
res/t3i.webp,382,382,.webp,android_res,res/t3i.webp
res/t3r.xml,104,47,.xml,android_res,res/t3r.xml
res/t3s.png,282,282,.png,android_res,res/t3s.png
res/t3v.png,22491,22491,.png,android_res,res/t3v.png
res/t4A.webp,5644,5644,.webp,android_res,res/t4A.webp
res/t4c.webp,196,196,.webp,android_res,res/t4c.webp
res/t4x.xml,2388,955,.xml,android_res,res/t4x.xml
res/t54.png,499,499,.png,android_res,res/t54.png
res/t5X.xml,3084,1097,.xml,android_res,res/t5X.xml
res/t5c.xml,11356,2469,.xml,android_res,res/t5c.xml
res/t5d.png,383,383,.png,android_res,res/t5d.png
res/t5j.webp,418,418,.webp,android_res,res/t5j.webp
res/t6e.xml,668,310,.xml,android_res,res/t6e.xml
res/t75.webp,139240,139240,.webp,android_res,res/t75.webp
res/t7C.png,10300,10300,.png,android_res,res/t7C.png
res/t7x.xml,2604,784,.xml,android_res,res/t7x.xml
res/t8g.xml,5444,1468,.xml,android_res,res/t8g.xml
res/t91.png,759,759,.png,android_res,res/t91.png
res/t9R.png,67,67,.png,android_res,res/t9R.png
res/t9_.xml,616,341,.xml,android_res,res/t9_.xml
res/t9d.png,4255,4255,.png,android_res,res/t9d.png
res/tA-.png,14186,14186,.png,android_res,res/tA-.png
res/tA5.webp,888,888,.webp,android_res,res/tA5.webp
res/tA8.png,14680,14680,.png,android_res,res/tA8.png
res/tAA.png,11244,11244,.png,android_res,res/tAA.png
res/tAC.png,15751,15751,.png,android_res,res/tAC.png
res/tAD.png,14299,14299,.png,android_res,res/tAD.png
res/tAF.png,17641,17641,.png,android_res,res/tAF.png
res/tAG.png,16681,16681,.png,android_res,res/tAG.png
res/tAJ.png,14451,14451,.png,android_res,res/tAJ.png
res/tAK.xml,504,253,.xml,android_res,res/tAK.xml
res/tAS.png,1594,1594,.png,android_res,res/tAS.png
res/tAX.xml,1880,790,.xml,android_res,res/tAX.xml
res/tA_.png,12428,12428,.png,android_res,res/tA_.png
res/tAa.xml,1304,568,.xml,android_res,res/tAa.xml
res/tAv.png,16086,16086,.png,android_res,res/tAv.png
res/tBO.png,17097,17097,.png,android_res,res/tBO.png
res/tBY.xml,696,339,.xml,android_res,res/tBY.xml
res/tBi.webp,880,880,.webp,android_res,res/tBi.webp
res/tBm.webp,1332,1332,.webp,android_res,res/tBm.webp
res/tCB.xml,756,386,.xml,android_res,res/tCB.xml
res/tD-.png,31446,31446,.png,android_res,res/tD-.png
res/tD0.webp,898,898,.webp,android_res,res/tD0.webp
res/tD2.png,4900,4900,.png,android_res,res/tD2.png
res/tDH.png,2351,2351,.png,android_res,res/tDH.png
res/tDX.png,21408,21408,.png,android_res,res/tDX.png
res/tE5.xml,816,344,.xml,android_res,res/tE5.xml
res/tEi.png,3557,3557,.png,android_res,res/tEi.png
res/tFG.png,511,511,.png,android_res,res/tFG.png
res/tFl.xml,704,306,.xml,android_res,res/tFl.xml
res/tGX.xml,724,318,.xml,android_res,res/tGX.xml
res/tGl.png,940,940,.png,android_res,res/tGl.png
res/tGu.png,26005,26005,.png,android_res,res/tGu.png
res/tIg.webp,2370,2370,.webp,android_res,res/tIg.webp
res/tJH.xml,1532,661,.xml,android_res,res/tJH.xml
res/tKQ.xml,888,422,.xml,android_res,res/tKQ.xml
res/tKj.png,4286,4286,.png,android_res,res/tKj.png
res/tKw.xml,2076,812,.xml,android_res,res/tKw.xml
res/tL5.png,15265,15265,.png,android_res,res/tL5.png
res/tLP.png,3006,3006,.png,android_res,res/tLP.png
res/tLT.webp,11960,11960,.webp,android_res,res/tLT.webp
res/tM5.png,443,443,.png,android_res,res/tM5.png
res/tMV.webp,11602,11602,.webp,android_res,res/tMV.webp
res/tMX.9.png,212,212,.png,android_res,res/tMX.9.png
res/tMu.xml,704,311,.xml,android_res,res/tMu.xml
res/tN-.xml,500,248,.xml,android_res,res/tN-.xml
res/tN8.png,661,661,.png,android_res,res/tN8.png
res/tND.xml,2688,1033,.xml,android_res,res/tND.xml
res/tNN.png,56914,56914,.png,android_res,res/tNN.png
res/tO8.xml,624,302,.xml,android_res,res/tO8.xml
res/tPR.webp,1374,1374,.webp,android_res,res/tPR.webp
res/tQ6.png,479,479,.png,android_res,res/tQ6.png
res/tQB.png,1435,1435,.png,android_res,res/tQB.png
res/tQT.xml,360,212,.xml,android_res,res/tQT.xml
res/tQX.xml,488,245,.xml,android_res,res/tQX.xml
res/tRQ.xml,688,307,.xml,android_res,res/tRQ.xml
res/tSB.png,460,460,.png,android_res,res/tSB.png
res/tSJ.png,83,83,.png,android_res,res/tSJ.png
res/tSW.xml,3124,1109,.xml,android_res,res/tSW.xml
res/tTD.xml,592,320,.xml,android_res,res/tTD.xml
res/tTd.png,52908,52908,.png,android_res,res/tTd.png
res/tTf.xml,2812,890,.xml,android_res,res/tTf.xml
res/tU_.png,173,173,.png,android_res,res/tU_.png
res/tVd.xml,2340,975,.xml,android_res,res/tVd.xml
res/tVf.png,7699,7699,.png,android_res,res/tVf.png
res/tVq.webp,4950,4950,.webp,android_res,res/tVq.webp
res/tWH.xml,1596,739,.xml,android_res,res/tWH.xml
res/tY2.png,431,431,.png,android_res,res/tY2.png
res/tYh.webp,530,530,.webp,android_res,res/tYh.webp
res/tYs.xml,2952,1055,.xml,android_res,res/tYs.xml
res/tYs1.xml,3664,1215,.xml,android_res,res/tYs1.xml
res/tZ2.xml,1904,761,.xml,android_res,res/tZ2.xml
res/tZC.webp,14542,14542,.webp,android_res,res/tZC.webp
res/tZK.xml,3900,1232,.xml,android_res,res/tZK.xml
res/tZe.png,315097,315097,.png,android_res,res/tZe.png
res/t_U.png,6563,6563,.png,android_res,res/t_U.png
res/t_h.png,1534,1534,.png,android_res,res/t_h.png
res/taL.webp,598,598,.webp,android_res,res/taL.webp
res/tac.xml,1804,812,.xml,android_res,res/tac.xml
res/tbM.webp,562,562,.webp,android_res,res/tbM.webp
res/tbc.xml,452,265,.xml,android_res,res/tbc.xml
res/tbs.png,16169,16169,.png,android_res,res/tbs.png
res/tby.xml,2700,1039,.xml,android_res,res/tby.xml
res/tc6.png,338,338,.png,android_res,res/tc6.png
res/tcN.webp,686,686,.webp,android_res,res/tcN.webp
res/tcS.xml,2564,983,.xml,android_res,res/tcS.xml
res/tcw.png,3952,3952,.png,android_res,res/tcw.png
res/td0.png,14731,14731,.png,android_res,res/td0.png
res/tdT.png,2704,2704,.png,android_res,res/tdT.png
res/tdu.webp,622,622,.webp,android_res,res/tdu.webp
res/te1.png,17358,17358,.png,android_res,res/te1.png
res/teG.png,5777,5777,.png,android_res,res/teG.png
res/teH.png,1667,1667,.png,android_res,res/teH.png
res/ten.webp,830,830,.webp,android_res,res/ten.webp
res/tfQ.webp,782,782,.webp,android_res,res/tfQ.webp
res/tfR.png,1219,1219,.png,android_res,res/tfR.png
res/tfn.png,2680,2680,.png,android_res,res/tfn.png
res/tg4.webp,348,348,.webp,android_res,res/tg4.webp
res/tgH.png,17315,17315,.png,android_res,res/tgH.png
res/tgU.webp,48760,48760,.webp,android_res,res/tgU.webp
res/tgV.webp,828,828,.webp,android_res,res/tgV.webp
res/tgf.png,59082,59082,.png,android_res,res/tgf.png
res/tgn.png,3487,3487,.png,android_res,res/tgn.png
res/thM.png,67,67,.png,android_res,res/thM.png
res/thc.webp,12638,12638,.webp,android_res,res/thc.webp
res/thy.webp,97086,97086,.webp,android_res,res/thy.webp
res/ti7.png,1869,1869,.png,android_res,res/ti7.png
res/tiF.xml,1352,583,.xml,android_res,res/tiF.xml
res/tiQ.png,519,519,.png,android_res,res/tiQ.png
res/tir.xml,9908,2344,.xml,android_res,res/tir.xml
res/tis.png,396,396,.png,android_res,res/tis.png
res/tit.png,23249,23249,.png,android_res,res/tit.png
res/tjF.webp,8266,8266,.webp,android_res,res/tjF.webp
res/tjW.xml,704,306,.xml,android_res,res/tjW.xml
res/tji.xml,644,364,.xml,android_res,res/tji.xml
res/tjl.9.png,2505,2505,.png,android_res,res/tjl.9.png
res/tkg.png,17927,17927,.png,android_res,res/tkg.png
res/tlf.png,5495,5495,.png,android_res,res/tlf.png
res/tlr.png,26560,26560,.png,android_res,res/tlr.png
res/tmJ.png,2428,2428,.png,android_res,res/tmJ.png
res/tmL.png,1480,1480,.png,android_res,res/tmL.png
res/tmN.png,2322,2322,.png,android_res,res/tmN.png
res/tmh.xml,3012,901,.xml,android_res,res/tmh.xml
res/tnn.png,35900,35900,.png,android_res,res/tnn.png
res/tnt.png,257,257,.png,android_res,res/tnt.png
res/toa.png,16209,16209,.png,android_res,res/toa.png
res/tp8.xml,8068,2289,.xml,android_res,res/tp8.xml
res/tps.png,3118,3118,.png,android_res,res/tps.png
res/tqP.webp,1074,1074,.webp,android_res,res/tqP.webp
res/tqn.xml,3964,1194,.xml,android_res,res/tqn.xml
res/trC.9.png,252,252,.png,android_res,res/trC.9.png
res/trF.xml,2892,1048,.xml,android_res,res/trF.xml
res/trG.png,857,857,.png,android_res,res/trG.png
res/tra.png,4956,4956,.png,android_res,res/tra.png
res/tra.xml,684,344,.xml,android_res,res/tra.xml
res/tsJ.png,7789,7789,.png,android_res,res/tsJ.png
res/tsd.webp,160,160,.webp,android_res,res/tsd.webp
res/tt8.png,7827,7827,.png,android_res,res/tt8.png
res/ttK.png,4033,4033,.png,android_res,res/ttK.png
res/tto.png,88539,88539,.png,android_res,res/tto.png
res/ttu.png,1396,1396,.png,android_res,res/ttu.png
res/ttz.png,7366,7366,.png,android_res,res/ttz.png
res/tuU.webp,62854,62854,.webp,android_res,res/tuU.webp
res/tuc.xml,6248,1254,.xml,android_res,res/tuc.xml
res/tun.png,26219,26219,.png,android_res,res/tun.png
res/tuq.webp,7342,7342,.webp,android_res,res/tuq.webp
res/tv5.xml,712,374,.xml,android_res,res/tv5.xml
res/twE.xml,1472,685,.xml,android_res,res/twE.xml
res/twG.xml,3076,1084,.xml,android_res,res/twG.xml
res/txL.xml,468,230,.xml,android_res,res/txL.xml
res/ty7.png,7489,7489,.png,android_res,res/ty7.png
res/tyK.png,9395,9395,.png,android_res,res/tyK.png
res/tzB.xml,704,308,.xml,android_res,res/tzB.xml
res/tzF.xml,704,307,.xml,android_res,res/tzF.xml
res/tzb.xml,704,307,.xml,android_res,res/tzb.xml
res/u0g.webp,21152,21152,.webp,android_res,res/u0g.webp
res/u0t.webp,1354,1354,.webp,android_res,res/u0t.webp
res/u1t.webp,10284,10284,.webp,android_res,res/u1t.webp
res/u1z.png,4783,4783,.png,android_res,res/u1z.png
res/u36.xml,3732,1236,.xml,android_res,res/u36.xml
res/u3P.png,2142,2142,.png,android_res,res/u3P.png
res/u3S.webp,1754,1754,.webp,android_res,res/u3S.webp
res/u3j.png,251,251,.png,android_res,res/u3j.png
res/u3x.xml,1208,484,.xml,android_res,res/u3x.xml
res/u5p.png,3020,3020,.png,android_res,res/u5p.png
res/u5q.xml,1852,693,.xml,android_res,res/u5q.xml
res/u5y.webp,10710,10710,.webp,android_res,res/u5y.webp
res/u62.png,353,353,.png,android_res,res/u62.png
res/u6h.xml,1252,507,.xml,android_res,res/u6h.xml
res/u72.png,286,286,.png,android_res,res/u72.png
res/u7H.png,5201,5201,.png,android_res,res/u7H.png
res/u7R.xml,488,226,.xml,android_res,res/u7R.xml
res/u7a.png,62111,62111,.png,android_res,res/u7a.png
res/u7g.webp,2062,2062,.webp,android_res,res/u7g.webp
res/u8-.png,7328,7328,.png,android_res,res/u8-.png
res/u8z.png,271,271,.png,android_res,res/u8z.png
res/u97.xml,576,299,.xml,android_res,res/u97.xml
res/u9N.png,223,223,.png,android_res,res/u9N.png
res/u9V.webp,236,236,.webp,android_res,res/u9V.webp
res/u9u.png,4269,4269,.png,android_res,res/u9u.png
res/uAZ.xml,2056,843,.xml,android_res,res/uAZ.xml
res/uAd.png,3209,3209,.png,android_res,res/uAd.png
res/uB4.webp,10958,10958,.webp,android_res,res/uB4.webp
res/uBa.9.png,966,966,.png,android_res,res/uBa.9.png
res/uBg.xml,2660,897,.xml,android_res,res/uBg.xml
res/uD6.png,5575,5575,.png,android_res,res/uD6.png
res/uDR.xml,6620,1686,.xml,android_res,res/uDR.xml
res/uF5.xml,2316,896,.xml,android_res,res/uF5.xml
res/uFJ.xml,4580,1358,.xml,android_res,res/uFJ.xml
res/uFV.png,5490,5490,.png,android_res,res/uFV.png
res/uFa.xml,416,214,.xml,android_res,res/uFa.xml
res/uFc.png,421,421,.png,android_res,res/uFc.png
res/uFg.webp,76378,76378,.webp,android_res,res/uFg.webp
res/uGz.webp,35712,35712,.webp,android_res,res/uGz.webp
res/uHB.png,4527,4527,.png,android_res,res/uHB.png
res/uHE.webp,14784,14784,.webp,android_res,res/uHE.webp
res/uI4.xml,12644,2973,.xml,android_res,res/uI4.xml
res/uIA.9.png,1670,1670,.png,android_res,res/uIA.9.png
res/uIS.xml,2300,898,.xml,android_res,res/uIS.xml
res/uJ-.webp,8056,8056,.webp,android_res,res/uJ-.webp
res/uJk.png,1266,1266,.png,android_res,res/uJk.png
res/uK9.png,602,602,.png,android_res,res/uK9.png
res/uK9.xml,508,263,.xml,android_res,res/uK9.xml
res/uK91.xml,1344,592,.xml,android_res,res/uK91.xml
res/uLM.xml,3384,1160,.xml,android_res,res/uLM.xml
res/uMB.xml,1588,613,.xml,android_res,res/uMB.xml
res/uMD.xml,432,195,.xml,android_res,res/uMD.xml
res/uN1.xml,1000,338,.xml,android_res,res/uN1.xml
res/uNG.png,7605,7605,.png,android_res,res/uNG.png
res/uNW.webp,13912,13912,.webp,android_res,res/uNW.webp
res/uNk.png,24616,24616,.png,android_res,res/uNk.png
res/uNr.webp,948,948,.webp,android_res,res/uNr.webp
res/uPJ.webp,12030,12030,.webp,android_res,res/uPJ.webp
res/uPJ.xml,716,327,.xml,android_res,res/uPJ.xml
res/uPN.xml,504,252,.xml,android_res,res/uPN.xml
res/uQ6.xml,7880,2025,.xml,android_res,res/uQ6.xml
res/uQH.xml,8908,2396,.xml,android_res,res/uQH.xml
res/uQN.xml,3684,1230,.xml,android_res,res/uQN.xml
res/uQa.png,2154,2154,.png,android_res,res/uQa.png
res/uRD.png,4012,4012,.png,android_res,res/uRD.png
res/uRd.xml,620,295,.xml,android_res,res/uRd.xml
res/uRz.xml,1104,491,.xml,android_res,res/uRz.xml
res/uSP.webp,75968,75968,.webp,android_res,res/uSP.webp
res/uSh.xml,5300,1609,.xml,android_res,res/uSh.xml
res/uSu.png,603,603,.png,android_res,res/uSu.png
res/uTD.webp,24772,24772,.webp,android_res,res/uTD.webp
res/uTL.png,12123,12123,.png,android_res,res/uTL.png
res/uUG.xml,1488,657,.xml,android_res,res/uUG.xml
res/uUZ.xml,936,459,.xml,android_res,res/uUZ.xml
res/uVA.png,1877,1877,.png,android_res,res/uVA.png
res/uVB.png,519,519,.png,android_res,res/uVB.png
res/uVE.png,9625,9625,.png,android_res,res/uVE.png
res/uVn.otf,42416,25879,.otf,android_res,res/uVn.otf
res/uW4.png,115,115,.png,android_res,res/uW4.png
res/uWH.xml,484,228,.xml,android_res,res/uWH.xml
res/uWT.webp,546,546,.webp,android_res,res/uWT.webp
res/uXN.png,228,228,.png,android_res,res/uXN.png
res/uXX.png,39525,39525,.png,android_res,res/uXX.png
res/uYN.xml,3632,995,.xml,android_res,res/uYN.xml
res/uYU.png,996,996,.png,android_res,res/uYU.png
res/uZI.xml,1704,769,.xml,android_res,res/uZI.xml
res/uZv.webp,3922,3922,.webp,android_res,res/uZv.webp
res/u_H.webp,26244,26244,.webp,android_res,res/u_H.webp
res/u_c.xml,596,279,.xml,android_res,res/u_c.xml
res/u_h.png,252,252,.png,android_res,res/u_h.png
res/u_y.png,29397,29397,.png,android_res,res/u_y.png
res/u_z.png,242,242,.png,android_res,res/u_z.png
res/ua1.xml,1092,506,.xml,android_res,res/ua1.xml
res/uaM.png,70415,70415,.png,android_res,res/uaM.png
res/uad.png,871,871,.png,android_res,res/uad.png
res/uad1.png,353,353,.png,android_res,res/uad1.png
res/ubD.xml,1572,626,.xml,android_res,res/ubD.xml
res/ube.png,34214,34214,.png,android_res,res/ube.png
res/ucE.png,542,542,.png,android_res,res/ucE.png
res/uce.xml,1400,525,.xml,android_res,res/uce.xml
res/udE.ttc,487620,203028,.ttc,android_res,res/udE.ttc
res/udk.png,418,418,.png,android_res,res/udk.png
res/ueA.xml,540,279,.xml,android_res,res/ueA.xml
res/uew.xml,2068,842,.xml,android_res,res/uew.xml
res/uf3.png,22167,22167,.png,android_res,res/uf3.png
res/ufC.png,1011,1011,.png,android_res,res/ufC.png
res/ufh.png,67,67,.png,android_res,res/ufh.png
res/ufq.xml,1708,775,.xml,android_res,res/ufq.xml
res/ug2.png,5037,5037,.png,android_res,res/ug2.png
res/ugl.png,20779,20779,.png,android_res,res/ugl.png
res/ugm.webp,1430,1430,.webp,android_res,res/ugm.webp
res/ugr.xml,316,187,.xml,android_res,res/ugr.xml
res/ugz.png,878,878,.png,android_res,res/ugz.png
res/uhE.webp,842,842,.webp,android_res,res/uhE.webp
res/uhp.xml,1008,450,.xml,android_res,res/uhp.xml
res/uhw.png,2710,2710,.png,android_res,res/uhw.png
res/ui2.xml,904,424,.xml,android_res,res/ui2.xml
res/ui3.png,579,579,.png,android_res,res/ui3.png
res/uiU.xml,9656,2517,.xml,android_res,res/uiU.xml
res/uih.webp,4132,4132,.webp,android_res,res/uih.webp
res/uj0.xml,1308,379,.xml,android_res,res/uj0.xml
res/ujR.xml,7636,2061,.xml,android_res,res/ujR.xml
res/ujW.png,31445,31445,.png,android_res,res/ujW.png
res/uji.png,30720,30720,.png,android_res,res/uji.png
res/ujm.png,5597,5597,.png,android_res,res/ujm.png
res/ukD.xml,5676,1865,.xml,android_res,res/ukD.xml
res/uk_.xml,1804,686,.xml,android_res,res/uk_.xml
res/um1.png,2227,2227,.png,android_res,res/um1.png
res/umM.webp,38858,38858,.webp,android_res,res/umM.webp
res/unS.png,10606,10606,.png,android_res,res/unS.png
res/unY.png,32918,32918,.png,android_res,res/unY.png
res/ung.xml,484,220,.xml,android_res,res/ung.xml
res/uoB.xml,1012,319,.xml,android_res,res/uoB.xml
res/uoG.png,520,520,.png,android_res,res/uoG.png
res/upO.xml,3932,1214,.xml,android_res,res/upO.xml
res/uq0.xml,3600,1268,.xml,android_res,res/uq0.xml
res/uqE.png,20933,20933,.png,android_res,res/uqE.png
res/uqN.xml,468,232,.xml,android_res,res/uqN.xml
res/uqb.xml,3740,1304,.xml,android_res,res/uqb.xml
res/ur9.webp,3766,3766,.webp,android_res,res/ur9.webp
res/urG.xml,632,288,.xml,android_res,res/urG.xml
res/urb.png,631,631,.png,android_res,res/urb.png
res/urk.xml,1452,613,.xml,android_res,res/urk.xml
res/uro.xml,944,349,.xml,android_res,res/uro.xml
res/urw.webp,7358,7358,.webp,android_res,res/urw.webp
res/ut9.xml,4560,1317,.xml,android_res,res/ut9.xml
res/utq.png,7114,7114,.png,android_res,res/utq.png
res/uuD.webp,644,644,.webp,android_res,res/uuD.webp
res/uuD.xml,4024,1118,.xml,android_res,res/uuD.xml
res/uuZ.xml,1316,593,.xml,android_res,res/uuZ.xml
res/uuy.png,318,318,.png,android_res,res/uuy.png
res/uvL.png,12528,12528,.png,android_res,res/uvL.png
res/uvQ.png,3978,3978,.png,android_res,res/uvQ.png
res/uwN.png,5004,5004,.png,android_res,res/uwN.png
res/uwS.xml,9404,2280,.xml,android_res,res/uwS.xml
res/uwZ.png,11905,11905,.png,android_res,res/uwZ.png
res/ux2.png,340,340,.png,android_res,res/ux2.png
res/uys.png,8187,8187,.png,android_res,res/uys.png
res/uzw.xml,448,217,.xml,android_res,res/uzw.xml
res/uzx.xml,656,345,.xml,android_res,res/uzx.xml
res/v-I.png,9024,9024,.png,android_res,res/v-I.png
res/v-p.png,24430,24430,.png,android_res,res/v-p.png
res/v0H.png,430,430,.png,android_res,res/v0H.png
res/v0t.xml,4388,1397,.xml,android_res,res/v0t.xml
res/v0y.png,531,531,.png,android_res,res/v0y.png
res/v1G.xml,1340,591,.xml,android_res,res/v1G.xml
res/v1H.xml,3788,1241,.xml,android_res,res/v1H.xml
res/v1R.png,1277,1277,.png,android_res,res/v1R.png
res/v23.xml,852,377,.xml,android_res,res/v23.xml
res/v25.xml,1248,570,.xml,android_res,res/v25.xml
res/v2D.png,1367,1367,.png,android_res,res/v2D.png
res/v2q.webp,13668,13668,.webp,android_res,res/v2q.webp
res/v3M.xml,628,283,.xml,android_res,res/v3M.xml
res/v3l.xml,3168,1150,.xml,android_res,res/v3l.xml
res/v40.png,8797,8797,.png,android_res,res/v40.png
res/v41.png,10644,10644,.png,android_res,res/v41.png
res/v44.xml,1248,553,.xml,android_res,res/v44.xml
res/v4o.png,9315,9315,.png,android_res,res/v4o.png
res/v4p.png,9831,9831,.png,android_res,res/v4p.png
res/v4q.png,7944,7944,.png,android_res,res/v4q.png
res/v4r.png,9935,9935,.png,android_res,res/v4r.png
res/v4v.png,10173,10173,.png,android_res,res/v4v.png
res/v59.png,26146,26146,.png,android_res,res/v59.png
res/v5a.png,6632,6632,.png,android_res,res/v5a.png
res/v5e.xml,2600,995,.xml,android_res,res/v5e.xml
res/v5t.webp,744,744,.webp,android_res,res/v5t.webp
res/v6G.9.png,194,194,.png,android_res,res/v6G.9.png
res/v6f.xml,468,232,.xml,android_res,res/v6f.xml
res/v6k.xml,1056,472,.xml,android_res,res/v6k.xml
res/v6l.webp,24094,24094,.webp,android_res,res/v6l.webp
res/v6m.webp,3612,3612,.webp,android_res,res/v6m.webp
res/v6v.xml,1532,637,.xml,android_res,res/v6v.xml
res/v71.xml,4228,1220,.xml,android_res,res/v71.xml
res/v74.png,13734,13734,.png,android_res,res/v74.png
res/v7P.webp,16776,16776,.webp,android_res,res/v7P.webp
res/v80.webp,1308,1308,.webp,android_res,res/v80.webp
res/v8R.webp,974,974,.webp,android_res,res/v8R.webp
res/v8_.webp,4746,4746,.webp,android_res,res/v8_.webp
res/v8o.xml,396,227,.xml,android_res,res/v8o.xml
res/v8q.xml,4116,1195,.xml,android_res,res/v8q.xml
res/v8r.png,51963,51963,.png,android_res,res/v8r.png
res/v99.png,91058,91058,.png,android_res,res/v99.png
res/v9I.xml,2924,394,.xml,android_res,res/v9I.xml
res/vAU.webp,1064,1064,.webp,android_res,res/vAU.webp
res/vB6.png,796,796,.png,android_res,res/vB6.png
res/vCe.png,2111,2111,.png,android_res,res/vCe.png
res/vDJ.9.png,77,77,.png,android_res,res/vDJ.9.png
res/vDK.xml,1584,613,.xml,android_res,res/vDK.xml
res/vDT.png,2960,2960,.png,android_res,res/vDT.png
res/vDu.png,429,429,.png,android_res,res/vDu.png
res/vEi.png,12609,12609,.png,android_res,res/vEi.png
res/vF9.png,747,747,.png,android_res,res/vF9.png
res/vG3.webp,0,0,.webp,android_res,res/vG3.webp
res/vGf.xml,1404,544,.xml,android_res,res/vGf.xml
res/vH5.xml,1684,600,.xml,android_res,res/vH5.xml
res/vHn.xml,2140,893,.xml,android_res,res/vHn.xml
res/vHx.png,895,895,.png,android_res,res/vHx.png
res/vID.webp,1573632,1573632,.webp,android_res,res/vID.webp
res/vIH.xml,3324,1161,.xml,android_res,res/vIH.xml
res/vIZ.xml,1704,759,.xml,android_res,res/vIZ.xml
res/vIa.xml,1104,566,.xml,android_res,res/vIa.xml
res/vIa1.xml,3500,1277,.xml,android_res,res/vIa1.xml
res/vIe.png,261,261,.png,android_res,res/vIe.png
res/vJ3.png,1588,1588,.png,android_res,res/vJ3.png
res/vJ7.otf,28280,20972,.otf,android_res,res/vJ7.otf
res/vJy.xml,3396,1145,.xml,android_res,res/vJy.xml
res/vKJ.png,2223,2223,.png,android_res,res/vKJ.png
res/vKP.webp,26450,26450,.webp,android_res,res/vKP.webp
res/vL4.xml,8276,1759,.xml,android_res,res/vL4.xml
res/vLE.xml,2180,850,.xml,android_res,res/vLE.xml
res/vLw.webp,3632,3632,.webp,android_res,res/vLw.webp
res/vM-.png,3532,3532,.png,android_res,res/vM-.png
res/vMB.xml,3812,1256,.xml,android_res,res/vMB.xml
res/vMD.jpg,12303,12303,.jpg,android_res,res/vMD.jpg
res/vMR.xml,1676,655,.xml,android_res,res/vMR.xml
res/vMh.xml,4576,1346,.xml,android_res,res/vMh.xml
res/vNE.png,12039,12039,.png,android_res,res/vNE.png
res/vOw.png,15273,15273,.png,android_res,res/vOw.png
res/vPo.xml,940,472,.xml,android_res,res/vPo.xml
res/vQL.png,180968,180968,.png,android_res,res/vQL.png
res/vQb.xml,448,217,.xml,android_res,res/vQb.xml
res/vRA.png,16543,16543,.png,android_res,res/vRA.png
res/vRj.xml,3136,1098,.xml,android_res,res/vRj.xml
res/vRq.png,22732,22732,.png,android_res,res/vRq.png
res/vSH.png,73123,73123,.png,android_res,res/vSH.png
res/vSs.png,4018,4018,.png,android_res,res/vSs.png
res/vTB.xml,644,344,.xml,android_res,res/vTB.xml
res/vTe.9.png,758,758,.png,android_res,res/vTe.9.png
res/vUZ.xml,3228,1063,.xml,android_res,res/vUZ.xml
res/vUb.xml,2068,766,.xml,android_res,res/vUb.xml
res/vUw.webp,6252,6252,.webp,android_res,res/vUw.webp
res/vVM.jpg,50803,50803,.jpg,android_res,res/vVM.jpg
res/vVP.xml,12900,2975,.xml,android_res,res/vVP.xml
res/vWR.xml,820,403,.xml,android_res,res/vWR.xml
res/vWh.xml,2116,812,.xml,android_res,res/vWh.xml
res/vWs.xml,4980,1111,.xml,android_res,res/vWs.xml
res/vXZ.xml,3744,1298,.xml,android_res,res/vXZ.xml
res/vXb.png,8704,8704,.png,android_res,res/vXb.png
res/vXl.png,1100,1100,.png,android_res,res/vXl.png
res/vXy.png,6606,6606,.png,android_res,res/vXy.png
res/vXz.png,5622,5622,.png,android_res,res/vXz.png
res/vYB.png,2399,2399,.png,android_res,res/vYB.png
res/vYF.webp,21410,21410,.webp,android_res,res/vYF.webp
res/vYo.webp,39756,39756,.webp,android_res,res/vYo.webp
res/vZz.xml,940,321,.xml,android_res,res/vZz.xml
res/va7.png,322,322,.png,android_res,res/va7.png
res/vaO.xml,956,412,.xml,android_res,res/vaO.xml
res/vaS.webp,520,520,.webp,android_res,res/vaS.webp
res/vay.xml,2880,965,.xml,android_res,res/vay.xml
res/vbl.xml,3560,1227,.xml,android_res,res/vbl.xml
res/vc2.webp,47454,47454,.webp,android_res,res/vc2.webp
res/vcK.webp,28780,28780,.webp,android_res,res/vcK.webp
res/vcN.xml,896,338,.xml,android_res,res/vcN.xml
res/vcR.webp,13532,13532,.webp,android_res,res/vcR.webp
res/vcr.xml,848,434,.xml,android_res,res/vcr.xml
res/vcy.png,67,67,.png,android_res,res/vcy.png
res/vd5.png,267,267,.png,android_res,res/vd5.png
res/vdc.9.png,420,420,.png,android_res,res/vdc.9.png
res/vf9.png,500,500,.png,android_res,res/vf9.png
res/vfF.xml,500,234,.xml,android_res,res/vfF.xml
res/vfH.xml,2568,988,.xml,android_res,res/vfH.xml
res/vfU.png,1496,1496,.png,android_res,res/vfU.png
res/vfZ.xml,576,269,.xml,android_res,res/vfZ.xml
res/vfc.png,25557,25557,.png,android_res,res/vfc.png
res/vgq.webp,4530,4530,.webp,android_res,res/vgq.webp
res/vhB.png,2917,2917,.png,android_res,res/vhB.png
res/vhP.webp,2168,2168,.webp,android_res,res/vhP.webp
res/vhb.png,22906,22906,.png,android_res,res/vhb.png
res/vhq.png,657,657,.png,android_res,res/vhq.png
res/vhq.webp,502,502,.webp,android_res,res/vhq.webp
res/vhq1.png,13907,13907,.png,android_res,res/vhq1.png
res/viT.xml,8620,2154,.xml,android_res,res/viT.xml
res/vit.png,4973,4973,.png,android_res,res/vit.png
res/vj1.xml,3132,1071,.xml,android_res,res/vj1.xml
res/vk-.xml,1816,726,.xml,android_res,res/vk-.xml
res/vkO.webp,1104,1104,.webp,android_res,res/vkO.webp
res/vku.png,15245,15245,.png,android_res,res/vku.png
res/vlJ.xml,608,322,.xml,android_res,res/vlJ.xml
res/vlj.xml,2172,779,.xml,android_res,res/vlj.xml
res/vmB.xml,704,311,.xml,android_res,res/vmB.xml
res/vnZ.webp,13706,13706,.webp,android_res,res/vnZ.webp
res/vnk.xml,10468,2298,.xml,android_res,res/vnk.xml
res/vnn.xml,1720,655,.xml,android_res,res/vnn.xml
res/vns.xml,576,274,.xml,android_res,res/vns.xml
res/vnx.png,836,836,.png,android_res,res/vnx.png
res/vo-.xml,3680,1314,.xml,android_res,res/vo-.xml
res/vo9.png,600,600,.png,android_res,res/vo9.png
res/vos.xml,1784,752,.xml,android_res,res/vos.xml
res/vp0.xml,2756,1092,.xml,android_res,res/vp0.xml
res/vp3.xml,388,216,.xml,android_res,res/vp3.xml
res/vpq.9.png,4504,4504,.png,android_res,res/vpq.9.png
res/vq5.webp,13050,13050,.webp,android_res,res/vq5.webp
res/vqP.png,2187,2187,.png,android_res,res/vqP.png
res/vrX.xml,12756,2896,.xml,android_res,res/vrX.xml
res/vs-.xml,1972,733,.xml,android_res,res/vs-.xml
res/vs_.png,1039,1039,.png,android_res,res/vs_.png
res/vsx.xml,3832,1356,.xml,android_res,res/vsx.xml
res/vtV.png,67,67,.png,android_res,res/vtV.png
res/vtq.png,6974,6974,.png,android_res,res/vtq.png
res/vug.png,2476,2476,.png,android_res,res/vug.png
res/vv7.xml,988,349,.xml,android_res,res/vv7.xml
res/vvL.png,14195,14195,.png,android_res,res/vvL.png
res/vvR.xml,3324,735,.xml,android_res,res/vvR.xml
res/vw0.png,22490,22490,.png,android_res,res/vw0.png
res/vwM.xml,14720,3264,.xml,android_res,res/vwM.xml
res/vwQ.xml,2896,1058,.xml,android_res,res/vwQ.xml
res/vwl.xml,1536,720,.xml,android_res,res/vwl.xml
res/vwm.xml,2596,755,.xml,android_res,res/vwm.xml
res/vxI.png,99034,99034,.png,android_res,res/vxI.png
res/vxg.png,513,513,.png,android_res,res/vxg.png
res/vxq.png,789,789,.png,android_res,res/vxq.png
res/vy0.9.png,226,226,.png,android_res,res/vy0.9.png
res/vyP.xml,520,247,.xml,android_res,res/vyP.xml
res/vyr.png,786,786,.png,android_res,res/vyr.png
res/vz5.xml,18360,4258,.xml,android_res,res/vz5.xml
res/vz6.webp,20596,20596,.webp,android_res,res/vz6.webp
res/vz9.xml,856,432,.xml,android_res,res/vz9.xml
res/vzE.xml,9768,2561,.xml,android_res,res/vzE.xml
res/vzV.png,3535,3535,.png,android_res,res/vzV.png
res/vzy.webp,25138,25138,.webp,android_res,res/vzy.webp
res/w-c.png,11223,11223,.png,android_res,res/w-c.png
res/w03.xml,1188,489,.xml,android_res,res/w03.xml
res/w07.png,1491,1491,.png,android_res,res/w07.png
res/w0S.xml,11360,3025,.xml,android_res,res/w0S.xml
res/w0W.xml,888,458,.xml,android_res,res/w0W.xml
res/w0g.webp,4166,4166,.webp,android_res,res/w0g.webp
res/w0x.9.png,3671,3671,.png,android_res,res/w0x.9.png
res/w1I.webp,102180,102180,.webp,android_res,res/w1I.webp
res/w1J.png,357,357,.png,android_res,res/w1J.png
res/w1c.xml,1204,560,.xml,android_res,res/w1c.xml
res/w1h.webp,1562,1562,.webp,android_res,res/w1h.webp
res/w2Q.png,250,250,.png,android_res,res/w2Q.png
res/w2U.xml,2904,940,.xml,android_res,res/w2U.xml
res/w3U.xml,1140,511,.xml,android_res,res/w3U.xml
res/w3p.xml,484,229,.xml,android_res,res/w3p.xml
res/w46.webp,26286,26286,.webp,android_res,res/w46.webp
res/w4J.xml,4696,1498,.xml,android_res,res/w4J.xml
res/w4k.png,980,980,.png,android_res,res/w4k.png
res/w4o.xml,488,229,.xml,android_res,res/w4o.xml
res/w4x.xml,2652,1007,.xml,android_res,res/w4x.xml
res/w5y.png,821,821,.png,android_res,res/w5y.png
res/w64.png,5608,5608,.png,android_res,res/w64.png
res/w6A.webp,15608,15608,.webp,android_res,res/w6A.webp
res/w6H.xml,5116,1562,.xml,android_res,res/w6H.xml
res/w6R.png,5620,5620,.png,android_res,res/w6R.png
res/w6S.png,296,296,.png,android_res,res/w6S.png
res/w6V.png,7055,7055,.png,android_res,res/w6V.png
res/w7W.xml,1436,601,.xml,android_res,res/w7W.xml
res/w7w.xml,4952,1512,.xml,android_res,res/w7w.xml
res/w8-.png,326,326,.png,android_res,res/w8-.png
res/w8M.png,323,323,.png,android_res,res/w8M.png
res/w8r.xml,4736,1039,.xml,android_res,res/w8r.xml
res/w8z.png,5557,5557,.png,android_res,res/w8z.png
res/wA9.xml,1576,572,.xml,android_res,res/wA9.xml
res/wAC.xml,472,269,.xml,android_res,res/wAC.xml
res/wAb.xml,312,196,.xml,android_res,res/wAb.xml
res/wBe.png,2498,2498,.png,android_res,res/wBe.png
res/wCM.xml,1140,569,.xml,android_res,res/wCM.xml
res/wCS.xml,372,180,.xml,android_res,res/wCS.xml
res/wCp.xml,740,394,.xml,android_res,res/wCp.xml
res/wDI.png,286,286,.png,android_res,res/wDI.png
res/wDg.xml,2768,1058,.xml,android_res,res/wDg.xml
res/wEs.xml,3732,1250,.xml,android_res,res/wEs.xml
res/wFQ.xml,448,216,.xml,android_res,res/wFQ.xml
res/wFg.png,35656,35656,.png,android_res,res/wFg.png
res/wG7.png,9046,9046,.png,android_res,res/wG7.png
res/wGo.xml,796,327,.xml,android_res,res/wGo.xml
res/wGs.webp,4030,4030,.webp,android_res,res/wGs.webp
res/wHQ.9.png,4882,4882,.png,android_res,res/wHQ.9.png
res/wHZ.xml,520,238,.xml,android_res,res/wHZ.xml
res/wIc.xml,1272,492,.xml,android_res,res/wIc.xml
res/wIt.png,2154,2154,.png,android_res,res/wIt.png
res/wJ8.png,4838,4838,.png,android_res,res/wJ8.png
res/wJJ.png,2831,2831,.png,android_res,res/wJJ.png
res/wJc.png,981,981,.png,android_res,res/wJc.png
res/wKb.xml,804,321,.xml,android_res,res/wKb.xml
res/wKe.webp,706,706,.webp,android_res,res/wKe.webp
res/wKl.9.png,209,209,.png,android_res,res/wKl.9.png
res/wL0.9.png,192,192,.png,android_res,res/wL0.9.png
res/wLH.png,765,765,.png,android_res,res/wLH.png
res/wLk.webp,260,260,.webp,android_res,res/wLk.webp
res/wLq.webp,3392,3392,.webp,android_res,res/wLq.webp
res/wMd.xml,880,432,.xml,android_res,res/wMd.xml
res/wNe.png,224,224,.png,android_res,res/wNe.png
res/wNx.png,13504,13504,.png,android_res,res/wNx.png
res/wP6.png,1867,1867,.png,android_res,res/wP6.png
res/wP7.xml,3376,1060,.xml,android_res,res/wP7.xml
res/wPa.9.png,896,896,.png,android_res,res/wPa.9.png
res/wQ-.xml,3544,818,.xml,android_res,res/wQ-.xml
res/wRw.xml,532,272,.xml,android_res,res/wRw.xml
res/wSN.png,505,505,.png,android_res,res/wSN.png
res/wSj.png,6177,6177,.png,android_res,res/wSj.png
res/wT-.9.png,1214,1214,.png,android_res,res/wT-.9.png
res/wTU.png,267,267,.png,android_res,res/wTU.png
res/wTc.png,320,320,.png,android_res,res/wTc.png
res/wTv.xml,7552,2138,.xml,android_res,res/wTv.xml
res/wUb.xml,1420,584,.xml,android_res,res/wUb.xml
res/wVx.png,993,993,.png,android_res,res/wVx.png
res/wW7.webp,1822,1822,.webp,android_res,res/wW7.webp
res/wWm.png,86360,86360,.png,android_res,res/wWm.png
res/wWy.png,251,251,.png,android_res,res/wWy.png
res/wXL.webp,26080,26080,.webp,android_res,res/wXL.webp
res/wXf.png,77649,77649,.png,android_res,res/wXf.png
res/wYC.xml,468,231,.xml,android_res,res/wYC.xml
res/wYO.xml,2972,1096,.xml,android_res,res/wYO.xml
res/wYv.xml,740,324,.xml,android_res,res/wYv.xml
res/wZ-.png,2065,2065,.png,android_res,res/wZ-.png
res/wZK.xml,484,223,.xml,android_res,res/wZK.xml
res/w_5.png,2651,2651,.png,android_res,res/w_5.png
res/w_8.xml,2592,943,.xml,android_res,res/w_8.xml
res/w_Q.xml,924,447,.xml,android_res,res/w_Q.xml
res/w_p.png,5694,5694,.png,android_res,res/w_p.png
res/wa3.png,42179,42179,.png,android_res,res/wa3.png
res/waN.png,129,129,.png,android_res,res/waN.png
res/waV.png,10706,10706,.png,android_res,res/waV.png
res/wal.png,623,623,.png,android_res,res/wal.png
res/wal1.png,8958,8958,.png,android_res,res/wal1.png
res/wav.png,247,247,.png,android_res,res/wav.png
res/wbB.xml,6768,1985,.xml,android_res,res/wbB.xml
res/wbJ.png,398,398,.png,android_res,res/wbJ.png
res/wbM.png,427,427,.png,android_res,res/wbM.png
res/wbp.otf,31144,15324,.otf,android_res,res/wbp.otf
res/wck.webp,24626,24626,.webp,android_res,res/wck.webp
res/wdU.webp,3228,3228,.webp,android_res,res/wdU.webp
res/we4.webp,13754,13754,.webp,android_res,res/we4.webp
res/we7.xml,2884,1094,.xml,android_res,res/we7.xml
res/weM.png,628,628,.png,android_res,res/weM.png
res/wer.xml,1520,677,.xml,android_res,res/wer.xml
res/wf1.png,6877,6877,.png,android_res,res/wf1.png
res/wfF.xml,456,234,.xml,android_res,res/wfF.xml
res/wfH.png,55964,55964,.png,android_res,res/wfH.png
res/wgB.png,581,581,.png,android_res,res/wgB.png
res/wgj.png,1319,1319,.png,android_res,res/wgj.png
res/wgm.xml,2668,1078,.xml,android_res,res/wgm.xml
res/whJ.xml,3040,1170,.xml,android_res,res/whJ.xml
res/whb.webp,30878,30878,.webp,android_res,res/whb.webp
res/whn.png,8473,8473,.png,android_res,res/whn.png
res/who.png,9774,9774,.png,android_res,res/who.png
res/whq.png,9506,9506,.png,android_res,res/whq.png
res/whz.png,8720,8720,.png,android_res,res/whz.png
res/wiH.9.png,1243,1243,.png,android_res,res/wiH.9.png
res/wiO.webp,938,938,.webp,android_res,res/wiO.webp
res/wiS.9.png,1731,1731,.png,android_res,res/wiS.9.png
res/wik.png,67,67,.png,android_res,res/wik.png
res/wj3.xml,1444,648,.xml,android_res,res/wj3.xml
res/wjE.webp,1116,1116,.webp,android_res,res/wjE.webp
res/wjN.xml,2340,768,.xml,android_res,res/wjN.xml
res/wjn.png,132388,132388,.png,android_res,res/wjn.png
res/wkC.xml,464,228,.xml,android_res,res/wkC.xml
res/wkJ.png,845,845,.png,android_res,res/wkJ.png
res/wkX.png,509,509,.png,android_res,res/wkX.png
res/wkx.xml,7176,1844,.xml,android_res,res/wkx.xml
res/wlq.png,3651,3651,.png,android_res,res/wlq.png
res/wlv.png,13230,13230,.png,android_res,res/wlv.png
res/wme.png,6996,6996,.png,android_res,res/wme.png
res/wmo.png,2377,2377,.png,android_res,res/wmo.png
res/wn2.png,2654,2654,.png,android_res,res/wn2.png
res/wn2.xml,564,282,.xml,android_res,res/wn2.xml
res/wnK.png,2322,2322,.png,android_res,res/wnK.png
res/wnM.png,1025,1025,.png,android_res,res/wnM.png
res/wnf.xml,396,233,.xml,android_res,res/wnf.xml
res/wnj.png,1225,1225,.png,android_res,res/wnj.png
res/wnn.xml,476,253,.xml,android_res,res/wnn.xml
res/woY.xml,796,334,.xml,android_res,res/woY.xml
res/woq.png,91793,91793,.png,android_res,res/woq.png
res/wpO.png,471,471,.png,android_res,res/wpO.png
res/wpz.png,67,67,.png,android_res,res/wpz.png
res/wqX.webp,11416,11416,.webp,android_res,res/wqX.webp
res/wr6.png,751,751,.png,android_res,res/wr6.png
res/wrE.xml,6936,1935,.xml,android_res,res/wrE.xml
res/wrN.png,9846,9846,.png,android_res,res/wrN.png
res/wr_.webp,8084,8084,.webp,android_res,res/wr_.webp
res/wrg.png,6901,6901,.png,android_res,res/wrg.png
res/wsA.xml,616,327,.xml,android_res,res/wsA.xml
res/wt9.png,9028,9028,.png,android_res,res/wt9.png
res/wvI.9.png,720,720,.png,android_res,res/wvI.9.png
res/wvl.xml,5008,1479,.xml,android_res,res/wvl.xml
res/ww1.xml,272,163,.xml,android_res,res/ww1.xml
res/ww7.webp,4662,4662,.webp,android_res,res/ww7.webp
res/wwq.webp,72998,72998,.webp,android_res,res/wwq.webp
res/wxj.png,2381,2381,.png,android_res,res/wxj.png
res/wyC.webp,1880,1880,.webp,android_res,res/wyC.webp
res/wyR.png,51152,51152,.png,android_res,res/wyR.png
res/wyY.xml,484,227,.xml,android_res,res/wyY.xml
res/wyq.png,9824,9824,.png,android_res,res/wyq.png
res/wz-.xml,468,231,.xml,android_res,res/wz-.xml
res/wzF.xml,716,385,.xml,android_res,res/wzF.xml
res/wzW.xml,1016,487,.xml,android_res,res/wzW.xml
res/x06.xml,584,277,.xml,android_res,res/x06.xml
res/x19.webp,5832,5832,.webp,android_res,res/x19.webp
res/x1j.png,4056,4056,.png,android_res,res/x1j.png
res/x1p.xml,516,241,.xml,android_res,res/x1p.xml
res/x2r.png,2224,2224,.png,android_res,res/x2r.png
res/x32.png,17255,17255,.png,android_res,res/x32.png
res/x3B.png,1851,1851,.png,android_res,res/x3B.png
res/x3g.png,801,801,.png,android_res,res/x3g.png
res/x3k.xml,1612,739,.xml,android_res,res/x3k.xml
res/x49.xml,724,321,.xml,android_res,res/x49.xml
res/x4c.webp,3964,3964,.webp,android_res,res/x4c.webp
res/x4p.xml,1152,538,.xml,android_res,res/x4p.xml
res/x4w.webp,2732,2732,.webp,android_res,res/x4w.webp
res/x5I.png,760,760,.png,android_res,res/x5I.png
res/x5n.9.png,345,345,.png,android_res,res/x5n.9.png
res/x7J.xml,1140,547,.xml,android_res,res/x7J.xml
res/x7U.xml,696,344,.xml,android_res,res/x7U.xml
res/x7s.png,16033,16033,.png,android_res,res/x7s.png
res/x89.webp,2724,2724,.webp,android_res,res/x89.webp
res/x8t.png,2301,2301,.png,android_res,res/x8t.png
res/x9J.xml,468,231,.xml,android_res,res/x9J.xml
res/x9N.png,17707,17707,.png,android_res,res/x9N.png
res/x9u.png,2273,2273,.png,android_res,res/x9u.png
res/xAh.xml,1380,600,.xml,android_res,res/xAh.xml
res/xAy.xml,556,293,.xml,android_res,res/xAy.xml
res/xB2.png,7736,7736,.png,android_res,res/xB2.png
res/xB8.xml,880,423,.xml,android_res,res/xB8.xml
res/xBP.xml,1128,566,.xml,android_res,res/xBP.xml
res/xBW.xml,448,219,.xml,android_res,res/xBW.xml
res/xBa.png,7585,7585,.png,android_res,res/xBa.png
res/xCJ.xml,9760,2415,.xml,android_res,res/xCJ.xml
res/xCf.xml,724,317,.xml,android_res,res/xCf.xml
res/xDB.png,603,603,.png,android_res,res/xDB.png
res/xDF.xml,484,224,.xml,android_res,res/xDF.xml
res/xDJ.png,67193,67193,.png,android_res,res/xDJ.png
res/xDL.png,1456,1456,.png,android_res,res/xDL.png
res/xDO.png,426,426,.png,android_res,res/xDO.png
res/xEI.xml,8000,1979,.xml,android_res,res/xEI.xml
res/xFA.png,24348,24348,.png,android_res,res/xFA.png
res/xFL.png,19830,19830,.png,android_res,res/xFL.png
res/xGH.webp,4386,4386,.webp,android_res,res/xGH.webp
res/xGd.png,4231,4231,.png,android_res,res/xGd.png
res/xGg.png,8319,8319,.png,android_res,res/xGg.png
res/xGi.png,354,354,.png,android_res,res/xGi.png
res/xGs.png,6536,6536,.png,android_res,res/xGs.png
res/xGx.png,1295,1295,.png,android_res,res/xGx.png
res/xHL.xml,2596,860,.xml,android_res,res/xHL.xml
res/xHh.xml,468,232,.xml,android_res,res/xHh.xml
res/xHu.png,3684,3684,.png,android_res,res/xHu.png
res/xIM.xml,3136,1124,.xml,android_res,res/xIM.xml
res/xIO.png,3018,3018,.png,android_res,res/xIO.png
res/xIV.xml,2160,822,.xml,android_res,res/xIV.xml
res/xIj.webp,3920,3920,.webp,android_res,res/xIj.webp
res/xJ8.png,92241,92241,.png,android_res,res/xJ8.png
res/xJ81.png,2162,2162,.png,android_res,res/xJ81.png
res/xJB.xml,984,337,.xml,android_res,res/xJB.xml
res/xJJ.xml,2532,929,.xml,android_res,res/xJJ.xml
res/xJL.webp,70800,70800,.webp,android_res,res/xJL.webp
res/xJL.xml,8448,2048,.xml,android_res,res/xJL.xml
res/xKK.png,9596,9596,.png,android_res,res/xKK.png
res/xKQ.png,16930,16930,.png,android_res,res/xKQ.png
res/xLk.png,7410,7410,.png,android_res,res/xLk.png
res/xLm.xml,488,231,.xml,android_res,res/xLm.xml
res/xM9.png,3785,3785,.png,android_res,res/xM9.png
res/xMt.webp,3994,3994,.webp,android_res,res/xMt.webp
res/xNM.xml,1592,626,.xml,android_res,res/xNM.xml
res/xNN.png,1119,1119,.png,android_res,res/xNN.png
res/xNW.xml,2372,1078,.xml,android_res,res/xNW.xml
res/xNZ.webp,4728,4728,.webp,android_res,res/xNZ.webp
res/xNm.xml,464,232,.xml,android_res,res/xNm.xml
res/xO0.png,3193,3193,.png,android_res,res/xO0.png
res/xOP.png,1007,1007,.png,android_res,res/xOP.png
res/xOu.webp,6720,6720,.webp,android_res,res/xOu.webp
res/xPT.webp,17266,17266,.webp,android_res,res/xPT.webp
res/xPr.xml,2348,889,.xml,android_res,res/xPr.xml
res/xQ7.xml,1892,817,.xml,android_res,res/xQ7.xml
res/xRI.png,304,304,.png,android_res,res/xRI.png
res/xS2.png,701,701,.png,android_res,res/xS2.png
res/xSH.png,23844,23844,.png,android_res,res/xSH.png
res/xT2.png,1255,1255,.png,android_res,res/xT2.png
res/xTQ.xml,2116,824,.xml,android_res,res/xTQ.xml
res/xTq.png,7107,7107,.png,android_res,res/xTq.png
res/xTq1.png,1303,1303,.png,android_res,res/xTq1.png
res/xTs.png,426,426,.png,android_res,res/xTs.png
res/xTt.png,694,694,.png,android_res,res/xTt.png
res/xU2.xml,1424,554,.xml,android_res,res/xU2.xml
res/xUL.xml,576,271,.xml,android_res,res/xUL.xml
res/xVT.png,880,880,.png,android_res,res/xVT.png
res/xVw.webp,548,548,.webp,android_res,res/xVw.webp
res/xWo.png,8452,8452,.png,android_res,res/xWo.png
res/xWs.webp,3688,3688,.webp,android_res,res/xWs.webp
res/xYJ.png,782,782,.png,android_res,res/xYJ.png
res/xYU.png,4535,4535,.png,android_res,res/xYU.png
res/xYc.webp,148052,148052,.webp,android_res,res/xYc.webp
res/xYn.xml,484,221,.xml,android_res,res/xYn.xml
res/xZ9.xml,704,308,.xml,android_res,res/xZ9.xml
res/xZz.xml,5512,1272,.xml,android_res,res/xZz.xml
res/x_4.png,1678,1678,.png,android_res,res/x_4.png
res/x_T.xml,6116,1649,.xml,android_res,res/x_T.xml
res/xbH.webp,4638,4638,.webp,android_res,res/xbH.webp
res/xbf.png,1438,1438,.png,android_res,res/xbf.png
res/xc3.png,1576,1576,.png,android_res,res/xc3.png
res/xcT.xml,1156,543,.xml,android_res,res/xcT.xml
res/xcf.png,154,154,.png,android_res,res/xcf.png
res/xd7.png,258,258,.png,android_res,res/xd7.png
res/xdT.png,77573,77573,.png,android_res,res/xdT.png
res/xda.png,325,325,.png,android_res,res/xda.png
res/xdi.png,6471,6471,.png,android_res,res/xdi.png
res/xdl.xml,1048,505,.xml,android_res,res/xdl.xml
res/xdy.webp,18324,18324,.webp,android_res,res/xdy.webp
res/xeC.webp,10938,10938,.webp,android_res,res/xeC.webp
res/xem.png,3393,3393,.png,android_res,res/xem.png
res/xer.xml,3736,1328,.xml,android_res,res/xer.xml
res/xfE.webp,9146,9146,.webp,android_res,res/xfE.webp
res/xfY.png,387,387,.png,android_res,res/xfY.png
res/xfo.webp,1042,1042,.webp,android_res,res/xfo.webp
res/xgM.png,729,729,.png,android_res,res/xgM.png
res/xgl.webp,46724,46724,.webp,android_res,res/xgl.webp
res/xhA.webp,11468,11468,.webp,android_res,res/xhA.webp
res/xi4.xml,616,298,.xml,android_res,res/xi4.xml
res/xi8.webp,80728,80728,.webp,android_res,res/xi8.webp
res/xi9.png,13521,13521,.png,android_res,res/xi9.png
res/xiD.xml,7512,2114,.xml,android_res,res/xiD.xml
res/xiX.png,17671,17671,.png,android_res,res/xiX.png
res/xiu.xml,3988,1250,.xml,android_res,res/xiu.xml
res/xjO.xml,544,285,.xml,android_res,res/xjO.xml
res/xjZ.png,7329,7329,.png,android_res,res/xjZ.png
res/xjx.png,1964,1964,.png,android_res,res/xjx.png
res/xkz.png,1835,1835,.png,android_res,res/xkz.png
res/xlX.xml,1120,412,.xml,android_res,res/xlX.xml
res/xls.xml,1356,629,.xml,android_res,res/xls.xml
res/xls1.xml,2884,1022,.xml,android_res,res/xls1.xml
res/xm7.xml,836,381,.xml,android_res,res/xm7.xml
res/xmH.webp,482,482,.webp,android_res,res/xmH.webp
res/xmS.xml,2280,891,.xml,android_res,res/xmS.xml
res/xmX.webp,1350,1350,.webp,android_res,res/xmX.webp
res/xmn.xml,704,309,.xml,android_res,res/xmn.xml
res/xmo.xml,2984,1045,.xml,android_res,res/xmo.xml
res/xnB.xml,1068,500,.xml,android_res,res/xnB.xml
res/xnW.webp,1012,1012,.webp,android_res,res/xnW.webp
res/xnr.png,2556,2556,.png,android_res,res/xnr.png
res/xny.xml,3188,1013,.xml,android_res,res/xny.xml
res/xoQ.webp,16256,16256,.webp,android_res,res/xoQ.webp
res/xoh.xml,5896,1856,.xml,android_res,res/xoh.xml
res/xp2.png,1126,1126,.png,android_res,res/xp2.png
res/xp3.xml,468,230,.xml,android_res,res/xp3.xml
res/xpU.png,10279,10279,.png,android_res,res/xpU.png
res/xpW.png,10717,10717,.png,android_res,res/xpW.png
res/xpX.png,10609,10609,.png,android_res,res/xpX.png
res/xpg.png,10814,10814,.png,android_res,res/xpg.png
res/xpi.png,10295,10295,.png,android_res,res/xpi.png
res/xpj.png,10429,10429,.png,android_res,res/xpj.png
res/xpr.png,451,451,.png,android_res,res/xpr.png
res/xpu.png,10675,10675,.png,android_res,res/xpu.png
res/xpv.png,10388,10388,.png,android_res,res/xpv.png
res/xpy.webp,10992,10992,.webp,android_res,res/xpy.webp
res/xqN.png,3203,3203,.png,android_res,res/xqN.png
res/xqh.webp,576,576,.webp,android_res,res/xqh.webp
res/xr-.png,52303,52303,.png,android_res,res/xr-.png
res/xr5.webp,10010,10010,.webp,android_res,res/xr5.webp
res/xrP.xml,4404,1295,.xml,android_res,res/xrP.xml
res/xrR.png,2288,2288,.png,android_res,res/xrR.png
res/xrV.png,2134,2134,.png,android_res,res/xrV.png
res/xrj.png,75444,75444,.png,android_res,res/xrj.png
res/xs6.png,18322,18322,.png,android_res,res/xs6.png
res/xsg.png,1868,1868,.png,android_res,res/xsg.png
res/xso.xml,1128,389,.xml,android_res,res/xso.xml
res/xuH.webp,1806,1806,.webp,android_res,res/xuH.webp
res/xue.xml,2836,974,.xml,android_res,res/xue.xml
res/xwO.png,1264,1264,.png,android_res,res/xwO.png
res/xwX.webp,7816,7816,.webp,android_res,res/xwX.webp
res/xwX.xml,1536,721,.xml,android_res,res/xwX.xml
res/xwj.xml,2696,965,.xml,android_res,res/xwj.xml
res/xxE.webp,196692,196692,.webp,android_res,res/xxE.webp
res/xxi.png,1209,1209,.png,android_res,res/xxi.png
res/xxt.png,22041,22041,.png,android_res,res/xxt.png
res/xxy.xml,576,270,.xml,android_res,res/xxy.xml
res/xyD.png,1389,1389,.png,android_res,res/xyD.png
res/xyU.xml,1980,821,.xml,android_res,res/xyU.xml
res/xyg.png,2401,2401,.png,android_res,res/xyg.png
res/xyp.xml,1888,510,.xml,android_res,res/xyp.xml
res/xyv.xml,3772,1248,.xml,android_res,res/xyv.xml
res/xz-.xml,704,310,.xml,android_res,res/xz-.xml
res/xz4.xml,1276,570,.xml,android_res,res/xz4.xml
res/xzG.png,7320,7320,.png,android_res,res/xzG.png
res/xzH.png,276,276,.png,android_res,res/xzH.png
res/xzQ.xml,484,226,.xml,android_res,res/xzQ.xml
res/y-4.xml,2752,1010,.xml,android_res,res/y-4.xml
res/y-J.xml,6236,2013,.xml,android_res,res/y-J.xml
res/y-l.xml,1008,454,.xml,android_res,res/y-l.xml
res/y-s.xml,1656,607,.xml,android_res,res/y-s.xml
res/y-t.png,2020,2020,.png,android_res,res/y-t.png
res/y08.png,466,466,.png,android_res,res/y08.png
res/y09.xml,484,223,.xml,android_res,res/y09.xml
res/y0Q.webp,8108,8108,.webp,android_res,res/y0Q.webp
res/y0X.xml,2336,817,.xml,android_res,res/y0X.xml
res/y0t.png,396,396,.png,android_res,res/y0t.png
res/y1F.png,606,606,.png,android_res,res/y1F.png
res/y1G.xml,3352,1120,.xml,android_res,res/y1G.xml
res/y2D.webp,386,386,.webp,android_res,res/y2D.webp
res/y2T.webp,118922,118922,.webp,android_res,res/y2T.webp
res/y3A.xml,3796,1161,.xml,android_res,res/y3A.xml
res/y3T.webp,98424,98424,.webp,android_res,res/y3T.webp
res/y3Z.webp,584,584,.webp,android_res,res/y3Z.webp
res/y3_.webp,1130,1130,.webp,android_res,res/y3_.webp
res/y3l.xml,484,219,.xml,android_res,res/y3l.xml
res/y4A.xml,4220,1356,.xml,android_res,res/y4A.xml
res/y50.png,548759,548759,.png,android_res,res/y50.png
res/y5T.xml,940,321,.xml,android_res,res/y5T.xml
res/y5q.png,4507,4507,.png,android_res,res/y5q.png
res/y6E.xml,1320,571,.xml,android_res,res/y6E.xml
res/y6z.png,3271,3271,.png,android_res,res/y6z.png
res/y86.xml,3224,1162,.xml,android_res,res/y86.xml
res/y8B.xml,5952,1750,.xml,android_res,res/y8B.xml
res/y8L.xml,1052,371,.xml,android_res,res/y8L.xml
res/y8R.xml,1020,486,.xml,android_res,res/y8R.xml
res/y8S.xml,2596,1044,.xml,android_res,res/y8S.xml
res/y8n.xml,1180,486,.xml,android_res,res/y8n.xml
res/y91.xml,640,337,.xml,android_res,res/y91.xml
res/y92.xml,2632,1019,.xml,android_res,res/y92.xml
res/y9D.png,4223,4223,.png,android_res,res/y9D.png
res/yAK.webp,216,216,.webp,android_res,res/yAK.webp
res/yBb.xml,1416,609,.xml,android_res,res/yBb.xml
res/yBe.png,2859,2859,.png,android_res,res/yBe.png
res/yBh.xml,5644,1628,.xml,android_res,res/yBh.xml
res/yBp.webp,244,244,.webp,android_res,res/yBp.webp
res/yCI.xml,604,278,.xml,android_res,res/yCI.xml
res/yCM.webp,290,290,.webp,android_res,res/yCM.webp
res/yCN.xml,1704,598,.xml,android_res,res/yCN.xml
res/yCO.png,3336,3336,.png,android_res,res/yCO.png
res/yCs.png,222,222,.png,android_res,res/yCs.png
res/yD-.xml,3124,1150,.xml,android_res,res/yD-.xml
res/yDQ.xml,1076,401,.xml,android_res,res/yDQ.xml
res/yDr.webp,334,334,.webp,android_res,res/yDr.webp
res/yEs.png,1528,1528,.png,android_res,res/yEs.png
res/yF7.png,27526,27526,.png,android_res,res/yF7.png
res/yFG.xml,1256,550,.xml,android_res,res/yFG.xml
res/yFP.png,682,682,.png,android_res,res/yFP.png
res/yFs.png,16334,16334,.png,android_res,res/yFs.png
res/yFv.xml,12224,2784,.xml,android_res,res/yFv.xml
res/yGM.png,5892,5892,.png,android_res,res/yGM.png
res/yGo.png,745,745,.png,android_res,res/yGo.png
res/yHr.png,519,519,.png,android_res,res/yHr.png
res/yIS.webp,358,358,.webp,android_res,res/yIS.webp
res/yKQ.png,12916,12916,.png,android_res,res/yKQ.png
res/yLV.webp,9142,9142,.webp,android_res,res/yLV.webp
res/yL_.xml,468,232,.xml,android_res,res/yL_.xml
res/yLx.xml,3776,1417,.xml,android_res,res/yLx.xml
res/yMe.webp,360,360,.webp,android_res,res/yMe.webp
res/yMv.xml,3008,1078,.xml,android_res,res/yMv.xml
res/yN1.png,11086,11086,.png,android_res,res/yN1.png
res/yN1.webp,396,396,.webp,android_res,res/yN1.webp
res/yN3.xml,14172,3013,.xml,android_res,res/yN3.xml
res/yNX.png,974,974,.png,android_res,res/yNX.png
res/yO0.xml,1740,694,.xml,android_res,res/yO0.xml
res/yO1.9.png,221,221,.png,android_res,res/yO1.9.png
res/yOQ.webp,412,412,.webp,android_res,res/yOQ.webp
res/yOS.xml,1884,770,.xml,android_res,res/yOS.xml
res/yOX.png,190179,190179,.png,android_res,res/yOX.png
res/yP3.webp,392,392,.webp,android_res,res/yP3.webp
res/yP5.xml,1716,551,.xml,android_res,res/yP5.xml
res/yPG.png,67,67,.png,android_res,res/yPG.png
res/yQF.webp,256982,256982,.webp,android_res,res/yQF.webp
res/yQo.png,732,732,.png,android_res,res/yQo.png
res/yQy.png,6635,6635,.png,android_res,res/yQy.png
res/yR4.xml,4364,1292,.xml,android_res,res/yR4.xml
res/yRJ.xml,3840,1359,.xml,android_res,res/yRJ.xml
res/yRg.png,1143,1143,.png,android_res,res/yRg.png
res/ySS.xml,484,225,.xml,android_res,res/ySS.xml
res/ySe.png,250,250,.png,android_res,res/ySe.png
res/yT7.png,1097,1097,.png,android_res,res/yT7.png
res/yTC.xml,1008,495,.xml,android_res,res/yTC.xml
res/yTs.png,42829,42829,.png,android_res,res/yTs.png
res/yU9.xml,1940,808,.xml,android_res,res/yU9.xml
res/yUO.xml,3372,1302,.xml,android_res,res/yUO.xml
res/yUT.png,559,559,.png,android_res,res/yUT.png
res/yV1.png,11290,11290,.png,android_res,res/yV1.png
res/yVU.png,17380,17380,.png,android_res,res/yVU.png
res/yW6.png,142287,142287,.png,android_res,res/yW6.png
res/yW_.png,733,733,.png,android_res,res/yW_.png
res/yWc.png,423,423,.png,android_res,res/yWc.png
res/yWw.png,4712,4712,.png,android_res,res/yWw.png
res/yXB.png,15171,15171,.png,android_res,res/yXB.png
res/yXq.xml,1248,596,.xml,android_res,res/yXq.xml
res/yYL.xml,2096,739,.xml,android_res,res/yYL.xml
res/yZE.xml,6752,1859,.xml,android_res,res/yZE.xml
res/yZa.png,67,67,.png,android_res,res/yZa.png
res/yZy.xml,2024,821,.xml,android_res,res/yZy.xml
res/y_J.xml,468,233,.xml,android_res,res/y_J.xml
res/yaH.xml,752,385,.xml,android_res,res/yaH.xml
res/yaO.png,2563,2563,.png,android_res,res/yaO.png
res/yaV.xml,3840,630,.xml,android_res,res/yaV.xml
res/yaY.xml,3216,1044,.xml,android_res,res/yaY.xml
res/yb1.xml,932,460,.xml,android_res,res/yb1.xml
res/yb5.png,5092,5092,.png,android_res,res/yb5.png
res/ybH.xml,2636,993,.xml,android_res,res/ybH.xml
res/ybX.xml,11808,2346,.xml,android_res,res/ybX.xml
res/ycC.png,14029,14029,.png,android_res,res/ycC.png
res/ycZ.png,2122,2122,.png,android_res,res/ycZ.png
res/ydE.xml,2008,851,.xml,android_res,res/ydE.xml
res/ydF.png,8405,8405,.png,android_res,res/ydF.png
res/ydf.webp,10832,10832,.webp,android_res,res/ydf.webp
res/ydl.png,71155,71155,.png,android_res,res/ydl.png
res/ye9.png,297,297,.png,android_res,res/ye9.png
res/yeq.png,3493,3493,.png,android_res,res/yeq.png
res/yf5.xml,556,294,.xml,android_res,res/yf5.xml
res/yfV.png,300,300,.png,android_res,res/yfV.png
res/yfX.png,3760,3760,.png,android_res,res/yfX.png
res/yfZ.xml,2256,854,.xml,android_res,res/yfZ.xml
res/yfd.xml,1416,646,.xml,android_res,res/yfd.xml
res/yfk.png,93534,93534,.png,android_res,res/yfk.png
res/ygq.webp,13026,13026,.webp,android_res,res/ygq.webp
res/ygs.png,6861,6861,.png,android_res,res/ygs.png
res/yhM.png,16343,16343,.png,android_res,res/yhM.png
res/yhg.png,65262,65262,.png,android_res,res/yhg.png
res/yhq.webp,24412,24412,.webp,android_res,res/yhq.webp
res/yhr.png,67,67,.png,android_res,res/yhr.png
res/yiT.xml,1000,343,.xml,android_res,res/yiT.xml
res/yiv.xml,576,267,.xml,android_res,res/yiv.xml
res/yjB.png,1537,1537,.png,android_res,res/yjB.png
res/yjs.xml,596,282,.xml,android_res,res/yjs.xml
res/yju.png,26794,26794,.png,android_res,res/yju.png
res/yk3.png,3590,3590,.png,android_res,res/yk3.png
res/ylw.png,2577,2577,.png,android_res,res/ylw.png
res/ymI.webp,372,372,.webp,android_res,res/ymI.webp
res/ym_.xml,844,387,.xml,android_res,res/ym_.xml
res/ymi.webp,18104,18104,.webp,android_res,res/ymi.webp
res/ymn.png,7823,7823,.png,android_res,res/ymn.png
res/ymy.xml,4988,1419,.xml,android_res,res/ymy.xml
res/ynH.webp,516,516,.webp,android_res,res/ynH.webp
res/ynR.png,378,378,.png,android_res,res/ynR.png
res/ynq.webp,186,186,.webp,android_res,res/ynq.webp
res/yoH.png,5040,5040,.png,android_res,res/yoH.png
res/yol.png,3030,3030,.png,android_res,res/yol.png
res/yoo.png,15785,15785,.png,android_res,res/yoo.png
res/yot.png,4564,4564,.png,android_res,res/yot.png
res/ypO.png,259,259,.png,android_res,res/ypO.png
res/yq6.png,2457,2457,.png,android_res,res/yq6.png
res/yqg.webp,21998,21998,.webp,android_res,res/yqg.webp
res/yqw.png,270,270,.png,android_res,res/yqw.png
res/yqy.xml,1224,300,.xml,android_res,res/yqy.xml
res/yrO.xml,13512,3214,.xml,android_res,res/yrO.xml
res/ys-.png,521,521,.png,android_res,res/ys-.png
res/ysE.xml,484,238,.xml,android_res,res/ysE.xml
res/ysk.png,9467,9467,.png,android_res,res/ysk.png
res/ysk.xml,5600,1596,.xml,android_res,res/ysk.xml
res/ytG.png,15670,15670,.png,android_res,res/ytG.png
res/yuj.9.png,1959,1959,.png,android_res,res/yuj.9.png
res/yv-.png,1137,1137,.png,android_res,res/yv-.png
res/yvE.xml,448,218,.xml,android_res,res/yvE.xml
res/yvV.xml,376,223,.xml,android_res,res/yvV.xml
res/yvc.png,2985,2985,.png,android_res,res/yvc.png
res/ywL.webp,454,454,.webp,android_res,res/ywL.webp
res/ywM.xml,628,282,.xml,android_res,res/ywM.xml
res/ywN.png,16524,16524,.png,android_res,res/ywN.png
res/yxQ.webp,26668,26668,.webp,android_res,res/yxQ.webp
res/yxc.xml,1140,459,.xml,android_res,res/yxc.xml
res/yxg.webp,228,228,.webp,android_res,res/yxg.webp
res/yyB.xml,972,452,.xml,android_res,res/yyB.xml
res/yyh.xml,7836,1770,.xml,android_res,res/yyh.xml
res/yyo.xml,2264,831,.xml,android_res,res/yyo.xml
res/yyu.png,342,342,.png,android_res,res/yyu.png
res/yzB.png,3643,3643,.png,android_res,res/yzB.png
res/z0A.png,10675,10675,.png,android_res,res/z0A.png
res/z0K.png,2015,2015,.png,android_res,res/z0K.png
res/z1N.xml,424,199,.xml,android_res,res/z1N.xml
res/z1i.webp,6786,6786,.webp,android_res,res/z1i.webp
res/z1n.webp,3424,3424,.webp,android_res,res/z1n.webp
res/z23.png,1614,1614,.png,android_res,res/z23.png
res/z2F.webp,2030,2030,.webp,android_res,res/z2F.webp
res/z2x.png,617,617,.png,android_res,res/z2x.png
res/z31.xml,816,349,.xml,android_res,res/z31.xml
res/z3T.xml,396,228,.xml,android_res,res/z3T.xml
res/z3s.png,6843,6843,.png,android_res,res/z3s.png
res/z4C.png,222,222,.png,android_res,res/z4C.png
res/z4L.webp,5980,5980,.webp,android_res,res/z4L.webp
res/z4M.webp,14842,14842,.webp,android_res,res/z4M.webp
res/z5C.png,1478,1478,.png,android_res,res/z5C.png
res/z5R.webp,19140,19140,.webp,android_res,res/z5R.webp
res/z5p.png,423,423,.png,android_res,res/z5p.png
res/z6d.xml,7980,1801,.xml,android_res,res/z6d.xml
res/z7I.png,493,493,.png,android_res,res/z7I.png
res/z92.xml,704,306,.xml,android_res,res/z92.xml
res/z94.xml,3156,1028,.xml,android_res,res/z94.xml
res/z99.png,1102,1102,.png,android_res,res/z99.png
res/z9q.png,52398,52398,.png,android_res,res/z9q.png
res/zA7.webp,1664,1664,.webp,android_res,res/zA7.webp
res/zAj.xml,2260,871,.xml,android_res,res/zAj.xml
res/zAp.xml,4164,1285,.xml,android_res,res/zAp.xml
res/zBC.xml,612,312,.xml,android_res,res/zBC.xml
res/zBJ.png,2156,2156,.png,android_res,res/zBJ.png
res/zBJ1.png,951,951,.png,android_res,res/zBJ1.png
res/zBV.png,446,446,.png,android_res,res/zBV.png
res/zDJ.png,38749,38749,.png,android_res,res/zDJ.png
res/zDU.png,421,421,.png,android_res,res/zDU.png
res/zE1.png,7254,7254,.png,android_res,res/zE1.png
res/zES.png,196,196,.png,android_res,res/zES.png
res/zET.9.png,11765,11765,.png,android_res,res/zET.9.png
res/zEV.webp,3542,3542,.webp,android_res,res/zEV.webp
res/zEe.xml,3776,1286,.xml,android_res,res/zEe.xml
res/zF-.png,385,385,.png,android_res,res/zF-.png
res/zFG.png,1269,1269,.png,android_res,res/zFG.png
res/zG4.webp,666,666,.webp,android_res,res/zG4.webp
res/zGA.xml,956,381,.xml,android_res,res/zGA.xml
res/zGX.xml,3700,1208,.xml,android_res,res/zGX.xml
res/zH-.png,28316,28316,.png,android_res,res/zH-.png
res/zH3.png,849,849,.png,android_res,res/zH3.png
res/zH3.webp,16206,16206,.webp,android_res,res/zH3.webp
res/zH6.png,22196,22196,.png,android_res,res/zH6.png
res/zHG.png,18593,18593,.png,android_res,res/zHG.png
res/zHI.webp,0,0,.webp,android_res,res/zHI.webp
res/zHc.xml,1116,525,.xml,android_res,res/zHc.xml
res/zIM.png,23336,23336,.png,android_res,res/zIM.png
res/zIo.png,17224,17224,.png,android_res,res/zIo.png
res/zJX.xml,17124,4146,.xml,android_res,res/zJX.xml
res/zJa.webp,0,0,.webp,android_res,res/zJa.webp
res/zJe.png,6146,6146,.png,android_res,res/zJe.png
res/zJt.xml,3804,1237,.xml,android_res,res/zJt.xml
res/zKA.png,332,332,.png,android_res,res/zKA.png
res/zKZ.png,1938,1938,.png,android_res,res/zKZ.png
res/zKi.png,11823,11823,.png,android_res,res/zKi.png
res/zLx.webp,12726,12726,.webp,android_res,res/zLx.webp
res/zNP.xml,1348,640,.xml,android_res,res/zNP.xml
res/zNk.png,16314,16314,.png,android_res,res/zNk.png
res/zNl.xml,464,228,.xml,android_res,res/zNl.xml
res/zNx.xml,6756,1850,.xml,android_res,res/zNx.xml
res/zOM.png,433,433,.png,android_res,res/zOM.png
res/zOP.xml,2520,942,.xml,android_res,res/zOP.xml
res/zOb.xml,412,210,.xml,android_res,res/zOb.xml
res/zPC.xml,5804,1617,.xml,android_res,res/zPC.xml
res/zQ4.png,10978,10978,.png,android_res,res/zQ4.png
res/zQ5.png,464,464,.png,android_res,res/zQ5.png
res/zQ6.webp,290,290,.webp,android_res,res/zQ6.webp
res/zQO.png,4346,4346,.png,android_res,res/zQO.png
res/zQg.xml,4192,1418,.xml,android_res,res/zQg.xml
res/zQm.png,1023,1023,.png,android_res,res/zQm.png
res/zQt.xml,3596,1139,.xml,android_res,res/zQt.xml
res/zRV.xml,676,263,.xml,android_res,res/zRV.xml
res/zSK.xml,16416,3358,.xml,android_res,res/zSK.xml
res/zT_.png,15549,15549,.png,android_res,res/zT_.png
res/zTb.webp,7758,7758,.webp,android_res,res/zTb.webp
res/zUB.webp,18872,18872,.webp,android_res,res/zUB.webp
res/zVI.xml,576,268,.xml,android_res,res/zVI.xml
res/zVk.webp,31920,31920,.webp,android_res,res/zVk.webp
res/zWL.png,9201,9201,.png,android_res,res/zWL.png
res/zWY.png,39704,39704,.png,android_res,res/zWY.png
res/zX4.xml,776,278,.xml,android_res,res/zX4.xml
res/zXP.webp,348,348,.webp,android_res,res/zXP.webp
res/zXh.xml,4684,1474,.xml,android_res,res/zXh.xml
res/zXq.png,2252,2252,.png,android_res,res/zXq.png
res/zYb.xml,752,382,.xml,android_res,res/zYb.xml
res/zZ2.webp,0,0,.webp,android_res,res/zZ2.webp
res/zZO.png,6876,6876,.png,android_res,res/zZO.png
res/zZc.png,699,699,.png,android_res,res/zZc.png
res/z_P.webp,11388,11388,.webp,android_res,res/z_P.webp
res/z_b.png,2805,2805,.png,android_res,res/z_b.png
res/za6.png,7605,7605,.png,android_res,res/za6.png
res/zaj.png,4013,4013,.png,android_res,res/zaj.png
res/zba.xml,13188,2706,.xml,android_res,res/zba.xml
res/zdc.xml,1024,493,.xml,android_res,res/zdc.xml
res/zde.xml,3076,1216,.xml,android_res,res/zde.xml
res/zdt.xml,2516,960,.xml,android_res,res/zdt.xml
res/zdv.png,298,298,.png,android_res,res/zdv.png
res/ze7.xml,468,231,.xml,android_res,res/ze7.xml
res/zeA.9.png,31624,31624,.png,android_res,res/zeA.9.png
res/zeo.xml,576,263,.xml,android_res,res/zeo.xml
res/zfF.png,336,336,.png,android_res,res/zfF.png
res/zfI.webp,1016,1016,.webp,android_res,res/zfI.webp
res/zfT.xml,4284,1399,.xml,android_res,res/zfT.xml
res/zgV.png,3846,3846,.png,android_res,res/zgV.png
res/zgm.png,17836,17836,.png,android_res,res/zgm.png
res/zh7.xml,484,221,.xml,android_res,res/zh7.xml
res/zhP.webp,12114,12114,.webp,android_res,res/zhP.webp
res/zhq.webp,200,200,.webp,android_res,res/zhq.webp
res/zi-.xml,4764,1598,.xml,android_res,res/zi-.xml
res/zi8.xml,9616,2374,.xml,android_res,res/zi8.xml
res/ziK.xml,2996,1014,.xml,android_res,res/ziK.xml
res/ziZ.png,1637,1637,.png,android_res,res/ziZ.png
res/zim.png,15337,15337,.png,android_res,res/zim.png
res/zjE.png,17291,17291,.png,android_res,res/zjE.png
res/zjF.xml,15396,3307,.xml,android_res,res/zjF.xml
res/zjb.webp,11772,11772,.webp,android_res,res/zjb.webp
res/zjq.png,3874,3874,.png,android_res,res/zjq.png
res/zkN.webp,166,166,.webp,android_res,res/zkN.webp
res/zkg.xml,848,319,.xml,android_res,res/zkg.xml
res/zl1.webp,12084,12084,.webp,android_res,res/zl1.webp
res/zln.xml,2852,1062,.xml,android_res,res/zln.xml
res/zlt.xml,5016,1574,.xml,android_res,res/zlt.xml
res/zmB.png,12908,12908,.png,android_res,res/zmB.png
res/zmS.webp,19024,19024,.webp,android_res,res/zmS.webp
res/zmj.xml,468,230,.xml,android_res,res/zmj.xml
res/zn6.png,752,752,.png,android_res,res/zn6.png
res/znK.xml,464,232,.xml,android_res,res/znK.xml
res/znf.png,2824,2824,.png,android_res,res/znf.png
res/zoJ.png,591,591,.png,android_res,res/zoJ.png
res/zoL.webp,16012,16012,.webp,android_res,res/zoL.webp
res/zoa.xml,2096,819,.xml,android_res,res/zoa.xml
res/zog.xml,704,310,.xml,android_res,res/zog.xml
res/zp9.png,7061,7061,.png,android_res,res/zp9.png
res/zpC.webp,316,316,.webp,android_res,res/zpC.webp
res/zpD.xml,4376,1287,.xml,android_res,res/zpD.xml
res/zpV.xml,5664,1444,.xml,android_res,res/zpV.xml
res/zpa.png,1353,1353,.png,android_res,res/zpa.png
res/zq1.png,2603,2603,.png,android_res,res/zq1.png
res/zqD.webp,318,318,.webp,android_res,res/zqD.webp
res/zqc.xml,840,424,.xml,android_res,res/zqc.xml
res/zqu.webp,33460,33460,.webp,android_res,res/zqu.webp
res/zr6.png,1686,1686,.png,android_res,res/zr6.png
res/zrE.webp,234,234,.webp,android_res,res/zrE.webp
res/zrM.xml,484,225,.xml,android_res,res/zrM.xml
res/zra.png,2159,2159,.png,android_res,res/zra.png
res/zrc.xml,4000,1326,.xml,android_res,res/zrc.xml
res/zrd.png,4970,4970,.png,android_res,res/zrd.png
res/zsF.webp,334,334,.webp,android_res,res/zsF.webp
res/zsJ.webp,2028,2028,.webp,android_res,res/zsJ.webp
res/zsn.xml,10628,2679,.xml,android_res,res/zsn.xml
res/zsr.png,947,947,.png,android_res,res/zsr.png
res/ztC.webp,22162,22162,.webp,android_res,res/ztC.webp
res/ztG.webp,308,308,.webp,android_res,res/ztG.webp
res/ztQ.webp,488,488,.webp,android_res,res/ztQ.webp
res/ztY.png,4469,4469,.png,android_res,res/ztY.png
res/zta.xml,3424,1152,.xml,android_res,res/zta.xml
res/zty.xml,448,218,.xml,android_res,res/zty.xml
res/zuH.webp,210,210,.webp,android_res,res/zuH.webp
res/zuV.png,38166,38166,.png,android_res,res/zuV.png
res/zux.png,1541,1541,.png,android_res,res/zux.png
res/zv_.png,747,747,.png,android_res,res/zv_.png
res/zv_1.png,2638,2638,.png,android_res,res/zv_1.png
res/zve.png,1601,1601,.png,android_res,res/zve.png
res/zvj.xml,900,402,.xml,android_res,res/zvj.xml
res/zvl.png,870,870,.png,android_res,res/zvl.png
res/zwC.png,18795,18795,.png,android_res,res/zwC.png
res/zwv.xml,3312,1003,.xml,android_res,res/zwv.xml
res/zx3.png,1555,1555,.png,android_res,res/zx3.png
res/zxD.webp,410,410,.webp,android_res,res/zxD.webp
res/zxw.xml,7416,1724,.xml,android_res,res/zxw.xml
res/zyt.png,38795,38795,.png,android_res,res/zyt.png
res/zz5.xml,604,318,.xml,android_res,res/zz5.xml
res/zzN.xml,484,221,.xml,android_res,res/zzN.xml
resources.arsc,2859184,2859184,.arsc,android,resources.arsc
META-INF/LOMO.SF,1286994,542152,.sf,android,META-INF/LOMO.SF
META-INF/LOMO.RSA,1106,1033,.rsa,android,META-INF/LOMO.RSA
META-INF/MANIFEST.MF,1286870,527336,.mf,android,META-INF/MANIFEST.MF
