path,size_bytes,ext,group,classification,strategy
AndroidManifest.xml,199296,.xml,undefined,third-party,"不移植：由微信平台能力替代"
DebugProbesKt.bin,1719,.bin,undefined,third-party,"不移植：由微信平台能力替代"
META-INF/BytedCertSdk_release.kotlin_module,100,.kotlin_module,undefined,third-party,"不移植：由微信平台能力替代"
META-INF/CenteredTitleBar_release.kotlin_module,16,.kotlin_module,undefined,third-party,"不移植：由微信平台能力替代"
META-INF/CountingTextView_release.kotlin_module,16,.kotlin_module,undefined,third-party,"不移植：由微信平台能力替代"
META-INF/ThreeTextView_release.kotlin_module,16,.kotlin_module,undefined,third-party,"不移植：由微信平台能力替代"
META-INF/activity-ktx_release.kotlin_module,89,.kotlin_module,undefined,third-party,"不移植：由微信平台能力替代"
META-INF/ad_grRelease.kotlin_module,136,.kotlin_module,undefined,third-party,"不移植：由微信平台能力替代"
META-INF/agent_grRelease.kotlin_module,93,.kotlin_module,undefined,third-party,"不移植：由微信平台能力替代"
META-INF/androidx.activity_activity.version,6,.version,undefined,third-party,"不移植：由微信平台能力替代"
META-INF/androidx.annotation_annotation-experimental.version,6,.version,undefined,third-party,"不移植：由微信平台能力替代"
META-INF/androidx.appcompat_appcompat-resources.version,6,.version,undefined,third-party,"不移植：由微信平台能力替代"
META-INF/androidx.appcompat_appcompat.version,6,.version,undefined,third-party,"不移植：由微信平台能力替代"
META-INF/androidx.arch.core_core-runtime.version,6,.version,undefined,third-party,"不移植：由微信平台能力替代"
META-INF/androidx.asynclayoutinflater_asynclayoutinflater.version,6,.version,undefined,third-party,"不移植：由微信平台能力替代"
META-INF/androidx.cardview_cardview.version,6,.version,undefined,third-party,"不移植：由微信平台能力替代"
META-INF/androidx.coordinatorlayout_coordinatorlayout.version,6,.version,undefined,third-party,"不移植：由微信平台能力替代"
META-INF/androidx.core_core-ktx.version,6,.version,undefined,third-party,"不移植：由微信平台能力替代"
META-INF/androidx.core_core.version,6,.version,undefined,third-party,"不移植：由微信平台能力替代"
META-INF/androidx.cursoradapter_cursoradapter.version,6,.version,undefined,third-party,"不移植：由微信平台能力替代"
META-INF/androidx.customview_customview.version,6,.version,undefined,third-party,"不移植：由微信平台能力替代"
META-INF/androidx.databinding_baseAdapters.version,5,.version,undefined,third-party,"不移植：由微信平台能力替代"
META-INF/androidx.databinding_library.version,5,.version,undefined,third-party,"不移植：由微信平台能力替代"
META-INF/androidx.databinding_viewbinding.version,5,.version,undefined,third-party,"不移植：由微信平台能力替代"
META-INF/androidx.documentfile_documentfile.version,6,.version,undefined,third-party,"不移植：由微信平台能力替代"
META-INF/androidx.drawerlayout_drawerlayout.version,6,.version,undefined,third-party,"不移植：由微信平台能力替代"
META-INF/androidx.dynamicanimation_dynamicanimation.version,6,.version,undefined,third-party,"不移植：由微信平台能力替代"
META-INF/androidx.exifinterface_exifinterface.version,6,.version,undefined,third-party,"不移植：由微信平台能力替代"
META-INF/androidx.fragment_fragment.version,6,.version,undefined,third-party,"不移植：由微信平台能力替代"
META-INF/androidx.gridlayout_gridlayout.version,6,.version,undefined,third-party,"不移植：由微信平台能力替代"
META-INF/androidx.interpolator_interpolator.version,6,.version,undefined,third-party,"不移植：由微信平台能力替代"
META-INF/androidx.legacy_legacy-support-core-ui.version,6,.version,undefined,third-party,"不移植：由微信平台能力替代"
META-INF/androidx.legacy_legacy-support-core-utils.version,6,.version,undefined,third-party,"不移植：由微信平台能力替代"
META-INF/androidx.legacy_legacy-support-v4.version,6,.version,undefined,third-party,"不移植：由微信平台能力替代"
META-INF/androidx.lifecycle_lifecycle-extensions.version,6,.version,undefined,third-party,"不移植：由微信平台能力替代"
META-INF/androidx.lifecycle_lifecycle-livedata-core.version,6,.version,undefined,third-party,"不移植：由微信平台能力替代"
META-INF/androidx.lifecycle_lifecycle-process.version,6,.version,undefined,third-party,"不移植：由微信平台能力替代"
META-INF/androidx.lifecycle_lifecycle-runtime.version,6,.version,undefined,third-party,"不移植：由微信平台能力替代"
META-INF/androidx.lifecycle_lifecycle-service.version,6,.version,undefined,third-party,"不移植：由微信平台能力替代"
META-INF/androidx.lifecycle_lifecycle-viewmodel-savedstate.version,6,.version,undefined,third-party,"不移植：由微信平台能力替代"
META-INF/androidx.lifecycle_lifecycle-viewmodel.version,6,.version,undefined,third-party,"不移植：由微信平台能力替代"
META-INF/androidx.loader_loader.version,6,.version,undefined,third-party,"不移植：由微信平台能力替代"
META-INF/androidx.localbroadcastmanager_localbroadcastmanager.version,6,.version,undefined,third-party,"不移植：由微信平台能力替代"
META-INF/androidx.media_media.version,6,.version,undefined,third-party,"不移植：由微信平台能力替代"
META-INF/androidx.paging_paging-runtime.version,6,.version,undefined,third-party,"不移植：由微信平台能力替代"
META-INF/androidx.palette_palette.version,6,.version,undefined,third-party,"不移植：由微信平台能力替代"
META-INF/androidx.print_print.version,6,.version,undefined,third-party,"不移植：由微信平台能力替代"
META-INF/androidx.recyclerview_recyclerview.version,6,.version,undefined,third-party,"不移植：由微信平台能力替代"
META-INF/androidx.savedstate_savedstate.version,6,.version,undefined,third-party,"不移植：由微信平台能力替代"
META-INF/androidx.slidingpanelayout_slidingpanelayout.version,6,.version,undefined,third-party,"不移植：由微信平台能力替代"
META-INF/androidx.startup_startup-runtime.version,6,.version,undefined,third-party,"不移植：由微信平台能力替代"
META-INF/androidx.swiperefreshlayout_swiperefreshlayout.version,6,.version,undefined,third-party,"不移植：由微信平台能力替代"
META-INF/androidx.tracing_tracing.version,6,.version,undefined,third-party,"不移植：由微信平台能力替代"
META-INF/androidx.transition_transition.version,6,.version,undefined,third-party,"不移植：由微信平台能力替代"
META-INF/androidx.vectordrawable_vectordrawable-animated.version,6,.version,undefined,third-party,"不移植：由微信平台能力替代"
META-INF/androidx.vectordrawable_vectordrawable.version,6,.version,undefined,third-party,"不移植：由微信平台能力替代"
META-INF/androidx.versionedparcelable_versionedparcelable.version,6,.version,undefined,third-party,"不移植：由微信平台能力替代"
META-INF/androidx.viewpager2_viewpager2.version,6,.version,undefined,third-party,"不移植：由微信平台能力替代"
META-INF/androidx.viewpager_viewpager.version,6,.version,undefined,third-party,"不移植：由微信平台能力替代"
META-INF/animators_release.kotlin_module,24,.kotlin_module,undefined,third-party,"不移植：由微信平台能力替代"
META-INF/apeApplet_grRelease.kotlin_module,24,.kotlin_module,undefined,third-party,"不移植：由微信平台能力替代"
META-INF/apeHundred_grRelease.kotlin_module,175,.kotlin_module,undefined,third-party,"不移植：由微信平台能力替代"
META-INF/background_release.kotlin_module,16,.kotlin_module,undefined,third-party,"不移植：由微信平台能力替代"
META-INF/badge_release.kotlin_module,16,.kotlin_module,undefined,third-party,"不移植：由微信平台能力替代"
META-INF/blockRob_grRelease.kotlin_module,98,.kotlin_module,undefined,third-party,"不移植：由微信平台能力替代"
META-INF/blocksMall_grRelease.kotlin_module,77,.kotlin_module,undefined,third-party,"不移植：由微信平台能力替代"
META-INF/blocks_grRelease.kotlin_module,24,.kotlin_module,undefined,third-party,"不移植：由微信平台能力替代"
META-INF/collection-ktx.kotlin_module,109,.kotlin_module,undefined,third-party,"不移植：由微信平台能力替代"
META-INF/com.google.android.material_material.version,6,.version,undefined,third-party,"不移植：由微信平台能力替代"
META-INF/com.opensource.svgaplayer.kotlin_module,139,.kotlin_module,undefined,third-party,"不移植：由微信平台能力替代"
META-INF/com/android/build/gradle/app-metadata.properties,55,.properties,undefined,third-party,"不移植：由微信平台能力替代"
META-INF/core-ktx_release.kotlin_module,1034,.kotlin_module,undefined,third-party,"不移植：由微信平台能力替代"
META-INF/delegate_release.kotlin_module,16,.kotlin_module,undefined,third-party,"不移植：由微信平台能力替代"
META-INF/descriptors.jvm.kotlin_module,1578,.kotlin_module,undefined,third-party,"不移植：由微信平台能力替代"
META-INF/descriptors.kotlin_module,3429,.kotlin_module,undefined,third-party,"不移植：由微信平台能力替代"
META-INF/descriptors.runtime.kotlin_module,432,.kotlin_module,undefined,third-party,"不移植：由微信平台能力替代"
META-INF/deserialization.kotlin_module,196,.kotlin_module,undefined,third-party,"不移植：由微信平台能力替代"
META-INF/dialog_release.kotlin_module,16,.kotlin_module,undefined,third-party,"不移植：由微信平台能力替代"
META-INF/dragable_image_viewer_release.kotlin_module,16,.kotlin_module,undefined,third-party,"不移植：由微信平台能力替代"
META-INF/fragment-ktx_release.kotlin_module,85,.kotlin_module,undefined,third-party,"不移植：由微信平台能力替代"
META-INF/framework_release.kotlin_module,1259,.kotlin_module,undefined,third-party,"不移植：由微信平台能力替代"
META-INF/friend_grRelease.kotlin_module,97,.kotlin_module,undefined,third-party,"不移植：由微信平台能力替代"
META-INF/indicator_release.kotlin_module,16,.kotlin_module,undefined,third-party,"不移植：由微信平台能力替代"
META-INF/initiator-annotation.kotlin_module,16,.kotlin_module,undefined,third-party,"不移植：由微信平台能力替代"
META-INF/initiator_release.kotlin_module,16,.kotlin_module,undefined,third-party,"不移植：由微信平台能力替代"
META-INF/input-mask-android_release.kotlin_module,16,.kotlin_module,undefined,third-party,"不移植：由微信平台能力替代"
META-INF/koin-android_release.kotlin_module,125,.kotlin_module,undefined,third-party,"不移植：由微信平台能力替代"
META-INF/koin-core.kotlin_module,470,.kotlin_module,undefined,third-party,"不移植：由微信平台能力替代"
META-INF/kotlin-android-extensions-runtime.kotlin_module,24,.kotlin_module,undefined,third-party,"不移植：由微信平台能力替代"
META-INF/kotlin-reflection.kotlin_module,432,.kotlin_module,undefined,third-party,"不移植：由微信平台能力替代"
META-INF/kotlin-stdlib-common.kotlin_module,1602,.kotlin_module,undefined,third-party,"不移植：由微信平台能力替代"
META-INF/kotlin-stdlib-jdk7.kotlin_module,146,.kotlin_module,undefined,third-party,"不移植：由微信平台能力替代"
META-INF/kotlin-stdlib-jdk8.kotlin_module,319,.kotlin_module,undefined,third-party,"不移植：由微信平台能力替代"
META-INF/kotlin-stdlib.kotlin_module,6877,.kotlin_module,undefined,third-party,"不移植：由微信平台能力替代"
META-INF/kotlinx-coroutines-android.kotlin_module,75,.kotlin_module,undefined,third-party,"不移植：由微信平台能力替代"
META-INF/kotlinx-coroutines-core.kotlin_module,2810,.kotlin_module,undefined,third-party,"不移植：由微信平台能力替代"
META-INF/kotlinx_coroutines_android.version,5,.version,undefined,third-party,"不移植：由微信平台能力替代"
META-INF/kotlinx_coroutines_core.version,5,.version,undefined,third-party,"不移植：由微信平台能力替代"
META-INF/lifecycle-livedata-core-ktx_release.kotlin_module,50,.kotlin_module,undefined,third-party,"不移植：由微信平台能力替代"
META-INF/lifecycle-livedata-ktx_release.kotlin_module,104,.kotlin_module,undefined,third-party,"不移植：由微信平台能力替代"
META-INF/lifecycle-runtime-ktx_release.kotlin_module,90,.kotlin_module,undefined,third-party,"不移植：由微信平台能力替代"
META-INF/lifecycle-viewmodel-ktx_release.kotlin_module,72,.kotlin_module,undefined,third-party,"不移植：由微信平台能力替代"
META-INF/loading_release.kotlin_module,16,.kotlin_module,undefined,third-party,"不移植：由微信平台能力替代"
META-INF/lomoApe_grRelease.kotlin_module,665,.kotlin_module,undefined,third-party,"不移植：由微信平台能力替代"
META-INF/lomoApp_grRelease.kotlin_module,24,.kotlin_module,undefined,third-party,"不移植：由微信平台能力替代"
META-INF/lomoBattleRoyal_grRelease.kotlin_module,351,.kotlin_module,undefined,third-party,"不移植：由微信平台能力替代"
META-INF/lomoBox_grRelease.kotlin_module,348,.kotlin_module,undefined,third-party,"不移植：由微信平台能力替代"
META-INF/lomoCommon_grRelease.kotlin_module,578,.kotlin_module,undefined,third-party,"不移植：由微信平台能力替代"
META-INF/lomoDesign_grRelease.kotlin_module,82,.kotlin_module,undefined,third-party,"不移植：由微信平台能力替代"
META-INF/lomoDigital_grRelease.kotlin_module,455,.kotlin_module,undefined,third-party,"不移植：由微信平台能力替代"
META-INF/lomoGoldMine_grRelease.kotlin_module,122,.kotlin_module,undefined,third-party,"不移植：由微信平台能力替代"
META-INF/lomoHome_grRelease.kotlin_module,922,.kotlin_module,undefined,third-party,"不移植：由微信平台能力替代"
META-INF/lomoMall_grRelease.kotlin_module,319,.kotlin_module,undefined,third-party,"不移植：由微信平台能力替代"
META-INF/lomoMine_grRelease.kotlin_module,74,.kotlin_module,undefined,third-party,"不移植：由微信平台能力替代"
META-INF/lomoMonkeyRabbitBattle_grRelease.kotlin_module,24,.kotlin_module,undefined,third-party,"不移植：由微信平台能力替代"
META-INF/lomoNx_grRelease.kotlin_module,212,.kotlin_module,undefined,third-party,"不移植：由微信平台能力替代"
META-INF/lomoTreasureBox_grRelease.kotlin_module,232,.kotlin_module,undefined,third-party,"不移植：由微信平台能力替代"
META-INF/lomoUndertown_grRelease.kotlin_module,543,.kotlin_module,undefined,third-party,"不移植：由微信平台能力替代"
META-INF/lomoUniverse_grRelease.kotlin_module,169,.kotlin_module,undefined,third-party,"不移植：由微信平台能力替代"
META-INF/lomoWarcraft_grRelease.kotlin_module,135,.kotlin_module,undefined,third-party,"不移植：由微信平台能力替代"
META-INF/main_grRelease.kotlin_module,145,.kotlin_module,undefined,third-party,"不移植：由微信平台能力替代"
META-INF/marquee_release.kotlin_module,16,.kotlin_module,undefined,third-party,"不移植：由微信平台能力替代"
META-INF/metadata.jvm.kotlin_module,179,.kotlin_module,undefined,third-party,"不移植：由微信平台能力替代"
META-INF/metadata.kotlin_module,204,.kotlin_module,undefined,third-party,"不移植：由微信平台能力替代"
META-INF/method.info,894,.info,undefined,third-party,"不移植：由微信平台能力替代"
META-INF/mine_grRelease.kotlin_module,594,.kotlin_module,undefined,third-party,"不移植：由微信平台能力替代"
META-INF/moonCake_grRelease.kotlin_module,144,.kotlin_module,undefined,third-party,"不移植：由微信平台能力替代"
META-INF/multiple_grRelease.kotlin_module,223,.kotlin_module,undefined,third-party,"不移植：由微信平台能力替代"
META-INF/opensdklib_release.kotlin_module,24,.kotlin_module,undefined,third-party,"不移植：由微信平台能力替代"
META-INF/popup_release.kotlin_module,16,.kotlin_module,undefined,third-party,"不移植：由微信平台能力替代"
META-INF/recyclerview_release.kotlin_module,16,.kotlin_module,undefined,third-party,"不移植：由微信平台能力替代"
META-INF/retrofit.kotlin_module,47,.kotlin_module,undefined,third-party,"不移植：由微信平台能力替代"
META-INF/rocksBeast_grRelease.kotlin_module,139,.kotlin_module,undefined,third-party,"不移植：由微信平台能力替代"
META-INF/rocksMoonkeyKing_grRelease.kotlin_module,79,.kotlin_module,undefined,third-party,"不移植：由微信平台能力替代"
META-INF/rocksTug_grRelease.kotlin_module,257,.kotlin_module,undefined,third-party,"不移植：由微信平台能力替代"
META-INF/router-annotation.kotlin_module,16,.kotlin_module,undefined,third-party,"不移植：由微信平台能力替代"
META-INF/router_release.kotlin_module,16,.kotlin_module,undefined,third-party,"不移植：由微信平台能力替代"
META-INF/services/javax.ws.rs.ext.MessageBodyReader,51,.messagebodyreader,undefined,third-party,"不移植：由微信平台能力替代"
META-INF/services/javax.ws.rs.ext.MessageBodyWriter,51,.messagebodywriter,undefined,third-party,"不移植：由微信平台能力替代"
META-INF/services/javax.ws.rs.ext.Providers,51,.providers,undefined,third-party,"不移植：由微信平台能力替代"
META-INF/services/kotlin.reflect.jvm.internal.impl.builtins.BuiltInsLoader,90,.builtinsloader,undefined,third-party,"不移植：由微信平台能力替代"
META-INF/services/kotlin.reflect.jvm.internal.impl.resolve.ExternalOverridabilityCondition,235,.externaloverridabilitycondition,undefined,third-party,"不移植：由微信平台能力替代"
META-INF/services/kotlinx.coroutines.CoroutineExceptionHandler,54,.coroutineexceptionhandler,undefined,third-party,"不移植：由微信平台能力替代"
META-INF/services/kotlinx.coroutines.internal.MainDispatcherFactory,52,.maindispatcherfactory,undefined,third-party,"不移植：由微信平台能力替代"
META-INF/services/org.glassfish.jersey.internal.spi.AutoDiscoverable,59,.autodiscoverable,undefined,third-party,"不移植：由微信平台能力替代"
META-INF/soft-input-event_release.kotlin_module,78,.kotlin_module,undefined,third-party,"不移植：由微信平台能力替代"
META-INF/span_release.kotlin_module,16,.kotlin_module,undefined,third-party,"不移植：由微信平台能力替代"
META-INF/superLink_grRelease.kotlin_module,137,.kotlin_module,undefined,third-party,"不移植：由微信平台能力替代"
META-INF/type-system.kotlin_module,182,.kotlin_module,undefined,third-party,"不移植：由微信平台能力替代"
META-INF/util.runtime.kotlin_module,559,.kotlin_module,undefined,third-party,"不移植：由微信平台能力替代"
META-INF/utility_release.kotlin_module,243,.kotlin_module,undefined,third-party,"不移植：由微信平台能力替代"
META-INF/xmarqueeview_release.kotlin_module,16,.kotlin_module,undefined,third-party,"不移植：由微信平台能力替代"
agconnect-core.properties,37,.properties,undefined,third-party,"不移植：由微信平台能力替代"
androidsupportmultidexversion.txt,53,.txt,undefined,third-party,"不移植：由微信平台能力替代"
assets/.jgapp,16,,undefined,third-party,"不移植：由微信平台能力替代"
assets/1694131332,4612386,,undefined,third-party,"不移植：由微信平台能力替代"
assets/address/address.json,136996,.json,undefined,third-party,"不移植：由微信平台能力替代"
assets/anchors.bin,32544,.bin,undefined,third-party,"不移植：由微信平台能力替代"
assets/angle.ms,116848,.ms,undefined,third-party,"不移植：由微信平台能力替代"
assets/anim/refresh.json,4330,.json,undefined,third-party,"不移植：由微信平台能力替代"
assets/beast/pag/fish_blue.pag,32676,.pag,undefined,third-party,"不移植：由微信平台能力替代"
assets/beast/pag/fish_green.pag,28382,.pag,undefined,third-party,"不移植：由微信平台能力替代"
assets/beast/pag/fish_purple.pag,25186,.pag,undefined,third-party,"不移植：由微信平台能力替代"
assets/beast/pag/fish_red.pag,28058,.pag,undefined,third-party,"不移植：由微信平台能力替代"
assets/beast/pag/fish_yellow.pag,31302,.pag,undefined,third-party,"不移植：由微信平台能力替代"
assets/beast/pag/star.pag,50068,.pag,undefined,third-party,"不移植：由微信平台能力替代"
assets/bid-log-key-public.key,450,.key,undefined,third-party,"不移植：由微信平台能力替代"
assets/blockBattleRoyal/avoid.mp3,68496,.mp3,undefined,converted,"转码 mp3 → InnerAudioContext"
assets/blockBattleRoyal/countdownMusic.mp3,20705,.mp3,undefined,converted,"转码 mp3 → InnerAudioContext"
assets/blockBattleRoyal/die_gold.lottie,910744,.lottie,undefined,mapped,"玩法资源映射（同名保留）"
assets/blockBattleRoyal/killBGM.mp3,1694985,.mp3,undefined,converted,"转码 mp3 → InnerAudioContext"
assets/blockBattleRoyal/kill_coloured_ribbon.pag,3394,.pag,undefined,mapped,"玩法资源映射（同名保留）"
assets/blockBattleRoyal/killed.mp3,9367,.mp3,undefined,converted,"转码 mp3 → InnerAudioContext"
assets/blockBattleRoyal/killer_kill_action.pag,21241,.pag,undefined,mapped,"玩法资源映射（同名保留）"
assets/blockBattleRoyal/killer_walk.pag,13156,.pag,undefined,mapped,"玩法资源映射（同名保留）"
assets/blockBattleRoyal/killer_walk_return.pag,11600,.pag,undefined,mapped,"玩法资源映射（同名保留）"
assets/blockBattleRoyal/killer_wield_knife.mp3,15400,.mp3,undefined,converted,"转码 mp3 → InnerAudioContext"
assets/blockBattleRoyal/myself_die_copper.pag,35476,.pag,undefined,mapped,"玩法资源映射（同名保留）"
assets/blockBattleRoyal/myself_die_gold.pag,41504,.pag,undefined,mapped,"玩法资源映射（同名保留）"
assets/blockBattleRoyal/myself_die_normal.pag,28703,.pag,undefined,mapped,"玩法资源映射（同名保留）"
assets/blockBattleRoyal/myself_die_silver.pag,41254,.pag,undefined,mapped,"玩法资源映射（同名保留）"
assets/blockBattleRoyal/myself_idle_copper.pag,18045,.pag,undefined,mapped,"玩法资源映射（同名保留）"
assets/blockBattleRoyal/myself_idle_gold.pag,19221,.pag,undefined,mapped,"玩法资源映射（同名保留）"
assets/blockBattleRoyal/myself_idle_normal.pag,13848,.pag,undefined,mapped,"玩法资源映射（同名保留）"
assets/blockBattleRoyal/myself_idle_silver.pag,18398,.pag,undefined,mapped,"玩法资源映射（同名保留）"
assets/blockBattleRoyal/myself_walk_copper.pag,20835,.pag,undefined,mapped,"玩法资源映射（同名保留）"
assets/blockBattleRoyal/myself_walk_gold.pag,22649,.pag,undefined,mapped,"玩法资源映射（同名保留）"
assets/blockBattleRoyal/myself_walk_normal.pag,16224,.pag,undefined,mapped,"玩法资源映射（同名保留）"
assets/blockBattleRoyal/myself_walk_silver.pag,21727,.pag,undefined,mapped,"玩法资源映射（同名保留）"
assets/blockBattleRoyal/playClick.mp3,1687,.mp3,undefined,converted,"转码 mp3 → InnerAudioContext"
assets/blockBattleRoyal/up_nail.mp3,35221,.mp3,undefined,converted,"转码 mp3 → InnerAudioContext"
assets/blockBattleRoyal/up_nail_fail.mp3,37573,.mp3,undefined,converted,"转码 mp3 → InnerAudioContext"
assets/countdown/ic_red_time_0.png,4864,.png,undefined,third-party,"不移植：由微信平台能力替代"
assets/countdown/ic_red_time_1.png,3606,.png,undefined,third-party,"不移植：由微信平台能力替代"
assets/countdown/ic_red_time_2.png,4729,.png,undefined,third-party,"不移植：由微信平台能力替代"
assets/countdown/ic_red_time_3.png,4536,.png,undefined,third-party,"不移植：由微信平台能力替代"
assets/countdown/ic_red_time_4.png,4025,.png,undefined,third-party,"不移植：由微信平台能力替代"
assets/countdown/ic_red_time_5.png,4655,.png,undefined,third-party,"不移植：由微信平台能力替代"
assets/countdown/ic_red_time_6.png,4459,.png,undefined,third-party,"不移植：由微信平台能力替代"
assets/countdown/ic_red_time_7.png,3828,.png,undefined,third-party,"不移植：由微信平台能力替代"
assets/countdown/ic_red_time_8.png,4832,.png,undefined,third-party,"不移植：由微信平台能力替代"
assets/countdown/ic_red_time_9.png,4622,.png,undefined,third-party,"不移植：由微信平台能力替代"
assets/countdown/ic_red_time_suffix.png,2463,.png,undefined,third-party,"不移植：由微信平台能力替代"
assets/countdown/ic_time_0.png,5099,.png,undefined,third-party,"不移植：由微信平台能力替代"
assets/countdown/ic_time_1.png,3595,.png,undefined,third-party,"不移植：由微信平台能力替代"
assets/countdown/ic_time_2.png,5167,.png,undefined,third-party,"不移植：由微信平台能力替代"
assets/countdown/ic_time_3.png,4940,.png,undefined,third-party,"不移植：由微信平台能力替代"
assets/countdown/ic_time_4.png,4293,.png,undefined,third-party,"不移植：由微信平台能力替代"
assets/countdown/ic_time_5.png,4720,.png,undefined,third-party,"不移植：由微信平台能力替代"
assets/countdown/ic_time_6.png,4875,.png,undefined,third-party,"不移植：由微信平台能力替代"
assets/countdown/ic_time_7.png,3768,.png,undefined,third-party,"不移植：由微信平台能力替代"
assets/countdown/ic_time_8.png,5218,.png,undefined,third-party,"不移植：由微信平台能力替代"
assets/countdown/ic_time_9.png,5120,.png,undefined,third-party,"不移植：由微信平台能力替代"
assets/countdown/ic_time_suffix.png,2022,.png,undefined,third-party,"不移植：由微信平台能力替代"
assets/dagger/bed_killer_sleep.pag,28580,.pag,undefined,mapped,"玩法资源映射（同名保留）"
assets/dagger/bed_killer_stabbed.pag,27259,.pag,undefined,mapped,"玩法资源映射（同名保留）"
assets/dagger/dagger_put_down_rock.pag,20680,.pag,undefined,mapped,"玩法资源映射（同名保留）"
assets/dagger/home_killer_walk.pag,20690,.pag,undefined,mapped,"玩法资源映射（同名保留）"
assets/dagger/myself_dagger_attack.pag,15419,.pag,undefined,mapped,"玩法资源映射（同名保留）"
assets/dagger/myself_dagger_idle.pag,13439,.pag,undefined,mapped,"玩法资源映射（同名保留）"
assets/dagger/myself_dagger_walk.pag,14476,.pag,undefined,mapped,"玩法资源映射（同名保留）"
assets/dagger/other_attack.pag,13562,.pag,undefined,mapped,"玩法资源映射（同名保留）"
assets/dagger/other_idle.pag,12022,.pag,undefined,mapped,"玩法资源映射（同名保留）"
assets/dagger/other_walk.pag,13161,.pag,undefined,mapped,"玩法资源映射（同名保留）"
assets/dagger/sofa_killer_sleep.pag,28332,.pag,undefined,mapped,"玩法资源映射（同名保留）"
assets/dagger/sofa_killer_stabbed.pag,23557,.pag,undefined,mapped,"玩法资源映射（同名保留）"
assets/detect.ms,874904,.ms,undefined,third-party,"不移植：由微信平台能力替代"
assets/dtf/audio/dtf_angle.mp3,6192,.mp3,undefined,converted,"转码 mp3 → InnerAudioContext"
assets/dtf/audio/dtf_away.mp3,5760,.mp3,undefined,converted,"转码 mp3 → InnerAudioContext"
assets/dtf/audio/dtf_blink.mp3,4464,.mp3,undefined,converted,"转码 mp3 → InnerAudioContext"
assets/dtf/audio/dtf_closer.mp3,5760,.mp3,undefined,converted,"转码 mp3 → InnerAudioContext"
assets/dtf/audio/dtf_integrity.mp3,8496,.mp3,undefined,converted,"转码 mp3 → InnerAudioContext"
assets/dtf/audio/dtf_left_yaw.mp3,6912,.mp3,undefined,converted,"转码 mp3 → InnerAudioContext"
assets/dtf/audio/dtf_light.mp3,6480,.mp3,undefined,converted,"转码 mp3 → InnerAudioContext"
assets/dtf/audio/dtf_right_yaw.mp3,6768,.mp3,undefined,converted,"转码 mp3 → InnerAudioContext"
assets/dtf/audio/dtf_stay.mp3,6192,.mp3,undefined,converted,"转码 mp3 → InnerAudioContext"
assets/dtf/audio/dtf_too_more_face.mp3,8208,.mp3,undefined,converted,"转码 mp3 → InnerAudioContext"
assets/dtf_code_config.json,2354,.json,undefined,third-party,"不移植：由微信平台能力替代"
assets/face_js.html,964,.html,undefined,third-party,"不移植：由微信平台能力替代"
assets/font/Akrobat-Black.otf,57600,.otf,undefined,third-party,"不移植：由微信平台能力替代"
assets/fonts/din151.ttf,6852,.ttf,undefined,third-party,"不移植：由微信平台能力替代"
assets/fonts/din_bold.otf,28640,.otf,undefined,third-party,"不移植：由微信平台能力替代"
assets/fonts/din_medium.otf,27828,.otf,undefined,third-party,"不移植：由微信平台能力替代"
assets/gdt_plugin/gdtadv2.jar,1706882,.jar,undefined,third-party,"不移植：由微信平台能力替代"
assets/grs_sdk_server_config.json,326,.json,undefined,third-party,"不移植：由微信平台能力替代"
assets/grs_sp.bks,1470,.bks,undefined,third-party,"不移植：由微信平台能力替代"
assets/hmsincas.bks,3081,.bks,undefined,third-party,"不移植：由微信平台能力替代"
assets/hmsrootcas.bks,34844,.bks,undefined,third-party,"不移植：由微信平台能力替代"
assets/jpush_close.png,2186,.png,undefined,third-party,"不移植：由微信平台能力替代"
assets/keystore_unicorn,166,,undefined,third-party,"不移植：由微信平台能力替代"
assets/keystore_unicorn2,166,,undefined,third-party,"不移植：由微信平台能力替代"
assets/ksad_common_encrypt_image.png,2880,.png,undefined,third-party,"不移植：由微信平台能力替代"
assets/libjiagu.so,909204,.so,undefined,third-party,"不移植：由微信平台能力替代"
assets/libjiagu_a64.so,1230488,.so,undefined,third-party,"不移植：由微信平台能力替代"
assets/libjiagu_x64.so,902392,.so,undefined,third-party,"不移植：由微信平台能力替代"
assets/libjiagu_x86.so,808008,.so,undefined,third-party,"不移植：由微信平台能力替代"
assets/lottie/ape/cleanSite/data.json,11940,.json,undefined,converted,"小 Lottie 运行时 / 大 Lottie 烘焙图集"
assets/lottie/ape/cleanSite/images/img_0.png,19109,.png,undefined,converted,"小 Lottie 运行时 / 大 Lottie 烘焙图集"
assets/lottie/ape/cleanSite/images/img_1.png,33164,.png,undefined,converted,"小 Lottie 运行时 / 大 Lottie 烘焙图集"
assets/lottie/ape/goToNextFloor/data.json,11399,.json,undefined,converted,"小 Lottie 运行时 / 大 Lottie 烘焙图集"
assets/lottie/ape/goToNextFloor/images/img_0.png,19109,.png,undefined,converted,"小 Lottie 运行时 / 大 Lottie 烘焙图集"
assets/lottie/ape/goToNextFloor/images/img_1.png,33164,.png,undefined,converted,"小 Lottie 运行时 / 大 Lottie 烘焙图集"
assets/lottie/ape/join/data.json,7992,.json,undefined,converted,"小 Lottie 运行时 / 大 Lottie 烘焙图集"
assets/lottie/ape/join/images/img_0.png,19109,.png,undefined,converted,"小 Lottie 运行时 / 大 Lottie 烘焙图集"
assets/lottie/ape/join/images/img_1.png,33164,.png,undefined,converted,"小 Lottie 运行时 / 大 Lottie 烘焙图集"
assets/lottie/ape/startOpenLottery/data.json,5788,.json,undefined,converted,"小 Lottie 运行时 / 大 Lottie 烘焙图集"
assets/lottie/ape/startOpenLottery/images/img_0.png,28658,.png,undefined,converted,"小 Lottie 运行时 / 大 Lottie 烘焙图集"
assets/lottie/ape/startOpenLottery/images/img_1.png,48754,.png,undefined,converted,"小 Lottie 运行时 / 大 Lottie 烘焙图集"
assets/lottie/apeBorder/data.json,2083,.json,undefined,converted,"小 Lottie 运行时 / 大 Lottie 烘焙图集"
assets/lottie/apeBorder/images/img_0.png,471,.png,undefined,converted,"小 Lottie 运行时 / 大 Lottie 烘焙图集"
assets/lottie/apeBorder/images/img_1.png,8563,.png,undefined,converted,"小 Lottie 运行时 / 大 Lottie 烘焙图集"
assets/lottie/battleRoyal/otherMonkey/walk/data.json,1274,.json,undefined,converted,"小 Lottie 运行时 / 大 Lottie 烘焙图集"
assets/lottie/battleRoyal/otherMonkey/walk/images/img_0.png,1568,.png,undefined,converted,"小 Lottie 运行时 / 大 Lottie 烘焙图集"
assets/lottie/battleRoyal/otherMonkey/walk/images/img_1.png,1487,.png,undefined,converted,"小 Lottie 运行时 / 大 Lottie 烘焙图集"
assets/lottie/battleRoyal/otherMonkey/walk/images/img_2.png,1495,.png,undefined,converted,"小 Lottie 运行时 / 大 Lottie 烘焙图集"
assets/lottie/battleRoyal/other_monkey_idle_copper.json,1522849,.json,undefined,converted,"小 Lottie 运行时 / 大 Lottie 烘焙图集"
assets/lottie/battleRoyal/other_monkey_idle_gold.json,1731807,.json,undefined,converted,"小 Lottie 运行时 / 大 Lottie 烘焙图集"
assets/lottie/battleRoyal/other_monkey_idle_normal.json,199349,.json,undefined,converted,"小 Lottie 运行时 / 大 Lottie 烘焙图集"
assets/lottie/battleRoyal/other_monkey_idle_silver.json,1701359,.json,undefined,converted,"小 Lottie 运行时 / 大 Lottie 烘焙图集"
assets/lottie/battleRoyal/other_monkey_walk_copper.json,1522848,.json,undefined,converted,"小 Lottie 运行时 / 大 Lottie 烘焙图集"
assets/lottie/battleRoyal/other_monkey_walk_gold.json,1557686,.json,undefined,converted,"小 Lottie 运行时 / 大 Lottie 烘焙图集"
assets/lottie/battleRoyal/other_monkey_walk_silver.json,1701360,.json,undefined,converted,"小 Lottie 运行时 / 大 Lottie 烘焙图集"
assets/lottie/beginLottery/data.json,7381,.json,undefined,converted,"小 Lottie 运行时 / 大 Lottie 烘焙图集"
assets/lottie/beginLottery/images/img_0.png,1265,.png,undefined,converted,"小 Lottie 运行时 / 大 Lottie 烘焙图集"
assets/lottie/beginLottery/images/img_1.png,1106,.png,undefined,converted,"小 Lottie 运行时 / 大 Lottie 烘焙图集"
assets/lottie/beginLottery/images/img_2.png,678,.png,undefined,converted,"小 Lottie 运行时 / 大 Lottie 烘焙图集"
assets/lottie/beginLottery/images/img_3.png,4764,.png,undefined,converted,"小 Lottie 运行时 / 大 Lottie 烘焙图集"
assets/lottie/beginLottery/images/img_4.png,1680,.png,undefined,converted,"小 Lottie 运行时 / 大 Lottie 烘焙图集"
assets/lottie/beginLottery/images/img_5.png,6745,.png,undefined,converted,"小 Lottie 运行时 / 大 Lottie 烘焙图集"
assets/lottie/beginLottery/images/img_6.png,1166,.png,undefined,converted,"小 Lottie 运行时 / 大 Lottie 烘焙图集"
assets/lottie/bigMushroomEat/data.json,1297,.json,undefined,converted,"小 Lottie 运行时 / 大 Lottie 烘焙图集"
assets/lottie/bigMushroomEat/images/img_0.png,6003,.png,undefined,converted,"小 Lottie 运行时 / 大 Lottie 烘焙图集"
assets/lottie/bigMushroomGrow/data.json,1184,.json,undefined,converted,"小 Lottie 运行时 / 大 Lottie 烘焙图集"
assets/lottie/bigMushroomGrow/images/img_0.png,6003,.png,undefined,converted,"小 Lottie 运行时 / 大 Lottie 烘焙图集"
assets/lottie/bom/data.json,4342,.json,undefined,converted,"小 Lottie 运行时 / 大 Lottie 烘焙图集"
assets/lottie/bom/images/img_0.png,9696,.png,undefined,converted,"小 Lottie 运行时 / 大 Lottie 烘焙图集"
assets/lottie/bom/images/img_1.png,12469,.png,undefined,converted,"小 Lottie 运行时 / 大 Lottie 烘焙图集"
assets/lottie/bom/images/img_2.png,11947,.png,undefined,converted,"小 Lottie 运行时 / 大 Lottie 烘焙图集"
assets/lottie/bom/images/img_3.png,4789,.png,undefined,converted,"小 Lottie 运行时 / 大 Lottie 烘焙图集"
assets/lottie/bom/images/img_4.png,11923,.png,undefined,converted,"小 Lottie 运行时 / 大 Lottie 烘焙图集"
assets/lottie/bom/images/img_5.png,21731,.png,undefined,converted,"小 Lottie 运行时 / 大 Lottie 烘焙图集"
assets/lottie/bom/images/img_6.png,31854,.png,undefined,converted,"小 Lottie 运行时 / 大 Lottie 烘焙图集"
assets/lottie/bom/images/img_7.png,27739,.png,undefined,converted,"小 Lottie 运行时 / 大 Lottie 烘焙图集"
assets/lottie/bom/images/img_8.png,34732,.png,undefined,converted,"小 Lottie 运行时 / 大 Lottie 烘焙图集"
assets/lottie/bom/images/img_9.png,37855,.png,undefined,converted,"小 Lottie 运行时 / 大 Lottie 烘焙图集"
assets/lottie/bombHundred/data.json,12915,.json,undefined,converted,"小 Lottie 运行时 / 大 Lottie 烘焙图集"
assets/lottie/bombHundred/images/img_0.png,12531,.png,undefined,converted,"小 Lottie 运行时 / 大 Lottie 烘焙图集"
assets/lottie/bombHundred/images/img_1.png,452,.png,undefined,converted,"小 Lottie 运行时 / 大 Lottie 烘焙图集"
assets/lottie/bombHundred/images/img_10.png,12238,.png,undefined,converted,"小 Lottie 运行时 / 大 Lottie 烘焙图集"
assets/lottie/bombHundred/images/img_11.png,12691,.png,undefined,converted,"小 Lottie 运行时 / 大 Lottie 烘焙图集"
assets/lottie/bombHundred/images/img_12.png,8288,.png,undefined,converted,"小 Lottie 运行时 / 大 Lottie 烘焙图集"
assets/lottie/bombHundred/images/img_13.png,1549,.png,undefined,converted,"小 Lottie 运行时 / 大 Lottie 烘焙图集"
assets/lottie/bombHundred/images/img_2.png,783,.png,undefined,converted,"小 Lottie 运行时 / 大 Lottie 烘焙图集"
assets/lottie/bombHundred/images/img_3.png,1073,.png,undefined,converted,"小 Lottie 运行时 / 大 Lottie 烘焙图集"
assets/lottie/bombHundred/images/img_4.png,1774,.png,undefined,converted,"小 Lottie 运行时 / 大 Lottie 烘焙图集"
assets/lottie/bombHundred/images/img_5.png,2876,.png,undefined,converted,"小 Lottie 运行时 / 大 Lottie 烘焙图集"
assets/lottie/bombHundred/images/img_6.png,4215,.png,undefined,converted,"小 Lottie 运行时 / 大 Lottie 烘焙图集"
assets/lottie/bombHundred/images/img_7.png,5829,.png,undefined,converted,"小 Lottie 运行时 / 大 Lottie 烘焙图集"
assets/lottie/bombHundred/images/img_8.png,8235,.png,undefined,converted,"小 Lottie 运行时 / 大 Lottie 烘焙图集"
assets/lottie/bombHundred/images/img_9.png,11039,.png,undefined,converted,"小 Lottie 运行时 / 大 Lottie 烘焙图集"
assets/lottie/bombOne/data.json,6810,.json,undefined,converted,"小 Lottie 运行时 / 大 Lottie 烘焙图集"
assets/lottie/bombOne/images/img_0.png,11236,.png,undefined,converted,"小 Lottie 运行时 / 大 Lottie 烘焙图集"
assets/lottie/bombOne/images/img_1.png,1412,.png,undefined,converted,"小 Lottie 运行时 / 大 Lottie 烘焙图集"
assets/lottie/bombOne/images/img_10.png,77200,.png,undefined,converted,"小 Lottie 运行时 / 大 Lottie 烘焙图集"
assets/lottie/bombOne/images/img_11.png,82497,.png,undefined,converted,"小 Lottie 运行时 / 大 Lottie 烘焙图集"
assets/lottie/bombOne/images/img_12.png,57160,.png,undefined,converted,"小 Lottie 运行时 / 大 Lottie 烘焙图集"
assets/lottie/bombOne/images/img_13.png,10113,.png,undefined,converted,"小 Lottie 运行时 / 大 Lottie 烘焙图集"
assets/lottie/bombOne/images/img_2.png,2296,.png,undefined,converted,"小 Lottie 运行时 / 大 Lottie 烘焙图集"
assets/lottie/bombOne/images/img_3.png,3180,.png,undefined,converted,"小 Lottie 运行时 / 大 Lottie 烘焙图集"
assets/lottie/bombOne/images/img_4.png,6911,.png,undefined,converted,"小 Lottie 运行时 / 大 Lottie 烘焙图集"
assets/lottie/bombOne/images/img_5.png,11874,.png,undefined,converted,"小 Lottie 运行时 / 大 Lottie 烘焙图集"
assets/lottie/bombOne/images/img_6.png,19178,.png,undefined,converted,"小 Lottie 运行时 / 大 Lottie 烘焙图集"
assets/lottie/bombOne/images/img_7.png,27276,.png,undefined,converted,"小 Lottie 运行时 / 大 Lottie 烘焙图集"
assets/lottie/bombOne/images/img_8.png,59479,.png,undefined,converted,"小 Lottie 运行时 / 大 Lottie 烘焙图集"
assets/lottie/bombOne/images/img_9.png,76714,.png,undefined,converted,"小 Lottie 运行时 / 大 Lottie 烘焙图集"
assets/lottie/bombTen/data.json,9903,.json,undefined,converted,"小 Lottie 运行时 / 大 Lottie 烘焙图集"
assets/lottie/bombTen/images/img_0.png,12531,.png,undefined,converted,"小 Lottie 运行时 / 大 Lottie 烘焙图集"
assets/lottie/bombTen/images/img_1.png,452,.png,undefined,converted,"小 Lottie 运行时 / 大 Lottie 烘焙图集"
assets/lottie/bombTen/images/img_10.png,12238,.png,undefined,converted,"小 Lottie 运行时 / 大 Lottie 烘焙图集"
assets/lottie/bombTen/images/img_11.png,12691,.png,undefined,converted,"小 Lottie 运行时 / 大 Lottie 烘焙图集"
assets/lottie/bombTen/images/img_12.png,8288,.png,undefined,converted,"小 Lottie 运行时 / 大 Lottie 烘焙图集"
assets/lottie/bombTen/images/img_13.png,1549,.png,undefined,converted,"小 Lottie 运行时 / 大 Lottie 烘焙图集"
assets/lottie/bombTen/images/img_2.png,783,.png,undefined,converted,"小 Lottie 运行时 / 大 Lottie 烘焙图集"
assets/lottie/bombTen/images/img_3.png,1073,.png,undefined,converted,"小 Lottie 运行时 / 大 Lottie 烘焙图集"
assets/lottie/bombTen/images/img_4.png,1774,.png,undefined,converted,"小 Lottie 运行时 / 大 Lottie 烘焙图集"
assets/lottie/bombTen/images/img_5.png,2876,.png,undefined,converted,"小 Lottie 运行时 / 大 Lottie 烘焙图集"
assets/lottie/bombTen/images/img_6.png,4215,.png,undefined,converted,"小 Lottie 运行时 / 大 Lottie 烘焙图集"
assets/lottie/bombTen/images/img_7.png,5829,.png,undefined,converted,"小 Lottie 运行时 / 大 Lottie 烘焙图集"
assets/lottie/bombTen/images/img_8.png,8235,.png,undefined,converted,"小 Lottie 运行时 / 大 Lottie 烘焙图集"
assets/lottie/bombTen/images/img_9.png,11039,.png,undefined,converted,"小 Lottie 运行时 / 大 Lottie 烘焙图集"
assets/lottie/boredapeairship/airship.json,30144,.json,undefined,converted,"小 Lottie 运行时 / 大 Lottie 烘焙图集"
assets/lottie/boredapeairship/images/img_0.png,30261,.png,undefined,converted,"小 Lottie 运行时 / 大 Lottie 烘焙图集"
assets/lottie/boredapeairship/images/img_1.png,14708,.png,undefined,converted,"小 Lottie 运行时 / 大 Lottie 烘焙图集"
assets/lottie/boredapeairship/images/img_2.png,3403,.png,undefined,converted,"小 Lottie 运行时 / 大 Lottie 烘焙图集"
assets/lottie/brickOther/data.json,2341,.json,undefined,converted,"小 Lottie 运行时 / 大 Lottie 烘焙图集"
assets/lottie/brickOther/images/img_0.png,22003,.png,undefined,converted,"小 Lottie 运行时 / 大 Lottie 烘焙图集"
assets/lottie/brickOther/images/img_1.png,48152,.png,undefined,converted,"小 Lottie 运行时 / 大 Lottie 烘焙图集"
assets/lottie/brickOther/images/img_2.png,53700,.png,undefined,converted,"小 Lottie 运行时 / 大 Lottie 烘焙图集"
assets/lottie/brickOther/images/img_3.png,48488,.png,undefined,converted,"小 Lottie 运行时 / 大 Lottie 烘焙图集"
assets/lottie/brickOther/images/img_4.png,16386,.png,undefined,converted,"小 Lottie 运行时 / 大 Lottie 烘焙图集"
assets/lottie/brickSelf/data.json,2287,.json,undefined,converted,"小 Lottie 运行时 / 大 Lottie 烘焙图集"
assets/lottie/brickSelf/images/img_0.png,23687,.png,undefined,converted,"小 Lottie 运行时 / 大 Lottie 烘焙图集"
assets/lottie/brickSelf/images/img_1.png,52284,.png,undefined,converted,"小 Lottie 运行时 / 大 Lottie 烘焙图集"
assets/lottie/brickSelf/images/img_2.png,55954,.png,undefined,converted,"小 Lottie 运行时 / 大 Lottie 烘焙图集"
assets/lottie/brickSelf/images/img_3.png,46447,.png,undefined,converted,"小 Lottie 运行时 / 大 Lottie 烘焙图集"
assets/lottie/brickSelf/images/img_4.png,22572,.png,undefined,converted,"小 Lottie 运行时 / 大 Lottie 烘焙图集"
assets/lottie/bricksRupture/data.json,8311,.json,undefined,converted,"小 Lottie 运行时 / 大 Lottie 烘焙图集"
assets/lottie/bricksRupture/images/img_0.png,27023,.png,undefined,converted,"小 Lottie 运行时 / 大 Lottie 烘焙图集"
assets/lottie/bricksRupture/images/img_1.png,25384,.png,undefined,converted,"小 Lottie 运行时 / 大 Lottie 烘焙图集"
assets/lottie/bricksRupture/images/img_2.png,27762,.png,undefined,converted,"小 Lottie 运行时 / 大 Lottie 烘焙图集"
assets/lottie/bricksRupture/images/img_3.png,18194,.png,undefined,converted,"小 Lottie 运行时 / 大 Lottie 烘焙图集"
assets/lottie/bricksRupture/images/img_4.png,41578,.png,undefined,converted,"小 Lottie 运行时 / 大 Lottie 烘焙图集"
assets/lottie/bricksRupture/images/img_5.png,47857,.png,undefined,converted,"小 Lottie 运行时 / 大 Lottie 烘焙图集"
assets/lottie/bricksRupture/images/img_6.png,36443,.png,undefined,converted,"小 Lottie 运行时 / 大 Lottie 烘焙图集"
assets/lottie/bricksRupture/images/img_7.png,28516,.png,undefined,converted,"小 Lottie 运行时 / 大 Lottie 烘焙图集"
assets/lottie/bricksRupture/images/img_8.png,19502,.png,undefined,converted,"小 Lottie 运行时 / 大 Lottie 烘焙图集"
assets/lottie/broom/data.json,3305,.json,undefined,converted,"小 Lottie 运行时 / 大 Lottie 烘焙图集"
assets/lottie/broom/images/img_0.png,34840,.png,undefined,converted,"小 Lottie 运行时 / 大 Lottie 烘焙图集"
assets/lottie/broom/images/img_1.png,2438,.png,undefined,converted,"小 Lottie 运行时 / 大 Lottie 烘焙图集"
assets/lottie/broom/images/img_2.png,1284,.png,undefined,converted,"小 Lottie 运行时 / 大 Lottie 烘焙图集"
assets/lottie/catBack/data.json,3256,.json,undefined,converted,"小 Lottie 运行时 / 大 Lottie 烘焙图集"
assets/lottie/catBack/images/img_0.png,16600,.png,undefined,converted,"小 Lottie 运行时 / 大 Lottie 烘焙图集"
assets/lottie/catBack/images/img_1.png,16721,.png,undefined,converted,"小 Lottie 运行时 / 大 Lottie 烘焙图集"
assets/lottie/catBack/images/img_2.png,16965,.png,undefined,converted,"小 Lottie 运行时 / 大 Lottie 烘焙图集"
assets/lottie/catBack/images/img_3.png,16276,.png,undefined,converted,"小 Lottie 运行时 / 大 Lottie 烘焙图集"
assets/lottie/catBack/images/img_4.png,16559,.png,undefined,converted,"小 Lottie 运行时 / 大 Lottie 烘焙图集"
assets/lottie/catBack/images/img_5.png,16785,.png,undefined,converted,"小 Lottie 运行时 / 大 Lottie 烘焙图集"
assets/lottie/catBack/images/img_6.png,16509,.png,undefined,converted,"小 Lottie 运行时 / 大 Lottie 烘焙图集"
assets/lottie/catBack/images/img_7.png,16880,.png,undefined,converted,"小 Lottie 运行时 / 大 Lottie 烘焙图集"
assets/lottie/catBack/images/img_8.png,4952,.png,undefined,converted,"小 Lottie 运行时 / 大 Lottie 烘焙图集"
assets/lottie/catLeft/data.json,3277,.json,undefined,converted,"小 Lottie 运行时 / 大 Lottie 烘焙图集"
assets/lottie/catLeft/images/img_0.png,13277,.png,undefined,converted,"小 Lottie 运行时 / 大 Lottie 烘焙图集"
assets/lottie/catLeft/images/img_1.png,13146,.png,undefined,converted,"小 Lottie 运行时 / 大 Lottie 烘焙图集"
assets/lottie/catLeft/images/img_2.png,13231,.png,undefined,converted,"小 Lottie 运行时 / 大 Lottie 烘焙图集"
assets/lottie/catLeft/images/img_3.png,14657,.png,undefined,converted,"小 Lottie 运行时 / 大 Lottie 烘焙图集"
assets/lottie/catLeft/images/img_4.png,13061,.png,undefined,converted,"小 Lottie 运行时 / 大 Lottie 烘焙图集"
assets/lottie/catLeft/images/img_5.png,13525,.png,undefined,converted,"小 Lottie 运行时 / 大 Lottie 烘焙图集"
assets/lottie/catLeft/images/img_6.png,13418,.png,undefined,converted,"小 Lottie 运行时 / 大 Lottie 烘焙图集"
assets/lottie/catLeft/images/img_7.png,14660,.png,undefined,converted,"小 Lottie 运行时 / 大 Lottie 烘焙图集"
assets/lottie/catLeft/images/img_8.png,4990,.png,undefined,converted,"小 Lottie 运行时 / 大 Lottie 烘焙图集"
assets/lottie/catPositive/data.json,3277,.json,undefined,converted,"小 Lottie 运行时 / 大 Lottie 烘焙图集"
assets/lottie/catPositive/images/img_0.png,17746,.png,undefined,converted,"小 Lottie 运行时 / 大 Lottie 烘焙图集"
assets/lottie/catPositive/images/img_1.png,17544,.png,undefined,converted,"小 Lottie 运行时 / 大 Lottie 烘焙图集"
assets/lottie/catPositive/images/img_2.png,17667,.png,undefined,converted,"小 Lottie 运行时 / 大 Lottie 烘焙图集"
assets/lottie/catPositive/images/img_3.png,17524,.png,undefined,converted,"小 Lottie 运行时 / 大 Lottie 烘焙图集"
assets/lottie/catPositive/images/img_4.png,17716,.png,undefined,converted,"小 Lottie 运行时 / 大 Lottie 烘焙图集"
assets/lottie/catPositive/images/img_5.png,17536,.png,undefined,converted,"小 Lottie 运行时 / 大 Lottie 烘焙图集"
assets/lottie/catPositive/images/img_6.png,17720,.png,undefined,converted,"小 Lottie 运行时 / 大 Lottie 烘焙图集"
assets/lottie/catPositive/images/img_7.png,17722,.png,undefined,converted,"小 Lottie 运行时 / 大 Lottie 烘焙图集"
assets/lottie/catPositive/images/img_8.png,4952,.png,undefined,converted,"小 Lottie 运行时 / 大 Lottie 烘焙图集"
assets/lottie/catRight/data.json,3274,.json,undefined,converted,"小 Lottie 运行时 / 大 Lottie 烘焙图集"
assets/lottie/catRight/images/img_0.png,14384,.png,undefined,converted,"小 Lottie 运行时 / 大 Lottie 烘焙图集"
assets/lottie/catRight/images/img_1.png,15472,.png,undefined,converted,"小 Lottie 运行时 / 大 Lottie 烘焙图集"
assets/lottie/catRight/images/img_2.png,14910,.png,undefined,converted,"小 Lottie 运行时 / 大 Lottie 烘焙图集"
assets/lottie/catRight/images/img_3.png,13921,.png,undefined,converted,"小 Lottie 运行时 / 大 Lottie 烘焙图集"
assets/lottie/catRight/images/img_4.png,14625,.png,undefined,converted,"小 Lottie 运行时 / 大 Lottie 烘焙图集"
assets/lottie/catRight/images/img_5.png,15366,.png,undefined,converted,"小 Lottie 运行时 / 大 Lottie 烘焙图集"
assets/lottie/catRight/images/img_6.png,14363,.png,undefined,converted,"小 Lottie 运行时 / 大 Lottie 烘焙图集"
assets/lottie/catRight/images/img_7.png,13453,.png,undefined,converted,"小 Lottie 运行时 / 大 Lottie 烘焙图集"
assets/lottie/catRight/images/img_8.png,4990,.png,undefined,converted,"小 Lottie 运行时 / 大 Lottie 烘焙图集"
assets/lottie/cleanSite/data.json,3250,.json,undefined,converted,"小 Lottie 运行时 / 大 Lottie 烘焙图集"
assets/lottie/cleanSite/images/img_0.png,5751,.png,undefined,converted,"小 Lottie 运行时 / 大 Lottie 烘焙图集"
assets/lottie/cleanSite/images/img_1.png,1680,.png,undefined,converted,"小 Lottie 运行时 / 大 Lottie 烘焙图集"
assets/lottie/cleanSite/images/img_2.png,6745,.png,undefined,converted,"小 Lottie 运行时 / 大 Lottie 烘焙图集"
assets/lottie/cleanSite/images/img_3.png,1166,.png,undefined,converted,"小 Lottie 运行时 / 大 Lottie 烘焙图集"
assets/lottie/coinRotate/data.json,15172,.json,undefined,converted,"小 Lottie 运行时 / 大 Lottie 烘焙图集"
assets/lottie/coinRotate/images/img_0.png,33198,.png,undefined,converted,"小 Lottie 运行时 / 大 Lottie 烘焙图集"
assets/lottie/coinRotate/images/img_1.png,29948,.png,undefined,converted,"小 Lottie 运行时 / 大 Lottie 烘焙图集"
assets/lottie/coinRotate/images/img_10.png,30025,.png,undefined,converted,"小 Lottie 运行时 / 大 Lottie 烘焙图集"
assets/lottie/coinRotate/images/img_11.png,30155,.png,undefined,converted,"小 Lottie 运行时 / 大 Lottie 烘焙图集"
assets/lottie/coinRotate/images/img_2.png,32004,.png,undefined,converted,"小 Lottie 运行时 / 大 Lottie 烘焙图集"
assets/lottie/coinRotate/images/img_3.png,27653,.png,undefined,converted,"小 Lottie 运行时 / 大 Lottie 烘焙图集"
assets/lottie/coinRotate/images/img_4.png,22052,.png,undefined,converted,"小 Lottie 运行时 / 大 Lottie 烘焙图集"
assets/lottie/coinRotate/images/img_5.png,15398,.png,undefined,converted,"小 Lottie 运行时 / 大 Lottie 烘焙图集"
assets/lottie/coinRotate/images/img_6.png,6708,.png,undefined,converted,"小 Lottie 运行时 / 大 Lottie 烘焙图集"
assets/lottie/coinRotate/images/img_7.png,16110,.png,undefined,converted,"小 Lottie 运行时 / 大 Lottie 烘焙图集"
assets/lottie/coinRotate/images/img_8.png,22764,.png,undefined,converted,"小 Lottie 运行时 / 大 Lottie 烘焙图集"
assets/lottie/coinRotate/images/img_9.png,26551,.png,undefined,converted,"小 Lottie 运行时 / 大 Lottie 烘焙图集"
assets/lottie/drawResult/data.json,22123,.json,undefined,converted,"小 Lottie 运行时 / 大 Lottie 烘焙图集"
assets/lottie/drawResult/images/img_0.png,6950,.png,undefined,converted,"小 Lottie 运行时 / 大 Lottie 烘焙图集"
assets/lottie/drawResult/images/img_1.png,7040,.png,undefined,converted,"小 Lottie 运行时 / 大 Lottie 烘焙图集"
assets/lottie/drawResult/images/img_10.png,6266,.png,undefined,converted,"小 Lottie 运行时 / 大 Lottie 烘焙图集"
assets/lottie/drawResult/images/img_11.png,6084,.png,undefined,converted,"小 Lottie 运行时 / 大 Lottie 烘焙图集"
assets/lottie/drawResult/images/img_12.png,6028,.png,undefined,converted,"小 Lottie 运行时 / 大 Lottie 烘焙图集"
assets/lottie/drawResult/images/img_13.png,6066,.png,undefined,converted,"小 Lottie 运行时 / 大 Lottie 烘焙图集"
assets/lottie/drawResult/images/img_14.png,6084,.png,undefined,converted,"小 Lottie 运行时 / 大 Lottie 烘焙图集"
assets/lottie/drawResult/images/img_15.png,6166,.png,undefined,converted,"小 Lottie 运行时 / 大 Lottie 烘焙图集"
assets/lottie/drawResult/images/img_16.png,6075,.png,undefined,converted,"小 Lottie 运行时 / 大 Lottie 烘焙图集"
assets/lottie/drawResult/images/img_17.png,6168,.png,undefined,converted,"小 Lottie 运行时 / 大 Lottie 烘焙图集"
assets/lottie/drawResult/images/img_18.png,5893,.png,undefined,converted,"小 Lottie 运行时 / 大 Lottie 烘焙图集"
assets/lottie/drawResult/images/img_19.png,6163,.png,undefined,converted,"小 Lottie 运行时 / 大 Lottie 烘焙图集"
assets/lottie/drawResult/images/img_2.png,6713,.png,undefined,converted,"小 Lottie 运行时 / 大 Lottie 烘焙图集"
assets/lottie/drawResult/images/img_20.png,6029,.png,undefined,converted,"小 Lottie 运行时 / 大 Lottie 烘焙图集"
assets/lottie/drawResult/images/img_21.png,6086,.png,undefined,converted,"小 Lottie 运行时 / 大 Lottie 烘焙图集"
assets/lottie/drawResult/images/img_22.png,5956,.png,undefined,converted,"小 Lottie 运行时 / 大 Lottie 烘焙图集"
assets/lottie/drawResult/images/img_23.png,10495,.png,undefined,converted,"小 Lottie 运行时 / 大 Lottie 烘焙图集"
assets/lottie/drawResult/images/img_24.png,10612,.png,undefined,converted,"小 Lottie 运行时 / 大 Lottie 烘焙图集"
assets/lottie/drawResult/images/img_25.png,10789,.png,undefined,converted,"小 Lottie 运行时 / 大 Lottie 烘焙图集"
assets/lottie/drawResult/images/img_26.png,11844,.png,undefined,converted,"小 Lottie 运行时 / 大 Lottie 烘焙图集"
assets/lottie/drawResult/images/img_27.png,12337,.png,undefined,converted,"小 Lottie 运行时 / 大 Lottie 烘焙图集"
assets/lottie/drawResult/images/img_28.png,12824,.png,undefined,converted,"小 Lottie 运行时 / 大 Lottie 烘焙图集"
assets/lottie/drawResult/images/img_29.png,12516,.png,undefined,converted,"小 Lottie 运行时 / 大 Lottie 烘焙图集"
assets/lottie/drawResult/images/img_3.png,6805,.png,undefined,converted,"小 Lottie 运行时 / 大 Lottie 烘焙图集"
assets/lottie/drawResult/images/img_30.png,7056,.png,undefined,converted,"小 Lottie 运行时 / 大 Lottie 烘焙图集"
assets/lottie/drawResult/images/img_31.png,6851,.png,undefined,converted,"小 Lottie 运行时 / 大 Lottie 烘焙图集"
assets/lottie/drawResult/images/img_32.png,6980,.png,undefined,converted,"小 Lottie 运行时 / 大 Lottie 烘焙图集"
assets/lottie/drawResult/images/img_33.png,6851,.png,undefined,converted,"小 Lottie 运行时 / 大 Lottie 烘焙图集"
assets/lottie/drawResult/images/img_34.png,6901,.png,undefined,converted,"小 Lottie 运行时 / 大 Lottie 烘焙图集"
assets/lottie/drawResult/images/img_35.png,6822,.png,undefined,converted,"小 Lottie 运行时 / 大 Lottie 烘焙图集"
assets/lottie/drawResult/images/img_36.png,6773,.png,undefined,converted,"小 Lottie 运行时 / 大 Lottie 烘焙图集"
assets/lottie/drawResult/images/img_37.png,6645,.png,undefined,converted,"小 Lottie 运行时 / 大 Lottie 烘焙图集"
assets/lottie/drawResult/images/img_38.png,6684,.png,undefined,converted,"小 Lottie 运行时 / 大 Lottie 烘焙图集"
assets/lottie/drawResult/images/img_39.png,6257,.png,undefined,converted,"小 Lottie 运行时 / 大 Lottie 烘焙图集"
assets/lottie/drawResult/images/img_4.png,6925,.png,undefined,converted,"小 Lottie 运行时 / 大 Lottie 烘焙图集"
assets/lottie/drawResult/images/img_40.png,6326,.png,undefined,converted,"小 Lottie 运行时 / 大 Lottie 烘焙图集"
assets/lottie/drawResult/images/img_41.png,6314,.png,undefined,converted,"小 Lottie 运行时 / 大 Lottie 烘焙图集"
assets/lottie/drawResult/images/img_42.png,6370,.png,undefined,converted,"小 Lottie 运行时 / 大 Lottie 烘焙图集"
assets/lottie/drawResult/images/img_43.png,6301,.png,undefined,converted,"小 Lottie 运行时 / 大 Lottie 烘焙图集"
assets/lottie/drawResult/images/img_44.png,6289,.png,undefined,converted,"小 Lottie 运行时 / 大 Lottie 烘焙图集"
assets/lottie/drawResult/images/img_45.png,6470,.png,undefined,converted,"小 Lottie 运行时 / 大 Lottie 烘焙图集"
assets/lottie/drawResult/images/img_46.png,6433,.png,undefined,converted,"小 Lottie 运行时 / 大 Lottie 烘焙图集"
assets/lottie/drawResult/images/img_47.png,6266,.png,undefined,converted,"小 Lottie 运行时 / 大 Lottie 烘焙图集"
assets/lottie/drawResult/images/img_48.png,6335,.png,undefined,converted,"小 Lottie 运行时 / 大 Lottie 烘焙图集"
assets/lottie/drawResult/images/img_49.png,6271,.png,undefined,converted,"小 Lottie 运行时 / 大 Lottie 烘焙图集"
assets/lottie/drawResult/images/img_5.png,6902,.png,undefined,converted,"小 Lottie 运行时 / 大 Lottie 烘焙图集"
assets/lottie/drawResult/images/img_50.png,6343,.png,undefined,converted,"小 Lottie 运行时 / 大 Lottie 烘焙图集"
assets/lottie/drawResult/images/img_51.png,6235,.png,undefined,converted,"小 Lottie 运行时 / 大 Lottie 烘焙图集"
assets/lottie/drawResult/images/img_52.png,6444,.png,undefined,converted,"小 Lottie 运行时 / 大 Lottie 烘焙图集"
assets/lottie/drawResult/images/img_53.png,6583,.png,undefined,converted,"小 Lottie 运行时 / 大 Lottie 烘焙图集"
assets/lottie/drawResult/images/img_54.png,6868,.png,undefined,converted,"小 Lottie 运行时 / 大 Lottie 烘焙图集"
assets/lottie/drawResult/images/img_55.png,7175,.png,undefined,converted,"小 Lottie 运行时 / 大 Lottie 烘焙图集"
assets/lottie/drawResult/images/img_56.png,6911,.png,undefined,converted,"小 Lottie 运行时 / 大 Lottie 烘焙图集"
assets/lottie/drawResult/images/img_57.png,7050,.png,undefined,converted,"小 Lottie 运行时 / 大 Lottie 烘焙图集"
assets/lottie/drawResult/images/img_58.png,6984,.png,undefined,converted,"小 Lottie 运行时 / 大 Lottie 烘焙图集"
assets/lottie/drawResult/images/img_59.png,7255,.png,undefined,converted,"小 Lottie 运行时 / 大 Lottie 烘焙图集"
assets/lottie/drawResult/images/img_6.png,6929,.png,undefined,converted,"小 Lottie 运行时 / 大 Lottie 烘焙图集"
assets/lottie/drawResult/images/img_7.png,6851,.png,undefined,converted,"小 Lottie 运行时 / 大 Lottie 烘焙图集"
assets/lottie/drawResult/images/img_8.png,6934,.png,undefined,converted,"小 Lottie 运行时 / 大 Lottie 烘焙图集"
assets/lottie/drawResult/images/img_9.png,6291,.png,undefined,converted,"小 Lottie 运行时 / 大 Lottie 烘焙图集"
assets/lottie/fire/data.json,22180,.json,undefined,converted,"小 Lottie 运行时 / 大 Lottie 烘焙图集"
assets/lottie/flashcard/data.json,21279,.json,undefined,converted,"小 Lottie 运行时 / 大 Lottie 烘焙图集"
assets/lottie/flashcard/images/img_0.png,6661,.png,undefined,converted,"小 Lottie 运行时 / 大 Lottie 烘焙图集"
assets/lottie/flashcard/images/img_1.png,6552,.png,undefined,converted,"小 Lottie 运行时 / 大 Lottie 烘焙图集"
assets/lottie/flashcard/images/img_10.png,6140,.png,undefined,converted,"小 Lottie 运行时 / 大 Lottie 烘焙图集"
assets/lottie/flashcard/images/img_11.png,6415,.png,undefined,converted,"小 Lottie 运行时 / 大 Lottie 烘焙图集"
assets/lottie/flashcard/images/img_12.png,6165,.png,undefined,converted,"小 Lottie 运行时 / 大 Lottie 烘焙图集"
assets/lottie/flashcard/images/img_13.png,6168,.png,undefined,converted,"小 Lottie 运行时 / 大 Lottie 烘焙图集"
assets/lottie/flashcard/images/img_14.png,6306,.png,undefined,converted,"小 Lottie 运行时 / 大 Lottie 烘焙图集"
assets/lottie/flashcard/images/img_15.png,6348,.png,undefined,converted,"小 Lottie 运行时 / 大 Lottie 烘焙图集"
assets/lottie/flashcard/images/img_16.png,6078,.png,undefined,converted,"小 Lottie 运行时 / 大 Lottie 烘焙图集"
assets/lottie/flashcard/images/img_17.png,6244,.png,undefined,converted,"小 Lottie 运行时 / 大 Lottie 烘焙图集"
assets/lottie/flashcard/images/img_18.png,6251,.png,undefined,converted,"小 Lottie 运行时 / 大 Lottie 烘焙图集"
assets/lottie/flashcard/images/img_19.png,6242,.png,undefined,converted,"小 Lottie 运行时 / 大 Lottie 烘焙图集"
assets/lottie/flashcard/images/img_2.png,6682,.png,undefined,converted,"小 Lottie 运行时 / 大 Lottie 烘焙图集"
assets/lottie/flashcard/images/img_20.png,6163,.png,undefined,converted,"小 Lottie 运行时 / 大 Lottie 烘焙图集"
assets/lottie/flashcard/images/img_21.png,6558,.png,undefined,converted,"小 Lottie 运行时 / 大 Lottie 烘焙图集"
assets/lottie/flashcard/images/img_22.png,6313,.png,undefined,converted,"小 Lottie 运行时 / 大 Lottie 烘焙图集"
assets/lottie/flashcard/images/img_23.png,6551,.png,undefined,converted,"小 Lottie 运行时 / 大 Lottie 烘焙图集"
assets/lottie/flashcard/images/img_24.png,6831,.png,undefined,converted,"小 Lottie 运行时 / 大 Lottie 烘焙图集"
assets/lottie/flashcard/images/img_25.png,6746,.png,undefined,converted,"小 Lottie 运行时 / 大 Lottie 烘焙图集"
assets/lottie/flashcard/images/img_26.png,6443,.png,undefined,converted,"小 Lottie 运行时 / 大 Lottie 烘焙图集"
assets/lottie/flashcard/images/img_27.png,6798,.png,undefined,converted,"小 Lottie 运行时 / 大 Lottie 烘焙图集"
assets/lottie/flashcard/images/img_28.png,6628,.png,undefined,converted,"小 Lottie 运行时 / 大 Lottie 烘焙图集"
assets/lottie/flashcard/images/img_29.png,6614,.png,undefined,converted,"小 Lottie 运行时 / 大 Lottie 烘焙图集"
assets/lottie/flashcard/images/img_3.png,6480,.png,undefined,converted,"小 Lottie 运行时 / 大 Lottie 烘焙图集"
assets/lottie/flashcard/images/img_30.png,6319,.png,undefined,converted,"小 Lottie 运行时 / 大 Lottie 烘焙图集"
assets/lottie/flashcard/images/img_31.png,6170,.png,undefined,converted,"小 Lottie 运行时 / 大 Lottie 烘焙图集"
assets/lottie/flashcard/images/img_32.png,6162,.png,undefined,converted,"小 Lottie 运行时 / 大 Lottie 烘焙图集"
assets/lottie/flashcard/images/img_33.png,5961,.png,undefined,converted,"小 Lottie 运行时 / 大 Lottie 烘焙图集"
assets/lottie/flashcard/images/img_34.png,6123,.png,undefined,converted,"小 Lottie 运行时 / 大 Lottie 烘焙图集"
assets/lottie/flashcard/images/img_35.png,6300,.png,undefined,converted,"小 Lottie 运行时 / 大 Lottie 烘焙图集"
assets/lottie/flashcard/images/img_36.png,6360,.png,undefined,converted,"小 Lottie 运行时 / 大 Lottie 烘焙图集"
assets/lottie/flashcard/images/img_37.png,6164,.png,undefined,converted,"小 Lottie 运行时 / 大 Lottie 烘焙图集"
assets/lottie/flashcard/images/img_38.png,5963,.png,undefined,converted,"小 Lottie 运行时 / 大 Lottie 烘焙图集"
assets/lottie/flashcard/images/img_39.png,6082,.png,undefined,converted,"小 Lottie 运行时 / 大 Lottie 烘焙图集"
assets/lottie/flashcard/images/img_4.png,6142,.png,undefined,converted,"小 Lottie 运行时 / 大 Lottie 烘焙图集"
assets/lottie/flashcard/images/img_40.png,6088,.png,undefined,converted,"小 Lottie 运行时 / 大 Lottie 烘焙图集"
assets/lottie/flashcard/images/img_41.png,6087,.png,undefined,converted,"小 Lottie 运行时 / 大 Lottie 烘焙图集"
assets/lottie/flashcard/images/img_42.png,5902,.png,undefined,converted,"小 Lottie 运行时 / 大 Lottie 烘焙图集"
assets/lottie/flashcard/images/img_43.png,6153,.png,undefined,converted,"小 Lottie 运行时 / 大 Lottie 烘焙图集"
assets/lottie/flashcard/images/img_44.png,6578,.png,undefined,converted,"小 Lottie 运行时 / 大 Lottie 烘焙图集"
assets/lottie/flashcard/images/img_45.png,6385,.png,undefined,converted,"小 Lottie 运行时 / 大 Lottie 烘焙图集"
assets/lottie/flashcard/images/img_46.png,6277,.png,undefined,converted,"小 Lottie 运行时 / 大 Lottie 烘焙图集"
assets/lottie/flashcard/images/img_47.png,6690,.png,undefined,converted,"小 Lottie 运行时 / 大 Lottie 烘焙图集"
assets/lottie/flashcard/images/img_48.png,6769,.png,undefined,converted,"小 Lottie 运行时 / 大 Lottie 烘焙图集"
assets/lottie/flashcard/images/img_49.png,6856,.png,undefined,converted,"小 Lottie 运行时 / 大 Lottie 烘焙图集"
assets/lottie/flashcard/images/img_5.png,6402,.png,undefined,converted,"小 Lottie 运行时 / 大 Lottie 烘焙图集"
assets/lottie/flashcard/images/img_50.png,6935,.png,undefined,converted,"小 Lottie 运行时 / 大 Lottie 烘焙图集"
assets/lottie/flashcard/images/img_51.png,6763,.png,undefined,converted,"小 Lottie 运行时 / 大 Lottie 烘焙图集"
assets/lottie/flashcard/images/img_52.png,6831,.png,undefined,converted,"小 Lottie 运行时 / 大 Lottie 烘焙图集"
assets/lottie/flashcard/images/img_53.png,6626,.png,undefined,converted,"小 Lottie 运行时 / 大 Lottie 烘焙图集"
assets/lottie/flashcard/images/img_54.png,6659,.png,undefined,converted,"小 Lottie 运行时 / 大 Lottie 烘焙图集"
assets/lottie/flashcard/images/img_55.png,6632,.png,undefined,converted,"小 Lottie 运行时 / 大 Lottie 烘焙图集"
assets/lottie/flashcard/images/img_56.png,6612,.png,undefined,converted,"小 Lottie 运行时 / 大 Lottie 烘焙图集"
assets/lottie/flashcard/images/img_57.png,6658,.png,undefined,converted,"小 Lottie 运行时 / 大 Lottie 烘焙图集"
assets/lottie/flashcard/images/img_58.png,6574,.png,undefined,converted,"小 Lottie 运行时 / 大 Lottie 烘焙图集"
assets/lottie/flashcard/images/img_6.png,6318,.png,undefined,converted,"小 Lottie 运行时 / 大 Lottie 烘焙图集"
assets/lottie/flashcard/images/img_7.png,6398,.png,undefined,converted,"小 Lottie 运行时 / 大 Lottie 烘焙图集"
assets/lottie/flashcard/images/img_8.png,6167,.png,undefined,converted,"小 Lottie 运行时 / 大 Lottie 烘焙图集"
assets/lottie/flashcard/images/img_9.png,6173,.png,undefined,converted,"小 Lottie 运行时 / 大 Lottie 烘焙图集"
assets/lottie/goNextFloor/data.json,4892,.json,undefined,converted,"小 Lottie 运行时 / 大 Lottie 烘焙图集"
assets/lottie/goNextFloor/images/img_0.png,625,.png,undefined,converted,"小 Lottie 运行时 / 大 Lottie 烘焙图集"
assets/lottie/goNextFloor/images/img_1.png,6092,.png,undefined,converted,"小 Lottie 运行时 / 大 Lottie 烘焙图集"
assets/lottie/goNextFloor/images/img_2.png,1680,.png,undefined,converted,"小 Lottie 运行时 / 大 Lottie 烘焙图集"
assets/lottie/goNextFloor/images/img_3.png,6745,.png,undefined,converted,"小 Lottie 运行时 / 大 Lottie 烘焙图集"
assets/lottie/goNextFloor/images/img_4.png,1166,.png,undefined,converted,"小 Lottie 运行时 / 大 Lottie 烘焙图集"
assets/lottie/hand/data.json,4278,.json,undefined,converted,"小 Lottie 运行时 / 大 Lottie 烘焙图集"
assets/lottie/hand/images/img_0.png,5636,.png,undefined,converted,"小 Lottie 运行时 / 大 Lottie 烘焙图集"
assets/lottie/handClick/data.json,2339,.json,undefined,converted,"小 Lottie 运行时 / 大 Lottie 烘焙图集"
assets/lottie/handClick/images/img_0.png,22579,.png,undefined,converted,"小 Lottie 运行时 / 大 Lottie 烘焙图集"
assets/lottie/handClick/images/img_1.png,18458,.png,undefined,converted,"小 Lottie 运行时 / 大 Lottie 烘焙图集"
assets/lottie/handMove/data.json,2143,.json,undefined,converted,"小 Lottie 运行时 / 大 Lottie 烘焙图集"
assets/lottie/handMove/images/img_0.png,22579,.png,undefined,converted,"小 Lottie 运行时 / 大 Lottie 烘焙图集"
assets/lottie/handMove/images/img_1.png,18458,.png,undefined,converted,"小 Lottie 运行时 / 大 Lottie 烘焙图集"
assets/lottie/hb/data.json,8326,.json,undefined,converted,"小 Lottie 运行时 / 大 Lottie 烘焙图集"
assets/lottie/hb/images/img_0.png,271,.png,undefined,converted,"小 Lottie 运行时 / 大 Lottie 烘焙图集"
assets/lottie/hb/images/img_1.png,2832,.png,undefined,converted,"小 Lottie 运行时 / 大 Lottie 烘焙图集"
assets/lottie/hb/images/img_2.png,4426,.png,undefined,converted,"小 Lottie 运行时 / 大 Lottie 烘焙图集"
assets/lottie/hbRotate/data.json,23750,.json,undefined,converted,"小 Lottie 运行时 / 大 Lottie 烘焙图集"
assets/lottie/hbRotate/images/img_0.png,6740,.png,undefined,converted,"小 Lottie 运行时 / 大 Lottie 烘焙图集"
assets/lottie/hbRotate/images/img_1.png,6960,.png,undefined,converted,"小 Lottie 运行时 / 大 Lottie 烘焙图集"
assets/lottie/hbRotate/images/img_10.png,5189,.png,undefined,converted,"小 Lottie 运行时 / 大 Lottie 烘焙图集"
assets/lottie/hbRotate/images/img_11.png,5493,.png,undefined,converted,"小 Lottie 运行时 / 大 Lottie 烘焙图集"
assets/lottie/hbRotate/images/img_12.png,5488,.png,undefined,converted,"小 Lottie 运行时 / 大 Lottie 烘焙图集"
assets/lottie/hbRotate/images/img_13.png,5893,.png,undefined,converted,"小 Lottie 运行时 / 大 Lottie 烘焙图集"
assets/lottie/hbRotate/images/img_14.png,5875,.png,undefined,converted,"小 Lottie 运行时 / 大 Lottie 烘焙图集"
assets/lottie/hbRotate/images/img_15.png,5104,.png,undefined,converted,"小 Lottie 运行时 / 大 Lottie 烘焙图集"
assets/lottie/hbRotate/images/img_16.png,4235,.png,undefined,converted,"小 Lottie 运行时 / 大 Lottie 烘焙图集"
assets/lottie/hbRotate/images/img_17.png,3854,.png,undefined,converted,"小 Lottie 运行时 / 大 Lottie 烘焙图集"
assets/lottie/hbRotate/images/img_18.png,1917,.png,undefined,converted,"小 Lottie 运行时 / 大 Lottie 烘焙图集"
assets/lottie/hbRotate/images/img_19.png,3913,.png,undefined,converted,"小 Lottie 运行时 / 大 Lottie 烘焙图集"
assets/lottie/hbRotate/images/img_2.png,6831,.png,undefined,converted,"小 Lottie 运行时 / 大 Lottie 烘焙图集"
assets/lottie/hbRotate/images/img_20.png,5870,.png,undefined,converted,"小 Lottie 运行时 / 大 Lottie 烘焙图集"
assets/lottie/hbRotate/images/img_21.png,5107,.png,undefined,converted,"小 Lottie 运行时 / 大 Lottie 烘焙图集"
assets/lottie/hbRotate/images/img_22.png,6555,.png,undefined,converted,"小 Lottie 运行时 / 大 Lottie 烘焙图集"
assets/lottie/hbRotate/images/img_23.png,6717,.png,undefined,converted,"小 Lottie 运行时 / 大 Lottie 烘焙图集"
assets/lottie/hbRotate/images/img_3.png,5917,.png,undefined,converted,"小 Lottie 运行时 / 大 Lottie 烘焙图集"
assets/lottie/hbRotate/images/img_4.png,5271,.png,undefined,converted,"小 Lottie 运行时 / 大 Lottie 烘焙图集"
assets/lottie/hbRotate/images/img_5.png,3911,.png,undefined,converted,"小 Lottie 运行时 / 大 Lottie 烘焙图集"
assets/lottie/hbRotate/images/img_6.png,1905,.png,undefined,converted,"小 Lottie 运行时 / 大 Lottie 烘焙图集"
assets/lottie/hbRotate/images/img_7.png,3476,.png,undefined,converted,"小 Lottie 运行时 / 大 Lottie 烘焙图集"
assets/lottie/hbRotate/images/img_8.png,5043,.png,undefined,converted,"小 Lottie 运行时 / 大 Lottie 烘焙图集"
assets/lottie/hbRotate/images/img_9.png,4584,.png,undefined,converted,"小 Lottie 运行时 / 大 Lottie 烘焙图集"
assets/lottie/hearts/data.json,1357,.json,undefined,converted,"小 Lottie 运行时 / 大 Lottie 烘焙图集"
assets/lottie/hearts/images/img_0.png,3787,.png,undefined,converted,"小 Lottie 运行时 / 大 Lottie 烘焙图集"
assets/lottie/join/data.json,3235,.json,undefined,converted,"小 Lottie 运行时 / 大 Lottie 烘焙图集"
assets/lottie/join/images/img_0.png,4363,.png,undefined,converted,"小 Lottie 运行时 / 大 Lottie 烘焙图集"
assets/lottie/join/images/img_1.png,1680,.png,undefined,converted,"小 Lottie 运行时 / 大 Lottie 烘焙图集"
assets/lottie/join/images/img_2.png,6745,.png,undefined,converted,"小 Lottie 运行时 / 大 Lottie 烘焙图集"
assets/lottie/join/images/img_3.png,1166,.png,undefined,converted,"小 Lottie 运行时 / 大 Lottie 烘焙图集"
assets/lottie/jointGuide/data.json,1411,.json,undefined,converted,"小 Lottie 运行时 / 大 Lottie 烘焙图集"
assets/lottie/jointGuide/images/image_0.png,120969,.png,undefined,converted,"小 Lottie 运行时 / 大 Lottie 烘焙图集"
assets/lottie/jointGuide/images/image_1.png,219197,.png,undefined,converted,"小 Lottie 运行时 / 大 Lottie 烘焙图集"
assets/lottie/killerKnife/data.json,25003,.json,undefined,converted,"小 Lottie 运行时 / 大 Lottie 烘焙图集"
assets/lottie/killerKnife/images/img_0.png,192,.png,undefined,converted,"小 Lottie 运行时 / 大 Lottie 烘焙图集"
assets/lottie/killerKnife/images/seq_0_0.png,2816,.png,undefined,converted,"小 Lottie 运行时 / 大 Lottie 烘焙图集"
assets/lottie/killerKnife/images/seq_0_1.png,2823,.png,undefined,converted,"小 Lottie 运行时 / 大 Lottie 烘焙图集"
assets/lottie/killerKnife/images/seq_0_10.png,3016,.png,undefined,converted,"小 Lottie 运行时 / 大 Lottie 烘焙图集"
assets/lottie/killerKnife/images/seq_0_11.png,3062,.png,undefined,converted,"小 Lottie 运行时 / 大 Lottie 烘焙图集"
assets/lottie/killerKnife/images/seq_0_12.png,3624,.png,undefined,converted,"小 Lottie 运行时 / 大 Lottie 烘焙图集"
assets/lottie/killerKnife/images/seq_0_13.png,4184,.png,undefined,converted,"小 Lottie 运行时 / 大 Lottie 烘焙图集"
assets/lottie/killerKnife/images/seq_0_14.png,3517,.png,undefined,converted,"小 Lottie 运行时 / 大 Lottie 烘焙图集"
assets/lottie/killerKnife/images/seq_0_15.png,3990,.png,undefined,converted,"小 Lottie 运行时 / 大 Lottie 烘焙图集"
assets/lottie/killerKnife/images/seq_0_16.png,4031,.png,undefined,converted,"小 Lottie 运行时 / 大 Lottie 烘焙图集"
assets/lottie/killerKnife/images/seq_0_17.png,2738,.png,undefined,converted,"小 Lottie 运行时 / 大 Lottie 烘焙图集"
assets/lottie/killerKnife/images/seq_0_18.png,2720,.png,undefined,converted,"小 Lottie 运行时 / 大 Lottie 烘焙图集"
assets/lottie/killerKnife/images/seq_0_19.png,2638,.png,undefined,converted,"小 Lottie 运行时 / 大 Lottie 烘焙图集"
assets/lottie/killerKnife/images/seq_0_2.png,2771,.png,undefined,converted,"小 Lottie 运行时 / 大 Lottie 烘焙图集"
assets/lottie/killerKnife/images/seq_0_20.png,2640,.png,undefined,converted,"小 Lottie 运行时 / 大 Lottie 烘焙图集"
assets/lottie/killerKnife/images/seq_0_21.png,2722,.png,undefined,converted,"小 Lottie 运行时 / 大 Lottie 烘焙图集"
assets/lottie/killerKnife/images/seq_0_22.png,2816,.png,undefined,converted,"小 Lottie 运行时 / 大 Lottie 烘焙图集"
assets/lottie/killerKnife/images/seq_0_23.png,2695,.png,undefined,converted,"小 Lottie 运行时 / 大 Lottie 烘焙图集"
assets/lottie/killerKnife/images/seq_0_24.png,2758,.png,undefined,converted,"小 Lottie 运行时 / 大 Lottie 烘焙图集"
assets/lottie/killerKnife/images/seq_0_25.png,2678,.png,undefined,converted,"小 Lottie 运行时 / 大 Lottie 烘焙图集"
assets/lottie/killerKnife/images/seq_0_26.png,2620,.png,undefined,converted,"小 Lottie 运行时 / 大 Lottie 烘焙图集"
assets/lottie/killerKnife/images/seq_0_27.png,2600,.png,undefined,converted,"小 Lottie 运行时 / 大 Lottie 烘焙图集"
assets/lottie/killerKnife/images/seq_0_28.png,2600,.png,undefined,converted,"小 Lottie 运行时 / 大 Lottie 烘焙图集"
assets/lottie/killerKnife/images/seq_0_29.png,2638,.png,undefined,converted,"小 Lottie 运行时 / 大 Lottie 烘焙图集"
assets/lottie/killerKnife/images/seq_0_3.png,2708,.png,undefined,converted,"小 Lottie 运行时 / 大 Lottie 烘焙图集"
assets/lottie/killerKnife/images/seq_0_30.png,2664,.png,undefined,converted,"小 Lottie 运行时 / 大 Lottie 烘焙图集"
assets/lottie/killerKnife/images/seq_0_31.png,2666,.png,undefined,converted,"小 Lottie 运行时 / 大 Lottie 烘焙图集"
assets/lottie/killerKnife/images/seq_0_32.png,2619,.png,undefined,converted,"小 Lottie 运行时 / 大 Lottie 烘焙图集"
assets/lottie/killerKnife/images/seq_0_33.png,2565,.png,undefined,converted,"小 Lottie 运行时 / 大 Lottie 烘焙图集"
assets/lottie/killerKnife/images/seq_0_34.png,2680,.png,undefined,converted,"小 Lottie 运行时 / 大 Lottie 烘焙图集"
assets/lottie/killerKnife/images/seq_0_35.png,2546,.png,undefined,converted,"小 Lottie 运行时 / 大 Lottie 烘焙图集"
assets/lottie/killerKnife/images/seq_0_36.png,2758,.png,undefined,converted,"小 Lottie 运行时 / 大 Lottie 烘焙图集"
assets/lottie/killerKnife/images/seq_0_37.png,2675,.png,undefined,converted,"小 Lottie 运行时 / 大 Lottie 烘焙图集"
assets/lottie/killerKnife/images/seq_0_38.png,2621,.png,undefined,converted,"小 Lottie 运行时 / 大 Lottie 烘焙图集"
assets/lottie/killerKnife/images/seq_0_39.png,2679,.png,undefined,converted,"小 Lottie 运行时 / 大 Lottie 烘焙图集"
assets/lottie/killerKnife/images/seq_0_4.png,2610,.png,undefined,converted,"小 Lottie 运行时 / 大 Lottie 烘焙图集"
assets/lottie/killerKnife/images/seq_0_40.png,2796,.png,undefined,converted,"小 Lottie 运行时 / 大 Lottie 烘焙图集"
assets/lottie/killerKnife/images/seq_0_41.png,2674,.png,undefined,converted,"小 Lottie 运行时 / 大 Lottie 烘焙图集"
assets/lottie/killerKnife/images/seq_0_42.png,2816,.png,undefined,converted,"小 Lottie 运行时 / 大 Lottie 烘焙图集"
assets/lottie/killerKnife/images/seq_0_43.png,2707,.png,undefined,converted,"小 Lottie 运行时 / 大 Lottie 烘焙图集"
assets/lottie/killerKnife/images/seq_0_44.png,2756,.png,undefined,converted,"小 Lottie 运行时 / 大 Lottie 烘焙图集"
assets/lottie/killerKnife/images/seq_0_45.png,2652,.png,undefined,converted,"小 Lottie 运行时 / 大 Lottie 烘焙图集"
assets/lottie/killerKnife/images/seq_0_46.png,2670,.png,undefined,converted,"小 Lottie 运行时 / 大 Lottie 烘焙图集"
assets/lottie/killerKnife/images/seq_0_47.png,2619,.png,undefined,converted,"小 Lottie 运行时 / 大 Lottie 烘焙图集"
assets/lottie/killerKnife/images/seq_0_48.png,2674,.png,undefined,converted,"小 Lottie 运行时 / 大 Lottie 烘焙图集"
assets/lottie/killerKnife/images/seq_0_49.png,2696,.png,undefined,converted,"小 Lottie 运行时 / 大 Lottie 烘焙图集"
assets/lottie/killerKnife/images/seq_0_5.png,2652,.png,undefined,converted,"小 Lottie 运行时 / 大 Lottie 烘焙图集"
assets/lottie/killerKnife/images/seq_0_50.png,2664,.png,undefined,converted,"小 Lottie 运行时 / 大 Lottie 烘焙图集"
assets/lottie/killerKnife/images/seq_0_51.png,2666,.png,undefined,converted,"小 Lottie 运行时 / 大 Lottie 烘焙图集"
assets/lottie/killerKnife/images/seq_0_52.png,2619,.png,undefined,converted,"小 Lottie 运行时 / 大 Lottie 烘焙图集"
assets/lottie/killerKnife/images/seq_0_53.png,2565,.png,undefined,converted,"小 Lottie 运行时 / 大 Lottie 烘焙图集"
assets/lottie/killerKnife/images/seq_0_54.png,2680,.png,undefined,converted,"小 Lottie 运行时 / 大 Lottie 烘焙图集"
assets/lottie/killerKnife/images/seq_0_55.png,2648,.png,undefined,converted,"小 Lottie 运行时 / 大 Lottie 烘焙图集"
assets/lottie/killerKnife/images/seq_0_56.png,2758,.png,undefined,converted,"小 Lottie 运行时 / 大 Lottie 烘焙图集"
assets/lottie/killerKnife/images/seq_0_57.png,2675,.png,undefined,converted,"小 Lottie 运行时 / 大 Lottie 烘焙图集"
assets/lottie/killerKnife/images/seq_0_58.png,2621,.png,undefined,converted,"小 Lottie 运行时 / 大 Lottie 烘焙图集"
assets/lottie/killerKnife/images/seq_0_59.png,2664,.png,undefined,converted,"小 Lottie 运行时 / 大 Lottie 烘焙图集"
assets/lottie/killerKnife/images/seq_0_6.png,2797,.png,undefined,converted,"小 Lottie 运行时 / 大 Lottie 烘焙图集"
assets/lottie/killerKnife/images/seq_0_60.png,2796,.png,undefined,converted,"小 Lottie 运行时 / 大 Lottie 烘焙图集"
assets/lottie/killerKnife/images/seq_0_61.png,2674,.png,undefined,converted,"小 Lottie 运行时 / 大 Lottie 烘焙图集"
assets/lottie/killerKnife/images/seq_0_62.png,2816,.png,undefined,converted,"小 Lottie 运行时 / 大 Lottie 烘焙图集"
assets/lottie/killerKnife/images/seq_0_63.png,2733,.png,undefined,converted,"小 Lottie 运行时 / 大 Lottie 烘焙图集"
assets/lottie/killerKnife/images/seq_0_64.png,2727,.png,undefined,converted,"小 Lottie 运行时 / 大 Lottie 烘焙图集"
assets/lottie/killerKnife/images/seq_0_65.png,2616,.png,undefined,converted,"小 Lottie 运行时 / 大 Lottie 烘焙图集"
assets/lottie/killerKnife/images/seq_0_66.png,2615,.png,undefined,converted,"小 Lottie 运行时 / 大 Lottie 烘焙图集"
assets/lottie/killerKnife/images/seq_0_67.png,2671,.png,undefined,converted,"小 Lottie 运行时 / 大 Lottie 烘焙图集"
assets/lottie/killerKnife/images/seq_0_68.png,2812,.png,undefined,converted,"小 Lottie 运行时 / 大 Lottie 烘焙图集"
assets/lottie/killerKnife/images/seq_0_69.png,2602,.png,undefined,converted,"小 Lottie 运行时 / 大 Lottie 烘焙图集"
assets/lottie/killerKnife/images/seq_0_7.png,2827,.png,undefined,converted,"小 Lottie 运行时 / 大 Lottie 烘焙图集"
assets/lottie/killerKnife/images/seq_0_70.png,2618,.png,undefined,converted,"小 Lottie 运行时 / 大 Lottie 烘焙图集"
assets/lottie/killerKnife/images/seq_0_71.png,2642,.png,undefined,converted,"小 Lottie 运行时 / 大 Lottie 烘焙图集"
assets/lottie/killerKnife/images/seq_0_72.png,2656,.png,undefined,converted,"小 Lottie 运行时 / 大 Lottie 烘焙图集"
assets/lottie/killerKnife/images/seq_0_73.png,2622,.png,undefined,converted,"小 Lottie 运行时 / 大 Lottie 烘焙图集"
assets/lottie/killerKnife/images/seq_0_74.png,2679,.png,undefined,converted,"小 Lottie 运行时 / 大 Lottie 烘焙图集"
assets/lottie/killerKnife/images/seq_0_75.png,2636,.png,undefined,converted,"小 Lottie 运行时 / 大 Lottie 烘焙图集"
assets/lottie/killerKnife/images/seq_0_76.png,2756,.png,undefined,converted,"小 Lottie 运行时 / 大 Lottie 烘焙图集"
assets/lottie/killerKnife/images/seq_0_77.png,2606,.png,undefined,converted,"小 Lottie 运行时 / 大 Lottie 烘焙图集"
assets/lottie/killerKnife/images/seq_0_78.png,2642,.png,undefined,converted,"小 Lottie 运行时 / 大 Lottie 烘焙图集"
assets/lottie/killerKnife/images/seq_0_79.png,2682,.png,undefined,converted,"小 Lottie 运行时 / 大 Lottie 烘焙图集"
assets/lottie/killerKnife/images/seq_0_8.png,2969,.png,undefined,converted,"小 Lottie 运行时 / 大 Lottie 烘焙图集"
assets/lottie/killerKnife/images/seq_0_80.png,2748,.png,undefined,converted,"小 Lottie 运行时 / 大 Lottie 烘焙图集"
assets/lottie/killerKnife/images/seq_0_81.png,2742,.png,undefined,converted,"小 Lottie 运行时 / 大 Lottie 烘焙图集"
assets/lottie/killerKnife/images/seq_0_9.png,2970,.png,undefined,converted,"小 Lottie 运行时 / 大 Lottie 烘焙图集"
assets/lottie/killerMonkey/data.json,25004,.json,undefined,converted,"小 Lottie 运行时 / 大 Lottie 烘焙图集"
assets/lottie/killerMonkey/images/img_0.png,192,.png,undefined,converted,"小 Lottie 运行时 / 大 Lottie 烘焙图集"
assets/lottie/killerMonkey/images/seq_0_0.png,2816,.png,undefined,converted,"小 Lottie 运行时 / 大 Lottie 烘焙图集"
assets/lottie/killerMonkey/images/seq_0_1.png,2823,.png,undefined,converted,"小 Lottie 运行时 / 大 Lottie 烘焙图集"
assets/lottie/killerMonkey/images/seq_0_10.png,3016,.png,undefined,converted,"小 Lottie 运行时 / 大 Lottie 烘焙图集"
assets/lottie/killerMonkey/images/seq_0_11.png,3062,.png,undefined,converted,"小 Lottie 运行时 / 大 Lottie 烘焙图集"
assets/lottie/killerMonkey/images/seq_0_12.png,3624,.png,undefined,converted,"小 Lottie 运行时 / 大 Lottie 烘焙图集"
assets/lottie/killerMonkey/images/seq_0_13.png,4184,.png,undefined,converted,"小 Lottie 运行时 / 大 Lottie 烘焙图集"
assets/lottie/killerMonkey/images/seq_0_14.png,3517,.png,undefined,converted,"小 Lottie 运行时 / 大 Lottie 烘焙图集"
assets/lottie/killerMonkey/images/seq_0_15.png,3990,.png,undefined,converted,"小 Lottie 运行时 / 大 Lottie 烘焙图集"
assets/lottie/killerMonkey/images/seq_0_16.png,4031,.png,undefined,converted,"小 Lottie 运行时 / 大 Lottie 烘焙图集"
assets/lottie/killerMonkey/images/seq_0_17.png,2738,.png,undefined,converted,"小 Lottie 运行时 / 大 Lottie 烘焙图集"
assets/lottie/killerMonkey/images/seq_0_18.png,2720,.png,undefined,converted,"小 Lottie 运行时 / 大 Lottie 烘焙图集"
assets/lottie/killerMonkey/images/seq_0_19.png,2638,.png,undefined,converted,"小 Lottie 运行时 / 大 Lottie 烘焙图集"
assets/lottie/killerMonkey/images/seq_0_2.png,2771,.png,undefined,converted,"小 Lottie 运行时 / 大 Lottie 烘焙图集"
assets/lottie/killerMonkey/images/seq_0_20.png,2640,.png,undefined,converted,"小 Lottie 运行时 / 大 Lottie 烘焙图集"
assets/lottie/killerMonkey/images/seq_0_21.png,2722,.png,undefined,converted,"小 Lottie 运行时 / 大 Lottie 烘焙图集"
assets/lottie/killerMonkey/images/seq_0_22.png,2816,.png,undefined,converted,"小 Lottie 运行时 / 大 Lottie 烘焙图集"
assets/lottie/killerMonkey/images/seq_0_23.png,2695,.png,undefined,converted,"小 Lottie 运行时 / 大 Lottie 烘焙图集"
assets/lottie/killerMonkey/images/seq_0_24.png,2758,.png,undefined,converted,"小 Lottie 运行时 / 大 Lottie 烘焙图集"
assets/lottie/killerMonkey/images/seq_0_25.png,2678,.png,undefined,converted,"小 Lottie 运行时 / 大 Lottie 烘焙图集"
assets/lottie/killerMonkey/images/seq_0_26.png,2620,.png,undefined,converted,"小 Lottie 运行时 / 大 Lottie 烘焙图集"
assets/lottie/killerMonkey/images/seq_0_27.png,2600,.png,undefined,converted,"小 Lottie 运行时 / 大 Lottie 烘焙图集"
assets/lottie/killerMonkey/images/seq_0_28.png,2600,.png,undefined,converted,"小 Lottie 运行时 / 大 Lottie 烘焙图集"
assets/lottie/killerMonkey/images/seq_0_29.png,2638,.png,undefined,converted,"小 Lottie 运行时 / 大 Lottie 烘焙图集"
assets/lottie/killerMonkey/images/seq_0_3.png,2708,.png,undefined,converted,"小 Lottie 运行时 / 大 Lottie 烘焙图集"
assets/lottie/killerMonkey/images/seq_0_30.png,2664,.png,undefined,converted,"小 Lottie 运行时 / 大 Lottie 烘焙图集"
assets/lottie/killerMonkey/images/seq_0_31.png,2666,.png,undefined,converted,"小 Lottie 运行时 / 大 Lottie 烘焙图集"
assets/lottie/killerMonkey/images/seq_0_32.png,2619,.png,undefined,converted,"小 Lottie 运行时 / 大 Lottie 烘焙图集"
assets/lottie/killerMonkey/images/seq_0_33.png,2565,.png,undefined,converted,"小 Lottie 运行时 / 大 Lottie 烘焙图集"
assets/lottie/killerMonkey/images/seq_0_34.png,2680,.png,undefined,converted,"小 Lottie 运行时 / 大 Lottie 烘焙图集"
assets/lottie/killerMonkey/images/seq_0_35.png,2546,.png,undefined,converted,"小 Lottie 运行时 / 大 Lottie 烘焙图集"
assets/lottie/killerMonkey/images/seq_0_36.png,2758,.png,undefined,converted,"小 Lottie 运行时 / 大 Lottie 烘焙图集"
assets/lottie/killerMonkey/images/seq_0_37.png,2675,.png,undefined,converted,"小 Lottie 运行时 / 大 Lottie 烘焙图集"
assets/lottie/killerMonkey/images/seq_0_38.png,2621,.png,undefined,converted,"小 Lottie 运行时 / 大 Lottie 烘焙图集"
assets/lottie/killerMonkey/images/seq_0_39.png,2679,.png,undefined,converted,"小 Lottie 运行时 / 大 Lottie 烘焙图集"
assets/lottie/killerMonkey/images/seq_0_4.png,2610,.png,undefined,converted,"小 Lottie 运行时 / 大 Lottie 烘焙图集"
assets/lottie/killerMonkey/images/seq_0_40.png,2796,.png,undefined,converted,"小 Lottie 运行时 / 大 Lottie 烘焙图集"
assets/lottie/killerMonkey/images/seq_0_41.png,2674,.png,undefined,converted,"小 Lottie 运行时 / 大 Lottie 烘焙图集"
assets/lottie/killerMonkey/images/seq_0_42.png,2816,.png,undefined,converted,"小 Lottie 运行时 / 大 Lottie 烘焙图集"
assets/lottie/killerMonkey/images/seq_0_43.png,2707,.png,undefined,converted,"小 Lottie 运行时 / 大 Lottie 烘焙图集"
assets/lottie/killerMonkey/images/seq_0_44.png,2756,.png,undefined,converted,"小 Lottie 运行时 / 大 Lottie 烘焙图集"
assets/lottie/killerMonkey/images/seq_0_45.png,2652,.png,undefined,converted,"小 Lottie 运行时 / 大 Lottie 烘焙图集"
assets/lottie/killerMonkey/images/seq_0_46.png,2670,.png,undefined,converted,"小 Lottie 运行时 / 大 Lottie 烘焙图集"
assets/lottie/killerMonkey/images/seq_0_47.png,2619,.png,undefined,converted,"小 Lottie 运行时 / 大 Lottie 烘焙图集"
assets/lottie/killerMonkey/images/seq_0_48.png,2674,.png,undefined,converted,"小 Lottie 运行时 / 大 Lottie 烘焙图集"
assets/lottie/killerMonkey/images/seq_0_49.png,2696,.png,undefined,converted,"小 Lottie 运行时 / 大 Lottie 烘焙图集"
assets/lottie/killerMonkey/images/seq_0_5.png,2652,.png,undefined,converted,"小 Lottie 运行时 / 大 Lottie 烘焙图集"
assets/lottie/killerMonkey/images/seq_0_50.png,2664,.png,undefined,converted,"小 Lottie 运行时 / 大 Lottie 烘焙图集"
assets/lottie/killerMonkey/images/seq_0_51.png,2666,.png,undefined,converted,"小 Lottie 运行时 / 大 Lottie 烘焙图集"
assets/lottie/killerMonkey/images/seq_0_52.png,2619,.png,undefined,converted,"小 Lottie 运行时 / 大 Lottie 烘焙图集"
assets/lottie/killerMonkey/images/seq_0_53.png,2565,.png,undefined,converted,"小 Lottie 运行时 / 大 Lottie 烘焙图集"
assets/lottie/killerMonkey/images/seq_0_54.png,2680,.png,undefined,converted,"小 Lottie 运行时 / 大 Lottie 烘焙图集"
assets/lottie/killerMonkey/images/seq_0_55.png,2648,.png,undefined,converted,"小 Lottie 运行时 / 大 Lottie 烘焙图集"
assets/lottie/killerMonkey/images/seq_0_56.png,2758,.png,undefined,converted,"小 Lottie 运行时 / 大 Lottie 烘焙图集"
assets/lottie/killerMonkey/images/seq_0_57.png,2675,.png,undefined,converted,"小 Lottie 运行时 / 大 Lottie 烘焙图集"
assets/lottie/killerMonkey/images/seq_0_58.png,2621,.png,undefined,converted,"小 Lottie 运行时 / 大 Lottie 烘焙图集"
assets/lottie/killerMonkey/images/seq_0_59.png,2664,.png,undefined,converted,"小 Lottie 运行时 / 大 Lottie 烘焙图集"
assets/lottie/killerMonkey/images/seq_0_6.png,2797,.png,undefined,converted,"小 Lottie 运行时 / 大 Lottie 烘焙图集"
assets/lottie/killerMonkey/images/seq_0_60.png,2796,.png,undefined,converted,"小 Lottie 运行时 / 大 Lottie 烘焙图集"
assets/lottie/killerMonkey/images/seq_0_61.png,2674,.png,undefined,converted,"小 Lottie 运行时 / 大 Lottie 烘焙图集"
assets/lottie/killerMonkey/images/seq_0_62.png,2816,.png,undefined,converted,"小 Lottie 运行时 / 大 Lottie 烘焙图集"
assets/lottie/killerMonkey/images/seq_0_63.png,2733,.png,undefined,converted,"小 Lottie 运行时 / 大 Lottie 烘焙图集"
assets/lottie/killerMonkey/images/seq_0_64.png,2727,.png,undefined,converted,"小 Lottie 运行时 / 大 Lottie 烘焙图集"
assets/lottie/killerMonkey/images/seq_0_65.png,2616,.png,undefined,converted,"小 Lottie 运行时 / 大 Lottie 烘焙图集"
assets/lottie/killerMonkey/images/seq_0_66.png,2615,.png,undefined,converted,"小 Lottie 运行时 / 大 Lottie 烘焙图集"
assets/lottie/killerMonkey/images/seq_0_67.png,2671,.png,undefined,converted,"小 Lottie 运行时 / 大 Lottie 烘焙图集"
assets/lottie/killerMonkey/images/seq_0_68.png,2812,.png,undefined,converted,"小 Lottie 运行时 / 大 Lottie 烘焙图集"
assets/lottie/killerMonkey/images/seq_0_69.png,2602,.png,undefined,converted,"小 Lottie 运行时 / 大 Lottie 烘焙图集"
assets/lottie/killerMonkey/images/seq_0_7.png,2827,.png,undefined,converted,"小 Lottie 运行时 / 大 Lottie 烘焙图集"
assets/lottie/killerMonkey/images/seq_0_70.png,2618,.png,undefined,converted,"小 Lottie 运行时 / 大 Lottie 烘焙图集"
assets/lottie/killerMonkey/images/seq_0_71.png,2642,.png,undefined,converted,"小 Lottie 运行时 / 大 Lottie 烘焙图集"
assets/lottie/killerMonkey/images/seq_0_72.png,2656,.png,undefined,converted,"小 Lottie 运行时 / 大 Lottie 烘焙图集"
assets/lottie/killerMonkey/images/seq_0_73.png,2622,.png,undefined,converted,"小 Lottie 运行时 / 大 Lottie 烘焙图集"
assets/lottie/killerMonkey/images/seq_0_74.png,2679,.png,undefined,converted,"小 Lottie 运行时 / 大 Lottie 烘焙图集"
assets/lottie/killerMonkey/images/seq_0_75.png,2636,.png,undefined,converted,"小 Lottie 运行时 / 大 Lottie 烘焙图集"
assets/lottie/killerMonkey/images/seq_0_76.png,2756,.png,undefined,converted,"小 Lottie 运行时 / 大 Lottie 烘焙图集"
assets/lottie/killerMonkey/images/seq_0_77.png,2606,.png,undefined,converted,"小 Lottie 运行时 / 大 Lottie 烘焙图集"
assets/lottie/killerMonkey/images/seq_0_78.png,2642,.png,undefined,converted,"小 Lottie 运行时 / 大 Lottie 烘焙图集"
assets/lottie/killerMonkey/images/seq_0_79.png,2682,.png,undefined,converted,"小 Lottie 运行时 / 大 Lottie 烘焙图集"
assets/lottie/killerMonkey/images/seq_0_8.png,2969,.png,undefined,converted,"小 Lottie 运行时 / 大 Lottie 烘焙图集"
assets/lottie/killerMonkey/images/seq_0_80.png,2748,.png,undefined,converted,"小 Lottie 运行时 / 大 Lottie 烘焙图集"
assets/lottie/killerMonkey/images/seq_0_81.png,2742,.png,undefined,converted,"小 Lottie 运行时 / 大 Lottie 烘焙图集"
assets/lottie/killerMonkey/images/seq_0_9.png,2970,.png,undefined,converted,"小 Lottie 运行时 / 大 Lottie 烘焙图集"
assets/lottie/midMushroomEat/data.json,1293,.json,undefined,converted,"小 Lottie 运行时 / 大 Lottie 烘焙图集"
assets/lottie/midMushroomEat/images/img_0.png,3649,.png,undefined,converted,"小 Lottie 运行时 / 大 Lottie 烘焙图集"
assets/lottie/midMushroomGrow/data.json,1186,.json,undefined,converted,"小 Lottie 运行时 / 大 Lottie 烘焙图集"
assets/lottie/midMushroomGrow/images/img_0.png,3649,.png,undefined,converted,"小 Lottie 运行时 / 大 Lottie 烘焙图集"
assets/lottie/modelEntry/data.json,1858,.json,undefined,converted,"小 Lottie 运行时 / 大 Lottie 烘焙图集"
assets/lottie/modelEntry/images/img_0.png,22672,.png,undefined,converted,"小 Lottie 运行时 / 大 Lottie 烘焙图集"
assets/lottie/monkeyFight/Idle/1/data.json,734,.json,undefined,converted,"小 Lottie 运行时 / 大 Lottie 烘焙图集"
assets/lottie/monkeyFight/Idle/1/images/img_0.png,1173,.png,undefined,converted,"小 Lottie 运行时 / 大 Lottie 烘焙图集"
assets/lottie/monkeyFight/Idle/10/data.json,734,.json,undefined,converted,"小 Lottie 运行时 / 大 Lottie 烘焙图集"
assets/lottie/monkeyFight/Idle/10/images/img_0.png,1751,.png,undefined,converted,"小 Lottie 运行时 / 大 Lottie 烘焙图集"
assets/lottie/monkeyFight/Idle/11/data.json,734,.json,undefined,converted,"小 Lottie 运行时 / 大 Lottie 烘焙图集"
assets/lottie/monkeyFight/Idle/11/images/img_0.png,1968,.png,undefined,converted,"小 Lottie 运行时 / 大 Lottie 烘焙图集"
assets/lottie/monkeyFight/Idle/2/data.json,734,.json,undefined,converted,"小 Lottie 运行时 / 大 Lottie 烘焙图集"
assets/lottie/monkeyFight/Idle/2/images/img_0.png,1873,.png,undefined,converted,"小 Lottie 运行时 / 大 Lottie 烘焙图集"
assets/lottie/monkeyFight/Idle/3/data.json,734,.json,undefined,converted,"小 Lottie 运行时 / 大 Lottie 烘焙图集"
assets/lottie/monkeyFight/Idle/3/images/img_0.png,1673,.png,undefined,converted,"小 Lottie 运行时 / 大 Lottie 烘焙图集"
assets/lottie/monkeyFight/Idle/4/data.json,734,.json,undefined,converted,"小 Lottie 运行时 / 大 Lottie 烘焙图集"
assets/lottie/monkeyFight/Idle/4/images/img_0.png,1789,.png,undefined,converted,"小 Lottie 运行时 / 大 Lottie 烘焙图集"
assets/lottie/monkeyFight/Idle/5/data.json,734,.json,undefined,converted,"小 Lottie 运行时 / 大 Lottie 烘焙图集"
assets/lottie/monkeyFight/Idle/5/images/img_0.png,1569,.png,undefined,converted,"小 Lottie 运行时 / 大 Lottie 烘焙图集"
assets/lottie/monkeyFight/Idle/6/data.json,734,.json,undefined,converted,"小 Lottie 运行时 / 大 Lottie 烘焙图集"
assets/lottie/monkeyFight/Idle/6/images/img_0.png,1729,.png,undefined,converted,"小 Lottie 运行时 / 大 Lottie 烘焙图集"
assets/lottie/monkeyFight/Idle/7/data.json,734,.json,undefined,converted,"小 Lottie 运行时 / 大 Lottie 烘焙图集"
assets/lottie/monkeyFight/Idle/7/images/img_0.png,1463,.png,undefined,converted,"小 Lottie 运行时 / 大 Lottie 烘焙图集"
assets/lottie/monkeyFight/Idle/8/data.json,734,.json,undefined,converted,"小 Lottie 运行时 / 大 Lottie 烘焙图集"
assets/lottie/monkeyFight/Idle/8/images/img_0.png,1781,.png,undefined,converted,"小 Lottie 运行时 / 大 Lottie 烘焙图集"
assets/lottie/monkeyFight/Idle/9/data.json,734,.json,undefined,converted,"小 Lottie 运行时 / 大 Lottie 烘焙图集"
assets/lottie/monkeyFight/Idle/9/images/img_0.png,1598,.png,undefined,converted,"小 Lottie 运行时 / 大 Lottie 烘焙图集"
assets/lottie/monkeyFight/walk/1/data.json,2389,.json,undefined,converted,"小 Lottie 运行时 / 大 Lottie 烘焙图集"
assets/lottie/monkeyFight/walk/1/images/img_0.png,1259,.png,undefined,converted,"小 Lottie 运行时 / 大 Lottie 烘焙图集"
assets/lottie/monkeyFight/walk/1/images/img_1.png,1284,.png,undefined,converted,"小 Lottie 运行时 / 大 Lottie 烘焙图集"
assets/lottie/monkeyFight/walk/1/images/img_2.png,1240,.png,undefined,converted,"小 Lottie 运行时 / 大 Lottie 烘焙图集"
assets/lottie/monkeyFight/walk/1/images/img_3.png,1242,.png,undefined,converted,"小 Lottie 运行时 / 大 Lottie 烘焙图集"
assets/lottie/monkeyFight/walk/1/images/img_4.png,1175,.png,undefined,converted,"小 Lottie 运行时 / 大 Lottie 烘焙图集"
assets/lottie/monkeyFight/walk/1/images/img_5.png,1261,.png,undefined,converted,"小 Lottie 运行时 / 大 Lottie 烘焙图集"
assets/lottie/monkeyFight/walk/10/data.json,2389,.json,undefined,converted,"小 Lottie 运行时 / 大 Lottie 烘焙图集"
assets/lottie/monkeyFight/walk/10/images/img_0.png,1838,.png,undefined,converted,"小 Lottie 运行时 / 大 Lottie 烘焙图集"
assets/lottie/monkeyFight/walk/10/images/img_1.png,1821,.png,undefined,converted,"小 Lottie 运行时 / 大 Lottie 烘焙图集"
assets/lottie/monkeyFight/walk/10/images/img_2.png,1811,.png,undefined,converted,"小 Lottie 运行时 / 大 Lottie 烘焙图集"
assets/lottie/monkeyFight/walk/10/images/img_3.png,1790,.png,undefined,converted,"小 Lottie 运行时 / 大 Lottie 烘焙图集"
assets/lottie/monkeyFight/walk/10/images/img_4.png,1755,.png,undefined,converted,"小 Lottie 运行时 / 大 Lottie 烘焙图集"
assets/lottie/monkeyFight/walk/10/images/img_5.png,1832,.png,undefined,converted,"小 Lottie 运行时 / 大 Lottie 烘焙图集"
assets/lottie/monkeyFight/walk/11/data.json,2389,.json,undefined,converted,"小 Lottie 运行时 / 大 Lottie 烘焙图集"
assets/lottie/monkeyFight/walk/11/images/img_0.png,2052,.png,undefined,converted,"小 Lottie 运行时 / 大 Lottie 烘焙图集"
assets/lottie/monkeyFight/walk/11/images/img_1.png,2002,.png,undefined,converted,"小 Lottie 运行时 / 大 Lottie 烘焙图集"
assets/lottie/monkeyFight/walk/11/images/img_2.png,1934,.png,undefined,converted,"小 Lottie 运行时 / 大 Lottie 烘焙图集"
assets/lottie/monkeyFight/walk/11/images/img_3.png,1936,.png,undefined,converted,"小 Lottie 运行时 / 大 Lottie 烘焙图集"
assets/lottie/monkeyFight/walk/11/images/img_4.png,1951,.png,undefined,converted,"小 Lottie 运行时 / 大 Lottie 烘焙图集"
assets/lottie/monkeyFight/walk/11/images/img_5.png,1969,.png,undefined,converted,"小 Lottie 运行时 / 大 Lottie 烘焙图集"
assets/lottie/monkeyFight/walk/2/data.json,2389,.json,undefined,converted,"小 Lottie 运行时 / 大 Lottie 烘焙图集"
assets/lottie/monkeyFight/walk/2/images/img_0.png,1993,.png,undefined,converted,"小 Lottie 运行时 / 大 Lottie 烘焙图集"
assets/lottie/monkeyFight/walk/2/images/img_1.png,1997,.png,undefined,converted,"小 Lottie 运行时 / 大 Lottie 烘焙图集"
assets/lottie/monkeyFight/walk/2/images/img_2.png,1922,.png,undefined,converted,"小 Lottie 运行时 / 大 Lottie 烘焙图集"
assets/lottie/monkeyFight/walk/2/images/img_3.png,1912,.png,undefined,converted,"小 Lottie 运行时 / 大 Lottie 烘焙图集"
assets/lottie/monkeyFight/walk/2/images/img_4.png,1916,.png,undefined,converted,"小 Lottie 运行时 / 大 Lottie 烘焙图集"
assets/lottie/monkeyFight/walk/2/images/img_5.png,1966,.png,undefined,converted,"小 Lottie 运行时 / 大 Lottie 烘焙图集"
assets/lottie/monkeyFight/walk/3/data.json,2389,.json,undefined,converted,"小 Lottie 运行时 / 大 Lottie 烘焙图集"
assets/lottie/monkeyFight/walk/3/images/img_0.png,1885,.png,undefined,converted,"小 Lottie 运行时 / 大 Lottie 烘焙图集"
assets/lottie/monkeyFight/walk/3/images/img_1.png,1998,.png,undefined,converted,"小 Lottie 运行时 / 大 Lottie 烘焙图集"
assets/lottie/monkeyFight/walk/3/images/img_2.png,1778,.png,undefined,converted,"小 Lottie 运行时 / 大 Lottie 烘焙图集"
assets/lottie/monkeyFight/walk/3/images/img_3.png,1747,.png,undefined,converted,"小 Lottie 运行时 / 大 Lottie 烘焙图集"
assets/lottie/monkeyFight/walk/3/images/img_4.png,1784,.png,undefined,converted,"小 Lottie 运行时 / 大 Lottie 烘焙图集"
assets/lottie/monkeyFight/walk/3/images/img_5.png,1868,.png,undefined,converted,"小 Lottie 运行时 / 大 Lottie 烘焙图集"
assets/lottie/monkeyFight/walk/4/data.json,2389,.json,undefined,converted,"小 Lottie 运行时 / 大 Lottie 烘焙图集"
assets/lottie/monkeyFight/walk/4/images/img_0.png,1823,.png,undefined,converted,"小 Lottie 运行时 / 大 Lottie 烘焙图集"
assets/lottie/monkeyFight/walk/4/images/img_1.png,1958,.png,undefined,converted,"小 Lottie 运行时 / 大 Lottie 烘焙图集"
assets/lottie/monkeyFight/walk/4/images/img_2.png,1803,.png,undefined,converted,"小 Lottie 运行时 / 大 Lottie 烘焙图集"
assets/lottie/monkeyFight/walk/4/images/img_3.png,1737,.png,undefined,converted,"小 Lottie 运行时 / 大 Lottie 烘焙图集"
assets/lottie/monkeyFight/walk/4/images/img_4.png,1738,.png,undefined,converted,"小 Lottie 运行时 / 大 Lottie 烘焙图集"
assets/lottie/monkeyFight/walk/4/images/img_5.png,1819,.png,undefined,converted,"小 Lottie 运行时 / 大 Lottie 烘焙图集"
assets/lottie/monkeyFight/walk/5/data.json,2389,.json,undefined,converted,"小 Lottie 运行时 / 大 Lottie 烘焙图集"
assets/lottie/monkeyFight/walk/5/images/img_0.png,1697,.png,undefined,converted,"小 Lottie 运行时 / 大 Lottie 烘焙图集"
assets/lottie/monkeyFight/walk/5/images/img_1.png,1691,.png,undefined,converted,"小 Lottie 运行时 / 大 Lottie 烘焙图集"
assets/lottie/monkeyFight/walk/5/images/img_2.png,1573,.png,undefined,converted,"小 Lottie 运行时 / 大 Lottie 烘焙图集"
assets/lottie/monkeyFight/walk/5/images/img_3.png,1597,.png,undefined,converted,"小 Lottie 运行时 / 大 Lottie 烘焙图集"
assets/lottie/monkeyFight/walk/5/images/img_4.png,1610,.png,undefined,converted,"小 Lottie 运行时 / 大 Lottie 烘焙图集"
assets/lottie/monkeyFight/walk/5/images/img_5.png,1649,.png,undefined,converted,"小 Lottie 运行时 / 大 Lottie 烘焙图集"
assets/lottie/monkeyFight/walk/6/data.json,2389,.json,undefined,converted,"小 Lottie 运行时 / 大 Lottie 烘焙图集"
assets/lottie/monkeyFight/walk/6/images/img_0.png,1883,.png,undefined,converted,"小 Lottie 运行时 / 大 Lottie 烘焙图集"
assets/lottie/monkeyFight/walk/6/images/img_1.png,1842,.png,undefined,converted,"小 Lottie 运行时 / 大 Lottie 烘焙图集"
assets/lottie/monkeyFight/walk/6/images/img_2.png,1706,.png,undefined,converted,"小 Lottie 运行时 / 大 Lottie 烘焙图集"
assets/lottie/monkeyFight/walk/6/images/img_3.png,1780,.png,undefined,converted,"小 Lottie 运行时 / 大 Lottie 烘焙图集"
assets/lottie/monkeyFight/walk/6/images/img_4.png,1782,.png,undefined,converted,"小 Lottie 运行时 / 大 Lottie 烘焙图集"
assets/lottie/monkeyFight/walk/6/images/img_5.png,1862,.png,undefined,converted,"小 Lottie 运行时 / 大 Lottie 烘焙图集"
assets/lottie/monkeyFight/walk/7/data.json,2389,.json,undefined,converted,"小 Lottie 运行时 / 大 Lottie 烘焙图集"
assets/lottie/monkeyFight/walk/7/images/img_0.png,1580,.png,undefined,converted,"小 Lottie 运行时 / 大 Lottie 烘焙图集"
assets/lottie/monkeyFight/walk/7/images/img_1.png,1514,.png,undefined,converted,"小 Lottie 运行时 / 大 Lottie 烘焙图集"
assets/lottie/monkeyFight/walk/7/images/img_2.png,1521,.png,undefined,converted,"小 Lottie 运行时 / 大 Lottie 烘焙图集"
assets/lottie/monkeyFight/walk/7/images/img_3.png,1535,.png,undefined,converted,"小 Lottie 运行时 / 大 Lottie 烘焙图集"
assets/lottie/monkeyFight/walk/7/images/img_4.png,1533,.png,undefined,converted,"小 Lottie 运行时 / 大 Lottie 烘焙图集"
assets/lottie/monkeyFight/walk/7/images/img_5.png,1595,.png,undefined,converted,"小 Lottie 运行时 / 大 Lottie 烘焙图集"
assets/lottie/monkeyFight/walk/8/data.json,2389,.json,undefined,converted,"小 Lottie 运行时 / 大 Lottie 烘焙图集"
assets/lottie/monkeyFight/walk/8/images/img_0.png,1841,.png,undefined,converted,"小 Lottie 运行时 / 大 Lottie 烘焙图集"
assets/lottie/monkeyFight/walk/8/images/img_1.png,1895,.png,undefined,converted,"小 Lottie 运行时 / 大 Lottie 烘焙图集"
assets/lottie/monkeyFight/walk/8/images/img_2.png,1848,.png,undefined,converted,"小 Lottie 运行时 / 大 Lottie 烘焙图集"
assets/lottie/monkeyFight/walk/8/images/img_3.png,1786,.png,undefined,converted,"小 Lottie 运行时 / 大 Lottie 烘焙图集"
assets/lottie/monkeyFight/walk/8/images/img_4.png,1794,.png,undefined,converted,"小 Lottie 运行时 / 大 Lottie 烘焙图集"
assets/lottie/monkeyFight/walk/8/images/img_5.png,1867,.png,undefined,converted,"小 Lottie 运行时 / 大 Lottie 烘焙图集"
assets/lottie/monkeyFight/walk/9/data.json,2389,.json,undefined,converted,"小 Lottie 运行时 / 大 Lottie 烘焙图集"
assets/lottie/monkeyFight/walk/9/images/img_0.png,1624,.png,undefined,converted,"小 Lottie 运行时 / 大 Lottie 烘焙图集"
assets/lottie/monkeyFight/walk/9/images/img_1.png,1683,.png,undefined,converted,"小 Lottie 运行时 / 大 Lottie 烘焙图集"
assets/lottie/monkeyFight/walk/9/images/img_2.png,1585,.png,undefined,converted,"小 Lottie 运行时 / 大 Lottie 烘焙图集"
assets/lottie/monkeyFight/walk/9/images/img_3.png,1535,.png,undefined,converted,"小 Lottie 运行时 / 大 Lottie 烘焙图集"
assets/lottie/monkeyFight/walk/9/images/img_4.png,1539,.png,undefined,converted,"小 Lottie 运行时 / 大 Lottie 烘焙图集"
assets/lottie/monkeyFight/walk/9/images/img_5.png,1578,.png,undefined,converted,"小 Lottie 运行时 / 大 Lottie 烘焙图集"
assets/lottie/myMonkey/data.json,18725,.json,undefined,converted,"小 Lottie 运行时 / 大 Lottie 烘焙图集"
assets/lottie/myMonkey/images/img_0.png,192,.png,undefined,converted,"小 Lottie 运行时 / 大 Lottie 烘焙图集"
assets/lottie/myMonkey/images/seq_0_0.png,2105,.png,undefined,converted,"小 Lottie 运行时 / 大 Lottie 烘焙图集"
assets/lottie/myMonkey/images/seq_0_1.png,2095,.png,undefined,converted,"小 Lottie 运行时 / 大 Lottie 烘焙图集"
assets/lottie/myMonkey/images/seq_0_10.png,2116,.png,undefined,converted,"小 Lottie 运行时 / 大 Lottie 烘焙图集"
assets/lottie/myMonkey/images/seq_0_11.png,2135,.png,undefined,converted,"小 Lottie 运行时 / 大 Lottie 烘焙图集"
assets/lottie/myMonkey/images/seq_0_12.png,2064,.png,undefined,converted,"小 Lottie 运行时 / 大 Lottie 烘焙图集"
assets/lottie/myMonkey/images/seq_0_13.png,2044,.png,undefined,converted,"小 Lottie 运行时 / 大 Lottie 烘焙图集"
assets/lottie/myMonkey/images/seq_0_14.png,2030,.png,undefined,converted,"小 Lottie 运行时 / 大 Lottie 烘焙图集"
assets/lottie/myMonkey/images/seq_0_15.png,1991,.png,undefined,converted,"小 Lottie 运行时 / 大 Lottie 烘焙图集"
assets/lottie/myMonkey/images/seq_0_16.png,2068,.png,undefined,converted,"小 Lottie 运行时 / 大 Lottie 烘焙图集"
assets/lottie/myMonkey/images/seq_0_17.png,1918,.png,undefined,converted,"小 Lottie 运行时 / 大 Lottie 烘焙图集"
assets/lottie/myMonkey/images/seq_0_18.png,1980,.png,undefined,converted,"小 Lottie 运行时 / 大 Lottie 烘焙图集"
assets/lottie/myMonkey/images/seq_0_19.png,2044,.png,undefined,converted,"小 Lottie 运行时 / 大 Lottie 烘焙图集"
assets/lottie/myMonkey/images/seq_0_2.png,1976,.png,undefined,converted,"小 Lottie 运行时 / 大 Lottie 烘焙图集"
assets/lottie/myMonkey/images/seq_0_20.png,2127,.png,undefined,converted,"小 Lottie 运行时 / 大 Lottie 烘焙图集"
assets/lottie/myMonkey/images/seq_0_21.png,2073,.png,undefined,converted,"小 Lottie 运行时 / 大 Lottie 烘焙图集"
assets/lottie/myMonkey/images/seq_0_22.png,1976,.png,undefined,converted,"小 Lottie 运行时 / 大 Lottie 烘焙图集"
assets/lottie/myMonkey/images/seq_0_23.png,2104,.png,undefined,converted,"小 Lottie 运行时 / 大 Lottie 烘焙图集"
assets/lottie/myMonkey/images/seq_0_24.png,1978,.png,undefined,converted,"小 Lottie 运行时 / 大 Lottie 烘焙图集"
assets/lottie/myMonkey/images/seq_0_25.png,2155,.png,undefined,converted,"小 Lottie 运行时 / 大 Lottie 烘焙图集"
assets/lottie/myMonkey/images/seq_0_26.png,1996,.png,undefined,converted,"小 Lottie 运行时 / 大 Lottie 烘焙图集"
assets/lottie/myMonkey/images/seq_0_27.png,2106,.png,undefined,converted,"小 Lottie 运行时 / 大 Lottie 烘焙图集"
assets/lottie/myMonkey/images/seq_0_28.png,2104,.png,undefined,converted,"小 Lottie 运行时 / 大 Lottie 烘焙图集"
assets/lottie/myMonkey/images/seq_0_29.png,2275,.png,undefined,converted,"小 Lottie 运行时 / 大 Lottie 烘焙图集"
assets/lottie/myMonkey/images/seq_0_3.png,1937,.png,undefined,converted,"小 Lottie 运行时 / 大 Lottie 烘焙图集"
assets/lottie/myMonkey/images/seq_0_30.png,2116,.png,undefined,converted,"小 Lottie 运行时 / 大 Lottie 烘焙图集"
assets/lottie/myMonkey/images/seq_0_31.png,2135,.png,undefined,converted,"小 Lottie 运行时 / 大 Lottie 烘焙图集"
assets/lottie/myMonkey/images/seq_0_32.png,2064,.png,undefined,converted,"小 Lottie 运行时 / 大 Lottie 烘焙图集"
assets/lottie/myMonkey/images/seq_0_33.png,2044,.png,undefined,converted,"小 Lottie 运行时 / 大 Lottie 烘焙图集"
assets/lottie/myMonkey/images/seq_0_34.png,2030,.png,undefined,converted,"小 Lottie 运行时 / 大 Lottie 烘焙图集"
assets/lottie/myMonkey/images/seq_0_35.png,1991,.png,undefined,converted,"小 Lottie 运行时 / 大 Lottie 烘焙图集"
assets/lottie/myMonkey/images/seq_0_36.png,2068,.png,undefined,converted,"小 Lottie 运行时 / 大 Lottie 烘焙图集"
assets/lottie/myMonkey/images/seq_0_37.png,1918,.png,undefined,converted,"小 Lottie 运行时 / 大 Lottie 烘焙图集"
assets/lottie/myMonkey/images/seq_0_38.png,1980,.png,undefined,converted,"小 Lottie 运行时 / 大 Lottie 烘焙图集"
assets/lottie/myMonkey/images/seq_0_39.png,2044,.png,undefined,converted,"小 Lottie 运行时 / 大 Lottie 烘焙图集"
assets/lottie/myMonkey/images/seq_0_4.png,1978,.png,undefined,converted,"小 Lottie 运行时 / 大 Lottie 烘焙图集"
assets/lottie/myMonkey/images/seq_0_40.png,2127,.png,undefined,converted,"小 Lottie 运行时 / 大 Lottie 烘焙图集"
assets/lottie/myMonkey/images/seq_0_41.png,2073,.png,undefined,converted,"小 Lottie 运行时 / 大 Lottie 烘焙图集"
assets/lottie/myMonkey/images/seq_0_42.png,1976,.png,undefined,converted,"小 Lottie 运行时 / 大 Lottie 烘焙图集"
assets/lottie/myMonkey/images/seq_0_43.png,2104,.png,undefined,converted,"小 Lottie 运行时 / 大 Lottie 烘焙图集"
assets/lottie/myMonkey/images/seq_0_44.png,1978,.png,undefined,converted,"小 Lottie 运行时 / 大 Lottie 烘焙图集"
assets/lottie/myMonkey/images/seq_0_45.png,2155,.png,undefined,converted,"小 Lottie 运行时 / 大 Lottie 烘焙图集"
assets/lottie/myMonkey/images/seq_0_46.png,1996,.png,undefined,converted,"小 Lottie 运行时 / 大 Lottie 烘焙图集"
assets/lottie/myMonkey/images/seq_0_47.png,2127,.png,undefined,converted,"小 Lottie 运行时 / 大 Lottie 烘焙图集"
assets/lottie/myMonkey/images/seq_0_48.png,2104,.png,undefined,converted,"小 Lottie 运行时 / 大 Lottie 烘焙图集"
assets/lottie/myMonkey/images/seq_0_49.png,2275,.png,undefined,converted,"小 Lottie 运行时 / 大 Lottie 烘焙图集"
assets/lottie/myMonkey/images/seq_0_5.png,2155,.png,undefined,converted,"小 Lottie 运行时 / 大 Lottie 烘焙图集"
assets/lottie/myMonkey/images/seq_0_50.png,2116,.png,undefined,converted,"小 Lottie 运行时 / 大 Lottie 烘焙图集"
assets/lottie/myMonkey/images/seq_0_51.png,2135,.png,undefined,converted,"小 Lottie 运行时 / 大 Lottie 烘焙图集"
assets/lottie/myMonkey/images/seq_0_52.png,2064,.png,undefined,converted,"小 Lottie 运行时 / 大 Lottie 烘焙图集"
assets/lottie/myMonkey/images/seq_0_53.png,1955,.png,undefined,converted,"小 Lottie 运行时 / 大 Lottie 烘焙图集"
assets/lottie/myMonkey/images/seq_0_54.png,1940,.png,undefined,converted,"小 Lottie 运行时 / 大 Lottie 烘焙图集"
assets/lottie/myMonkey/images/seq_0_55.png,2048,.png,undefined,converted,"小 Lottie 运行时 / 大 Lottie 烘焙图集"
assets/lottie/myMonkey/images/seq_0_56.png,2033,.png,undefined,converted,"小 Lottie 运行时 / 大 Lottie 烘焙图集"
assets/lottie/myMonkey/images/seq_0_57.png,2078,.png,undefined,converted,"小 Lottie 运行时 / 大 Lottie 烘焙图集"
assets/lottie/myMonkey/images/seq_0_58.png,1937,.png,undefined,converted,"小 Lottie 运行时 / 大 Lottie 烘焙图集"
assets/lottie/myMonkey/images/seq_0_59.png,2035,.png,undefined,converted,"小 Lottie 运行时 / 大 Lottie 烘焙图集"
assets/lottie/myMonkey/images/seq_0_6.png,1996,.png,undefined,converted,"小 Lottie 运行时 / 大 Lottie 烘焙图集"
assets/lottie/myMonkey/images/seq_0_7.png,2127,.png,undefined,converted,"小 Lottie 运行时 / 大 Lottie 烘焙图集"
assets/lottie/myMonkey/images/seq_0_8.png,2104,.png,undefined,converted,"小 Lottie 运行时 / 大 Lottie 烘焙图集"
assets/lottie/myMonkey/images/seq_0_9.png,2275,.png,undefined,converted,"小 Lottie 运行时 / 大 Lottie 烘焙图集"
assets/lottie/otherMonkey/data.json,18303,.json,undefined,converted,"小 Lottie 运行时 / 大 Lottie 烘焙图集"
assets/lottie/otherMonkey/images/img_0.png,187,.png,undefined,converted,"小 Lottie 运行时 / 大 Lottie 烘焙图集"
assets/lottie/otherMonkey/images/seq_0_0.png,1944,.png,undefined,converted,"小 Lottie 运行时 / 大 Lottie 烘焙图集"
assets/lottie/otherMonkey/images/seq_0_1.png,1823,.png,undefined,converted,"小 Lottie 运行时 / 大 Lottie 烘焙图集"
assets/lottie/otherMonkey/images/seq_0_10.png,2107,.png,undefined,converted,"小 Lottie 运行时 / 大 Lottie 烘焙图集"
assets/lottie/otherMonkey/images/seq_0_11.png,2115,.png,undefined,converted,"小 Lottie 运行时 / 大 Lottie 烘焙图集"
assets/lottie/otherMonkey/images/seq_0_12.png,2124,.png,undefined,converted,"小 Lottie 运行时 / 大 Lottie 烘焙图集"
assets/lottie/otherMonkey/images/seq_0_13.png,2104,.png,undefined,converted,"小 Lottie 运行时 / 大 Lottie 烘焙图集"
assets/lottie/otherMonkey/images/seq_0_14.png,2131,.png,undefined,converted,"小 Lottie 运行时 / 大 Lottie 烘焙图集"
assets/lottie/otherMonkey/images/seq_0_15.png,2099,.png,undefined,converted,"小 Lottie 运行时 / 大 Lottie 烘焙图集"
assets/lottie/otherMonkey/images/seq_0_16.png,2089,.png,undefined,converted,"小 Lottie 运行时 / 大 Lottie 烘焙图集"
assets/lottie/otherMonkey/images/seq_0_17.png,2010,.png,undefined,converted,"小 Lottie 运行时 / 大 Lottie 烘焙图集"
assets/lottie/otherMonkey/images/seq_0_18.png,2088,.png,undefined,converted,"小 Lottie 运行时 / 大 Lottie 烘焙图集"
assets/lottie/otherMonkey/images/seq_0_19.png,1982,.png,undefined,converted,"小 Lottie 运行时 / 大 Lottie 烘焙图集"
assets/lottie/otherMonkey/images/seq_0_2.png,1967,.png,undefined,converted,"小 Lottie 运行时 / 大 Lottie 烘焙图集"
assets/lottie/otherMonkey/images/seq_0_20.png,2012,.png,undefined,converted,"小 Lottie 运行时 / 大 Lottie 烘焙图集"
assets/lottie/otherMonkey/images/seq_0_21.png,1870,.png,undefined,converted,"小 Lottie 运行时 / 大 Lottie 烘焙图集"
assets/lottie/otherMonkey/images/seq_0_22.png,1908,.png,undefined,converted,"小 Lottie 运行时 / 大 Lottie 烘焙图集"
assets/lottie/otherMonkey/images/seq_0_23.png,1877,.png,undefined,converted,"小 Lottie 运行时 / 大 Lottie 烘焙图集"
assets/lottie/otherMonkey/images/seq_0_24.png,1942,.png,undefined,converted,"小 Lottie 运行时 / 大 Lottie 烘焙图集"
assets/lottie/otherMonkey/images/seq_0_25.png,2033,.png,undefined,converted,"小 Lottie 运行时 / 大 Lottie 烘焙图集"
assets/lottie/otherMonkey/images/seq_0_26.png,2084,.png,undefined,converted,"小 Lottie 运行时 / 大 Lottie 烘焙图集"
assets/lottie/otherMonkey/images/seq_0_27.png,2077,.png,undefined,converted,"小 Lottie 运行时 / 大 Lottie 烘焙图集"
assets/lottie/otherMonkey/images/seq_0_28.png,2114,.png,undefined,converted,"小 Lottie 运行时 / 大 Lottie 烘焙图集"
assets/lottie/otherMonkey/images/seq_0_29.png,1974,.png,undefined,converted,"小 Lottie 运行时 / 大 Lottie 烘焙图集"
assets/lottie/otherMonkey/images/seq_0_3.png,1881,.png,undefined,converted,"小 Lottie 运行时 / 大 Lottie 烘焙图集"
assets/lottie/otherMonkey/images/seq_0_30.png,2023,.png,undefined,converted,"小 Lottie 运行时 / 大 Lottie 烘焙图集"
assets/lottie/otherMonkey/images/seq_0_31.png,2133,.png,undefined,converted,"小 Lottie 运行时 / 大 Lottie 烘焙图集"
assets/lottie/otherMonkey/images/seq_0_32.png,2161,.png,undefined,converted,"小 Lottie 运行时 / 大 Lottie 烘焙图集"
assets/lottie/otherMonkey/images/seq_0_33.png,2096,.png,undefined,converted,"小 Lottie 运行时 / 大 Lottie 烘焙图集"
assets/lottie/otherMonkey/images/seq_0_34.png,2047,.png,undefined,converted,"小 Lottie 运行时 / 大 Lottie 烘焙图集"
assets/lottie/otherMonkey/images/seq_0_35.png,2097,.png,undefined,converted,"小 Lottie 运行时 / 大 Lottie 烘焙图集"
assets/lottie/otherMonkey/images/seq_0_36.png,2048,.png,undefined,converted,"小 Lottie 运行时 / 大 Lottie 烘焙图集"
assets/lottie/otherMonkey/images/seq_0_37.png,2085,.png,undefined,converted,"小 Lottie 运行时 / 大 Lottie 烘焙图集"
assets/lottie/otherMonkey/images/seq_0_38.png,2160,.png,undefined,converted,"小 Lottie 运行时 / 大 Lottie 烘焙图集"
assets/lottie/otherMonkey/images/seq_0_39.png,2084,.png,undefined,converted,"小 Lottie 运行时 / 大 Lottie 烘焙图集"
assets/lottie/otherMonkey/images/seq_0_4.png,1920,.png,undefined,converted,"小 Lottie 运行时 / 大 Lottie 烘焙图集"
assets/lottie/otherMonkey/images/seq_0_40.png,1949,.png,undefined,converted,"小 Lottie 运行时 / 大 Lottie 烘焙图集"
assets/lottie/otherMonkey/images/seq_0_41.png,1907,.png,undefined,converted,"小 Lottie 运行时 / 大 Lottie 烘焙图集"
assets/lottie/otherMonkey/images/seq_0_42.png,1918,.png,undefined,converted,"小 Lottie 运行时 / 大 Lottie 烘焙图集"
assets/lottie/otherMonkey/images/seq_0_43.png,1883,.png,undefined,converted,"小 Lottie 运行时 / 大 Lottie 烘焙图集"
assets/lottie/otherMonkey/images/seq_0_44.png,1942,.png,undefined,converted,"小 Lottie 运行时 / 大 Lottie 烘焙图集"
assets/lottie/otherMonkey/images/seq_0_45.png,2033,.png,undefined,converted,"小 Lottie 运行时 / 大 Lottie 烘焙图集"
assets/lottie/otherMonkey/images/seq_0_46.png,2084,.png,undefined,converted,"小 Lottie 运行时 / 大 Lottie 烘焙图集"
assets/lottie/otherMonkey/images/seq_0_47.png,2077,.png,undefined,converted,"小 Lottie 运行时 / 大 Lottie 烘焙图集"
assets/lottie/otherMonkey/images/seq_0_48.png,2114,.png,undefined,converted,"小 Lottie 运行时 / 大 Lottie 烘焙图集"
assets/lottie/otherMonkey/images/seq_0_49.png,1974,.png,undefined,converted,"小 Lottie 运行时 / 大 Lottie 烘焙图集"
assets/lottie/otherMonkey/images/seq_0_5.png,2008,.png,undefined,converted,"小 Lottie 运行时 / 大 Lottie 烘焙图集"
assets/lottie/otherMonkey/images/seq_0_50.png,2023,.png,undefined,converted,"小 Lottie 运行时 / 大 Lottie 烘焙图集"
assets/lottie/otherMonkey/images/seq_0_51.png,2133,.png,undefined,converted,"小 Lottie 运行时 / 大 Lottie 烘焙图集"
assets/lottie/otherMonkey/images/seq_0_52.png,2161,.png,undefined,converted,"小 Lottie 运行时 / 大 Lottie 烘焙图集"
assets/lottie/otherMonkey/images/seq_0_53.png,2070,.png,undefined,converted,"小 Lottie 运行时 / 大 Lottie 烘焙图集"
assets/lottie/otherMonkey/images/seq_0_54.png,2031,.png,undefined,converted,"小 Lottie 运行时 / 大 Lottie 烘焙图集"
assets/lottie/otherMonkey/images/seq_0_55.png,2124,.png,undefined,converted,"小 Lottie 运行时 / 大 Lottie 烘焙图集"
assets/lottie/otherMonkey/images/seq_0_56.png,2173,.png,undefined,converted,"小 Lottie 运行时 / 大 Lottie 烘焙图集"
assets/lottie/otherMonkey/images/seq_0_57.png,2080,.png,undefined,converted,"小 Lottie 运行时 / 大 Lottie 烘焙图集"
assets/lottie/otherMonkey/images/seq_0_58.png,2120,.png,undefined,converted,"小 Lottie 运行时 / 大 Lottie 烘焙图集"
assets/lottie/otherMonkey/images/seq_0_59.png,2002,.png,undefined,converted,"小 Lottie 运行时 / 大 Lottie 烘焙图集"
assets/lottie/otherMonkey/images/seq_0_6.png,2071,.png,undefined,converted,"小 Lottie 运行时 / 大 Lottie 烘焙图集"
assets/lottie/otherMonkey/images/seq_0_7.png,2007,.png,undefined,converted,"小 Lottie 运行时 / 大 Lottie 烘焙图集"
assets/lottie/otherMonkey/images/seq_0_8.png,2075,.png,undefined,converted,"小 Lottie 运行时 / 大 Lottie 烘焙图集"
assets/lottie/otherMonkey/images/seq_0_9.png,2075,.png,undefined,converted,"小 Lottie 运行时 / 大 Lottie 烘焙图集"
assets/lottie/popOpen/data.json,54018,.json,undefined,converted,"小 Lottie 运行时 / 大 Lottie 烘焙图集"
assets/lottie/popOpen/images/img_0.png,22128,.png,undefined,converted,"小 Lottie 运行时 / 大 Lottie 烘焙图集"
assets/lottie/popOpen/images/img_1.png,15138,.png,undefined,converted,"小 Lottie 运行时 / 大 Lottie 烘焙图集"
assets/lottie/popOpen/images/img_2.png,99358,.png,undefined,converted,"小 Lottie 运行时 / 大 Lottie 烘焙图集"
assets/lottie/popOpen/images/img_3.png,17868,.png,undefined,converted,"小 Lottie 运行时 / 大 Lottie 烘焙图集"
assets/lottie/prizeRibbon/data.json,27586,.json,undefined,converted,"小 Lottie 运行时 / 大 Lottie 烘焙图集"
assets/lottie/shipBack/data.json,20243,.json,undefined,converted,"小 Lottie 运行时 / 大 Lottie 烘焙图集"
assets/lottie/shipBack/images/img_0.png,334,.png,undefined,converted,"小 Lottie 运行时 / 大 Lottie 烘焙图集"
assets/lottie/shipBack/images/img_1.png,483,.png,undefined,converted,"小 Lottie 运行时 / 大 Lottie 烘焙图集"
assets/lottie/shipBack/images/img_10.png,1836,.png,undefined,converted,"小 Lottie 运行时 / 大 Lottie 烘焙图集"
assets/lottie/shipBack/images/img_2.png,355,.png,undefined,converted,"小 Lottie 运行时 / 大 Lottie 烘焙图集"
assets/lottie/shipBack/images/img_3.png,397,.png,undefined,converted,"小 Lottie 运行时 / 大 Lottie 烘焙图集"
assets/lottie/shipBack/images/img_4.png,321,.png,undefined,converted,"小 Lottie 运行时 / 大 Lottie 烘焙图集"
assets/lottie/shipBack/images/img_5.png,6009,.png,undefined,converted,"小 Lottie 运行时 / 大 Lottie 烘焙图集"
assets/lottie/shipBack/images/img_6.png,4499,.png,undefined,converted,"小 Lottie 运行时 / 大 Lottie 烘焙图集"
assets/lottie/shipBack/images/img_7.png,3082,.png,undefined,converted,"小 Lottie 运行时 / 大 Lottie 烘焙图集"
assets/lottie/shipBack/images/img_8.png,3079,.png,undefined,converted,"小 Lottie 运行时 / 大 Lottie 烘焙图集"
assets/lottie/shipBack/images/img_9.png,5796,.png,undefined,converted,"小 Lottie 运行时 / 大 Lottie 烘焙图集"
assets/lottie/shipDismissLight/data.json,978,.json,undefined,converted,"小 Lottie 运行时 / 大 Lottie 烘焙图集"
assets/lottie/shipDismissLight/images/img_0.png,2886,.png,undefined,converted,"小 Lottie 运行时 / 大 Lottie 烘焙图集"
assets/lottie/shipLaunch/data.json,18772,.json,undefined,converted,"小 Lottie 运行时 / 大 Lottie 烘焙图集"
assets/lottie/shipLaunch/images/img_0.png,398,.png,undefined,converted,"小 Lottie 运行时 / 大 Lottie 烘焙图集"
assets/lottie/shipLaunch/images/img_1.png,572,.png,undefined,converted,"小 Lottie 运行时 / 大 Lottie 烘焙图集"
assets/lottie/shipLaunch/images/img_10.png,4470,.png,undefined,converted,"小 Lottie 运行时 / 大 Lottie 烘焙图集"
assets/lottie/shipLaunch/images/img_2.png,469,.png,undefined,converted,"小 Lottie 运行时 / 大 Lottie 烘焙图集"
assets/lottie/shipLaunch/images/img_3.png,492,.png,undefined,converted,"小 Lottie 运行时 / 大 Lottie 烘焙图集"
assets/lottie/shipLaunch/images/img_4.png,393,.png,undefined,converted,"小 Lottie 运行时 / 大 Lottie 烘焙图集"
assets/lottie/shipLaunch/images/img_5.png,13978,.png,undefined,converted,"小 Lottie 运行时 / 大 Lottie 烘焙图集"
assets/lottie/shipLaunch/images/img_6.png,11147,.png,undefined,converted,"小 Lottie 运行时 / 大 Lottie 烘焙图集"
assets/lottie/shipLaunch/images/img_7.png,6117,.png,undefined,converted,"小 Lottie 运行时 / 大 Lottie 烘焙图集"
assets/lottie/shipLaunch/images/img_8.png,10963,.png,undefined,converted,"小 Lottie 运行时 / 大 Lottie 烘焙图集"
assets/lottie/shipLaunch/images/img_9.png,14405,.png,undefined,converted,"小 Lottie 运行时 / 大 Lottie 烘焙图集"
assets/lottie/shipLaunchShort/data.json,18807,.json,undefined,converted,"小 Lottie 运行时 / 大 Lottie 烘焙图集"
assets/lottie/shipLaunchShort/images/img_0.png,398,.png,undefined,converted,"小 Lottie 运行时 / 大 Lottie 烘焙图集"
assets/lottie/shipLaunchShort/images/img_1.png,572,.png,undefined,converted,"小 Lottie 运行时 / 大 Lottie 烘焙图集"
assets/lottie/shipLaunchShort/images/img_10.png,4470,.png,undefined,converted,"小 Lottie 运行时 / 大 Lottie 烘焙图集"
assets/lottie/shipLaunchShort/images/img_2.png,469,.png,undefined,converted,"小 Lottie 运行时 / 大 Lottie 烘焙图集"
assets/lottie/shipLaunchShort/images/img_3.png,492,.png,undefined,converted,"小 Lottie 运行时 / 大 Lottie 烘焙图集"
assets/lottie/shipLaunchShort/images/img_4.png,393,.png,undefined,converted,"小 Lottie 运行时 / 大 Lottie 烘焙图集"
assets/lottie/shipLaunchShort/images/img_5.png,13978,.png,undefined,converted,"小 Lottie 运行时 / 大 Lottie 烘焙图集"
assets/lottie/shipLaunchShort/images/img_6.png,11147,.png,undefined,converted,"小 Lottie 运行时 / 大 Lottie 烘焙图集"
assets/lottie/shipLaunchShort/images/img_7.png,6117,.png,undefined,converted,"小 Lottie 运行时 / 大 Lottie 烘焙图集"
assets/lottie/shipLaunchShort/images/img_8.png,10963,.png,undefined,converted,"小 Lottie 运行时 / 大 Lottie 烘焙图集"
assets/lottie/shipLaunchShort/images/img_9.png,14405,.png,undefined,converted,"小 Lottie 运行时 / 大 Lottie 烘焙图集"
assets/lottie/smMushroomEat/data.json,1273,.json,undefined,converted,"小 Lottie 运行时 / 大 Lottie 烘焙图集"
assets/lottie/smMushroomEat/images/img_0.png,2834,.png,undefined,converted,"小 Lottie 运行时 / 大 Lottie 烘焙图集"
assets/lottie/smMushroomGrow/data.json,1187,.json,undefined,converted,"小 Lottie 运行时 / 大 Lottie 烘焙图集"
assets/lottie/smMushroomGrow/images/img_0.png,2834,.png,undefined,converted,"小 Lottie 运行时 / 大 Lottie 烘焙图集"
assets/lottie/stairway/data.json,1567,.json,undefined,converted,"小 Lottie 运行时 / 大 Lottie 烘焙图集"
assets/lottie/stairway/images/img_0.png,4534,.png,undefined,converted,"小 Lottie 运行时 / 大 Lottie 烘焙图集"
assets/lottie/stairway/images/img_1.png,20869,.png,undefined,converted,"小 Lottie 运行时 / 大 Lottie 烘焙图集"
assets/lottie/star/data.json,7902,.json,undefined,converted,"小 Lottie 运行时 / 大 Lottie 烘焙图集"
assets/lottie/strike/data.json,1868,.json,undefined,converted,"小 Lottie 运行时 / 大 Lottie 烘焙图集"
assets/lottie/strike/images/img_0.png,9696,.png,undefined,converted,"小 Lottie 运行时 / 大 Lottie 烘焙图集"
assets/lottie/strike/images/img_1.png,12469,.png,undefined,converted,"小 Lottie 运行时 / 大 Lottie 烘焙图集"
assets/lottie/strike/images/img_2.png,11947,.png,undefined,converted,"小 Lottie 运行时 / 大 Lottie 烘焙图集"
assets/lottie/strike/images/img_3.png,4789,.png,undefined,converted,"小 Lottie 运行时 / 大 Lottie 烘焙图集"
assets/lottie/strikeLight/data.json,1371,.json,undefined,converted,"小 Lottie 运行时 / 大 Lottie 烘焙图集"
assets/lottie/strikeLight/images/img_0.png,11388,.png,undefined,converted,"小 Lottie 运行时 / 大 Lottie 烘焙图集"
assets/lottie/tideEntry/data.json,2471,.json,undefined,converted,"小 Lottie 运行时 / 大 Lottie 烘焙图集"
assets/lottie/tideEntry/images/img_0.png,16917,.png,undefined,converted,"小 Lottie 运行时 / 大 Lottie 烘焙图集"
assets/lottie/tideEntry/images/img_1.png,16917,.png,undefined,converted,"小 Lottie 运行时 / 大 Lottie 烘焙图集"
assets/lottie/tideRabbit/data.json,908,.json,undefined,converted,"小 Lottie 运行时 / 大 Lottie 烘焙图集"
assets/lottie/tideRabbit/images/img_0.png,22536,.png,undefined,converted,"小 Lottie 运行时 / 大 Lottie 烘焙图集"
assets/lottie/tideStairway/data.json,1384,.json,undefined,converted,"小 Lottie 运行时 / 大 Lottie 烘焙图集"
assets/lottie/tideStairway/images/img_0.png,6433,.png,undefined,converted,"小 Lottie 运行时 / 大 Lottie 烘焙图集"
assets/lottie/tideStairway/images/img_1.png,18805,.png,undefined,converted,"小 Lottie 运行时 / 大 Lottie 烘焙图集"
assets/lottie/ufo/data.json,15812,.json,undefined,converted,"小 Lottie 运行时 / 大 Lottie 烘焙图集"
assets/lottie/ufo/images/img_0.png,2088,.png,undefined,converted,"小 Lottie 运行时 / 大 Lottie 烘焙图集"
assets/lottie/ufo/images/img_1.png,2124,.png,undefined,converted,"小 Lottie 运行时 / 大 Lottie 烘焙图集"
assets/lottie/ufo/images/img_2.png,2021,.png,undefined,converted,"小 Lottie 运行时 / 大 Lottie 烘焙图集"
assets/lottie/ufo/images/img_3.png,1888,.png,undefined,converted,"小 Lottie 运行时 / 大 Lottie 烘焙图集"
assets/lottie/ufo/images/img_4.png,1172,.png,undefined,converted,"小 Lottie 运行时 / 大 Lottie 烘焙图集"
assets/lottie/ufo/images/img_5.png,1242,.png,undefined,converted,"小 Lottie 运行时 / 大 Lottie 烘焙图集"
assets/lottie/ufo/images/img_6.png,1415,.png,undefined,converted,"小 Lottie 运行时 / 大 Lottie 烘焙图集"
assets/lottie/ufo/images/img_7.png,43197,.png,undefined,converted,"小 Lottie 运行时 / 大 Lottie 烘焙图集"
assets/lottie/ufo/images/img_8.png,30048,.png,undefined,converted,"小 Lottie 运行时 / 大 Lottie 烘焙图集"
assets/lottie/ufo/images/img_9.png,16100,.png,undefined,converted,"小 Lottie 运行时 / 大 Lottie 烘焙图集"
assets/lottie/useBomb/data.json,5218,.json,undefined,converted,"小 Lottie 运行时 / 大 Lottie 烘焙图集"
assets/lottie/useBomb/images/img_0.png,1412,.png,undefined,converted,"小 Lottie 运行时 / 大 Lottie 烘焙图集"
assets/lottie/useBomb/images/img_1.png,2325,.png,undefined,converted,"小 Lottie 运行时 / 大 Lottie 烘焙图集"
assets/lottie/useBomb/images/img_10.png,84193,.png,undefined,converted,"小 Lottie 运行时 / 大 Lottie 烘焙图集"
assets/lottie/useBomb/images/img_11.png,57647,.png,undefined,converted,"小 Lottie 运行时 / 大 Lottie 烘焙图集"
assets/lottie/useBomb/images/img_12.png,10113,.png,undefined,converted,"小 Lottie 运行时 / 大 Lottie 烘焙图集"
assets/lottie/useBomb/images/img_2.png,3369,.png,undefined,converted,"小 Lottie 运行时 / 大 Lottie 烘焙图集"
assets/lottie/useBomb/images/img_3.png,6911,.png,undefined,converted,"小 Lottie 运行时 / 大 Lottie 烘焙图集"
assets/lottie/useBomb/images/img_4.png,11874,.png,undefined,converted,"小 Lottie 运行时 / 大 Lottie 烘焙图集"
assets/lottie/useBomb/images/img_5.png,19178,.png,undefined,converted,"小 Lottie 运行时 / 大 Lottie 烘焙图集"
assets/lottie/useBomb/images/img_6.png,27328,.png,undefined,converted,"小 Lottie 运行时 / 大 Lottie 烘焙图集"
assets/lottie/useBomb/images/img_7.png,60511,.png,undefined,converted,"小 Lottie 运行时 / 大 Lottie 烘焙图集"
assets/lottie/useBomb/images/img_8.png,76743,.png,undefined,converted,"小 Lottie 运行时 / 大 Lottie 烘焙图集"
assets/lottie/useBomb/images/img_9.png,77329,.png,undefined,converted,"小 Lottie 运行时 / 大 Lottie 烘焙图集"
assets/lottie/warehouse/data.json,11698,.json,undefined,converted,"小 Lottie 运行时 / 大 Lottie 烘焙图集"
assets/lottie/warehouse/images/img_0.png,3106,.png,undefined,converted,"小 Lottie 运行时 / 大 Lottie 烘焙图集"
assets/lottie/warehouse/images/img_1.png,3353,.png,undefined,converted,"小 Lottie 运行时 / 大 Lottie 烘焙图集"
assets/lottie/warehouse/images/img_10.png,2937,.png,undefined,converted,"小 Lottie 运行时 / 大 Lottie 烘焙图集"
assets/lottie/warehouse/images/img_11.png,3027,.png,undefined,converted,"小 Lottie 运行时 / 大 Lottie 烘焙图集"
assets/lottie/warehouse/images/img_2.png,3141,.png,undefined,converted,"小 Lottie 运行时 / 大 Lottie 烘焙图集"
assets/lottie/warehouse/images/img_3.png,2933,.png,undefined,converted,"小 Lottie 运行时 / 大 Lottie 烘焙图集"
assets/lottie/warehouse/images/img_4.png,2933,.png,undefined,converted,"小 Lottie 运行时 / 大 Lottie 烘焙图集"
assets/lottie/warehouse/images/img_5.png,2677,.png,undefined,converted,"小 Lottie 运行时 / 大 Lottie 烘焙图集"
assets/lottie/warehouse/images/img_6.png,3000,.png,undefined,converted,"小 Lottie 运行时 / 大 Lottie 烘焙图集"
assets/lottie/warehouse/images/img_7.png,2958,.png,undefined,converted,"小 Lottie 运行时 / 大 Lottie 烘焙图集"
assets/lottie/warehouse/images/img_8.png,3257,.png,undefined,converted,"小 Lottie 运行时 / 大 Lottie 烘焙图集"
assets/lottie/warehouse/images/img_9.png,3110,.png,undefined,converted,"小 Lottie 运行时 / 大 Lottie 烘焙图集"
assets/lottie/winDraw/data.json,6550,.json,undefined,converted,"小 Lottie 运行时 / 大 Lottie 烘焙图集"
assets/lottie/winDraw/images/img_0.png,1138,.png,undefined,converted,"小 Lottie 运行时 / 大 Lottie 烘焙图集"
assets/lottie/winDraw/images/img_1.png,1263,.png,undefined,converted,"小 Lottie 运行时 / 大 Lottie 烘焙图集"
assets/lottie/winDraw/images/img_2.png,1212,.png,undefined,converted,"小 Lottie 运行时 / 大 Lottie 烘焙图集"
assets/lottie/winDraw/images/img_3.png,797,.png,undefined,converted,"小 Lottie 运行时 / 大 Lottie 烘焙图集"
assets/lottie/winDraw/images/img_4.png,764,.png,undefined,converted,"小 Lottie 运行时 / 大 Lottie 烘焙图集"
assets/lottie/winDraw/images/img_5.png,1290,.png,undefined,converted,"小 Lottie 运行时 / 大 Lottie 烘焙图集"
assets/lottie/winDraw/images/img_6.png,1230,.png,undefined,converted,"小 Lottie 运行时 / 大 Lottie 烘焙图集"
assets/lottie/xueliang.json,10004,.json,undefined,converted,"小 Lottie 运行时 / 大 Lottie 烘焙图集"
assets/lottie/yindao.json,9241,.json,undefined,converted,"小 Lottie 运行时 / 大 Lottie 烘焙图集"
assets/luckyBag/ic_bag_grey.png,288940,.png,undefined,third-party,"不移植：由微信平台能力替代"
assets/luckyBag/ic_bag_red.png,258179,.png,undefined,third-party,"不移植：由微信平台能力替代"
assets/luckyBag/ic_bag_yellow.png,325298,.png,undefined,third-party,"不移植：由微信平台能力替代"
assets/moonaddress/address.json,137801,.json,undefined,third-party,"不移植：由微信平台能力替代"
assets/mushroom_map.json,5280,.json,undefined,third-party,"不移植：由微信平台能力替代"
assets/music/chicken/bgm.mp3,641016,.mp3,undefined,converted,"转码 mp3 → InnerAudioContext"
assets/music/chicken/chicken_steal.mp3,7940,.mp3,undefined,converted,"转码 mp3 → InnerAudioContext"
assets/music/chicken/click.mp3,968,.mp3,undefined,converted,"转码 mp3 → InnerAudioContext"
assets/music/chicken/countdown.mp3,17112,.mp3,undefined,converted,"转码 mp3 → InnerAudioContext"
assets/music/chicken/fail.mp3,26396,.mp3,undefined,converted,"转码 mp3 → InnerAudioContext"
assets/music/chicken/stealer_coming.mp3,295452,.mp3,undefined,converted,"转码 mp3 → InnerAudioContext"
assets/music/chicken/win.mp3,19908,.mp3,undefined,converted,"转码 mp3 → InnerAudioContext"
assets/music/escape/banana.mp3,14064,.mp3,undefined,converted,"转码 mp3 → InnerAudioContext"
assets/music/escape/bgm.mp3,230541,.mp3,undefined,converted,"转码 mp3 → InnerAudioContext"
assets/music/escape/bite.mp3,15511,.mp3,undefined,converted,"转码 mp3 → InnerAudioContext"
assets/music/escape/branches.mp3,9340,.mp3,undefined,converted,"转码 mp3 → InnerAudioContext"
assets/music/escape/button.mp3,1924,.mp3,undefined,converted,"转码 mp3 → InnerAudioContext"
assets/music/escape/pick_up.mp3,5047,.mp3,undefined,converted,"转码 mp3 → InnerAudioContext"
assets/music/escape/pit.mp3,40843,.mp3,undefined,converted,"转码 mp3 → InnerAudioContext"
assets/music/escape/quagmire.mp3,5941,.mp3,undefined,converted,"转码 mp3 → InnerAudioContext"
assets/music/marbles/bgm.mp3,1559040,.mp3,undefined,converted,"转码 mp3 → InnerAudioContext"
assets/music/marbles/collision.mp3,8745,.mp3,undefined,converted,"转码 mp3 → InnerAudioContext"
assets/music/marbles/launch.mp3,2734,.mp3,undefined,converted,"转码 mp3 → InnerAudioContext"
assets/music/marbles/win.mp3,13044,.mp3,undefined,converted,"转码 mp3 → InnerAudioContext"
assets/music/multiple_pit_gaming_bg.mp3,151822,.mp3,undefined,converted,"转码 mp3 → InnerAudioContext"
assets/music/multiple_pit_win.mp3,86681,.mp3,undefined,converted,"转码 mp3 → InnerAudioContext"
assets/music/pit_bg.ogg,1077870,.ogg,undefined,converted,"转码 mp3 → InnerAudioContext"
assets/music/pit_dig.mp3,26663,.mp3,undefined,converted,"转码 mp3 → InnerAudioContext"
assets/music/rob/running.mp3,2418927,.mp3,undefined,converted,"转码 mp3 → InnerAudioContext"
assets/music/sport/bgm.mp3,145029,.mp3,undefined,converted,"转码 mp3 → InnerAudioContext"
assets/music/sport/click.mp3,968,.mp3,undefined,converted,"转码 mp3 → InnerAudioContext"
assets/music/sport/countdown.mp3,32524,.mp3,undefined,converted,"转码 mp3 → InnerAudioContext"
assets/music/sport/fail.mp3,26396,.mp3,undefined,converted,"转码 mp3 → InnerAudioContext"
assets/music/sport/pass_end.mp3,70628,.mp3,undefined,converted,"转码 mp3 → InnerAudioContext"
assets/music/sport/ready_go.mp3,17694,.mp3,undefined,converted,"转码 mp3 → InnerAudioContext"
assets/music/sport/run.mp3,67227,.mp3,undefined,converted,"转码 mp3 → InnerAudioContext"
assets/music/sport/slow_down.mp3,12304,.mp3,undefined,converted,"转码 mp3 → InnerAudioContext"
assets/music/sport/speed_up.mp3,123224,.mp3,undefined,converted,"转码 mp3 → InnerAudioContext"
assets/music/sport/win.mp3,19908,.mp3,undefined,converted,"转码 mp3 → InnerAudioContext"
assets/na.czl,2094,.czl,undefined,third-party,"不移植：由微信平台能力替代"
assets/nd,5520,,undefined,third-party,"不移植：由微信平台能力替代"
assets/nim/nim_keystore,166,,undefined,third-party,"不移植：由微信平台能力替代"
assets/nim/nim_keystore2,166,,undefined,third-party,"不移植：由微信平台能力替代"
assets/nim/rsa/r.jks,174,.jks,undefined,third-party,"不移植：由微信平台能力替代"
assets/nim/rsa/t.jks,174,.jks,undefined,third-party,"不移植：由微信平台能力替代"
assets/nim/sm2/r.jks,77,.jks,undefined,third-party,"不移植：由微信平台能力替代"
assets/nim/sm2/t.jks,77,.jks,undefined,third-party,"不移植：由微信平台能力替代"
assets/pag/airdrop.pag,17878,.pag,undefined,converted,"PAG→帧序列/图集（tools/asset_pipeline）或远端视频"
assets/pag/airship.pag,49888,.pag,undefined,converted,"PAG→帧序列/图集（tools/asset_pipeline）或远端视频"
assets/pag/airship_coin_buy.pag,22043,.pag,undefined,converted,"PAG→帧序列/图集（tools/asset_pipeline）或远端视频"
assets/pag/airship_medal_buy.pag,22146,.pag,undefined,converted,"PAG→帧序列/图集（tools/asset_pipeline）或远端视频"
assets/pag/airship_stone_buy.pag,21761,.pag,undefined,converted,"PAG→帧序列/图集（tools/asset_pipeline）或远端视频"
assets/pag/ape/smog_big.pag,98731,.pag,undefined,converted,"PAG→帧序列/图集（tools/asset_pipeline）或远端视频"
assets/pag/ape/smog_middle.pag,150933,.pag,undefined,converted,"PAG→帧序列/图集（tools/asset_pipeline）或远端视频"
assets/pag/ape/smog_small.pag,94828,.pag,undefined,converted,"PAG→帧序列/图集（tools/asset_pipeline）或远端视频"
assets/pag/ape/stairs.pag,55174,.pag,undefined,converted,"PAG→帧序列/图集（tools/asset_pipeline）或远端视频"
assets/pag/ape/ud_light.pag,2700,.pag,undefined,converted,"PAG→帧序列/图集（tools/asset_pipeline）或远端视频"
assets/pag/ape_atmosphere.pag,230441,.pag,undefined,converted,"PAG→帧序列/图集（tools/asset_pipeline）或远端视频"
assets/pag/ape_badge.pag,3608,.pag,undefined,converted,"PAG→帧序列/图集（tools/asset_pipeline）或远端视频"
assets/pag/ape_border_slide.pag,6964,.pag,undefined,converted,"PAG→帧序列/图集（tools/asset_pipeline）或远端视频"
assets/pag/ape_buy.pag,2084,.pag,undefined,converted,"PAG→帧序列/图集（tools/asset_pipeline）或远端视频"
assets/pag/ape_dig_sand.pag,15332,.pag,undefined,converted,"PAG→帧序列/图集（tools/asset_pipeline）或远端视频"
assets/pag/ape_dig_sand_sleep.pag,11806,.pag,undefined,converted,"PAG→帧序列/图集（tools/asset_pipeline）或远端视频"
assets/pag/ape_finger.pag,32797,.pag,undefined,converted,"PAG→帧序列/图集（tools/asset_pipeline）或远端视频"
assets/pag/ape_friend_bg_seek.pag,57461,.pag,undefined,converted,"PAG→帧序列/图集（tools/asset_pipeline）或远端视频"
assets/pag/ape_friend_final.pag,71284,.pag,undefined,converted,"PAG→帧序列/图集（tools/asset_pipeline）或远端视频"
assets/pag/ape_friend_second.pag,70367,.pag,undefined,converted,"PAG→帧序列/图集（tools/asset_pipeline）或远端视频"
assets/pag/ape_group_fog.pag,286677,.pag,undefined,converted,"PAG→帧序列/图集（tools/asset_pipeline）或远端视频"
assets/pag/ape_group_lottle.pag,104427,.pag,undefined,converted,"PAG→帧序列/图集（tools/asset_pipeline）或远端视频"
assets/pag/ape_group_top_banner.pag,313264,.pag,undefined,converted,"PAG→帧序列/图集（tools/asset_pipeline）或远端视频"
assets/pag/ape_home_new.pag,15187,.pag,undefined,converted,"PAG→帧序列/图集（tools/asset_pipeline）或远端视频"
assets/pag/ape_index_product.pag,144109,.pag,undefined,converted,"PAG→帧序列/图集（tools/asset_pipeline）或远端视频"
assets/pag/ape_medal_coins.pag,4619,.pag,undefined,converted,"PAG→帧序列/图集（tools/asset_pipeline）或远端视频"
assets/pag/ape_rabbit_airship.pag,344779,.pag,undefined,converted,"PAG→帧序列/图集（tools/asset_pipeline）或远端视频"
assets/pag/ape_ribbon.pag,249387,.pag,undefined,converted,"PAG→帧序列/图集（tools/asset_pipeline）或远端视频"
assets/pag/ape_seek1.pag,112348,.pag,undefined,converted,"PAG→帧序列/图集（tools/asset_pipeline）或远端视频"
assets/pag/ape_seek2.pag,58439,.pag,undefined,converted,"PAG→帧序列/图集（tools/asset_pipeline）或远端视频"
assets/pag/ape_special_entry.pag,10957,.pag,undefined,converted,"PAG→帧序列/图集（tools/asset_pipeline）或远端视频"
assets/pag/ape_stage1.pag,996460,.pag,undefined,converted,"PAG→帧序列/图集（tools/asset_pipeline）或远端视频"
assets/pag/ape_stage2.pag,991782,.pag,undefined,converted,"PAG→帧序列/图集（tools/asset_pipeline）或远端视频"
assets/pag/ape_stage3.pag,991790,.pag,undefined,converted,"PAG→帧序列/图集（tools/asset_pipeline）或远端视频"
assets/pag/ape_upgradation_success.pag,24713,.pag,undefined,converted,"PAG→帧序列/图集（tools/asset_pipeline）或远端视频"
assets/pag/arena/battle.pag,852513,.pag,undefined,converted,"PAG→帧序列/图集（tools/asset_pipeline）或远端视频"
assets/pag/arena/btn_my.pag,12229,.pag,undefined,converted,"PAG→帧序列/图集（tools/asset_pipeline）或远端视频"
assets/pag/arena/btn_other.pag,2197,.pag,undefined,converted,"PAG→帧序列/图集（tools/asset_pipeline）或远端视频"
assets/pag/arena/index.pag,84934,.pag,undefined,converted,"PAG→帧序列/图集（tools/asset_pipeline）或远端视频"
assets/pag/arena/left_bg.pag,76582,.pag,undefined,converted,"PAG→帧序列/图集（tools/asset_pipeline）或远端视频"
assets/pag/arena/pool.pag,366765,.pag,undefined,converted,"PAG→帧序列/图集（tools/asset_pipeline）或远端视频"
assets/pag/arena/result_failure.pag,189786,.pag,undefined,converted,"PAG→帧序列/图集（tools/asset_pipeline）或远端视频"
assets/pag/arena/result_success.pag,272874,.pag,undefined,converted,"PAG→帧序列/图集（tools/asset_pipeline）或远端视频"
assets/pag/arena/right_bg.pag,87679,.pag,undefined,converted,"PAG→帧序列/图集（tools/asset_pipeline）或远端视频"
assets/pag/arena/vs_battle.pag,26897,.pag,undefined,converted,"PAG→帧序列/图集（tools/asset_pipeline）或远端视频"
assets/pag/arena/vs_in.pag,5228,.pag,undefined,converted,"PAG→帧序列/图集（tools/asset_pipeline）或远端视频"
assets/pag/arena/vs_out.pag,5278,.pag,undefined,converted,"PAG→帧序列/图集（tools/asset_pipeline）或远端视频"
assets/pag/arrow.pag,3217,.pag,undefined,converted,"PAG→帧序列/图集（tools/asset_pipeline）或远端视频"
assets/pag/auto_open_normal_egg.pag,297159,.pag,undefined,converted,"PAG→帧序列/图集（tools/asset_pipeline）或远端视频"
assets/pag/battleRoyal/killer_kill_action.pag,18735,.pag,undefined,converted,"PAG→帧序列/图集（tools/asset_pipeline）或远端视频"
assets/pag/battleRoyal/killer_walk.pag,24909,.pag,undefined,converted,"PAG→帧序列/图集（tools/asset_pipeline）或远端视频"
assets/pag/battleRoyal/myself_idle_copper.pag,20191,.pag,undefined,converted,"PAG→帧序列/图集（tools/asset_pipeline）或远端视频"
assets/pag/battleRoyal/myself_idle_gold.pag,20997,.pag,undefined,converted,"PAG→帧序列/图集（tools/asset_pipeline）或远端视频"
assets/pag/battleRoyal/myself_idle_normal.pag,13517,.pag,undefined,converted,"PAG→帧序列/图集（tools/asset_pipeline）或远端视频"
assets/pag/battleRoyal/myself_idle_silver.pag,20559,.pag,undefined,converted,"PAG→帧序列/图集（tools/asset_pipeline）或远端视频"
assets/pag/battleRoyal/myself_walk_copper.pag,10698,.pag,undefined,converted,"PAG→帧序列/图集（tools/asset_pipeline）或远端视频"
assets/pag/battleRoyal/myself_walk_gold.pag,12735,.pag,undefined,converted,"PAG→帧序列/图集（tools/asset_pipeline）或远端视频"
assets/pag/battleRoyal/myself_walk_normal.pag,6651,.pag,undefined,converted,"PAG→帧序列/图集（tools/asset_pipeline）或远端视频"
assets/pag/battleRoyal/myself_walk_silver.pag,12159,.pag,undefined,converted,"PAG→帧序列/图集（tools/asset_pipeline）或远端视频"
assets/pag/battleRoyal/new_killer_door.pag,9403,.pag,undefined,converted,"PAG→帧序列/图集（tools/asset_pipeline）或远端视频"
assets/pag/battleRoyal/new_killer_idle2.pag,9650,.pag,undefined,converted,"PAG→帧序列/图集（tools/asset_pipeline）或远端视频"
assets/pag/battleRoyal/new_killer_person.pag,18610,.pag,undefined,converted,"PAG→帧序列/图集（tools/asset_pipeline）或远端视频"
assets/pag/battleRoyal/new_killer_walk.pag,11576,.pag,undefined,converted,"PAG→帧序列/图集（tools/asset_pipeline）或远端视频"
assets/pag/battle_fist.pag,11042,.pag,undefined,converted,"PAG→帧序列/图集（tools/asset_pipeline）或远端视频"
assets/pag/battle_light.pag,7790,.pag,undefined,converted,"PAG→帧序列/图集（tools/asset_pipeline）或远端视频"
assets/pag/bg_.pag,1609808,.pag,undefined,converted,"PAG→帧序列/图集（tools/asset_pipeline）或远端视频"
assets/pag/bg_ape_fffline.pag,498966,.pag,undefined,converted,"PAG→帧序列/图集（tools/asset_pipeline）或远端视频"
assets/pag/bg_box.pag,34496,.pag,undefined,converted,"PAG→帧序列/图集（tools/asset_pipeline）或远端视频"
assets/pag/bg_joint.pag,904157,.pag,undefined,converted,"PAG→帧序列/图集（tools/asset_pipeline）或远端视频"
assets/pag/bg_light.pag,1752997,.pag,undefined,converted,"PAG→帧序列/图集（tools/asset_pipeline）或远端视频"
assets/pag/bg_starship.pag,2010843,.pag,undefined,converted,"PAG→帧序列/图集（tools/asset_pipeline）或远端视频"
assets/pag/box_animation1.pag,83896,.pag,undefined,converted,"PAG→帧序列/图集（tools/asset_pipeline）或远端视频"
assets/pag/box_animation2.pag,133639,.pag,undefined,converted,"PAG→帧序列/图集（tools/asset_pipeline）或远端视频"
assets/pag/box_animation3.pag,46807,.pag,undefined,converted,"PAG→帧序列/图集（tools/asset_pipeline）或远端视频"
assets/pag/box_animation4.pag,323299,.pag,undefined,converted,"PAG→帧序列/图集（tools/asset_pipeline）或远端视频"
assets/pag/box_bg.pag,48394,.pag,undefined,converted,"PAG→帧序列/图集（tools/asset_pipeline）或远端视频"
assets/pag/box_card_pag_lv1.pag,614508,.pag,undefined,converted,"PAG→帧序列/图集（tools/asset_pipeline）或远端视频"
assets/pag/box_card_pag_lv2.pag,707924,.pag,undefined,converted,"PAG→帧序列/图集（tools/asset_pipeline）或远端视频"
assets/pag/box_card_pag_lv3.pag,1214988,.pag,undefined,converted,"PAG→帧序列/图集（tools/asset_pipeline）或远端视频"
assets/pag/box_card_pag_lv4.pag,1119655,.pag,undefined,converted,"PAG→帧序列/图集（tools/asset_pipeline）或远端视频"
assets/pag/box_card_pag_lv5.pag,1167053,.pag,undefined,converted,"PAG→帧序列/图集（tools/asset_pipeline）或远端视频"
assets/pag/box_card_pag_lv6.pag,1378086,.pag,undefined,converted,"PAG→帧序列/图集（tools/asset_pipeline）或远端视频"
assets/pag/btn_blcoks_buy_group.pag,5591,.pag,undefined,converted,"PAG→帧序列/图集（tools/asset_pipeline）或远端视频"
assets/pag/btnopen.pag,30351,.pag,undefined,converted,"PAG→帧序列/图集（tools/asset_pipeline）或远端视频"
assets/pag/buff/buff_bmp.pag,37945,.pag,undefined,converted,"PAG→帧序列/图集（tools/asset_pipeline）或远端视频"
assets/pag/button_art.pag,360456,.pag,undefined,converted,"PAG→帧序列/图集（tools/asset_pipeline）或远端视频"
assets/pag/button_light.pag,8494,.pag,undefined,converted,"PAG→帧序列/图集（tools/asset_pipeline）或远端视频"
assets/pag/card_appear_bmp.pag,167207,.pag,undefined,converted,"PAG→帧序列/图集（tools/asset_pipeline）或远端视频"
assets/pag/card_blue_card_bmp.pag,276000,.pag,undefined,converted,"PAG→帧序列/图集（tools/asset_pipeline）或远端视频"
assets/pag/card_blue_open_bmp.pag,593484,.pag,undefined,converted,"PAG→帧序列/图集（tools/asset_pipeline）或远端视频"
assets/pag/card_compose.pag,332751,.pag,undefined,converted,"PAG→帧序列/图集（tools/asset_pipeline）或远端视频"
assets/pag/card_finger_bmp.pag,46807,.pag,undefined,converted,"PAG→帧序列/图集（tools/asset_pipeline）或远端视频"
assets/pag/card_golden_card_bmp.pag,356976,.pag,undefined,converted,"PAG→帧序列/图集（tools/asset_pipeline）或远端视频"
assets/pag/card_golden_open_bmp.pag,592736,.pag,undefined,converted,"PAG→帧序列/图集（tools/asset_pipeline）或远端视频"
assets/pag/card_idle_bmp.pag,340589,.pag,undefined,converted,"PAG→帧序列/图集（tools/asset_pipeline）或远端视频"
assets/pag/card_normal_open_bmp.pag,361495,.pag,undefined,converted,"PAG→帧序列/图集（tools/asset_pipeline）或远端视频"
assets/pag/card_open.pag,179259,.pag,undefined,converted,"PAG→帧序列/图集（tools/asset_pipeline）或远端视频"
assets/pag/card_open_selection.pag,197898,.pag,undefined,converted,"PAG→帧序列/图集（tools/asset_pipeline）或远端视频"
assets/pag/card_pink_card_bmp.pag,328126,.pag,undefined,converted,"PAG→帧序列/图集（tools/asset_pipeline）或远端视频"
assets/pag/card_pink_open_bmp.pag,599285,.pag,undefined,converted,"PAG→帧序列/图集（tools/asset_pipeline）或远端视频"
assets/pag/card_play.pag,25227,.pag,undefined,converted,"PAG→帧序列/图集（tools/asset_pipeline）或远端视频"
assets/pag/card_split.pag,387881,.pag,undefined,converted,"PAG→帧序列/图集（tools/asset_pipeline）或远端视频"
assets/pag/challenge_boss/boss_appear.pag,31074,.pag,undefined,converted,"PAG→帧序列/图集（tools/asset_pipeline）或远端视频"
assets/pag/challenge_boss/boss_attack.pag,446398,.pag,undefined,converted,"PAG→帧序列/图集（tools/asset_pipeline）或远端视频"
assets/pag/challenge_boss/boss_attack_avatar_stroke.pag,254856,.pag,undefined,converted,"PAG→帧序列/图集（tools/asset_pipeline）或远端视频"
assets/pag/challenge_boss/boss_be_attacked.pag,154229,.pag,undefined,converted,"PAG→帧序列/图集（tools/asset_pipeline）或远端视频"
assets/pag/challenge_boss/boss_circle_blue.pag,195624,.pag,undefined,converted,"PAG→帧序列/图集（tools/asset_pipeline）或远端视频"
assets/pag/challenge_boss/boss_circle_red.pag,233884,.pag,undefined,converted,"PAG→帧序列/图集（tools/asset_pipeline）或远端视频"
assets/pag/challenge_boss/boss_idle.pag,26476,.pag,undefined,converted,"PAG→帧序列/图集（tools/asset_pipeline）或远端视频"
assets/pag/challenge_boss/rabbit_attack.pag,491134,.pag,undefined,converted,"PAG→帧序列/图集（tools/asset_pipeline）或远端视频"
assets/pag/challenge_boss/rabbit_attack_light.pag,503920,.pag,undefined,converted,"PAG→帧序列/图集（tools/asset_pipeline）或远端视频"
assets/pag/challenge_boss/rabbit_be_attack.pag,45326,.pag,undefined,converted,"PAG→帧序列/图集（tools/asset_pipeline）或远端视频"
assets/pag/challenge_boss/vs_pag.pag,435967,.pag,undefined,converted,"PAG→帧序列/图集（tools/asset_pipeline）或远端视频"
assets/pag/chicken/chick_myself_selected.pag,23583,.pag,undefined,converted,"PAG→帧序列/图集（tools/asset_pipeline）或远端视频"
assets/pag/chicken/chick_myself_unselected.pag,16341,.pag,undefined,converted,"PAG→帧序列/图集（tools/asset_pipeline）或远端视频"
assets/pag/chicken/chicken_nest_dismiss.pag,52222,.pag,undefined,converted,"PAG→帧序列/图集（tools/asset_pipeline）或远端视频"
assets/pag/chicken/stealer1.pag,78575,.pag,undefined,converted,"PAG→帧序列/图集（tools/asset_pipeline）或远端视频"
assets/pag/chicken/stealer2.pag,43899,.pag,undefined,converted,"PAG→帧序列/图集（tools/asset_pipeline）或远端视频"
assets/pag/chicken/stealer3.pag,76063,.pag,undefined,converted,"PAG→帧序列/图集（tools/asset_pipeline）或远端视频"
assets/pag/chicken/warning.pag,16763,.pag,undefined,converted,"PAG→帧序列/图集（tools/asset_pipeline）或远端视频"
assets/pag/coins.pag,12096,.pag,undefined,converted,"PAG→帧序列/图集（tools/asset_pipeline）或远端视频"
assets/pag/coloured_ribbon.pag,2362,.pag,undefined,converted,"PAG→帧序列/图集（tools/asset_pipeline）或远端视频"
assets/pag/compose_acquire.pag,278144,.pag,undefined,converted,"PAG→帧序列/图集（tools/asset_pipeline）或远端视频"
assets/pag/countdown.pag,12376,.pag,undefined,converted,"PAG→帧序列/图集（tools/asset_pipeline）或远端视频"
assets/pag/debuff/db1.pag,20691,.pag,undefined,converted,"PAG→帧序列/图集（tools/asset_pipeline）或远端视频"
assets/pag/debuff/db2.pag,22278,.pag,undefined,converted,"PAG→帧序列/图集（tools/asset_pipeline）或远端视频"
assets/pag/debuff/db3.pag,23093,.pag,undefined,converted,"PAG→帧序列/图集（tools/asset_pipeline）或远端视频"
assets/pag/debuff/db4.pag,22549,.pag,undefined,converted,"PAG→帧序列/图集（tools/asset_pipeline）或远端视频"
assets/pag/debuff/db5.pag,22328,.pag,undefined,converted,"PAG→帧序列/图集（tools/asset_pipeline）或远端视频"
assets/pag/debuff/db6.pag,23070,.pag,undefined,converted,"PAG→帧序列/图集（tools/asset_pipeline）或远端视频"
assets/pag/dialog_long_out_light.pag,1197805,.pag,undefined,converted,"PAG→帧序列/图集（tools/asset_pipeline）或远端视频"
assets/pag/dialog_normal_out_light.pag,437523,.pag,undefined,converted,"PAG→帧序列/图集（tools/asset_pipeline）或远端视频"
assets/pag/dialog_parts_light.pag,193106,.pag,undefined,converted,"PAG→帧序列/图集（tools/asset_pipeline）或远端视频"
assets/pag/dialog_super_out_light.pag,445563,.pag,undefined,converted,"PAG→帧序列/图集（tools/asset_pipeline）或远端视频"
assets/pag/digital_collect_card.pag,653842,.pag,undefined,converted,"PAG→帧序列/图集（tools/asset_pipeline）或远端视频"
assets/pag/dress_medal/body_up.pag,96765,.pag,undefined,converted,"PAG→帧序列/图集（tools/asset_pipeline）或远端视频"
assets/pag/dress_medal/head_up.pag,97188,.pag,undefined,converted,"PAG→帧序列/图集（tools/asset_pipeline）或远端视频"
assets/pag/dress_medal/left_ear_up.pag,53205,.pag,undefined,converted,"PAG→帧序列/图集（tools/asset_pipeline）或远端视频"
assets/pag/dress_medal/left_footer_up.pag,39019,.pag,undefined,converted,"PAG→帧序列/图集（tools/asset_pipeline）或远端视频"
assets/pag/dress_medal/left_hand_up.pag,65630,.pag,undefined,converted,"PAG→帧序列/图集（tools/asset_pipeline）或远端视频"
assets/pag/dress_medal/leg_up.pag,71805,.pag,undefined,converted,"PAG→帧序列/图集（tools/asset_pipeline）或远端视频"
assets/pag/dress_medal/right_ear_up.pag,62673,.pag,undefined,converted,"PAG→帧序列/图集（tools/asset_pipeline）或远端视频"
assets/pag/dress_medal/right_footer_up.pag,38940,.pag,undefined,converted,"PAG→帧序列/图集（tools/asset_pipeline）或远端视频"
assets/pag/dress_medal/right_hand_up.pag,67470,.pag,undefined,converted,"PAG→帧序列/图集（tools/asset_pipeline）或远端视频"
assets/pag/dress_normal/body_down.pag,80716,.pag,undefined,converted,"PAG→帧序列/图集（tools/asset_pipeline）或远端视频"
assets/pag/dress_normal/body_up.pag,93168,.pag,undefined,converted,"PAG→帧序列/图集（tools/asset_pipeline）或远端视频"
assets/pag/dress_normal/head_down.pag,56413,.pag,undefined,converted,"PAG→帧序列/图集（tools/asset_pipeline）或远端视频"
assets/pag/dress_normal/head_up.pag,95682,.pag,undefined,converted,"PAG→帧序列/图集（tools/asset_pipeline）或远端视频"
assets/pag/dress_normal/left_ear_down.pag,27320,.pag,undefined,converted,"PAG→帧序列/图集（tools/asset_pipeline）或远端视频"
assets/pag/dress_normal/left_ear_up.pag,51671,.pag,undefined,converted,"PAG→帧序列/图集（tools/asset_pipeline）或远端视频"
assets/pag/dress_normal/left_footer_down.pag,22861,.pag,undefined,converted,"PAG→帧序列/图集（tools/asset_pipeline）或远端视频"
assets/pag/dress_normal/left_footer_up.pag,37624,.pag,undefined,converted,"PAG→帧序列/图集（tools/asset_pipeline）或远端视频"
assets/pag/dress_normal/left_hand_down.pag,48385,.pag,undefined,converted,"PAG→帧序列/图集（tools/asset_pipeline）或远端视频"
assets/pag/dress_normal/left_hand_up.pag,66135,.pag,undefined,converted,"PAG→帧序列/图集（tools/asset_pipeline）或远端视频"
assets/pag/dress_normal/leg_down.pag,62415,.pag,undefined,converted,"PAG→帧序列/图集（tools/asset_pipeline）或远端视频"
assets/pag/dress_normal/leg_up.pag,71025,.pag,undefined,converted,"PAG→帧序列/图集（tools/asset_pipeline）或远端视频"
assets/pag/dress_normal/right_ear_down.pag,33479,.pag,undefined,converted,"PAG→帧序列/图集（tools/asset_pipeline）或远端视频"
assets/pag/dress_normal/right_ear_up.pag,57947,.pag,undefined,converted,"PAG→帧序列/图集（tools/asset_pipeline）或远端视频"
assets/pag/dress_normal/right_footer_down.pag,23058,.pag,undefined,converted,"PAG→帧序列/图集（tools/asset_pipeline）或远端视频"
assets/pag/dress_normal/right_footer_up.pag,37250,.pag,undefined,converted,"PAG→帧序列/图集（tools/asset_pipeline）或远端视频"
assets/pag/dress_normal/right_hand_down.pag,45032,.pag,undefined,converted,"PAG→帧序列/图集（tools/asset_pipeline）或远端视频"
assets/pag/dress_normal/right_hand_up.pag,66451,.pag,undefined,converted,"PAG→帧序列/图集（tools/asset_pipeline）或远端视频"
assets/pag/dress_rock/body_up.pag,92384,.pag,undefined,converted,"PAG→帧序列/图集（tools/asset_pipeline）或远端视频"
assets/pag/dress_rock/head_up.pag,93143,.pag,undefined,converted,"PAG→帧序列/图集（tools/asset_pipeline）或远端视频"
assets/pag/dress_rock/left_ear_up.pag,50872,.pag,undefined,converted,"PAG→帧序列/图集（tools/asset_pipeline）或远端视频"
assets/pag/dress_rock/left_footer_up.pag,36392,.pag,undefined,converted,"PAG→帧序列/图集（tools/asset_pipeline）或远端视频"
assets/pag/dress_rock/left_hand_up.pag,69497,.pag,undefined,converted,"PAG→帧序列/图集（tools/asset_pipeline）或远端视频"
assets/pag/dress_rock/leg_up.pag,69098,.pag,undefined,converted,"PAG→帧序列/图集（tools/asset_pipeline）或远端视频"
assets/pag/dress_rock/right_ear_up.pag,57539,.pag,undefined,converted,"PAG→帧序列/图集（tools/asset_pipeline）或远端视频"
assets/pag/dress_rock/right_footer_up.pag,36796,.pag,undefined,converted,"PAG→帧序列/图集（tools/asset_pipeline）或远端视频"
assets/pag/dress_rock/right_hand_up.pag,65921,.pag,undefined,converted,"PAG→帧序列/图集（tools/asset_pipeline）或远端视频"
assets/pag/drop_red_package.pag,10043,.pag,undefined,converted,"PAG→帧序列/图集（tools/asset_pipeline）或远端视频"
assets/pag/egg_info_arrow.pag,30863,.pag,undefined,converted,"PAG→帧序列/图集（tools/asset_pipeline）或远端视频"
assets/pag/escape_animal/countdown.pag,169269,.pag,undefined,converted,"PAG→帧序列/图集（tools/asset_pipeline）或远端视频"
assets/pag/escape_animal/cow/catch.pag,36604,.pag,undefined,converted,"PAG→帧序列/图集（tools/asset_pipeline）或远端视频"
assets/pag/escape_animal/cow/choice.pag,82375,.pag,undefined,converted,"PAG→帧序列/图集（tools/asset_pipeline）或远端视频"
assets/pag/escape_animal/cow/fall_down.pag,13103,.pag,undefined,converted,"PAG→帧序列/图集（tools/asset_pipeline）或远端视频"
assets/pag/escape_animal/cow/idle.pag,24658,.pag,undefined,converted,"PAG→帧序列/图集（tools/asset_pipeline）或远端视频"
assets/pag/escape_animal/cow/idle_choice.pag,30506,.pag,undefined,converted,"PAG→帧序列/图集（tools/asset_pipeline）或远端视频"
assets/pag/escape_animal/cow/mud.pag,22184,.pag,undefined,converted,"PAG→帧序列/图集（tools/asset_pipeline）或远端视频"
assets/pag/escape_animal/cow/palsy.pag,12771,.pag,undefined,converted,"PAG→帧序列/图集（tools/asset_pipeline）或远端视频"
assets/pag/escape_animal/cow/run.pag,15445,.pag,undefined,converted,"PAG→帧序列/图集（tools/asset_pipeline）或远端视频"
assets/pag/escape_animal/cow/run_choice.pag,20718,.pag,undefined,converted,"PAG→帧序列/图集（tools/asset_pipeline）或远端视频"
assets/pag/escape_animal/dog/catch.pag,31156,.pag,undefined,converted,"PAG→帧序列/图集（tools/asset_pipeline）或远端视频"
assets/pag/escape_animal/dog/choice.pag,82731,.pag,undefined,converted,"PAG→帧序列/图集（tools/asset_pipeline）或远端视频"
assets/pag/escape_animal/dog/fall_down.pag,12357,.pag,undefined,converted,"PAG→帧序列/图集（tools/asset_pipeline）或远端视频"
assets/pag/escape_animal/dog/idle.pag,23950,.pag,undefined,converted,"PAG→帧序列/图集（tools/asset_pipeline）或远端视频"
assets/pag/escape_animal/dog/idle_choice.pag,29222,.pag,undefined,converted,"PAG→帧序列/图集（tools/asset_pipeline）或远端视频"
assets/pag/escape_animal/dog/mud.pag,21484,.pag,undefined,converted,"PAG→帧序列/图集（tools/asset_pipeline）或远端视频"
assets/pag/escape_animal/dog/palsy.pag,13273,.pag,undefined,converted,"PAG→帧序列/图集（tools/asset_pipeline）或远端视频"
assets/pag/escape_animal/dog/run.pag,15529,.pag,undefined,converted,"PAG→帧序列/图集（tools/asset_pipeline）或远端视频"
assets/pag/escape_animal/dog/run_choice.pag,20472,.pag,undefined,converted,"PAG→帧序列/图集（tools/asset_pipeline）或远端视频"
assets/pag/escape_animal/fox/catch.pag,34003,.pag,undefined,converted,"PAG→帧序列/图集（tools/asset_pipeline）或远端视频"
assets/pag/escape_animal/fox/choice.pag,82749,.pag,undefined,converted,"PAG→帧序列/图集（tools/asset_pipeline）或远端视频"
assets/pag/escape_animal/fox/fall_down.pag,13675,.pag,undefined,converted,"PAG→帧序列/图集（tools/asset_pipeline）或远端视频"
assets/pag/escape_animal/fox/idle.pag,24115,.pag,undefined,converted,"PAG→帧序列/图集（tools/asset_pipeline）或远端视频"
assets/pag/escape_animal/fox/idle_choice.pag,30602,.pag,undefined,converted,"PAG→帧序列/图集（tools/asset_pipeline）或远端视频"
assets/pag/escape_animal/fox/mud.pag,22822,.pag,undefined,converted,"PAG→帧序列/图集（tools/asset_pipeline）或远端视频"
assets/pag/escape_animal/fox/palsy.pag,13535,.pag,undefined,converted,"PAG→帧序列/图集（tools/asset_pipeline）或远端视频"
assets/pag/escape_animal/fox/run.pag,15772,.pag,undefined,converted,"PAG→帧序列/图集（tools/asset_pipeline）或远端视频"
assets/pag/escape_animal/fox/run_choice.pag,22082,.pag,undefined,converted,"PAG→帧序列/图集（tools/asset_pipeline）或远端视频"
assets/pag/escape_animal/monkey/catch.pag,33540,.pag,undefined,converted,"PAG→帧序列/图集（tools/asset_pipeline）或远端视频"
assets/pag/escape_animal/monkey/choice.pag,83339,.pag,undefined,converted,"PAG→帧序列/图集（tools/asset_pipeline）或远端视频"
assets/pag/escape_animal/monkey/fall_down.pag,13310,.pag,undefined,converted,"PAG→帧序列/图集（tools/asset_pipeline）或远端视频"
assets/pag/escape_animal/monkey/idle.pag,26729,.pag,undefined,converted,"PAG→帧序列/图集（tools/asset_pipeline）或远端视频"
assets/pag/escape_animal/monkey/idle_choice.pag,32847,.pag,undefined,converted,"PAG→帧序列/图集（tools/asset_pipeline）或远端视频"
assets/pag/escape_animal/monkey/mud.pag,23053,.pag,undefined,converted,"PAG→帧序列/图集（tools/asset_pipeline）或远端视频"
assets/pag/escape_animal/monkey/palsy.pag,13847,.pag,undefined,converted,"PAG→帧序列/图集（tools/asset_pipeline）或远端视频"
assets/pag/escape_animal/monkey/run.pag,16613,.pag,undefined,converted,"PAG→帧序列/图集（tools/asset_pipeline）或远端视频"
assets/pag/escape_animal/monkey/run_choice.pag,24948,.pag,undefined,converted,"PAG→帧序列/图集（tools/asset_pipeline）或远端视频"
assets/pag/escape_animal/pig/catch.pag,34823,.pag,undefined,converted,"PAG→帧序列/图集（tools/asset_pipeline）或远端视频"
assets/pag/escape_animal/pig/choice.pag,82543,.pag,undefined,converted,"PAG→帧序列/图集（tools/asset_pipeline）或远端视频"
assets/pag/escape_animal/pig/fall_down.pag,13447,.pag,undefined,converted,"PAG→帧序列/图集（tools/asset_pipeline）或远端视频"
assets/pag/escape_animal/pig/idle.pag,24676,.pag,undefined,converted,"PAG→帧序列/图集（tools/asset_pipeline）或远端视频"
assets/pag/escape_animal/pig/idle_choice.pag,30687,.pag,undefined,converted,"PAG→帧序列/图集（tools/asset_pipeline）或远端视频"
assets/pag/escape_animal/pig/mud.pag,21183,.pag,undefined,converted,"PAG→帧序列/图集（tools/asset_pipeline）或远端视频"
assets/pag/escape_animal/pig/palsy.pag,13257,.pag,undefined,converted,"PAG→帧序列/图集（tools/asset_pipeline）或远端视频"
assets/pag/escape_animal/pig/run.pag,12942,.pag,undefined,converted,"PAG→帧序列/图集（tools/asset_pipeline）或远端视频"
assets/pag/escape_animal/pig/run_choice.pag,19149,.pag,undefined,converted,"PAG→帧序列/图集（tools/asset_pipeline）或远端视频"
assets/pag/escape_animal/prop/bless.pag,1423628,.pag,undefined,converted,"PAG→帧序列/图集（tools/asset_pipeline）或远端视频"
assets/pag/escape_animal/prop/invincible/idle.pag,48784,.pag,undefined,converted,"PAG→帧序列/图集（tools/asset_pipeline）或远端视频"
assets/pag/escape_animal/prop/invincible/invincible.pag,16809,.pag,undefined,converted,"PAG→帧序列/图集（tools/asset_pipeline）或远端视频"
assets/pag/escape_animal/prop/lightning.pag,347939,.pag,undefined,converted,"PAG→帧序列/图集（tools/asset_pipeline）或远端视频"
assets/pag/escape_animal/prop/punish.pag,1372613,.pag,undefined,converted,"PAG→帧序列/图集（tools/asset_pipeline）或远端视频"
assets/pag/escape_animal/prop/shield/idle.pag,49520,.pag,undefined,converted,"PAG→帧序列/图集（tools/asset_pipeline）或远端视频"
assets/pag/escape_animal/prop/speed/idle.pag,41916,.pag,undefined,converted,"PAG→帧序列/图集（tools/asset_pipeline）或远端视频"
assets/pag/escape_animal/prop/speed/speed.pag,15086,.pag,undefined,converted,"PAG→帧序列/图集（tools/asset_pipeline）或远端视频"
assets/pag/escape_animal/raccoon/catch.pag,33331,.pag,undefined,converted,"PAG→帧序列/图集（tools/asset_pipeline）或远端视频"
assets/pag/escape_animal/raccoon/choice.pag,82941,.pag,undefined,converted,"PAG→帧序列/图集（tools/asset_pipeline）或远端视频"
assets/pag/escape_animal/raccoon/fall_down.pag,11733,.pag,undefined,converted,"PAG→帧序列/图集（tools/asset_pipeline）或远端视频"
assets/pag/escape_animal/raccoon/idle.pag,23737,.pag,undefined,converted,"PAG→帧序列/图集（tools/asset_pipeline）或远端视频"
assets/pag/escape_animal/raccoon/idle_choice.pag,30067,.pag,undefined,converted,"PAG→帧序列/图集（tools/asset_pipeline）或远端视频"
assets/pag/escape_animal/raccoon/mud.pag,19538,.pag,undefined,converted,"PAG→帧序列/图集（tools/asset_pipeline）或远端视频"
assets/pag/escape_animal/raccoon/palsy.pag,12564,.pag,undefined,converted,"PAG→帧序列/图集（tools/asset_pipeline）或远端视频"
assets/pag/escape_animal/raccoon/run.pag,12194,.pag,undefined,converted,"PAG→帧序列/图集（tools/asset_pipeline）或远端视频"
assets/pag/escape_animal/raccoon/run_choice.pag,18295,.pag,undefined,converted,"PAG→帧序列/图集（tools/asset_pipeline）或远端视频"
assets/pag/escape_animal/ready_go.pag,263463,.pag,undefined,converted,"PAG→帧序列/图集（tools/asset_pipeline）或远端视频"
assets/pag/escape_animal/rope_breaks.pag,46036,.pag,undefined,converted,"PAG→帧序列/图集（tools/asset_pipeline）或远端视频"
assets/pag/escape_animal/tiger/fall_down.pag,25292,.pag,undefined,converted,"PAG→帧序列/图集（tools/asset_pipeline）或远端视频"
assets/pag/escape_animal/tiger/idle.pag,19853,.pag,undefined,converted,"PAG→帧序列/图集（tools/asset_pipeline）或远端视频"
assets/pag/escape_animal/tiger/jump.pag,56821,.pag,undefined,converted,"PAG→帧序列/图集（tools/asset_pipeline）或远端视频"
assets/pag/escape_animal/tiger/mud.pag,35990,.pag,undefined,converted,"PAG→帧序列/图集（tools/asset_pipeline）或远端视频"
assets/pag/escape_animal/tiger/palsy.pag,30275,.pag,undefined,converted,"PAG→帧序列/图集（tools/asset_pipeline）或远端视频"
assets/pag/escape_animal/tiger/run.pag,28032,.pag,undefined,converted,"PAG→帧序列/图集（tools/asset_pipeline）或远端视频"
assets/pag/escape_animal/tiger/small_idle_me.pag,16906,.pag,undefined,converted,"PAG→帧序列/图集（tools/asset_pipeline）或远端视频"
assets/pag/escape_animal/tiger/small_run_me.pag,12623,.pag,undefined,converted,"PAG→帧序列/图集（tools/asset_pipeline）或远端视频"
assets/pag/fill_red_package.pag,5076,.pag,undefined,converted,"PAG→帧序列/图集（tools/asset_pipeline）或远端视频"
assets/pag/fill_red_package_light.pag,38097,.pag,undefined,converted,"PAG→帧序列/图集（tools/asset_pipeline）或远端视频"
assets/pag/flash.pag,28778,.pag,undefined,converted,"PAG→帧序列/图集（tools/asset_pipeline）或远端视频"
assets/pag/flash_card_banner_animation.pag,518308,.pag,undefined,converted,"PAG→帧序列/图集（tools/asset_pipeline）或远端视频"
assets/pag/flashcard_bg.pag,657356,.pag,undefined,converted,"PAG→帧序列/图集（tools/asset_pipeline）或远端视频"
assets/pag/get_parts.pag,16590,.pag,undefined,converted,"PAG→帧序列/图集（tools/asset_pipeline）或远端视频"
assets/pag/hz1_bmp.pag,53729,.pag,undefined,converted,"PAG→帧序列/图集（tools/asset_pipeline）或远端视频"
assets/pag/idle/idle1.pag,59027,.pag,undefined,converted,"PAG→帧序列/图集（tools/asset_pipeline）或远端视频"
assets/pag/idle/idle2.pag,46412,.pag,undefined,converted,"PAG→帧序列/图集（tools/asset_pipeline）或远端视频"
assets/pag/idle/idle3.pag,49403,.pag,undefined,converted,"PAG→帧序列/图集（tools/asset_pipeline）或远端视频"
assets/pag/idle/idle4.pag,51367,.pag,undefined,converted,"PAG→帧序列/图集（tools/asset_pipeline）或远端视频"
assets/pag/idle/idle5.pag,70068,.pag,undefined,converted,"PAG→帧序列/图集（tools/asset_pipeline）或远端视频"
assets/pag/idle/idle6.pag,49683,.pag,undefined,converted,"PAG→帧序列/图集（tools/asset_pipeline）或远端视频"
assets/pag/invate_loading.pag,109262,.pag,undefined,converted,"PAG→帧序列/图集（tools/asset_pipeline）或远端视频"
assets/pag/joint_index_product.pag,291643,.pag,undefined,converted,"PAG→帧序列/图集（tools/asset_pipeline）或远端视频"
assets/pag/kill_coloured_ribbon.pag,3394,.pag,undefined,converted,"PAG→帧序列/图集（tools/asset_pipeline）或远端视频"
assets/pag/lay_egg.pag,146632,.pag,undefined,converted,"PAG→帧序列/图集（tools/asset_pipeline）或远端视频"
assets/pag/link_success_clap_hands.pag,102262,.pag,undefined,converted,"PAG→帧序列/图集（tools/asset_pipeline）或远端视频"
assets/pag/luckybag.pag,62048,.pag,undefined,converted,"PAG→帧序列/图集（tools/asset_pipeline）或远端视频"
assets/pag/luckybagEvenOpen.pag,64292,.pag,undefined,converted,"PAG→帧序列/图集（tools/asset_pipeline）或远端视频"
assets/pag/luckybagShadow.pag,16975,.pag,undefined,converted,"PAG→帧序列/图集（tools/asset_pipeline）或远端视频"
assets/pag/luckybagSky.pag,30370,.pag,undefined,converted,"PAG→帧序列/图集（tools/asset_pipeline）或远端视频"
assets/pag/marbles/blue.pag,338,.pag,undefined,converted,"PAG→帧序列/图集（tools/asset_pipeline）或远端视频"
assets/pag/marbles/gray/left.pag,2879,.pag,undefined,converted,"PAG→帧序列/图集（tools/asset_pipeline）或远端视频"
assets/pag/marbles/gray/left_down.pag,5107,.pag,undefined,converted,"PAG→帧序列/图集（tools/asset_pipeline）或远端视频"
assets/pag/marbles/gray/left_jump.pag,3191,.pag,undefined,converted,"PAG→帧序列/图集（tools/asset_pipeline）或远端视频"
assets/pag/marbles/gray/middle.pag,10748,.pag,undefined,converted,"PAG→帧序列/图集（tools/asset_pipeline）或远端视频"
assets/pag/marbles/gray/quick.pag,10748,.pag,undefined,converted,"PAG→帧序列/图集（tools/asset_pipeline）或远端视频"
assets/pag/marbles/gray/right.pag,2919,.pag,undefined,converted,"PAG→帧序列/图集（tools/asset_pipeline）或远端视频"
assets/pag/marbles/gray/right_down.pag,5099,.pag,undefined,converted,"PAG→帧序列/图集（tools/asset_pipeline）或远端视频"
assets/pag/marbles/gray/right_jump.pag,3187,.pag,undefined,converted,"PAG→帧序列/图集（tools/asset_pipeline）或远端视频"
assets/pag/marbles/gray/slow.pag,10748,.pag,undefined,converted,"PAG→帧序列/图集（tools/asset_pipeline）或远端视频"
assets/pag/marbles/gray/standby.pag,10521,.pag,undefined,converted,"PAG→帧序列/图集（tools/asset_pipeline）或远端视频"
assets/pag/marbles/launch_click.pag,13267,.pag,undefined,converted,"PAG→帧序列/图集（tools/asset_pipeline）或远端视频"
assets/pag/marbles/launch_long_click.pag,13396,.pag,undefined,converted,"PAG→帧序列/图集（tools/asset_pipeline）或远端视频"
assets/pag/marbles/orange.pag,338,.pag,undefined,converted,"PAG→帧序列/图集（tools/asset_pipeline）或远端视频"
assets/pag/marbles/orange/left.pag,3207,.pag,undefined,converted,"PAG→帧序列/图集（tools/asset_pipeline）或远端视频"
assets/pag/marbles/orange/left_down.pag,10666,.pag,undefined,converted,"PAG→帧序列/图集（tools/asset_pipeline）或远端视频"
assets/pag/marbles/orange/left_jump.pag,3433,.pag,undefined,converted,"PAG→帧序列/图集（tools/asset_pipeline）或远端视频"
assets/pag/marbles/orange/middle.pag,13725,.pag,undefined,converted,"PAG→帧序列/图集（tools/asset_pipeline）或远端视频"
assets/pag/marbles/orange/quick.pag,13725,.pag,undefined,converted,"PAG→帧序列/图集（tools/asset_pipeline）或远端视频"
assets/pag/marbles/orange/right.pag,3217,.pag,undefined,converted,"PAG→帧序列/图集（tools/asset_pipeline）或远端视频"
assets/pag/marbles/orange/right_down.pag,10658,.pag,undefined,converted,"PAG→帧序列/图集（tools/asset_pipeline）或远端视频"
assets/pag/marbles/orange/right_jump.pag,3493,.pag,undefined,converted,"PAG→帧序列/图集（tools/asset_pipeline）或远端视频"
assets/pag/marbles/orange/slow.pag,13725,.pag,undefined,converted,"PAG→帧序列/图集（tools/asset_pipeline）或远端视频"
assets/pag/marbles/orange/standby.pag,13641,.pag,undefined,converted,"PAG→帧序列/图集（tools/asset_pipeline）或远端视频"
assets/pag/marbles/purple.pag,338,.pag,undefined,converted,"PAG→帧序列/图集（tools/asset_pipeline）或远端视频"
assets/pag/marbles/spring.pag,7858,.pag,undefined,converted,"PAG→帧序列/图集（tools/asset_pipeline）或远端视频"
assets/pag/marbles/swing.pag,4656,.pag,undefined,converted,"PAG→帧序列/图集（tools/asset_pipeline）或远端视频"
assets/pag/marbles/white.pag,338,.pag,undefined,converted,"PAG→帧序列/图集（tools/asset_pipeline）或远端视频"
assets/pag/marbles/white/left.pag,3006,.pag,undefined,converted,"PAG→帧序列/图集（tools/asset_pipeline）或远端视频"
assets/pag/marbles/white/left_down.pag,10204,.pag,undefined,converted,"PAG→帧序列/图集（tools/asset_pipeline）或远端视频"
assets/pag/marbles/white/left_jump.pag,3321,.pag,undefined,converted,"PAG→帧序列/图集（tools/asset_pipeline）或远端视频"
assets/pag/marbles/white/middle.pag,13502,.pag,undefined,converted,"PAG→帧序列/图集（tools/asset_pipeline）或远端视频"
assets/pag/marbles/white/quick.pag,13502,.pag,undefined,converted,"PAG→帧序列/图集（tools/asset_pipeline）或远端视频"
assets/pag/marbles/white/right.pag,3016,.pag,undefined,converted,"PAG→帧序列/图集（tools/asset_pipeline）或远端视频"
assets/pag/marbles/white/right_down.pag,10196,.pag,undefined,converted,"PAG→帧序列/图集（tools/asset_pipeline）或远端视频"
assets/pag/marbles/white/right_jump.pag,3347,.pag,undefined,converted,"PAG→帧序列/图集（tools/asset_pipeline）或远端视频"
assets/pag/marbles/white/slow.pag,13502,.pag,undefined,converted,"PAG→帧序列/图集（tools/asset_pipeline）或远端视频"
assets/pag/marbles/white/standby.pag,13440,.pag,undefined,converted,"PAG→帧序列/图集（tools/asset_pipeline）或远端视频"
assets/pag/marbles/yellow/left.pag,3249,.pag,undefined,converted,"PAG→帧序列/图集（tools/asset_pipeline）或远端视频"
assets/pag/marbles/yellow/left_down.pag,10852,.pag,undefined,converted,"PAG→帧序列/图集（tools/asset_pipeline）或远端视频"
assets/pag/marbles/yellow/left_jump.pag,3649,.pag,undefined,converted,"PAG→帧序列/图集（tools/asset_pipeline）或远端视频"
assets/pag/marbles/yellow/middle.pag,13767,.pag,undefined,converted,"PAG→帧序列/图集（tools/asset_pipeline）或远端视频"
assets/pag/marbles/yellow/quick.pag,13767,.pag,undefined,converted,"PAG→帧序列/图集（tools/asset_pipeline）或远端视频"
assets/pag/marbles/yellow/right.pag,3275,.pag,undefined,converted,"PAG→帧序列/图集（tools/asset_pipeline）或远端视频"
assets/pag/marbles/yellow/right_down.pag,10844,.pag,undefined,converted,"PAG→帧序列/图集（tools/asset_pipeline）或远端视频"
assets/pag/marbles/yellow/right_jump.pag,3669,.pag,undefined,converted,"PAG→帧序列/图集（tools/asset_pipeline）或远端视频"
assets/pag/marbles/yellow/slow.pag,13767,.pag,undefined,converted,"PAG→帧序列/图集（tools/asset_pipeline）或远端视频"
assets/pag/marbles/yellow/standby.pag,13683,.pag,undefined,converted,"PAG→帧序列/图集（tools/asset_pipeline）或远端视频"
assets/pag/me/idle.pag,8724,.pag,undefined,converted,"PAG→帧序列/图集（tools/asset_pipeline）或远端视频"
assets/pag/me/run.pag,6159,.pag,undefined,converted,"PAG→帧序列/图集（tools/asset_pipeline）或远端视频"
assets/pag/medal_egg.pag,179701,.pag,undefined,converted,"PAG→帧序列/图集（tools/asset_pipeline）或远端视频"
assets/pag/medal_reward/glass.pag,35141,.pag,undefined,converted,"PAG→帧序列/图集（tools/asset_pipeline）或远端视频"
assets/pag/medal_reward/glass_light.pag,58604,.pag,undefined,converted,"PAG→帧序列/图集（tools/asset_pipeline）或远端视频"
assets/pag/medal_reward/medal_fight.pag,725242,.pag,undefined,converted,"PAG→帧序列/图集（tools/asset_pipeline）或远端视频"
assets/pag/medal_reward/screen_idle.pag,112646,.pag,undefined,converted,"PAG→帧序列/图集（tools/asset_pipeline）或远端视频"
assets/pag/medal_reward/screen_start.pag,67628,.pag,undefined,converted,"PAG→帧序列/图集（tools/asset_pipeline）或远端视频"
assets/pag/medal_reward/start_ship.pag,87516,.pag,undefined,converted,"PAG→帧序列/图集（tools/asset_pipeline）或远端视频"
assets/pag/medal_reward/universe_sky.pag,345453,.pag,undefined,converted,"PAG→帧序列/图集（tools/asset_pipeline）或远端视频"
assets/pag/mines_join_light.pag,556863,.pag,undefined,converted,"PAG→帧序列/图集（tools/asset_pipeline）或远端视频"
assets/pag/mines_join_ribbon.pag,230441,.pag,undefined,converted,"PAG→帧序列/图集（tools/asset_pipeline）或远端视频"
assets/pag/monkey.pag,1017763,.pag,undefined,converted,"PAG→帧序列/图集（tools/asset_pipeline）或远端视频"
assets/pag/monkeyFighting/bad_monkey_attach.pag,145659,.pag,undefined,converted,"PAG→帧序列/图集（tools/asset_pipeline）或远端视频"
assets/pag/monkeyFighting/bad_monkey_idle.pag,9877,.pag,undefined,converted,"PAG→帧序列/图集（tools/asset_pipeline）或远端视频"
assets/pag/monkeyFighting/bad_monkey_run.pag,18062,.pag,undefined,converted,"PAG→帧序列/图集（tools/asset_pipeline）或远端视频"
assets/pag/monkeyFighting/bad_monkey_start.pag,31140,.pag,undefined,converted,"PAG→帧序列/图集（tools/asset_pipeline）或远端视频"
assets/pag/monkeyFighting/kill_seat_alert.pag,1804,.pag,undefined,converted,"PAG→帧序列/图集（tools/asset_pipeline）或远端视频"
assets/pag/monkeyFighting/monkey_fighting_appear.pag,229122,.pag,undefined,converted,"PAG→帧序列/图集（tools/asset_pipeline）或远端视频"
assets/pag/monkeyFighting/monkey_fighting_cage.pag,68379,.pag,undefined,converted,"PAG→帧序列/图集（tools/asset_pipeline）或远端视频"
assets/pag/monkeyFighting/monkey_fighting_cage_boom.pag,66080,.pag,undefined,converted,"PAG→帧序列/图集（tools/asset_pipeline）或远端视频"
assets/pag/monkeyFighting/monkey_fighting_ground_fissure.pag,25328,.pag,undefined,converted,"PAG→帧序列/图集（tools/asset_pipeline）或远端视频"
assets/pag/monkeyFighting/monkey_fighting_stele.pag,112875,.pag,undefined,converted,"PAG→帧序列/图集（tools/asset_pipeline）或远端视频"
assets/pag/monkey_attack_foot.pag,40369,.pag,undefined,converted,"PAG→帧序列/图集（tools/asset_pipeline）或远端视频"
assets/pag/monkey_attack_hand.pag,32396,.pag,undefined,converted,"PAG→帧序列/图集（tools/asset_pipeline）或远端视频"
assets/pag/monkey_challenge_down_win.pag,50621,.pag,undefined,converted,"PAG→帧序列/图集（tools/asset_pipeline）或远端视频"
assets/pag/monkey_challenge_up_win.pag,42481,.pag,undefined,converted,"PAG→帧序列/图集（tools/asset_pipeline）或远端视频"
assets/pag/monkey_defeat_down.pag,43820,.pag,undefined,converted,"PAG→帧序列/图集（tools/asset_pipeline）或远端视频"
assets/pag/monkey_defeat_up.pag,46857,.pag,undefined,converted,"PAG→帧序列/图集（tools/asset_pipeline）或远端视频"
assets/pag/monkey_die.pag,46381,.pag,undefined,converted,"PAG→帧序列/图集（tools/asset_pipeline）或远端视频"
assets/pag/monkey_idle.pag,31523,.pag,undefined,converted,"PAG→帧序列/图集（tools/asset_pipeline）或远端视频"
assets/pag/monkey_recover.pag,130526,.pag,undefined,converted,"PAG→帧序列/图集（tools/asset_pipeline）或远端视频"
assets/pag/monkey_win.pag,43769,.pag,undefined,converted,"PAG→帧序列/图集（tools/asset_pipeline）或远端视频"
assets/pag/more_light.pag,24713,.pag,undefined,converted,"PAG→帧序列/图集（tools/asset_pipeline）或远端视频"
assets/pag/multiple_pit_dig.pag,5313,.pag,undefined,converted,"PAG→帧序列/图集（tools/asset_pipeline）或远端视频"
assets/pag/multiple_pit_light.pag,103889,.pag,undefined,converted,"PAG→帧序列/图集（tools/asset_pipeline）或远端视频"
assets/pag/normal_bmp.pag,356440,.pag,undefined,converted,"PAG→帧序列/图集（tools/asset_pipeline）或远端视频"
assets/pag/normal_egg.pag,101222,.pag,undefined,converted,"PAG→帧序列/图集（tools/asset_pipeline）或远端视频"
assets/pag/nx_chest.pag,439246,.pag,undefined,converted,"PAG→帧序列/图集（tools/asset_pipeline）或远端视频"
assets/pag/nx_home_boss.pag,33903,.pag,undefined,converted,"PAG→帧序列/图集（tools/asset_pipeline）或远端视频"
assets/pag/nx_home_rock.pag,29121,.pag,undefined,converted,"PAG→帧序列/图集（tools/asset_pipeline）或远端视频"
assets/pag/nx_home_strong.pag,35949,.pag,undefined,converted,"PAG→帧序列/图集（tools/asset_pipeline）或远端视频"
assets/pag/nx_progress.pag,45433,.pag,undefined,converted,"PAG→帧序列/图集（tools/asset_pipeline）或远端视频"
assets/pag/open_egg_exp_light.pag,122599,.pag,undefined,converted,"PAG→帧序列/图集（tools/asset_pipeline）或远端视频"
assets/pag/open_gold_card.pag,367156,.pag,undefined,converted,"PAG→帧序列/图集（tools/asset_pipeline）或远端视频"
assets/pag/open_medal_egg.pag,330760,.pag,undefined,converted,"PAG→帧序列/图集（tools/asset_pipeline）或远端视频"
assets/pag/open_normal_egg.pag,268052,.pag,undefined,converted,"PAG→帧序列/图集（tools/asset_pipeline）或远端视频"
assets/pag/open_rock_egg.pag,339033,.pag,undefined,converted,"PAG→帧序列/图集（tools/asset_pipeline）或远端视频"
assets/pag/opening.pag,289550,.pag,undefined,converted,"PAG→帧序列/图集（tools/asset_pipeline）或远端视频"
assets/pag/openresult.pag,240967,.pag,undefined,converted,"PAG→帧序列/图集（tools/asset_pipeline）或远端视频"
assets/pag/pag_levelup.pag,293279,.pag,undefined,converted,"PAG→帧序列/图集（tools/asset_pipeline）或远端视频"
assets/pag/pag_levelup_fail.pag,433360,.pag,undefined,converted,"PAG→帧序列/图集（tools/asset_pipeline）或远端视频"
assets/pag/pag_levelup_success.pag,836482,.pag,undefined,converted,"PAG→帧序列/图集（tools/asset_pipeline）或远端视频"
assets/pag/pag_nail.pag,90613,.pag,undefined,converted,"PAG→帧序列/图集（tools/asset_pipeline）或远端视频"
assets/pag/pag_product_special.pag,157948,.pag,undefined,converted,"PAG→帧序列/图集（tools/asset_pipeline）或远端视频"
assets/pag/pag_sleep.pag,74300,.pag,undefined,converted,"PAG→帧序列/图集（tools/asset_pipeline）或远端视频"
assets/pag/pag_tiadalbox_open.pag,6190,.pag,undefined,converted,"PAG→帧序列/图集（tools/asset_pipeline）或远端视频"
assets/pag/pit_leading.pag,5033,.pag,undefined,converted,"PAG→帧序列/图集（tools/asset_pipeline）或远端视频"
assets/pag/pit_update_ribbon.pag,3909,.pag,undefined,converted,"PAG→帧序列/图集（tools/asset_pipeline）或远端视频"
assets/pag/presell_welfare.pag,25715,.pag,undefined,converted,"PAG→帧序列/图集（tools/asset_pipeline）或远端视频"
assets/pag/private_miners.pag,12674,.pag,undefined,converted,"PAG→帧序列/图集（tools/asset_pipeline）或远端视频"
assets/pag/private_mines_light.pag,7059,.pag,undefined,converted,"PAG→帧序列/图集（tools/asset_pipeline）或远端视频"
assets/pag/puzzle_detail_light.pag,767539,.pag,undefined,converted,"PAG→帧序列/图集（tools/asset_pipeline）或远端视频"
assets/pag/puzzle_exchange_product.pag,16001,.pag,undefined,converted,"PAG→帧序列/图集（tools/asset_pipeline）或远端视频"
assets/pag/puzzle_mine_get_all.pag,88669,.pag,undefined,converted,"PAG→帧序列/图集（tools/asset_pipeline）或远端视频"
assets/pag/puzzle_mine_item.pag,114345,.pag,undefined,converted,"PAG→帧序列/图集（tools/asset_pipeline）或远端视频"
assets/pag/puzzle_mine_loading.pag,25383,.pag,undefined,converted,"PAG→帧序列/图集（tools/asset_pipeline）或远端视频"
assets/pag/ready_go/ready_go.pag,9202,.pag,undefined,converted,"PAG→帧序列/图集（tools/asset_pipeline）或远端视频"
assets/pag/receive_prize.pag,13274,.pag,undefined,converted,"PAG→帧序列/图集（tools/asset_pipeline）或远端视频"
assets/pag/red_package_appear.pag,115521,.pag,undefined,converted,"PAG→帧序列/图集（tools/asset_pipeline）或远端视频"
assets/pag/red_package_idle.pag,115573,.pag,undefined,converted,"PAG→帧序列/图集（tools/asset_pipeline）或远端视频"
assets/pag/red_package_open.pag,115573,.pag,undefined,converted,"PAG→帧序列/图集（tools/asset_pipeline）或远端视频"
assets/pag/red_package_win.pag,3579,.pag,undefined,converted,"PAG→帧序列/图集（tools/asset_pipeline）或远端视频"
assets/pag/rob/duwulaixi.pag,1122776,.pag,undefined,converted,"PAG→帧序列/图集（tools/asset_pipeline）或远端视频"
assets/pag/rob/duzhuanchang.pag,690251,.pag,undefined,converted,"PAG→帧序列/图集（tools/asset_pipeline）或远端视频"
assets/pag/rob/light_1.pag,29819,.pag,undefined,converted,"PAG→帧序列/图集（tools/asset_pipeline）或远端视频"
assets/pag/rob/light_2.pag,30088,.pag,undefined,converted,"PAG→帧序列/图集（tools/asset_pipeline）或远端视频"
assets/pag/rob/light_3.pag,27006,.pag,undefined,converted,"PAG→帧序列/图集（tools/asset_pipeline）或远端视频"
assets/pag/rob/potu.pag,5313,.pag,undefined,converted,"PAG→帧序列/图集（tools/asset_pipeline）或远端视频"
assets/pag/rob/result_bar_1.pag,3486,.pag,undefined,converted,"PAG→帧序列/图集（tools/asset_pipeline）或远端视频"
assets/pag/rob/result_bar_2.pag,4038,.pag,undefined,converted,"PAG→帧序列/图集（tools/asset_pipeline）或远端视频"
assets/pag/rob/selected.pag,44641,.pag,undefined,converted,"PAG→帧序列/图集（tools/asset_pipeline）或远端视频"
assets/pag/rob/speedup.pag,52636,.pag,undefined,converted,"PAG→帧序列/图集（tools/asset_pipeline）或远端视频"
assets/pag/rock_battle_royal_banner_new.pag,71326,.pag,undefined,converted,"PAG→帧序列/图集（tools/asset_pipeline）或远端视频"
assets/pag/rock_egg.pag,179094,.pag,undefined,converted,"PAG→帧序列/图集（tools/asset_pipeline）或远端视频"
assets/pag/rss_box_indicator.pag,6380,.pag,undefined,converted,"PAG→帧序列/图集（tools/asset_pipeline）或远端视频"
assets/pag/run/run1.pag,20555,.pag,undefined,converted,"PAG→帧序列/图集（tools/asset_pipeline）或远端视频"
assets/pag/run/run2.pag,17754,.pag,undefined,converted,"PAG→帧序列/图集（tools/asset_pipeline）或远端视频"
assets/pag/run/run3.pag,17060,.pag,undefined,converted,"PAG→帧序列/图集（tools/asset_pipeline）或远端视频"
assets/pag/run/run4.pag,17356,.pag,undefined,converted,"PAG→帧序列/图集（tools/asset_pipeline）或远端视频"
assets/pag/run/run5.pag,21929,.pag,undefined,converted,"PAG→帧序列/图集（tools/asset_pipeline）或远端视频"
assets/pag/run/run6.pag,17752,.pag,undefined,converted,"PAG→帧序列/图集（tools/asset_pipeline）或远端视频"
assets/pag/smog_big.pag,85740,.pag,undefined,converted,"PAG→帧序列/图集（tools/asset_pipeline）或远端视频"
assets/pag/smog_middle.pag,81900,.pag,undefined,converted,"PAG→帧序列/图集（tools/asset_pipeline）或远端视频"
assets/pag/smog_small.pag,80659,.pag,undefined,converted,"PAG→帧序列/图集（tools/asset_pipeline）或远端视频"
assets/pag/smoke.pag,130748,.pag,undefined,converted,"PAG→帧序列/图集（tools/asset_pipeline）或远端视频"
assets/pag/sport/player_selected1.pag,16174,.pag,undefined,converted,"PAG→帧序列/图集（tools/asset_pipeline）或远端视频"
assets/pag/sport/player_selected2.pag,18648,.pag,undefined,converted,"PAG→帧序列/图集（tools/asset_pipeline）或远端视频"
assets/pag/sport/player_selected3.pag,18375,.pag,undefined,converted,"PAG→帧序列/图集（tools/asset_pipeline）或远端视频"
assets/pag/sport/player_selected4.pag,19931,.pag,undefined,converted,"PAG→帧序列/图集（tools/asset_pipeline）或远端视频"
assets/pag/sport/player_selected5.pag,18485,.pag,undefined,converted,"PAG→帧序列/图集（tools/asset_pipeline）或远端视频"
assets/pag/sport/player_selected6.pag,18321,.pag,undefined,converted,"PAG→帧序列/图集（tools/asset_pipeline）或远端视频"
assets/pag/sport_ribbon/ribbon.pag,3457,.pag,undefined,converted,"PAG→帧序列/图集（tools/asset_pipeline）或远端视频"
assets/pag/sport_stay/stay1.pag,12292,.pag,undefined,converted,"PAG→帧序列/图集（tools/asset_pipeline）或远端视频"
assets/pag/sport_stay/stay2.pag,14804,.pag,undefined,converted,"PAG→帧序列/图集（tools/asset_pipeline）或远端视频"
assets/pag/sport_stay/stay3.pag,15671,.pag,undefined,converted,"PAG→帧序列/图集（tools/asset_pipeline）或远端视频"
assets/pag/sport_stay/stay4.pag,15085,.pag,undefined,converted,"PAG→帧序列/图集（tools/asset_pipeline）或远端视频"
assets/pag/sport_stay/stay5.pag,14937,.pag,undefined,converted,"PAG→帧序列/图集（tools/asset_pipeline）或远端视频"
assets/pag/sport_stay/stay6.pag,16493,.pag,undefined,converted,"PAG→帧序列/图集（tools/asset_pipeline）或远端视频"
assets/pag/sport_win/win1.pag,16218,.pag,undefined,converted,"PAG→帧序列/图集（tools/asset_pipeline）或远端视频"
assets/pag/sport_win/win2.pag,19945,.pag,undefined,converted,"PAG→帧序列/图集（tools/asset_pipeline）或远端视频"
assets/pag/sport_win/win3.pag,20591,.pag,undefined,converted,"PAG→帧序列/图集（tools/asset_pipeline）或远端视频"
assets/pag/sport_win/win4.pag,21936,.pag,undefined,converted,"PAG→帧序列/图集（tools/asset_pipeline）或远端视频"
assets/pag/sport_win/win5.pag,19978,.pag,undefined,converted,"PAG→帧序列/图集（tools/asset_pipeline）或远端视频"
assets/pag/sport_win/win6.pag,21830,.pag,undefined,converted,"PAG→帧序列/图集（tools/asset_pipeline）或远端视频"
assets/pag/star_airdrop.pag,15452,.pag,undefined,converted,"PAG→帧序列/图集（tools/asset_pipeline）或远端视频"
assets/pag/starship_mining.pag,232494,.pag,undefined,converted,"PAG→帧序列/图集（tools/asset_pipeline）或远端视频"
assets/pag/starship_travel.pag,10351,.pag,undefined,converted,"PAG→帧序列/图集（tools/asset_pipeline）或远端视频"
assets/pag/strengthen/airplane_loop.pag,899,.pag,undefined,converted,"PAG→帧序列/图集（tools/asset_pipeline）或远端视频"
assets/pag/strengthen/body.pag,137883,.pag,undefined,converted,"PAG→帧序列/图集（tools/asset_pipeline）或远端视频"
assets/pag/strengthen/ear_left.pag,100846,.pag,undefined,converted,"PAG→帧序列/图集（tools/asset_pipeline）或远端视频"
assets/pag/strengthen/ear_right.pag,104280,.pag,undefined,converted,"PAG→帧序列/图集（tools/asset_pipeline）或远端视频"
assets/pag/strengthen/eye_nose.pag,130772,.pag,undefined,converted,"PAG→帧序列/图集（tools/asset_pipeline）或远端视频"
assets/pag/strengthen/face.pag,125671,.pag,undefined,converted,"PAG→帧序列/图集（tools/asset_pipeline）或远端视频"
assets/pag/strengthen/footer_left.pag,80128,.pag,undefined,converted,"PAG→帧序列/图集（tools/asset_pipeline）或远端视频"
assets/pag/strengthen/footer_right.pag,80266,.pag,undefined,converted,"PAG→帧序列/图集（tools/asset_pipeline）或远端视频"
assets/pag/strengthen/hand_left.pag,97398,.pag,undefined,converted,"PAG→帧序列/图集（tools/asset_pipeline）或远端视频"
assets/pag/strengthen/hand_right.pag,84850,.pag,undefined,converted,"PAG→帧序列/图集（tools/asset_pipeline）或远端视频"
assets/pag/strengthen/light_appear.pag,15831,.pag,undefined,converted,"PAG→帧序列/图集（tools/asset_pipeline）或远端视频"
assets/pag/strengthen/light_loop.pag,15879,.pag,undefined,converted,"PAG→帧序列/图集（tools/asset_pipeline）或远端视频"
assets/pag/strengthen/pants.pag,110029,.pag,undefined,converted,"PAG→帧序列/图集（tools/asset_pipeline）或远端视频"
assets/pag/super_bmp.pag,598285,.pag,undefined,converted,"PAG→帧序列/图集（tools/asset_pipeline）或远端视频"
assets/pag/super_vip_btn.pag,919,.pag,undefined,converted,"PAG→帧序列/图集（tools/asset_pipeline）或远端视频"
assets/pag/synthesis_card_index.pag,572534,.pag,undefined,converted,"PAG→帧序列/图集（tools/asset_pipeline）或远端视频"
assets/pag/task_egg_light.pag,36451,.pag,undefined,converted,"PAG→帧序列/图集（tools/asset_pipeline）或远端视频"
assets/pag/tz1_bmp.pag,41148,.pag,undefined,converted,"PAG→帧序列/图集（tools/asset_pipeline）或远端视频"
assets/pag/universe_banner.pag,366214,.pag,undefined,converted,"PAG→帧序列/图集（tools/asset_pipeline）或远端视频"
assets/pag/universe_destination.pag,1560,.pag,undefined,converted,"PAG→帧序列/图集（tools/asset_pipeline）或远端视频"
assets/pag/universe_log_scale_big.pag,33363,.pag,undefined,converted,"PAG→帧序列/图集（tools/asset_pipeline）或远端视频"
assets/pag/universe_log_summary.pag,45565,.pag,undefined,converted,"PAG→帧序列/图集（tools/asset_pipeline）或远端视频"
assets/pag/universe_room_upgrade.pag,137524,.pag,undefined,converted,"PAG→帧序列/图集（tools/asset_pipeline）或远端视频"
assets/pag/update_egg_outer_light.pag,154288,.pag,undefined,converted,"PAG→帧序列/图集（tools/asset_pipeline）或远端视频"
assets/pag/update_hint.pag,5948,.pag,undefined,converted,"PAG→帧序列/图集（tools/asset_pipeline）或远端视频"
assets/pag/updated_loop.pag,213884,.pag,undefined,converted,"PAG→帧序列/图集（tools/asset_pipeline）或远端视频"
assets/pag/updating.pag,450907,.pag,undefined,converted,"PAG→帧序列/图集（tools/asset_pipeline）或远端视频"
assets/pag/use_bomb.pag,666991,.pag,undefined,converted,"PAG→帧序列/图集（tools/asset_pipeline）或远端视频"
assets/pag/warcraft_finger.pag,15799,.pag,undefined,converted,"PAG→帧序列/图集（tools/asset_pipeline）或远端视频"
assets/pag/wizard_box.pag,52424,.pag,undefined,converted,"PAG→帧序列/图集（tools/asset_pipeline）或远端视频"
assets/pag/wizard_pop_1.pag,2553,.pag,undefined,converted,"PAG→帧序列/图集（tools/asset_pipeline）或远端视频"
assets/pag/wizard_pop_2.pag,2550,.pag,undefined,converted,"PAG→帧序列/图集（tools/asset_pipeline）或远端视频"
assets/pag/wizard_pop_3.pag,1893,.pag,undefined,converted,"PAG→帧序列/图集（tools/asset_pipeline）或远端视频"
assets/pag/wizard_rabbit.pag,44429,.pag,undefined,converted,"PAG→帧序列/图集（tools/asset_pipeline）或远端视频"
assets/pag/xiyou_bmp.pag,436893,.pag,undefined,converted,"PAG→帧序列/图集（tools/asset_pipeline）或远端视频"
assets/png/ape_null.png,157,.png,undefined,mapped,"帧序列打包图集"
assets/png/miner/1001/appear/appear_00020.png,129,.png,undefined,mapped,"帧序列打包图集"
assets/png/miner/1001/appear/appear_00022.png,945,.png,undefined,mapped,"帧序列打包图集"
assets/png/miner/1001/appear/appear_00024.png,2181,.png,undefined,mapped,"帧序列打包图集"
assets/png/miner/1001/appear/appear_00026.png,4034,.png,undefined,mapped,"帧序列打包图集"
assets/png/miner/1001/appear/appear_00028.png,6338,.png,undefined,mapped,"帧序列打包图集"
assets/png/miner/1001/appear/appear_00030.png,6153,.png,undefined,mapped,"帧序列打包图集"
assets/png/miner/1001/appear/appear_00032.png,5421,.png,undefined,mapped,"帧序列打包图集"
assets/png/miner/1001/appear/appear_00034.png,5235,.png,undefined,mapped,"帧序列打包图集"
assets/png/miner/1001/appear/appear_00036.png,4919,.png,undefined,mapped,"帧序列打包图集"
assets/png/miner/1001/appear/appear_00038.png,4509,.png,undefined,mapped,"帧序列打包图集"
assets/png/miner/1001/appear/appear_00040.png,4298,.png,undefined,mapped,"帧序列打包图集"
assets/png/miner/1001/appear/appear_00042.png,4207,.png,undefined,mapped,"帧序列打包图集"
assets/png/miner/1001/appear/appear_00044.png,3935,.png,undefined,mapped,"帧序列打包图集"
assets/png/miner/1001/appear/appear_00046.png,3952,.png,undefined,mapped,"帧序列打包图集"
assets/png/miner/1001/appear/appear_00048.png,3916,.png,undefined,mapped,"帧序列打包图集"
assets/png/miner/1001/appear/appear_00050.png,3865,.png,undefined,mapped,"帧序列打包图集"
assets/png/miner/1001/back/back_00000.png,4138,.png,undefined,mapped,"帧序列打包图集"
assets/png/miner/1001/back/back_00002.png,4273,.png,undefined,mapped,"帧序列打包图集"
assets/png/miner/1001/back/back_00004.png,4025,.png,undefined,mapped,"帧序列打包图集"
assets/png/miner/1001/back/back_00006.png,3836,.png,undefined,mapped,"帧序列打包图集"
assets/png/miner/1001/back/back_00008.png,4123,.png,undefined,mapped,"帧序列打包图集"
assets/png/miner/1001/back/back_00010.png,3978,.png,undefined,mapped,"帧序列打包图集"
assets/png/miner/1001/back/back_00012.png,4582,.png,undefined,mapped,"帧序列打包图集"
assets/png/miner/1001/back/back_00014.png,8631,.png,undefined,mapped,"帧序列打包图集"
assets/png/miner/1001/back/back_00016.png,9392,.png,undefined,mapped,"帧序列打包图集"
assets/png/miner/1001/back/back_00018.png,8277,.png,undefined,mapped,"帧序列打包图集"
assets/png/miner/1001/back/back_00020.png,6045,.png,undefined,mapped,"帧序列打包图集"
assets/png/miner/1001/back/back_00022.png,4138,.png,undefined,mapped,"帧序列打包图集"
assets/png/miner/1001/back/back_00024.png,4151,.png,undefined,mapped,"帧序列打包图集"
assets/png/miner/1001/back/back_00026.png,4138,.png,undefined,mapped,"帧序列打包图集"
assets/png/miner/1001/back/back_00028.png,4210,.png,undefined,mapped,"帧序列打包图集"
assets/png/miner/1001/back/back_00030.png,4086,.png,undefined,mapped,"帧序列打包图集"
assets/png/miner/1001/back/back_00032.png,4069,.png,undefined,mapped,"帧序列打包图集"
assets/png/miner/1001/back/back_00034.png,4109,.png,undefined,mapped,"帧序列打包图集"
assets/png/miner/1001/back/back_00036.png,4167,.png,undefined,mapped,"帧序列打包图集"
assets/png/miner/1001/back/back_00038.png,4185,.png,undefined,mapped,"帧序列打包图集"
assets/png/miner/1001/back/back_00040.png,4175,.png,undefined,mapped,"帧序列打包图集"
assets/png/miner/1001/back/back_00042.png,4156,.png,undefined,mapped,"帧序列打包图集"
assets/png/miner/1001/back/back_00044.png,4165,.png,undefined,mapped,"帧序列打包图集"
assets/png/miner/1001/front/front_00000.png,3821,.png,undefined,mapped,"帧序列打包图集"
assets/png/miner/1001/front/front_00002.png,3828,.png,undefined,mapped,"帧序列打包图集"
assets/png/miner/1001/front/front_00004.png,3931,.png,undefined,mapped,"帧序列打包图集"
assets/png/miner/1001/front/front_00006.png,3875,.png,undefined,mapped,"帧序列打包图集"
assets/png/miner/1001/front/front_00008.png,3811,.png,undefined,mapped,"帧序列打包图集"
assets/png/miner/1001/front/front_00010.png,2473,.png,undefined,mapped,"帧序列打包图集"
assets/png/miner/1001/front/front_00012.png,3979,.png,undefined,mapped,"帧序列打包图集"
assets/png/miner/1001/front/front_00014.png,6272,.png,undefined,mapped,"帧序列打包图集"
assets/png/miner/1001/front/front_00016.png,10361,.png,undefined,mapped,"帧序列打包图集"
assets/png/miner/1001/front/front_00018.png,9169,.png,undefined,mapped,"帧序列打包图集"
assets/png/miner/1001/front/front_00020.png,6139,.png,undefined,mapped,"帧序列打包图集"
assets/png/miner/1001/front/front_00022.png,3816,.png,undefined,mapped,"帧序列打包图集"
assets/png/miner/1001/front/front_00024.png,3877,.png,undefined,mapped,"帧序列打包图集"
assets/png/miner/1001/front/front_00026.png,3821,.png,undefined,mapped,"帧序列打包图集"
assets/png/miner/1001/front/front_00028.png,3815,.png,undefined,mapped,"帧序列打包图集"
assets/png/miner/1001/front/front_00030.png,3794,.png,undefined,mapped,"帧序列打包图集"
assets/png/miner/1001/front/front_00032.png,3799,.png,undefined,mapped,"帧序列打包图集"
assets/png/miner/1001/front/front_00034.png,3791,.png,undefined,mapped,"帧序列打包图集"
assets/png/miner/1001/front/front_00036.png,3916,.png,undefined,mapped,"帧序列打包图集"
assets/png/miner/1001/front/front_00038.png,3823,.png,undefined,mapped,"帧序列打包图集"
assets/png/miner/1001/front/front_00040.png,3847,.png,undefined,mapped,"帧序列打包图集"
assets/png/miner/1001/front/front_00042.png,3842,.png,undefined,mapped,"帧序列打包图集"
assets/png/miner/1001/front/front_00044.png,3822,.png,undefined,mapped,"帧序列打包图集"
assets/png/miner/1001/idle/idle_00000.png,3840,.png,undefined,mapped,"帧序列打包图集"
assets/png/miner/1001/idle/idle_00002.png,3958,.png,undefined,mapped,"帧序列打包图集"
assets/png/miner/1001/idle/idle_00004.png,4119,.png,undefined,mapped,"帧序列打包图集"
assets/png/miner/1001/idle/idle_00006.png,4303,.png,undefined,mapped,"帧序列打包图集"
assets/png/miner/1001/idle/idle_00008.png,4265,.png,undefined,mapped,"帧序列打包图集"
assets/png/miner/1001/idle/idle_00010.png,4205,.png,undefined,mapped,"帧序列打包图集"
assets/png/miner/1001/idle/idle_00012.png,4182,.png,undefined,mapped,"帧序列打包图集"
assets/png/miner/1001/idle/idle_00014.png,4259,.png,undefined,mapped,"帧序列打包图集"
assets/png/miner/1001/idle/idle_00016.png,4188,.png,undefined,mapped,"帧序列打包图集"
assets/png/miner/1001/idle/idle_00018.png,4181,.png,undefined,mapped,"帧序列打包图集"
assets/png/miner/1001/idle/idle_00020.png,4181,.png,undefined,mapped,"帧序列打包图集"
assets/png/miner/1001/idle/idle_00022.png,4181,.png,undefined,mapped,"帧序列打包图集"
assets/png/miner/1001/idle/idle_00024.png,4181,.png,undefined,mapped,"帧序列打包图集"
assets/png/miner/1001/idle/idle_00026.png,4181,.png,undefined,mapped,"帧序列打包图集"
assets/png/miner/1001/idle/idle_00028.png,4181,.png,undefined,mapped,"帧序列打包图集"
assets/png/miner/1001/idle/idle_00030.png,4229,.png,undefined,mapped,"帧序列打包图集"
assets/png/miner/1001/idle/idle_00032.png,4200,.png,undefined,mapped,"帧序列打包图集"
assets/png/miner/1001/idle/idle_00034.png,4237,.png,undefined,mapped,"帧序列打包图集"
assets/png/miner/1001/idle/idle_00036.png,4224,.png,undefined,mapped,"帧序列打包图集"
assets/png/miner/1001/idle/idle_00038.png,4100,.png,undefined,mapped,"帧序列打包图集"
assets/png/miner/1001/idle/idle_00040.png,3860,.png,undefined,mapped,"帧序列打包图集"
assets/png/miner/1001/idle/idle_00042.png,4120,.png,undefined,mapped,"帧序列打包图集"
assets/png/miner/1001/idle/idle_00044.png,4167,.png,undefined,mapped,"帧序列打包图集"
assets/png/miner/1001/idle/idle_00046.png,4193,.png,undefined,mapped,"帧序列打包图集"
assets/png/miner/1001/idle/idle_00048.png,4198,.png,undefined,mapped,"帧序列打包图集"
assets/png/miner/1001/idle/idle_00050.png,4205,.png,undefined,mapped,"帧序列打包图集"
assets/png/miner/1001/idle/idle_00052.png,4184,.png,undefined,mapped,"帧序列打包图集"
assets/png/miner/1001/idle/idle_00054.png,4140,.png,undefined,mapped,"帧序列打包图集"
assets/png/miner/1001/idle/idle_00056.png,4208,.png,undefined,mapped,"帧序列打包图集"
assets/png/miner/1001/idle/idle_00058.png,4273,.png,undefined,mapped,"帧序列打包图集"
assets/png/miner/1001/idle/idle_00060.png,4156,.png,undefined,mapped,"帧序列打包图集"
assets/png/miner/1001/idle/idle_00062.png,4178,.png,undefined,mapped,"帧序列打包图集"
assets/png/miner/1001/idle/idle_00064.png,4107,.png,undefined,mapped,"帧序列打包图集"
assets/png/miner/1001/idle/idle_00066.png,4081,.png,undefined,mapped,"帧序列打包图集"
assets/png/miner/1001/idle/idle_00068.png,4036,.png,undefined,mapped,"帧序列打包图集"
assets/png/miner/1001/idle/idle_00070.png,3912,.png,undefined,mapped,"帧序列打包图集"
assets/png/miner/1001/idle/idle_00072.png,3822,.png,undefined,mapped,"帧序列打包图集"
assets/png/miner/1001/idle/idle_00074.png,3826,.png,undefined,mapped,"帧序列打包图集"
assets/png/miner/1001/left/left_00000.png,4086,.png,undefined,mapped,"帧序列打包图集"
assets/png/miner/1001/left/left_00002.png,4124,.png,undefined,mapped,"帧序列打包图集"
assets/png/miner/1001/left/left_00004.png,4399,.png,undefined,mapped,"帧序列打包图集"
assets/png/miner/1001/left/left_00006.png,4581,.png,undefined,mapped,"帧序列打包图集"
assets/png/miner/1001/left/left_00008.png,3897,.png,undefined,mapped,"帧序列打包图集"
assets/png/miner/1001/left/left_00010.png,4963,.png,undefined,mapped,"帧序列打包图集"
assets/png/miner/1001/left/left_00012.png,5591,.png,undefined,mapped,"帧序列打包图集"
assets/png/miner/1001/left/left_00014.png,8945,.png,undefined,mapped,"帧序列打包图集"
assets/png/miner/1001/left/left_00016.png,11389,.png,undefined,mapped,"帧序列打包图集"
assets/png/miner/1001/left/left_00018.png,10243,.png,undefined,mapped,"帧序列打包图集"
assets/png/miner/1001/left/left_00020.png,7156,.png,undefined,mapped,"帧序列打包图集"
assets/png/miner/1001/left/left_00022.png,4335,.png,undefined,mapped,"帧序列打包图集"
assets/png/miner/1001/left/left_00024.png,4017,.png,undefined,mapped,"帧序列打包图集"
assets/png/miner/1001/left/left_00026.png,3940,.png,undefined,mapped,"帧序列打包图集"
assets/png/miner/1001/left/left_00028.png,3933,.png,undefined,mapped,"帧序列打包图集"
assets/png/miner/1001/left/left_00030.png,3961,.png,undefined,mapped,"帧序列打包图集"
assets/png/miner/1001/left/left_00032.png,3886,.png,undefined,mapped,"帧序列打包图集"
assets/png/miner/1001/left/left_00034.png,3930,.png,undefined,mapped,"帧序列打包图集"
assets/png/miner/1001/left/left_00036.png,3936,.png,undefined,mapped,"帧序列打包图集"
assets/png/miner/1001/left/left_00038.png,3920,.png,undefined,mapped,"帧序列打包图集"
assets/png/miner/1001/left/left_00040.png,4034,.png,undefined,mapped,"帧序列打包图集"
assets/png/miner/1001/left/left_00042.png,4032,.png,undefined,mapped,"帧序列打包图集"
assets/png/miner/1001/left/left_00044.png,3990,.png,undefined,mapped,"帧序列打包图集"
assets/png/miner/1001/right/right_00000.png,4070,.png,undefined,mapped,"帧序列打包图集"
assets/png/miner/1001/right/right_00002.png,4245,.png,undefined,mapped,"帧序列打包图集"
assets/png/miner/1001/right/right_00004.png,4622,.png,undefined,mapped,"帧序列打包图集"
assets/png/miner/1001/right/right_00006.png,4829,.png,undefined,mapped,"帧序列打包图集"
assets/png/miner/1001/right/right_00008.png,3990,.png,undefined,mapped,"帧序列打包图集"
assets/png/miner/1001/right/right_00010.png,4861,.png,undefined,mapped,"帧序列打包图集"
assets/png/miner/1001/right/right_00012.png,6054,.png,undefined,mapped,"帧序列打包图集"
assets/png/miner/1001/right/right_00014.png,9031,.png,undefined,mapped,"帧序列打包图集"
assets/png/miner/1001/right/right_00016.png,9775,.png,undefined,mapped,"帧序列打包图集"
assets/png/miner/1001/right/right_00018.png,8979,.png,undefined,mapped,"帧序列打包图集"
assets/png/miner/1001/right/right_00020.png,6277,.png,undefined,mapped,"帧序列打包图集"
assets/png/miner/1001/right/right_00022.png,4218,.png,undefined,mapped,"帧序列打包图集"
assets/png/miner/1001/right/right_00024.png,4134,.png,undefined,mapped,"帧序列打包图集"
assets/png/miner/1001/right/right_00026.png,4033,.png,undefined,mapped,"帧序列打包图集"
assets/png/miner/1001/right/right_00028.png,3952,.png,undefined,mapped,"帧序列打包图集"
assets/png/miner/1001/right/right_00030.png,4024,.png,undefined,mapped,"帧序列打包图集"
assets/png/miner/1001/right/right_00032.png,3982,.png,undefined,mapped,"帧序列打包图集"
assets/png/miner/1001/right/right_00034.png,4007,.png,undefined,mapped,"帧序列打包图集"
assets/png/miner/1001/right/right_00036.png,3938,.png,undefined,mapped,"帧序列打包图集"
assets/png/miner/1001/right/right_00038.png,4025,.png,undefined,mapped,"帧序列打包图集"
assets/png/miner/1001/right/right_00040.png,4008,.png,undefined,mapped,"帧序列打包图集"
assets/png/miner/1001/right/right_00042.png,4054,.png,undefined,mapped,"帧序列打包图集"
assets/png/miner/1001/right/right_00044.png,4045,.png,undefined,mapped,"帧序列打包图集"
assets/png/miner/1002/appear/appear_00020.png,129,.png,undefined,mapped,"帧序列打包图集"
assets/png/miner/1002/appear/appear_00022.png,945,.png,undefined,mapped,"帧序列打包图集"
assets/png/miner/1002/appear/appear_00024.png,2181,.png,undefined,mapped,"帧序列打包图集"
assets/png/miner/1002/appear/appear_00026.png,4013,.png,undefined,mapped,"帧序列打包图集"
assets/png/miner/1002/appear/appear_00028.png,6281,.png,undefined,mapped,"帧序列打包图集"
assets/png/miner/1002/appear/appear_00030.png,6064,.png,undefined,mapped,"帧序列打包图集"
assets/png/miner/1002/appear/appear_00032.png,5551,.png,undefined,mapped,"帧序列打包图集"
assets/png/miner/1002/appear/appear_00034.png,5506,.png,undefined,mapped,"帧序列打包图集"
assets/png/miner/1002/appear/appear_00036.png,5162,.png,undefined,mapped,"帧序列打包图集"
assets/png/miner/1002/appear/appear_00038.png,4804,.png,undefined,mapped,"帧序列打包图集"
assets/png/miner/1002/appear/appear_00040.png,4526,.png,undefined,mapped,"帧序列打包图集"
assets/png/miner/1002/appear/appear_00042.png,4418,.png,undefined,mapped,"帧序列打包图集"
assets/png/miner/1002/appear/appear_00044.png,4343,.png,undefined,mapped,"帧序列打包图集"
assets/png/miner/1002/appear/appear_00046.png,4255,.png,undefined,mapped,"帧序列打包图集"
assets/png/miner/1002/appear/appear_00048.png,4233,.png,undefined,mapped,"帧序列打包图集"
assets/png/miner/1002/appear/appear_00050.png,4263,.png,undefined,mapped,"帧序列打包图集"
assets/png/miner/1002/back/back_00000.png,4545,.png,undefined,mapped,"帧序列打包图集"
assets/png/miner/1002/back/back_00002.png,4636,.png,undefined,mapped,"帧序列打包图集"
assets/png/miner/1002/back/back_00004.png,4528,.png,undefined,mapped,"帧序列打包图集"
assets/png/miner/1002/back/back_00006.png,4395,.png,undefined,mapped,"帧序列打包图集"
assets/png/miner/1002/back/back_00008.png,4374,.png,undefined,mapped,"帧序列打包图集"
assets/png/miner/1002/back/back_00010.png,3677,.png,undefined,mapped,"帧序列打包图集"
assets/png/miner/1002/back/back_00012.png,4342,.png,undefined,mapped,"帧序列打包图集"
assets/png/miner/1002/back/back_00014.png,7475,.png,undefined,mapped,"帧序列打包图集"
assets/png/miner/1002/back/back_00016.png,9037,.png,undefined,mapped,"帧序列打包图集"
assets/png/miner/1002/back/back_00018.png,8190,.png,undefined,mapped,"帧序列打包图集"
assets/png/miner/1002/back/back_00020.png,6492,.png,undefined,mapped,"帧序列打包图集"
assets/png/miner/1002/back/back_00022.png,4542,.png,undefined,mapped,"帧序列打包图集"
assets/png/miner/1002/back/back_00024.png,4534,.png,undefined,mapped,"帧序列打包图集"
assets/png/miner/1002/back/back_00026.png,4558,.png,undefined,mapped,"帧序列打包图集"
assets/png/miner/1002/back/back_00028.png,4518,.png,undefined,mapped,"帧序列打包图集"
assets/png/miner/1002/back/back_00030.png,4490,.png,undefined,mapped,"帧序列打包图集"
assets/png/miner/1002/back/back_00032.png,4517,.png,undefined,mapped,"帧序列打包图集"
assets/png/miner/1002/back/back_00034.png,4501,.png,undefined,mapped,"帧序列打包图集"
assets/png/miner/1002/back/back_00036.png,4534,.png,undefined,mapped,"帧序列打包图集"
assets/png/miner/1002/back/back_00038.png,4506,.png,undefined,mapped,"帧序列打包图集"
assets/png/miner/1002/back/back_00040.png,4490,.png,undefined,mapped,"帧序列打包图集"
assets/png/miner/1002/back/back_00042.png,4562,.png,undefined,mapped,"帧序列打包图集"
assets/png/miner/1002/back/back_00044.png,4557,.png,undefined,mapped,"帧序列打包图集"
assets/png/miner/1002/front/front_00000.png,4262,.png,undefined,mapped,"帧序列打包图集"
assets/png/miner/1002/front/front_00002.png,4124,.png,undefined,mapped,"帧序列打包图集"
assets/png/miner/1002/front/front_00004.png,4051,.png,undefined,mapped,"帧序列打包图集"
assets/png/miner/1002/front/front_00006.png,4010,.png,undefined,mapped,"帧序列打包图集"
assets/png/miner/1002/front/front_00008.png,4080,.png,undefined,mapped,"帧序列打包图集"
assets/png/miner/1002/front/front_00010.png,4214,.png,undefined,mapped,"帧序列打包图集"
assets/png/miner/1002/front/front_00012.png,4303,.png,undefined,mapped,"帧序列打包图集"
assets/png/miner/1002/front/front_00014.png,6458,.png,undefined,mapped,"帧序列打包图集"
assets/png/miner/1002/front/front_00016.png,10560,.png,undefined,mapped,"帧序列打包图集"
assets/png/miner/1002/front/front_00018.png,9482,.png,undefined,mapped,"帧序列打包图集"
assets/png/miner/1002/front/front_00020.png,6680,.png,undefined,mapped,"帧序列打包图集"
assets/png/miner/1002/front/front_00022.png,4204,.png,undefined,mapped,"帧序列打包图集"
assets/png/miner/1002/front/front_00024.png,4237,.png,undefined,mapped,"帧序列打包图集"
assets/png/miner/1002/front/front_00026.png,4246,.png,undefined,mapped,"帧序列打包图集"
assets/png/miner/1002/front/front_00028.png,4180,.png,undefined,mapped,"帧序列打包图集"
assets/png/miner/1002/front/front_00030.png,4142,.png,undefined,mapped,"帧序列打包图集"
assets/png/miner/1002/front/front_00032.png,4197,.png,undefined,mapped,"帧序列打包图集"
assets/png/miner/1002/front/front_00034.png,4195,.png,undefined,mapped,"帧序列打包图集"
assets/png/miner/1002/front/front_00036.png,4275,.png,undefined,mapped,"帧序列打包图集"
assets/png/miner/1002/front/front_00038.png,4308,.png,undefined,mapped,"帧序列打包图集"
assets/png/miner/1002/front/front_00040.png,4267,.png,undefined,mapped,"帧序列打包图集"
assets/png/miner/1002/front/front_00042.png,4229,.png,undefined,mapped,"帧序列打包图集"
assets/png/miner/1002/front/front_00044.png,4236,.png,undefined,mapped,"帧序列打包图集"
assets/png/miner/1002/idle/idle_00000.png,4368,.png,undefined,mapped,"帧序列打包图集"
assets/png/miner/1002/idle/idle_00002.png,4427,.png,undefined,mapped,"帧序列打包图集"
assets/png/miner/1002/idle/idle_00004.png,4575,.png,undefined,mapped,"帧序列打包图集"
assets/png/miner/1002/idle/idle_00006.png,4611,.png,undefined,mapped,"帧序列打包图集"
assets/png/miner/1002/idle/idle_00008.png,4555,.png,undefined,mapped,"帧序列打包图集"
assets/png/miner/1002/idle/idle_00010.png,4580,.png,undefined,mapped,"帧序列打包图集"
assets/png/miner/1002/idle/idle_00012.png,4710,.png,undefined,mapped,"帧序列打包图集"
assets/png/miner/1002/idle/idle_00014.png,4701,.png,undefined,mapped,"帧序列打包图集"
assets/png/miner/1002/idle/idle_00016.png,4642,.png,undefined,mapped,"帧序列打包图集"
assets/png/miner/1002/idle/idle_00018.png,4580,.png,undefined,mapped,"帧序列打包图集"
assets/png/miner/1002/idle/idle_00020.png,4580,.png,undefined,mapped,"帧序列打包图集"
assets/png/miner/1002/idle/idle_00022.png,4580,.png,undefined,mapped,"帧序列打包图集"
assets/png/miner/1002/idle/idle_00024.png,4580,.png,undefined,mapped,"帧序列打包图集"
assets/png/miner/1002/idle/idle_00026.png,4580,.png,undefined,mapped,"帧序列打包图集"
assets/png/miner/1002/idle/idle_00028.png,4580,.png,undefined,mapped,"帧序列打包图集"
assets/png/miner/1002/idle/idle_00030.png,4626,.png,undefined,mapped,"帧序列打包图集"
assets/png/miner/1002/idle/idle_00032.png,4638,.png,undefined,mapped,"帧序列打包图集"
assets/png/miner/1002/idle/idle_00034.png,4544,.png,undefined,mapped,"帧序列打包图集"
assets/png/miner/1002/idle/idle_00036.png,4536,.png,undefined,mapped,"帧序列打包图集"
assets/png/miner/1002/idle/idle_00038.png,4285,.png,undefined,mapped,"帧序列打包图集"
assets/png/miner/1002/idle/idle_00040.png,3969,.png,undefined,mapped,"帧序列打包图集"
assets/png/miner/1002/idle/idle_00042.png,4285,.png,undefined,mapped,"帧序列打包图集"
assets/png/miner/1002/idle/idle_00044.png,4328,.png,undefined,mapped,"帧序列打包图集"
assets/png/miner/1002/idle/idle_00046.png,4325,.png,undefined,mapped,"帧序列打包图集"
assets/png/miner/1002/idle/idle_00048.png,4381,.png,undefined,mapped,"帧序列打包图集"
assets/png/miner/1002/idle/idle_00050.png,4318,.png,undefined,mapped,"帧序列打包图集"
assets/png/miner/1002/idle/idle_00052.png,4314,.png,undefined,mapped,"帧序列打包图集"
assets/png/miner/1002/idle/idle_00054.png,4335,.png,undefined,mapped,"帧序列打包图集"
assets/png/miner/1002/idle/idle_00056.png,4351,.png,undefined,mapped,"帧序列打包图集"
assets/png/miner/1002/idle/idle_00058.png,4413,.png,undefined,mapped,"帧序列打包图集"
assets/png/miner/1002/idle/idle_00060.png,4386,.png,undefined,mapped,"帧序列打包图集"
assets/png/miner/1002/idle/idle_00062.png,4282,.png,undefined,mapped,"帧序列打包图集"
assets/png/miner/1002/idle/idle_00064.png,4372,.png,undefined,mapped,"帧序列打包图集"
assets/png/miner/1002/idle/idle_00066.png,4349,.png,undefined,mapped,"帧序列打包图集"
assets/png/miner/1002/idle/idle_00068.png,4207,.png,undefined,mapped,"帧序列打包图集"
assets/png/miner/1002/idle/idle_00070.png,4273,.png,undefined,mapped,"帧序列打包图集"
assets/png/miner/1002/idle/idle_00072.png,4211,.png,undefined,mapped,"帧序列打包图集"
assets/png/miner/1002/idle/idle_00074.png,4340,.png,undefined,mapped,"帧序列打包图集"
assets/png/miner/1002/left/left_00000.png,5084,.png,undefined,mapped,"帧序列打包图集"
assets/png/miner/1002/left/left_00002.png,5208,.png,undefined,mapped,"帧序列打包图集"
assets/png/miner/1002/left/left_00004.png,5284,.png,undefined,mapped,"帧序列打包图集"
assets/png/miner/1002/left/left_00006.png,5375,.png,undefined,mapped,"帧序列打包图集"
assets/png/miner/1002/left/left_00008.png,5015,.png,undefined,mapped,"帧序列打包图集"
assets/png/miner/1002/left/left_00010.png,5341,.png,undefined,mapped,"帧序列打包图集"
assets/png/miner/1002/left/left_00012.png,5996,.png,undefined,mapped,"帧序列打包图集"
assets/png/miner/1002/left/left_00014.png,9391,.png,undefined,mapped,"帧序列打包图集"
assets/png/miner/1002/left/left_00016.png,11268,.png,undefined,mapped,"帧序列打包图集"
assets/png/miner/1002/left/left_00018.png,11002,.png,undefined,mapped,"帧序列打包图集"
assets/png/miner/1002/left/left_00020.png,8032,.png,undefined,mapped,"帧序列打包图集"
assets/png/miner/1002/left/left_00022.png,5383,.png,undefined,mapped,"帧序列打包图集"
assets/png/miner/1002/left/left_00024.png,5098,.png,undefined,mapped,"帧序列打包图集"
assets/png/miner/1002/left/left_00026.png,5025,.png,undefined,mapped,"帧序列打包图集"
assets/png/miner/1002/left/left_00028.png,5105,.png,undefined,mapped,"帧序列打包图集"
assets/png/miner/1002/left/left_00030.png,5072,.png,undefined,mapped,"帧序列打包图集"
assets/png/miner/1002/left/left_00032.png,5066,.png,undefined,mapped,"帧序列打包图集"
assets/png/miner/1002/left/left_00034.png,5077,.png,undefined,mapped,"帧序列打包图集"
assets/png/miner/1002/left/left_00036.png,5045,.png,undefined,mapped,"帧序列打包图集"
assets/png/miner/1002/left/left_00038.png,5046,.png,undefined,mapped,"帧序列打包图集"
assets/png/miner/1002/left/left_00040.png,5093,.png,undefined,mapped,"帧序列打包图集"
assets/png/miner/1002/left/left_00042.png,5017,.png,undefined,mapped,"帧序列打包图集"
assets/png/miner/1002/left/left_00044.png,5097,.png,undefined,mapped,"帧序列打包图集"
assets/png/miner/1002/right/right_00000.png,5040,.png,undefined,mapped,"帧序列打包图集"
assets/png/miner/1002/right/right_00002.png,5140,.png,undefined,mapped,"帧序列打包图集"
assets/png/miner/1002/right/right_00004.png,5123,.png,undefined,mapped,"帧序列打包图集"
assets/png/miner/1002/right/right_00006.png,5273,.png,undefined,mapped,"帧序列打包图集"
assets/png/miner/1002/right/right_00008.png,5011,.png,undefined,mapped,"帧序列打包图集"
assets/png/miner/1002/right/right_00010.png,5388,.png,undefined,mapped,"帧序列打包图集"
assets/png/miner/1002/right/right_00012.png,6338,.png,undefined,mapped,"帧序列打包图集"
assets/png/miner/1002/right/right_00014.png,9384,.png,undefined,mapped,"帧序列打包图集"
assets/png/miner/1002/right/right_00016.png,10353,.png,undefined,mapped,"帧序列打包图集"
assets/png/miner/1002/right/right_00018.png,9527,.png,undefined,mapped,"帧序列打包图集"
assets/png/miner/1002/right/right_00020.png,7399,.png,undefined,mapped,"帧序列打包图集"
assets/png/miner/1002/right/right_00022.png,5341,.png,undefined,mapped,"帧序列打包图集"
assets/png/miner/1002/right/right_00024.png,5052,.png,undefined,mapped,"帧序列打包图集"
assets/png/miner/1002/right/right_00026.png,4988,.png,undefined,mapped,"帧序列打包图集"
assets/png/miner/1002/right/right_00028.png,4964,.png,undefined,mapped,"帧序列打包图集"
assets/png/miner/1002/right/right_00030.png,5020,.png,undefined,mapped,"帧序列打包图集"
assets/png/miner/1002/right/right_00032.png,5008,.png,undefined,mapped,"帧序列打包图集"
assets/png/miner/1002/right/right_00034.png,5026,.png,undefined,mapped,"帧序列打包图集"
assets/png/miner/1002/right/right_00036.png,4989,.png,undefined,mapped,"帧序列打包图集"
assets/png/miner/1002/right/right_00038.png,5031,.png,undefined,mapped,"帧序列打包图集"
assets/png/miner/1002/right/right_00040.png,5053,.png,undefined,mapped,"帧序列打包图集"
assets/png/miner/1002/right/right_00042.png,5038,.png,undefined,mapped,"帧序列打包图集"
assets/png/miner/1002/right/right_00044.png,5090,.png,undefined,mapped,"帧序列打包图集"
assets/png/miner/1003/appear/appear_00020.png,129,.png,undefined,mapped,"帧序列打包图集"
assets/png/miner/1003/appear/appear_00022.png,945,.png,undefined,mapped,"帧序列打包图集"
assets/png/miner/1003/appear/appear_00023.png,1777,.png,undefined,mapped,"帧序列打包图集"
assets/png/miner/1003/appear/appear_00025.png,3585,.png,undefined,mapped,"帧序列打包图集"
assets/png/miner/1003/appear/appear_00027.png,5278,.png,undefined,mapped,"帧序列打包图集"
assets/png/miner/1003/appear/appear_00028.png,6680,.png,undefined,mapped,"帧序列打包图集"
assets/png/miner/1003/appear/appear_00030.png,6391,.png,undefined,mapped,"帧序列打包图集"
assets/png/miner/1003/appear/appear_00032.png,5659,.png,undefined,mapped,"帧序列打包图集"
assets/png/miner/1003/appear/appear_00033.png,5768,.png,undefined,mapped,"帧序列打包图集"
assets/png/miner/1003/appear/appear_00035.png,6425,.png,undefined,mapped,"帧序列打包图集"
assets/png/miner/1003/appear/appear_00037.png,5053,.png,undefined,mapped,"帧序列打包图集"
assets/png/miner/1003/appear/appear_00038.png,4833,.png,undefined,mapped,"帧序列打包图集"
assets/png/miner/1003/appear/appear_00040.png,4689,.png,undefined,mapped,"帧序列打包图集"
assets/png/miner/1003/appear/appear_00042.png,4453,.png,undefined,mapped,"帧序列打包图集"
assets/png/miner/1003/appear/appear_00043.png,4141,.png,undefined,mapped,"帧序列打包图集"
assets/png/miner/1003/appear/appear_00045.png,4138,.png,undefined,mapped,"帧序列打包图集"
assets/png/miner/1003/appear/appear_00047.png,4116,.png,undefined,mapped,"帧序列打包图集"
assets/png/miner/1003/appear/appear_00048.png,4043,.png,undefined,mapped,"帧序列打包图集"
assets/png/miner/1003/appear/appear_00050.png,4156,.png,undefined,mapped,"帧序列打包图集"
assets/png/miner/1003/back/back_00000.png,4136,.png,undefined,mapped,"帧序列打包图集"
assets/png/miner/1003/back/back_00002.png,4270,.png,undefined,mapped,"帧序列打包图集"
assets/png/miner/1003/back/back_00004.png,4067,.png,undefined,mapped,"帧序列打包图集"
assets/png/miner/1003/back/back_00006.png,4047,.png,undefined,mapped,"帧序列打包图集"
assets/png/miner/1003/back/back_00008.png,4078,.png,undefined,mapped,"帧序列打包图集"
assets/png/miner/1003/back/back_00010.png,4081,.png,undefined,mapped,"帧序列打包图集"
assets/png/miner/1003/back/back_00012.png,4977,.png,undefined,mapped,"帧序列打包图集"
assets/png/miner/1003/back/back_00014.png,8250,.png,undefined,mapped,"帧序列打包图集"
assets/png/miner/1003/back/back_00016.png,11116,.png,undefined,mapped,"帧序列打包图集"
assets/png/miner/1003/back/back_00018.png,8497,.png,undefined,mapped,"帧序列打包图集"
assets/png/miner/1003/back/back_00020.png,6275,.png,undefined,mapped,"帧序列打包图集"
assets/png/miner/1003/back/back_00022.png,4279,.png,undefined,mapped,"帧序列打包图集"
assets/png/miner/1003/back/back_00024.png,4107,.png,undefined,mapped,"帧序列打包图集"
assets/png/miner/1003/back/back_00026.png,4149,.png,undefined,mapped,"帧序列打包图集"
assets/png/miner/1003/back/back_00028.png,4171,.png,undefined,mapped,"帧序列打包图集"
assets/png/miner/1003/back/back_00030.png,4137,.png,undefined,mapped,"帧序列打包图集"
assets/png/miner/1003/back/back_00032.png,4199,.png,undefined,mapped,"帧序列打包图集"
assets/png/miner/1003/back/back_00034.png,4211,.png,undefined,mapped,"帧序列打包图集"
assets/png/miner/1003/back/back_00036.png,4188,.png,undefined,mapped,"帧序列打包图集"
assets/png/miner/1003/back/back_00038.png,4163,.png,undefined,mapped,"帧序列打包图集"
assets/png/miner/1003/back/back_00040.png,4173,.png,undefined,mapped,"帧序列打包图集"
assets/png/miner/1003/back/back_00042.png,4229,.png,undefined,mapped,"帧序列打包图集"
assets/png/miner/1003/back/back_00044.png,4133,.png,undefined,mapped,"帧序列打包图集"
assets/png/miner/1003/front/front_00000.png,4120,.png,undefined,mapped,"帧序列打包图集"
assets/png/miner/1003/front/front_00002.png,4153,.png,undefined,mapped,"帧序列打包图集"
assets/png/miner/1003/front/front_00004.png,4129,.png,undefined,mapped,"帧序列打包图集"
assets/png/miner/1003/front/front_00006.png,4195,.png,undefined,mapped,"帧序列打包图集"
assets/png/miner/1003/front/front_00008.png,4097,.png,undefined,mapped,"帧序列打包图集"
assets/png/miner/1003/front/front_00010.png,3483,.png,undefined,mapped,"帧序列打包图集"
assets/png/miner/1003/front/front_00012.png,4648,.png,undefined,mapped,"帧序列打包图集"
assets/png/miner/1003/front/front_00014.png,6523,.png,undefined,mapped,"帧序列打包图集"
assets/png/miner/1003/front/front_00016.png,10213,.png,undefined,mapped,"帧序列打包图集"
assets/png/miner/1003/front/front_00018.png,9295,.png,undefined,mapped,"帧序列打包图集"
assets/png/miner/1003/front/front_00020.png,6904,.png,undefined,mapped,"帧序列打包图集"
assets/png/miner/1003/front/front_00022.png,4135,.png,undefined,mapped,"帧序列打包图集"
assets/png/miner/1003/front/front_00024.png,4079,.png,undefined,mapped,"帧序列打包图集"
assets/png/miner/1003/front/front_00026.png,4117,.png,undefined,mapped,"帧序列打包图集"
assets/png/miner/1003/front/front_00028.png,4128,.png,undefined,mapped,"帧序列打包图集"
assets/png/miner/1003/front/front_00030.png,4108,.png,undefined,mapped,"帧序列打包图集"
assets/png/miner/1003/front/front_00032.png,4214,.png,undefined,mapped,"帧序列打包图集"
assets/png/miner/1003/front/front_00034.png,4132,.png,undefined,mapped,"帧序列打包图集"
assets/png/miner/1003/front/front_00036.png,4117,.png,undefined,mapped,"帧序列打包图集"
assets/png/miner/1003/front/front_00038.png,4077,.png,undefined,mapped,"帧序列打包图集"
assets/png/miner/1003/front/front_00040.png,4090,.png,undefined,mapped,"帧序列打包图集"
assets/png/miner/1003/front/front_00042.png,4113,.png,undefined,mapped,"帧序列打包图集"
assets/png/miner/1003/front/front_00044.png,4067,.png,undefined,mapped,"帧序列打包图集"
assets/png/miner/1003/idle/idle_00000.png,4050,.png,undefined,mapped,"帧序列打包图集"
assets/png/miner/1003/idle/idle_00002.png,4244,.png,undefined,mapped,"帧序列打包图集"
assets/png/miner/1003/idle/idle_00004.png,4305,.png,undefined,mapped,"帧序列打包图集"
assets/png/miner/1003/idle/idle_00006.png,4349,.png,undefined,mapped,"帧序列打包图集"
assets/png/miner/1003/idle/idle_00008.png,4378,.png,undefined,mapped,"帧序列打包图集"
assets/png/miner/1003/idle/idle_00010.png,4436,.png,undefined,mapped,"帧序列打包图集"
assets/png/miner/1003/idle/idle_00012.png,4440,.png,undefined,mapped,"帧序列打包图集"
assets/png/miner/1003/idle/idle_00014.png,4443,.png,undefined,mapped,"帧序列打包图集"
assets/png/miner/1003/idle/idle_00016.png,4447,.png,undefined,mapped,"帧序列打包图集"
assets/png/miner/1003/idle/idle_00018.png,4392,.png,undefined,mapped,"帧序列打包图集"
assets/png/miner/1003/idle/idle_00020.png,4392,.png,undefined,mapped,"帧序列打包图集"
assets/png/miner/1003/idle/idle_00022.png,4392,.png,undefined,mapped,"帧序列打包图集"
assets/png/miner/1003/idle/idle_00024.png,4392,.png,undefined,mapped,"帧序列打包图集"
assets/png/miner/1003/idle/idle_00026.png,4392,.png,undefined,mapped,"帧序列打包图集"
assets/png/miner/1003/idle/idle_00028.png,4392,.png,undefined,mapped,"帧序列打包图集"
assets/png/miner/1003/idle/idle_00030.png,4435,.png,undefined,mapped,"帧序列打包图集"
assets/png/miner/1003/idle/idle_00032.png,4478,.png,undefined,mapped,"帧序列打包图集"
assets/png/miner/1003/idle/idle_00034.png,4369,.png,undefined,mapped,"帧序列打包图集"
assets/png/miner/1003/idle/idle_00036.png,4476,.png,undefined,mapped,"帧序列打包图集"
assets/png/miner/1003/idle/idle_00038.png,4281,.png,undefined,mapped,"帧序列打包图集"
assets/png/miner/1003/idle/idle_00040.png,4153,.png,undefined,mapped,"帧序列打包图集"
assets/png/miner/1003/idle/idle_00042.png,4351,.png,undefined,mapped,"帧序列打包图集"
assets/png/miner/1003/idle/idle_00044.png,4381,.png,undefined,mapped,"帧序列打包图集"
assets/png/miner/1003/idle/idle_00046.png,4458,.png,undefined,mapped,"帧序列打包图集"
assets/png/miner/1003/idle/idle_00048.png,4351,.png,undefined,mapped,"帧序列打包图集"
assets/png/miner/1003/idle/idle_00050.png,4404,.png,undefined,mapped,"帧序列打包图集"
assets/png/miner/1003/idle/idle_00052.png,4383,.png,undefined,mapped,"帧序列打包图集"
assets/png/miner/1003/idle/idle_00054.png,4471,.png,undefined,mapped,"帧序列打包图集"
assets/png/miner/1003/idle/idle_00056.png,4407,.png,undefined,mapped,"帧序列打包图集"
assets/png/miner/1003/idle/idle_00058.png,4429,.png,undefined,mapped,"帧序列打包图集"
assets/png/miner/1003/idle/idle_00060.png,4383,.png,undefined,mapped,"帧序列打包图集"
assets/png/miner/1003/idle/idle_00062.png,4351,.png,undefined,mapped,"帧序列打包图集"
assets/png/miner/1003/idle/idle_00064.png,4430,.png,undefined,mapped,"帧序列打包图集"
assets/png/miner/1003/idle/idle_00066.png,4358,.png,undefined,mapped,"帧序列打包图集"
assets/png/miner/1003/idle/idle_00068.png,4360,.png,undefined,mapped,"帧序列打包图集"
assets/png/miner/1003/idle/idle_00070.png,4226,.png,undefined,mapped,"帧序列打包图集"
assets/png/miner/1003/idle/idle_00072.png,4159,.png,undefined,mapped,"帧序列打包图集"
assets/png/miner/1003/idle/idle_00074.png,4190,.png,undefined,mapped,"帧序列打包图集"
assets/png/miner/1003/left/left_00000.png,4202,.png,undefined,mapped,"帧序列打包图集"
assets/png/miner/1003/left/left_00002.png,4319,.png,undefined,mapped,"帧序列打包图集"
assets/png/miner/1003/left/left_00004.png,4566,.png,undefined,mapped,"帧序列打包图集"
assets/png/miner/1003/left/left_00006.png,4656,.png,undefined,mapped,"帧序列打包图集"
assets/png/miner/1003/left/left_00008.png,4089,.png,undefined,mapped,"帧序列打包图集"
assets/png/miner/1003/left/left_00010.png,4851,.png,undefined,mapped,"帧序列打包图集"
assets/png/miner/1003/left/left_00012.png,5949,.png,undefined,mapped,"帧序列打包图集"
assets/png/miner/1003/left/left_00014.png,9572,.png,undefined,mapped,"帧序列打包图集"
assets/png/miner/1003/left/left_00016.png,11036,.png,undefined,mapped,"帧序列打包图集"
assets/png/miner/1003/left/left_00018.png,10290,.png,undefined,mapped,"帧序列打包图集"
assets/png/miner/1003/left/left_00020.png,7340,.png,undefined,mapped,"帧序列打包图集"
assets/png/miner/1003/left/left_00022.png,4493,.png,undefined,mapped,"帧序列打包图集"
assets/png/miner/1003/left/left_00024.png,4221,.png,undefined,mapped,"帧序列打包图集"
assets/png/miner/1003/left/left_00026.png,4137,.png,undefined,mapped,"帧序列打包图集"
assets/png/miner/1003/left/left_00028.png,4110,.png,undefined,mapped,"帧序列打包图集"
assets/png/miner/1003/left/left_00030.png,4125,.png,undefined,mapped,"帧序列打包图集"
assets/png/miner/1003/left/left_00032.png,4187,.png,undefined,mapped,"帧序列打包图集"
assets/png/miner/1003/left/left_00034.png,4102,.png,undefined,mapped,"帧序列打包图集"
assets/png/miner/1003/left/left_00036.png,4121,.png,undefined,mapped,"帧序列打包图集"
assets/png/miner/1003/left/left_00038.png,4166,.png,undefined,mapped,"帧序列打包图集"
assets/png/miner/1003/left/left_00040.png,4222,.png,undefined,mapped,"帧序列打包图集"
assets/png/miner/1003/left/left_00042.png,4214,.png,undefined,mapped,"帧序列打包图集"
assets/png/miner/1003/left/left_00044.png,4221,.png,undefined,mapped,"帧序列打包图集"
assets/png/miner/1003/right/right_00000.png,4220,.png,undefined,mapped,"帧序列打包图集"
assets/png/miner/1003/right/right_00002.png,4415,.png,undefined,mapped,"帧序列打包图集"
assets/png/miner/1003/right/right_00004.png,4791,.png,undefined,mapped,"帧序列打包图集"
assets/png/miner/1003/right/right_00006.png,4991,.png,undefined,mapped,"帧序列打包图集"
assets/png/miner/1003/right/right_00008.png,4142,.png,undefined,mapped,"帧序列打包图集"
assets/png/miner/1003/right/right_00010.png,4923,.png,undefined,mapped,"帧序列打包图集"
assets/png/miner/1003/right/right_00012.png,6444,.png,undefined,mapped,"帧序列打包图集"
assets/png/miner/1003/right/right_00014.png,9602,.png,undefined,mapped,"帧序列打包图集"
assets/png/miner/1003/right/right_00016.png,10187,.png,undefined,mapped,"帧序列打包图集"
assets/png/miner/1003/right/right_00018.png,9267,.png,undefined,mapped,"帧序列打包图集"
assets/png/miner/1003/right/right_00020.png,6524,.png,undefined,mapped,"帧序列打包图集"
assets/png/miner/1003/right/right_00022.png,4522,.png,undefined,mapped,"帧序列打包图集"
assets/png/miner/1003/right/right_00024.png,4374,.png,undefined,mapped,"帧序列打包图集"
assets/png/miner/1003/right/right_00026.png,4257,.png,undefined,mapped,"帧序列打包图集"
assets/png/miner/1003/right/right_00028.png,4225,.png,undefined,mapped,"帧序列打包图集"
assets/png/miner/1003/right/right_00030.png,4160,.png,undefined,mapped,"帧序列打包图集"
assets/png/miner/1003/right/right_00032.png,4268,.png,undefined,mapped,"帧序列打包图集"
assets/png/miner/1003/right/right_00034.png,4204,.png,undefined,mapped,"帧序列打包图集"
assets/png/miner/1003/right/right_00036.png,4256,.png,undefined,mapped,"帧序列打包图集"
assets/png/miner/1003/right/right_00038.png,4235,.png,undefined,mapped,"帧序列打包图集"
assets/png/miner/1003/right/right_00040.png,4254,.png,undefined,mapped,"帧序列打包图集"
assets/png/miner/1003/right/right_00042.png,4234,.png,undefined,mapped,"帧序列打包图集"
assets/png/miner/1003/right/right_00044.png,4185,.png,undefined,mapped,"帧序列打包图集"
assets/png/miner/1004/appear/appear_00020.png,129,.png,undefined,mapped,"帧序列打包图集"
assets/png/miner/1004/appear/appear_00022.png,945,.png,undefined,mapped,"帧序列打包图集"
assets/png/miner/1004/appear/appear_00024.png,2181,.png,undefined,mapped,"帧序列打包图集"
assets/png/miner/1004/appear/appear_00026.png,4079,.png,undefined,mapped,"帧序列打包图集"
assets/png/miner/1004/appear/appear_00028.png,6469,.png,undefined,mapped,"帧序列打包图集"
assets/png/miner/1004/appear/appear_00030.png,6468,.png,undefined,mapped,"帧序列打包图集"
assets/png/miner/1004/appear/appear_00032.png,5743,.png,undefined,mapped,"帧序列打包图集"
assets/png/miner/1004/appear/appear_00034.png,5594,.png,undefined,mapped,"帧序列打包图集"
assets/png/miner/1004/appear/appear_00036.png,5195,.png,undefined,mapped,"帧序列打包图集"
assets/png/miner/1004/appear/appear_00038.png,4884,.png,undefined,mapped,"帧序列打包图集"
assets/png/miner/1004/appear/appear_00040.png,4796,.png,undefined,mapped,"帧序列打包图集"
assets/png/miner/1004/appear/appear_00042.png,4512,.png,undefined,mapped,"帧序列打包图集"
assets/png/miner/1004/appear/appear_00044.png,4256,.png,undefined,mapped,"帧序列打包图集"
assets/png/miner/1004/appear/appear_00046.png,4268,.png,undefined,mapped,"帧序列打包图集"
assets/png/miner/1004/appear/appear_00048.png,4264,.png,undefined,mapped,"帧序列打包图集"
assets/png/miner/1004/appear/appear_00050.png,4197,.png,undefined,mapped,"帧序列打包图集"
assets/png/miner/1004/back/back_00000.png,4393,.png,undefined,mapped,"帧序列打包图集"
assets/png/miner/1004/back/back_00002.png,4508,.png,undefined,mapped,"帧序列打包图集"
assets/png/miner/1004/back/back_00004.png,4506,.png,undefined,mapped,"帧序列打包图集"
assets/png/miner/1004/back/back_00006.png,4532,.png,undefined,mapped,"帧序列打包图集"
assets/png/miner/1004/back/back_00008.png,4572,.png,undefined,mapped,"帧序列打包图集"
assets/png/miner/1004/back/back_00010.png,4568,.png,undefined,mapped,"帧序列打包图集"
assets/png/miner/1004/back/back_00012.png,4976,.png,undefined,mapped,"帧序列打包图集"
assets/png/miner/1004/back/back_00014.png,9131,.png,undefined,mapped,"帧序列打包图集"
assets/png/miner/1004/back/back_00016.png,11155,.png,undefined,mapped,"帧序列打包图集"
assets/png/miner/1004/back/back_00018.png,8787,.png,undefined,mapped,"帧序列打包图集"
assets/png/miner/1004/back/back_00020.png,6437,.png,undefined,mapped,"帧序列打包图集"
assets/png/miner/1004/back/back_00022.png,4502,.png,undefined,mapped,"帧序列打包图集"
assets/png/miner/1004/back/back_00024.png,4465,.png,undefined,mapped,"帧序列打包图集"
assets/png/miner/1004/back/back_00026.png,4434,.png,undefined,mapped,"帧序列打包图集"
assets/png/miner/1004/back/back_00028.png,4477,.png,undefined,mapped,"帧序列打包图集"
assets/png/miner/1004/back/back_00030.png,4447,.png,undefined,mapped,"帧序列打包图集"
assets/png/miner/1004/back/back_00032.png,4500,.png,undefined,mapped,"帧序列打包图集"
assets/png/miner/1004/back/back_00034.png,4461,.png,undefined,mapped,"帧序列打包图集"
assets/png/miner/1004/back/back_00036.png,4519,.png,undefined,mapped,"帧序列打包图集"
assets/png/miner/1004/back/back_00038.png,4492,.png,undefined,mapped,"帧序列打包图集"
assets/png/miner/1004/back/back_00040.png,4476,.png,undefined,mapped,"帧序列打包图集"
assets/png/miner/1004/back/back_00042.png,4401,.png,undefined,mapped,"帧序列打包图集"
assets/png/miner/1004/back/back_00044.png,4463,.png,undefined,mapped,"帧序列打包图集"
assets/png/miner/1004/front/front_00000.png,4257,.png,undefined,mapped,"帧序列打包图集"
assets/png/miner/1004/front/front_00002.png,4210,.png,undefined,mapped,"帧序列打包图集"
assets/png/miner/1004/front/front_00004.png,4127,.png,undefined,mapped,"帧序列打包图集"
assets/png/miner/1004/front/front_00006.png,4125,.png,undefined,mapped,"帧序列打包图集"
assets/png/miner/1004/front/front_00008.png,4256,.png,undefined,mapped,"帧序列打包图集"
assets/png/miner/1004/front/front_00010.png,4156,.png,undefined,mapped,"帧序列打包图集"
assets/png/miner/1004/front/front_00012.png,4950,.png,undefined,mapped,"帧序列打包图集"
assets/png/miner/1004/front/front_00014.png,7062,.png,undefined,mapped,"帧序列打包图集"
assets/png/miner/1004/front/front_00016.png,10338,.png,undefined,mapped,"帧序列打包图集"
assets/png/miner/1004/front/front_00018.png,9781,.png,undefined,mapped,"帧序列打包图集"
assets/png/miner/1004/front/front_00020.png,6892,.png,undefined,mapped,"帧序列打包图集"
assets/png/miner/1004/front/front_00022.png,4225,.png,undefined,mapped,"帧序列打包图集"
assets/png/miner/1004/front/front_00024.png,4241,.png,undefined,mapped,"帧序列打包图集"
assets/png/miner/1004/front/front_00026.png,4233,.png,undefined,mapped,"帧序列打包图集"
assets/png/miner/1004/front/front_00028.png,4157,.png,undefined,mapped,"帧序列打包图集"
assets/png/miner/1004/front/front_00030.png,4223,.png,undefined,mapped,"帧序列打包图集"
assets/png/miner/1004/front/front_00032.png,4173,.png,undefined,mapped,"帧序列打包图集"
assets/png/miner/1004/front/front_00034.png,4202,.png,undefined,mapped,"帧序列打包图集"
assets/png/miner/1004/front/front_00036.png,4277,.png,undefined,mapped,"帧序列打包图集"
assets/png/miner/1004/front/front_00038.png,4218,.png,undefined,mapped,"帧序列打包图集"
assets/png/miner/1004/front/front_00040.png,4198,.png,undefined,mapped,"帧序列打包图集"
assets/png/miner/1004/front/front_00042.png,4233,.png,undefined,mapped,"帧序列打包图集"
assets/png/miner/1004/front/front_00044.png,4235,.png,undefined,mapped,"帧序列打包图集"
assets/png/miner/1004/idle/idle_00000.png,4257,.png,undefined,mapped,"帧序列打包图集"
assets/png/miner/1004/idle/idle_00002.png,4386,.png,undefined,mapped,"帧序列打包图集"
assets/png/miner/1004/idle/idle_00004.png,4638,.png,undefined,mapped,"帧序列打包图集"
assets/png/miner/1004/idle/idle_00006.png,4583,.png,undefined,mapped,"帧序列打包图集"
assets/png/miner/1004/idle/idle_00008.png,4604,.png,undefined,mapped,"帧序列打包图集"
assets/png/miner/1004/idle/idle_00010.png,4576,.png,undefined,mapped,"帧序列打包图集"
assets/png/miner/1004/idle/idle_00012.png,4530,.png,undefined,mapped,"帧序列打包图集"
assets/png/miner/1004/idle/idle_00014.png,4556,.png,undefined,mapped,"帧序列打包图集"
assets/png/miner/1004/idle/idle_00016.png,4615,.png,undefined,mapped,"帧序列打包图集"
assets/png/miner/1004/idle/idle_00018.png,4615,.png,undefined,mapped,"帧序列打包图集"
assets/png/miner/1004/idle/idle_00020.png,4615,.png,undefined,mapped,"帧序列打包图集"
assets/png/miner/1004/idle/idle_00022.png,4615,.png,undefined,mapped,"帧序列打包图集"
assets/png/miner/1004/idle/idle_00024.png,4615,.png,undefined,mapped,"帧序列打包图集"
assets/png/miner/1004/idle/idle_00026.png,4615,.png,undefined,mapped,"帧序列打包图集"
assets/png/miner/1004/idle/idle_00028.png,4615,.png,undefined,mapped,"帧序列打包图集"
assets/png/miner/1004/idle/idle_00030.png,4558,.png,undefined,mapped,"帧序列打包图集"
assets/png/miner/1004/idle/idle_00032.png,4559,.png,undefined,mapped,"帧序列打包图集"
assets/png/miner/1004/idle/idle_00034.png,4585,.png,undefined,mapped,"帧序列打包图集"
assets/png/miner/1004/idle/idle_00036.png,4506,.png,undefined,mapped,"帧序列打包图集"
assets/png/miner/1004/idle/idle_00038.png,4459,.png,undefined,mapped,"帧序列打包图集"
assets/png/miner/1004/idle/idle_00040.png,4275,.png,undefined,mapped,"帧序列打包图集"
assets/png/miner/1004/idle/idle_00042.png,4516,.png,undefined,mapped,"帧序列打包图集"
assets/png/miner/1004/idle/idle_00044.png,4446,.png,undefined,mapped,"帧序列打包图集"
assets/png/miner/1004/idle/idle_00046.png,4481,.png,undefined,mapped,"帧序列打包图集"
assets/png/miner/1004/idle/idle_00048.png,4554,.png,undefined,mapped,"帧序列打包图集"
assets/png/miner/1004/idle/idle_00050.png,4577,.png,undefined,mapped,"帧序列打包图集"
assets/png/miner/1004/idle/idle_00052.png,4596,.png,undefined,mapped,"帧序列打包图集"
assets/png/miner/1004/idle/idle_00054.png,4543,.png,undefined,mapped,"帧序列打包图集"
assets/png/miner/1004/idle/idle_00056.png,4527,.png,undefined,mapped,"帧序列打包图集"
assets/png/miner/1004/idle/idle_00058.png,4509,.png,undefined,mapped,"帧序列打包图集"
assets/png/miner/1004/idle/idle_00060.png,4536,.png,undefined,mapped,"帧序列打包图集"
assets/png/miner/1004/idle/idle_00062.png,4490,.png,undefined,mapped,"帧序列打包图集"
assets/png/miner/1004/idle/idle_00064.png,4457,.png,undefined,mapped,"帧序列打包图集"
assets/png/miner/1004/idle/idle_00066.png,4462,.png,undefined,mapped,"帧序列打包图集"
assets/png/miner/1004/idle/idle_00068.png,4442,.png,undefined,mapped,"帧序列打包图集"
assets/png/miner/1004/idle/idle_00070.png,4315,.png,undefined,mapped,"帧序列打包图集"
assets/png/miner/1004/idle/idle_00072.png,4259,.png,undefined,mapped,"帧序列打包图集"
assets/png/miner/1004/idle/idle_00074.png,4258,.png,undefined,mapped,"帧序列打包图集"
assets/png/miner/1004/left/left_00000.png,4242,.png,undefined,mapped,"帧序列打包图集"
assets/png/miner/1004/left/left_00002.png,4296,.png,undefined,mapped,"帧序列打包图集"
assets/png/miner/1004/left/left_00004.png,4458,.png,undefined,mapped,"帧序列打包图集"
assets/png/miner/1004/left/left_00006.png,4500,.png,undefined,mapped,"帧序列打包图集"
assets/png/miner/1004/left/left_00008.png,4229,.png,undefined,mapped,"帧序列打包图集"
assets/png/miner/1004/left/left_00010.png,5123,.png,undefined,mapped,"帧序列打包图集"
assets/png/miner/1004/left/left_00012.png,5754,.png,undefined,mapped,"帧序列打包图集"
assets/png/miner/1004/left/left_00014.png,9442,.png,undefined,mapped,"帧序列打包图集"
assets/png/miner/1004/left/left_00016.png,10982,.png,undefined,mapped,"帧序列打包图集"
assets/png/miner/1004/left/left_00018.png,10481,.png,undefined,mapped,"帧序列打包图集"
assets/png/miner/1004/left/left_00020.png,7534,.png,undefined,mapped,"帧序列打包图集"
assets/png/miner/1004/left/left_00022.png,4540,.png,undefined,mapped,"帧序列打包图集"
assets/png/miner/1004/left/left_00024.png,4281,.png,undefined,mapped,"帧序列打包图集"
assets/png/miner/1004/left/left_00026.png,4157,.png,undefined,mapped,"帧序列打包图集"
assets/png/miner/1004/left/left_00028.png,4200,.png,undefined,mapped,"帧序列打包图集"
assets/png/miner/1004/left/left_00030.png,4168,.png,undefined,mapped,"帧序列打包图集"
assets/png/miner/1004/left/left_00032.png,4134,.png,undefined,mapped,"帧序列打包图集"
assets/png/miner/1004/left/left_00034.png,4128,.png,undefined,mapped,"帧序列打包图集"
assets/png/miner/1004/left/left_00036.png,4038,.png,undefined,mapped,"帧序列打包图集"
assets/png/miner/1004/left/left_00038.png,4224,.png,undefined,mapped,"帧序列打包图集"
assets/png/miner/1004/left/left_00040.png,4188,.png,undefined,mapped,"帧序列打包图集"
assets/png/miner/1004/left/left_00042.png,4201,.png,undefined,mapped,"帧序列打包图集"
assets/png/miner/1004/left/left_00044.png,4138,.png,undefined,mapped,"帧序列打包图集"
assets/png/miner/1004/right/right_00000.png,4144,.png,undefined,mapped,"帧序列打包图集"
assets/png/miner/1004/right/right_00002.png,4275,.png,undefined,mapped,"帧序列打包图集"
assets/png/miner/1004/right/right_00004.png,4426,.png,undefined,mapped,"帧序列打包图集"
assets/png/miner/1004/right/right_00006.png,4659,.png,undefined,mapped,"帧序列打包图集"
assets/png/miner/1004/right/right_00008.png,4224,.png,undefined,mapped,"帧序列打包图集"
assets/png/miner/1004/right/right_00010.png,4926,.png,undefined,mapped,"帧序列打包图集"
assets/png/miner/1004/right/right_00012.png,6387,.png,undefined,mapped,"帧序列打包图集"
assets/png/miner/1004/right/right_00014.png,9261,.png,undefined,mapped,"帧序列打包图集"
assets/png/miner/1004/right/right_00016.png,10064,.png,undefined,mapped,"帧序列打包图集"
assets/png/miner/1004/right/right_00018.png,9048,.png,undefined,mapped,"帧序列打包图集"
assets/png/miner/1004/right/right_00020.png,6631,.png,undefined,mapped,"帧序列打包图集"
assets/png/miner/1004/right/right_00022.png,4465,.png,undefined,mapped,"帧序列打包图集"
assets/png/miner/1004/right/right_00024.png,4306,.png,undefined,mapped,"帧序列打包图集"
assets/png/miner/1004/right/right_00026.png,4187,.png,undefined,mapped,"帧序列打包图集"
assets/png/miner/1004/right/right_00028.png,4216,.png,undefined,mapped,"帧序列打包图集"
assets/png/miner/1004/right/right_00030.png,4210,.png,undefined,mapped,"帧序列打包图集"
assets/png/miner/1004/right/right_00032.png,4263,.png,undefined,mapped,"帧序列打包图集"
assets/png/miner/1004/right/right_00034.png,4251,.png,undefined,mapped,"帧序列打包图集"
assets/png/miner/1004/right/right_00036.png,4220,.png,undefined,mapped,"帧序列打包图集"
assets/png/miner/1004/right/right_00038.png,4177,.png,undefined,mapped,"帧序列打包图集"
assets/png/miner/1004/right/right_00040.png,4145,.png,undefined,mapped,"帧序列打包图集"
assets/png/miner/1004/right/right_00042.png,4174,.png,undefined,mapped,"帧序列打包图集"
assets/png/miner/1004/right/right_00044.png,4163,.png,undefined,mapped,"帧序列打包图集"
assets/png/miner/1005/appear/appear_00020.png,129,.png,undefined,mapped,"帧序列打包图集"
assets/png/miner/1005/appear/appear_00022.png,945,.png,undefined,mapped,"帧序列打包图集"
assets/png/miner/1005/appear/appear_00024.png,2181,.png,undefined,mapped,"帧序列打包图集"
assets/png/miner/1005/appear/appear_00026.png,4098,.png,undefined,mapped,"帧序列打包图集"
assets/png/miner/1005/appear/appear_00028.png,6405,.png,undefined,mapped,"帧序列打包图集"
assets/png/miner/1005/appear/appear_00030.png,6469,.png,undefined,mapped,"帧序列打包图集"
assets/png/miner/1005/appear/appear_00032.png,5744,.png,undefined,mapped,"帧序列打包图集"
assets/png/miner/1005/appear/appear_00034.png,5467,.png,undefined,mapped,"帧序列打包图集"
assets/png/miner/1005/appear/appear_00036.png,5211,.png,undefined,mapped,"帧序列打包图集"
assets/png/miner/1005/appear/appear_00038.png,4792,.png,undefined,mapped,"帧序列打包图集"
assets/png/miner/1005/appear/appear_00040.png,4621,.png,undefined,mapped,"帧序列打包图集"
assets/png/miner/1005/appear/appear_00042.png,4418,.png,undefined,mapped,"帧序列打包图集"
assets/png/miner/1005/appear/appear_00044.png,4181,.png,undefined,mapped,"帧序列打包图集"
assets/png/miner/1005/appear/appear_00046.png,4155,.png,undefined,mapped,"帧序列打包图集"
assets/png/miner/1005/appear/appear_00048.png,4122,.png,undefined,mapped,"帧序列打包图集"
assets/png/miner/1005/appear/appear_00050.png,4101,.png,undefined,mapped,"帧序列打包图集"
assets/png/miner/1005/back/back_00000.png,4228,.png,undefined,mapped,"帧序列打包图集"
assets/png/miner/1005/back/back_00002.png,4302,.png,undefined,mapped,"帧序列打包图集"
assets/png/miner/1005/back/back_00004.png,4396,.png,undefined,mapped,"帧序列打包图集"
assets/png/miner/1005/back/back_00006.png,4491,.png,undefined,mapped,"帧序列打包图集"
assets/png/miner/1005/back/back_00008.png,4113,.png,undefined,mapped,"帧序列打包图集"
assets/png/miner/1005/back/back_00010.png,3622,.png,undefined,mapped,"帧序列打包图集"
assets/png/miner/1005/back/back_00012.png,4656,.png,undefined,mapped,"帧序列打包图集"
assets/png/miner/1005/back/back_00014.png,7781,.png,undefined,mapped,"帧序列打包图集"
assets/png/miner/1005/back/back_00016.png,10436,.png,undefined,mapped,"帧序列打包图集"
assets/png/miner/1005/back/back_00018.png,8183,.png,undefined,mapped,"帧序列打包图集"
assets/png/miner/1005/back/back_00020.png,6327,.png,undefined,mapped,"帧序列打包图集"
assets/png/miner/1005/back/back_00022.png,4235,.png,undefined,mapped,"帧序列打包图集"
assets/png/miner/1005/back/back_00024.png,4177,.png,undefined,mapped,"帧序列打包图集"
assets/png/miner/1005/back/back_00026.png,4152,.png,undefined,mapped,"帧序列打包图集"
assets/png/miner/1005/back/back_00028.png,4154,.png,undefined,mapped,"帧序列打包图集"
assets/png/miner/1005/back/back_00030.png,4080,.png,undefined,mapped,"帧序列打包图集"
assets/png/miner/1005/back/back_00032.png,4166,.png,undefined,mapped,"帧序列打包图集"
assets/png/miner/1005/back/back_00034.png,4140,.png,undefined,mapped,"帧序列打包图集"
assets/png/miner/1005/back/back_00036.png,4150,.png,undefined,mapped,"帧序列打包图集"
assets/png/miner/1005/back/back_00038.png,4224,.png,undefined,mapped,"帧序列打包图集"
assets/png/miner/1005/back/back_00040.png,4249,.png,undefined,mapped,"帧序列打包图集"
assets/png/miner/1005/back/back_00042.png,4223,.png,undefined,mapped,"帧序列打包图集"
assets/png/miner/1005/back/back_00044.png,4206,.png,undefined,mapped,"帧序列打包图集"
assets/png/miner/1005/front/front_00000.png,4238,.png,undefined,mapped,"帧序列打包图集"
assets/png/miner/1005/front/front_00002.png,4143,.png,undefined,mapped,"帧序列打包图集"
assets/png/miner/1005/front/front_00004.png,4088,.png,undefined,mapped,"帧序列打包图集"
assets/png/miner/1005/front/front_00006.png,4077,.png,undefined,mapped,"帧序列打包图集"
assets/png/miner/1005/front/front_00008.png,4175,.png,undefined,mapped,"帧序列打包图集"
assets/png/miner/1005/front/front_00010.png,4323,.png,undefined,mapped,"帧序列打包图集"
assets/png/miner/1005/front/front_00012.png,4509,.png,undefined,mapped,"帧序列打包图集"
assets/png/miner/1005/front/front_00014.png,6639,.png,undefined,mapped,"帧序列打包图集"
assets/png/miner/1005/front/front_00016.png,10366,.png,undefined,mapped,"帧序列打包图集"
assets/png/miner/1005/front/front_00018.png,9179,.png,undefined,mapped,"帧序列打包图集"
assets/png/miner/1005/front/front_00020.png,6581,.png,undefined,mapped,"帧序列打包图集"
assets/png/miner/1005/front/front_00022.png,4227,.png,undefined,mapped,"帧序列打包图集"
assets/png/miner/1005/front/front_00024.png,4235,.png,undefined,mapped,"帧序列打包图集"
assets/png/miner/1005/front/front_00026.png,4191,.png,undefined,mapped,"帧序列打包图集"
assets/png/miner/1005/front/front_00028.png,4238,.png,undefined,mapped,"帧序列打包图集"
assets/png/miner/1005/front/front_00030.png,4141,.png,undefined,mapped,"帧序列打包图集"
assets/png/miner/1005/front/front_00032.png,4151,.png,undefined,mapped,"帧序列打包图集"
assets/png/miner/1005/front/front_00034.png,4076,.png,undefined,mapped,"帧序列打包图集"
assets/png/miner/1005/front/front_00036.png,4113,.png,undefined,mapped,"帧序列打包图集"
assets/png/miner/1005/front/front_00038.png,4116,.png,undefined,mapped,"帧序列打包图集"
assets/png/miner/1005/front/front_00040.png,4132,.png,undefined,mapped,"帧序列打包图集"
assets/png/miner/1005/front/front_00042.png,4234,.png,undefined,mapped,"帧序列打包图集"
assets/png/miner/1005/front/front_00044.png,4175,.png,undefined,mapped,"帧序列打包图集"
assets/png/miner/1005/idle/idle_00000.png,4132,.png,undefined,mapped,"帧序列打包图集"
assets/png/miner/1005/idle/idle_00002.png,4370,.png,undefined,mapped,"帧序列打包图集"
assets/png/miner/1005/idle/idle_00004.png,4547,.png,undefined,mapped,"帧序列打包图集"
assets/png/miner/1005/idle/idle_00006.png,4662,.png,undefined,mapped,"帧序列打包图集"
assets/png/miner/1005/idle/idle_00008.png,4669,.png,undefined,mapped,"帧序列打包图集"
assets/png/miner/1005/idle/idle_00010.png,4758,.png,undefined,mapped,"帧序列打包图集"
assets/png/miner/1005/idle/idle_00012.png,4756,.png,undefined,mapped,"帧序列打包图集"
assets/png/miner/1005/idle/idle_00014.png,4845,.png,undefined,mapped,"帧序列打包图集"
assets/png/miner/1005/idle/idle_00016.png,4844,.png,undefined,mapped,"帧序列打包图集"
assets/png/miner/1005/idle/idle_00018.png,4829,.png,undefined,mapped,"帧序列打包图集"
assets/png/miner/1005/idle/idle_00020.png,4829,.png,undefined,mapped,"帧序列打包图集"
assets/png/miner/1005/idle/idle_00022.png,4829,.png,undefined,mapped,"帧序列打包图集"
assets/png/miner/1005/idle/idle_00024.png,4829,.png,undefined,mapped,"帧序列打包图集"
assets/png/miner/1005/idle/idle_00026.png,4829,.png,undefined,mapped,"帧序列打包图集"
assets/png/miner/1005/idle/idle_00028.png,4829,.png,undefined,mapped,"帧序列打包图集"
assets/png/miner/1005/idle/idle_00030.png,4895,.png,undefined,mapped,"帧序列打包图集"
assets/png/miner/1005/idle/idle_00032.png,4730,.png,undefined,mapped,"帧序列打包图集"
assets/png/miner/1005/idle/idle_00034.png,4629,.png,undefined,mapped,"帧序列打包图集"
assets/png/miner/1005/idle/idle_00036.png,4485,.png,undefined,mapped,"帧序列打包图集"
assets/png/miner/1005/idle/idle_00038.png,4310,.png,undefined,mapped,"帧序列打包图集"
assets/png/miner/1005/idle/idle_00040.png,4051,.png,undefined,mapped,"帧序列打包图集"
assets/png/miner/1005/idle/idle_00042.png,4268,.png,undefined,mapped,"帧序列打包图集"
assets/png/miner/1005/idle/idle_00044.png,4368,.png,undefined,mapped,"帧序列打包图集"
assets/png/miner/1005/idle/idle_00046.png,4435,.png,undefined,mapped,"帧序列打包图集"
assets/png/miner/1005/idle/idle_00048.png,4438,.png,undefined,mapped,"帧序列打包图集"
assets/png/miner/1005/idle/idle_00050.png,4507,.png,undefined,mapped,"帧序列打包图集"
assets/png/miner/1005/idle/idle_00052.png,4461,.png,undefined,mapped,"帧序列打包图集"
assets/png/miner/1005/idle/idle_00054.png,4496,.png,undefined,mapped,"帧序列打包图集"
assets/png/miner/1005/idle/idle_00056.png,4413,.png,undefined,mapped,"帧序列打包图集"
assets/png/miner/1005/idle/idle_00058.png,4461,.png,undefined,mapped,"帧序列打包图集"
assets/png/miner/1005/idle/idle_00060.png,4425,.png,undefined,mapped,"帧序列打包图集"
assets/png/miner/1005/idle/idle_00062.png,4479,.png,undefined,mapped,"帧序列打包图集"
assets/png/miner/1005/idle/idle_00064.png,4359,.png,undefined,mapped,"帧序列打包图集"
assets/png/miner/1005/idle/idle_00066.png,4418,.png,undefined,mapped,"帧序列打包图集"
assets/png/miner/1005/idle/idle_00068.png,4314,.png,undefined,mapped,"帧序列打包图集"
assets/png/miner/1005/idle/idle_00070.png,4292,.png,undefined,mapped,"帧序列打包图集"
assets/png/miner/1005/idle/idle_00072.png,4214,.png,undefined,mapped,"帧序列打包图集"
assets/png/miner/1005/idle/idle_00074.png,4230,.png,undefined,mapped,"帧序列打包图集"
assets/png/miner/1005/left/left_00000.png,4150,.png,undefined,mapped,"帧序列打包图集"
assets/png/miner/1005/left/left_00002.png,4475,.png,undefined,mapped,"帧序列打包图集"
assets/png/miner/1005/left/left_00004.png,4756,.png,undefined,mapped,"帧序列打包图集"
assets/png/miner/1005/left/left_00006.png,4800,.png,undefined,mapped,"帧序列打包图集"
assets/png/miner/1005/left/left_00008.png,4174,.png,undefined,mapped,"帧序列打包图集"
assets/png/miner/1005/left/left_00010.png,5000,.png,undefined,mapped,"帧序列打包图集"
assets/png/miner/1005/left/left_00012.png,5978,.png,undefined,mapped,"帧序列打包图集"
assets/png/miner/1005/left/left_00014.png,9420,.png,undefined,mapped,"帧序列打包图集"
assets/png/miner/1005/left/left_00016.png,11308,.png,undefined,mapped,"帧序列打包图集"
assets/png/miner/1005/left/left_00018.png,10615,.png,undefined,mapped,"帧序列打包图集"
assets/png/miner/1005/left/left_00020.png,7526,.png,undefined,mapped,"帧序列打包图集"
assets/png/miner/1005/left/left_00022.png,4606,.png,undefined,mapped,"帧序列打包图集"
assets/png/miner/1005/left/left_00024.png,4223,.png,undefined,mapped,"帧序列打包图集"
assets/png/miner/1005/left/left_00026.png,4170,.png,undefined,mapped,"帧序列打包图集"
assets/png/miner/1005/left/left_00028.png,4255,.png,undefined,mapped,"帧序列打包图集"
assets/png/miner/1005/left/left_00030.png,4232,.png,undefined,mapped,"帧序列打包图集"
assets/png/miner/1005/left/left_00032.png,4228,.png,undefined,mapped,"帧序列打包图集"
assets/png/miner/1005/left/left_00034.png,4264,.png,undefined,mapped,"帧序列打包图集"
assets/png/miner/1005/left/left_00036.png,4126,.png,undefined,mapped,"帧序列打包图集"
assets/png/miner/1005/left/left_00038.png,4200,.png,undefined,mapped,"帧序列打包图集"
assets/png/miner/1005/left/left_00040.png,4164,.png,undefined,mapped,"帧序列打包图集"
assets/png/miner/1005/left/left_00042.png,4146,.png,undefined,mapped,"帧序列打包图集"
assets/png/miner/1005/left/left_00044.png,4250,.png,undefined,mapped,"帧序列打包图集"
assets/png/miner/1005/right/right_00000.png,4262,.png,undefined,mapped,"帧序列打包图集"
assets/png/miner/1005/right/right_00002.png,4563,.png,undefined,mapped,"帧序列打包图集"
assets/png/miner/1005/right/right_00004.png,4807,.png,undefined,mapped,"帧序列打包图集"
assets/png/miner/1005/right/right_00006.png,4938,.png,undefined,mapped,"帧序列打包图集"
assets/png/miner/1005/right/right_00008.png,4225,.png,undefined,mapped,"帧序列打包图集"
assets/png/miner/1005/right/right_00010.png,4946,.png,undefined,mapped,"帧序列打包图集"
assets/png/miner/1005/right/right_00012.png,6181,.png,undefined,mapped,"帧序列打包图集"
assets/png/miner/1005/right/right_00014.png,9404,.png,undefined,mapped,"帧序列打包图集"
assets/png/miner/1005/right/right_00016.png,10886,.png,undefined,mapped,"帧序列打包图集"
assets/png/miner/1005/right/right_00018.png,9219,.png,undefined,mapped,"帧序列打包图集"
assets/png/miner/1005/right/right_00020.png,6802,.png,undefined,mapped,"帧序列打包图集"
assets/png/miner/1005/right/right_00022.png,4618,.png,undefined,mapped,"帧序列打包图集"
assets/png/miner/1005/right/right_00024.png,4468,.png,undefined,mapped,"帧序列打包图集"
assets/png/miner/1005/right/right_00026.png,4296,.png,undefined,mapped,"帧序列打包图集"
assets/png/miner/1005/right/right_00028.png,4306,.png,undefined,mapped,"帧序列打包图集"
assets/png/miner/1005/right/right_00030.png,4300,.png,undefined,mapped,"帧序列打包图集"
assets/png/miner/1005/right/right_00032.png,4305,.png,undefined,mapped,"帧序列打包图集"
assets/png/miner/1005/right/right_00034.png,4254,.png,undefined,mapped,"帧序列打包图集"
assets/png/miner/1005/right/right_00036.png,4335,.png,undefined,mapped,"帧序列打包图集"
assets/png/miner/1005/right/right_00038.png,4274,.png,undefined,mapped,"帧序列打包图集"
assets/png/miner/1005/right/right_00040.png,4258,.png,undefined,mapped,"帧序列打包图集"
assets/png/miner/1005/right/right_00042.png,4317,.png,undefined,mapped,"帧序列打包图集"
assets/png/miner/1005/right/right_00044.png,4242,.png,undefined,mapped,"帧序列打包图集"
assets/png/miner/afro/appear/appear_00020.webp,48,.webp,undefined,mapped,"帧序列打包图集"
assets/png/miner/afro/appear/appear_00022.webp,592,.webp,undefined,mapped,"帧序列打包图集"
assets/png/miner/afro/appear/appear_00024.webp,1652,.webp,undefined,mapped,"帧序列打包图集"
assets/png/miner/afro/appear/appear_00026.webp,2728,.webp,undefined,mapped,"帧序列打包图集"
assets/png/miner/afro/appear/appear_00028.webp,4514,.webp,undefined,mapped,"帧序列打包图集"
assets/png/miner/afro/appear/appear_00030.webp,4956,.webp,undefined,mapped,"帧序列打包图集"
assets/png/miner/afro/appear/appear_00032.webp,4434,.webp,undefined,mapped,"帧序列打包图集"
assets/png/miner/afro/appear/appear_00034.webp,4288,.webp,undefined,mapped,"帧序列打包图集"
assets/png/miner/afro/appear/appear_00036.webp,3842,.webp,undefined,mapped,"帧序列打包图集"
assets/png/miner/afro/appear/appear_00038.webp,3654,.webp,undefined,mapped,"帧序列打包图集"
assets/png/miner/afro/appear/appear_00040.webp,3536,.webp,undefined,mapped,"帧序列打包图集"
assets/png/miner/afro/appear/appear_00042.webp,3144,.webp,undefined,mapped,"帧序列打包图集"
assets/png/miner/afro/appear/appear_00044.webp,2680,.webp,undefined,mapped,"帧序列打包图集"
assets/png/miner/afro/back/back_00000.webp,2666,.webp,undefined,mapped,"帧序列打包图集"
assets/png/miner/afro/back/back_00002.webp,2670,.webp,undefined,mapped,"帧序列打包图集"
assets/png/miner/afro/back/back_00004.webp,2788,.webp,undefined,mapped,"帧序列打包图集"
assets/png/miner/afro/back/back_00006.webp,3006,.webp,undefined,mapped,"帧序列打包图集"
assets/png/miner/afro/back/back_00008.webp,2838,.webp,undefined,mapped,"帧序列打包图集"
assets/png/miner/afro/back/back_00010.webp,2936,.webp,undefined,mapped,"帧序列打包图集"
assets/png/miner/afro/back/back_00012.webp,3928,.webp,undefined,mapped,"帧序列打包图集"
assets/png/miner/afro/back/back_00014.webp,8704,.webp,undefined,mapped,"帧序列打包图集"
assets/png/miner/afro/back/back_00016.webp,10258,.webp,undefined,mapped,"帧序列打包图集"
assets/png/miner/afro/back/back_00018.webp,9652,.webp,undefined,mapped,"帧序列打包图集"
assets/png/miner/afro/back/back_00020.webp,6444,.webp,undefined,mapped,"帧序列打包图集"
assets/png/miner/afro/back/back_00022.webp,2770,.webp,undefined,mapped,"帧序列打包图集"
assets/png/miner/afro/back/back_00024.webp,2670,.webp,undefined,mapped,"帧序列打包图集"
assets/png/miner/afro/back/back_00026.webp,2700,.webp,undefined,mapped,"帧序列打包图集"
assets/png/miner/afro/back/back_00028.webp,2674,.webp,undefined,mapped,"帧序列打包图集"
assets/png/miner/afro/back/back_00030.webp,2726,.webp,undefined,mapped,"帧序列打包图集"
assets/png/miner/afro/back/back_00032.webp,2728,.webp,undefined,mapped,"帧序列打包图集"
assets/png/miner/afro/back/back_00034.webp,2846,.webp,undefined,mapped,"帧序列打包图集"
assets/png/miner/afro/back/back_00036.webp,2734,.webp,undefined,mapped,"帧序列打包图集"
assets/png/miner/afro/back/back_00038.webp,2726,.webp,undefined,mapped,"帧序列打包图集"
assets/png/miner/afro/back/back_00040.webp,2698,.webp,undefined,mapped,"帧序列打包图集"
assets/png/miner/afro/back/back_00042.webp,2666,.webp,undefined,mapped,"帧序列打包图集"
assets/png/miner/afro/back/back_00044.webp,2736,.webp,undefined,mapped,"帧序列打包图集"
assets/png/miner/afro/front/front_00000.webp,2516,.webp,undefined,mapped,"帧序列打包图集"
assets/png/miner/afro/front/front_00002.webp,2508,.webp,undefined,mapped,"帧序列打包图集"
assets/png/miner/afro/front/front_00004.webp,2666,.webp,undefined,mapped,"帧序列打包图集"
assets/png/miner/afro/front/front_00006.webp,2648,.webp,undefined,mapped,"帧序列打包图集"
assets/png/miner/afro/front/front_00008.webp,2606,.webp,undefined,mapped,"帧序列打包图集"
assets/png/miner/afro/front/front_00010.webp,2930,.webp,undefined,mapped,"帧序列打包图集"
assets/png/miner/afro/front/front_00012.webp,2704,.webp,undefined,mapped,"帧序列打包图集"
assets/png/miner/afro/front/front_00014.webp,3440,.webp,undefined,mapped,"帧序列打包图集"
assets/png/miner/afro/front/front_00016.webp,6792,.webp,undefined,mapped,"帧序列打包图集"
assets/png/miner/afro/front/front_00018.webp,11302,.webp,undefined,mapped,"帧序列打包图集"
assets/png/miner/afro/front/front_00020.webp,10208,.webp,undefined,mapped,"帧序列打包图集"
assets/png/miner/afro/front/front_00022.webp,7144,.webp,undefined,mapped,"帧序列打包图集"
assets/png/miner/afro/front/front_00024.webp,2498,.webp,undefined,mapped,"帧序列打包图集"
assets/png/miner/afro/front/front_00026.webp,2576,.webp,undefined,mapped,"帧序列打包图集"
assets/png/miner/afro/front/front_00028.webp,2560,.webp,undefined,mapped,"帧序列打包图集"
assets/png/miner/afro/front/front_00030.webp,2590,.webp,undefined,mapped,"帧序列打包图集"
assets/png/miner/afro/front/front_00032.webp,2608,.webp,undefined,mapped,"帧序列打包图集"
assets/png/miner/afro/front/front_00034.webp,2514,.webp,undefined,mapped,"帧序列打包图集"
assets/png/miner/afro/front/front_00036.webp,2560,.webp,undefined,mapped,"帧序列打包图集"
assets/png/miner/afro/front/front_00038.webp,2598,.webp,undefined,mapped,"帧序列打包图集"
assets/png/miner/afro/front/front_00040.webp,2688,.webp,undefined,mapped,"帧序列打包图集"
assets/png/miner/afro/front/front_00042.webp,2622,.webp,undefined,mapped,"帧序列打包图集"
assets/png/miner/afro/front/front_00044.webp,2504,.webp,undefined,mapped,"帧序列打包图集"
assets/png/miner/afro/idle/idle_00000.webp,2532,.webp,undefined,mapped,"帧序列打包图集"
assets/png/miner/afro/idle/idle_00002.webp,2668,.webp,undefined,mapped,"帧序列打包图集"
assets/png/miner/afro/idle/idle_00004.webp,2718,.webp,undefined,mapped,"帧序列打包图集"
assets/png/miner/afro/idle/idle_00006.webp,2698,.webp,undefined,mapped,"帧序列打包图集"
assets/png/miner/afro/idle/idle_00008.webp,2792,.webp,undefined,mapped,"帧序列打包图集"
assets/png/miner/afro/idle/idle_00010.webp,2922,.webp,undefined,mapped,"帧序列打包图集"
assets/png/miner/afro/idle/idle_00012.webp,2922,.webp,undefined,mapped,"帧序列打包图集"
assets/png/miner/afro/idle/idle_00014.webp,2896,.webp,undefined,mapped,"帧序列打包图集"
assets/png/miner/afro/idle/idle_00016.webp,2914,.webp,undefined,mapped,"帧序列打包图集"
assets/png/miner/afro/idle/idle_00018.webp,2842,.webp,undefined,mapped,"帧序列打包图集"
assets/png/miner/afro/idle/idle_00020.webp,2842,.webp,undefined,mapped,"帧序列打包图集"
assets/png/miner/afro/idle/idle_00022.webp,2842,.webp,undefined,mapped,"帧序列打包图集"
assets/png/miner/afro/idle/idle_00024.webp,2842,.webp,undefined,mapped,"帧序列打包图集"
assets/png/miner/afro/idle/idle_00026.webp,2842,.webp,undefined,mapped,"帧序列打包图集"
assets/png/miner/afro/idle/idle_00028.webp,2842,.webp,undefined,mapped,"帧序列打包图集"
assets/png/miner/afro/idle/idle_00030.webp,2810,.webp,undefined,mapped,"帧序列打包图集"
assets/png/miner/afro/idle/idle_00032.webp,2898,.webp,undefined,mapped,"帧序列打包图集"
assets/png/miner/afro/idle/idle_00034.webp,2908,.webp,undefined,mapped,"帧序列打包图集"
assets/png/miner/afro/idle/idle_00036.webp,2846,.webp,undefined,mapped,"帧序列打包图集"
assets/png/miner/afro/idle/idle_00038.webp,2772,.webp,undefined,mapped,"帧序列打包图集"
assets/png/miner/afro/idle/idle_00040.webp,2630,.webp,undefined,mapped,"帧序列打包图集"
assets/png/miner/afro/idle/idle_00042.webp,2810,.webp,undefined,mapped,"帧序列打包图集"
assets/png/miner/afro/idle/idle_00044.webp,2692,.webp,undefined,mapped,"帧序列打包图集"
assets/png/miner/afro/idle/idle_00046.webp,2914,.webp,undefined,mapped,"帧序列打包图集"
assets/png/miner/afro/idle/idle_00048.webp,2838,.webp,undefined,mapped,"帧序列打包图集"
assets/png/miner/afro/idle/idle_00050.webp,2862,.webp,undefined,mapped,"帧序列打包图集"
assets/png/miner/afro/idle/idle_00052.webp,2916,.webp,undefined,mapped,"帧序列打包图集"
assets/png/miner/afro/idle/idle_00054.webp,2852,.webp,undefined,mapped,"帧序列打包图集"
assets/png/miner/afro/idle/idle_00056.webp,2768,.webp,undefined,mapped,"帧序列打包图集"
assets/png/miner/afro/idle/idle_00058.webp,2784,.webp,undefined,mapped,"帧序列打包图集"
assets/png/miner/afro/idle/idle_00060.webp,2836,.webp,undefined,mapped,"帧序列打包图集"
assets/png/miner/afro/idle/idle_00062.webp,2780,.webp,undefined,mapped,"帧序列打包图集"
assets/png/miner/afro/idle/idle_00064.webp,2736,.webp,undefined,mapped,"帧序列打包图集"
assets/png/miner/afro/idle/idle_00066.webp,2712,.webp,undefined,mapped,"帧序列打包图集"
assets/png/miner/afro/idle/idle_00068.webp,2734,.webp,undefined,mapped,"帧序列打包图集"
assets/png/miner/afro/idle/idle_00070.webp,2762,.webp,undefined,mapped,"帧序列打包图集"
assets/png/miner/afro/idle/idle_00072.webp,2672,.webp,undefined,mapped,"帧序列打包图集"
assets/png/miner/afro/idle/idle_00074.webp,2664,.webp,undefined,mapped,"帧序列打包图集"
assets/png/miner/afro/left/left_00000.webp,2598,.webp,undefined,mapped,"帧序列打包图集"
assets/png/miner/afro/left/left_00002.webp,2588,.webp,undefined,mapped,"帧序列打包图集"
assets/png/miner/afro/left/left_00004.webp,2616,.webp,undefined,mapped,"帧序列打包图集"
assets/png/miner/afro/left/left_00006.webp,2640,.webp,undefined,mapped,"帧序列打包图集"
assets/png/miner/afro/left/left_00008.webp,2702,.webp,undefined,mapped,"帧序列打包图集"
assets/png/miner/afro/left/left_00010.webp,2974,.webp,undefined,mapped,"帧序列打包图集"
assets/png/miner/afro/left/left_00012.webp,5318,.webp,undefined,mapped,"帧序列打包图集"
assets/png/miner/afro/left/left_00014.webp,9764,.webp,undefined,mapped,"帧序列打包图集"
assets/png/miner/afro/left/left_00016.webp,11364,.webp,undefined,mapped,"帧序列打包图集"
assets/png/miner/afro/left/left_00018.webp,10892,.webp,undefined,mapped,"帧序列打包图集"
assets/png/miner/afro/left/left_00020.webp,8090,.webp,undefined,mapped,"帧序列打包图集"
assets/png/miner/afro/left/left_00022.webp,3346,.webp,undefined,mapped,"帧序列打包图集"
assets/png/miner/afro/left/left_00024.webp,2936,.webp,undefined,mapped,"帧序列打包图集"
assets/png/miner/afro/left/left_00026.webp,2622,.webp,undefined,mapped,"帧序列打包图集"
assets/png/miner/afro/left/left_00028.webp,2590,.webp,undefined,mapped,"帧序列打包图集"
assets/png/miner/afro/left/left_00030.webp,2698,.webp,undefined,mapped,"帧序列打包图集"
assets/png/miner/afro/left/left_00032.webp,2542,.webp,undefined,mapped,"帧序列打包图集"
assets/png/miner/afro/left/left_00034.webp,2630,.webp,undefined,mapped,"帧序列打包图集"
assets/png/miner/afro/left/left_00036.webp,2602,.webp,undefined,mapped,"帧序列打包图集"
assets/png/miner/afro/left/left_00038.webp,2604,.webp,undefined,mapped,"帧序列打包图集"
assets/png/miner/afro/left/left_00040.webp,2508,.webp,undefined,mapped,"帧序列打包图集"
assets/png/miner/afro/left/left_00042.webp,2524,.webp,undefined,mapped,"帧序列打包图集"
assets/png/miner/afro/left/left_00044.webp,2562,.webp,undefined,mapped,"帧序列打包图集"
assets/png/miner/afro/right/right_00000.webp,2668,.webp,undefined,mapped,"帧序列打包图集"
assets/png/miner/afro/right/right_00002.webp,2702,.webp,undefined,mapped,"帧序列打包图集"
assets/png/miner/afro/right/right_00004.webp,2648,.webp,undefined,mapped,"帧序列打包图集"
assets/png/miner/afro/right/right_00006.webp,2728,.webp,undefined,mapped,"帧序列打包图集"
assets/png/miner/afro/right/right_00008.webp,2842,.webp,undefined,mapped,"帧序列打包图集"
assets/png/miner/afro/right/right_00010.webp,3130,.webp,undefined,mapped,"帧序列打包图集"
assets/png/miner/afro/right/right_00012.webp,5090,.webp,undefined,mapped,"帧序列打包图集"
assets/png/miner/afro/right/right_00014.webp,10106,.webp,undefined,mapped,"帧序列打包图集"
assets/png/miner/afro/right/right_00016.webp,10698,.webp,undefined,mapped,"帧序列打包图集"
assets/png/miner/afro/right/right_00018.webp,10182,.webp,undefined,mapped,"帧序列打包图集"
assets/png/miner/afro/right/right_00020.webp,6774,.webp,undefined,mapped,"帧序列打包图集"
assets/png/miner/afro/right/right_00022.webp,3738,.webp,undefined,mapped,"帧序列打包图集"
assets/png/miner/afro/right/right_00024.webp,3198,.webp,undefined,mapped,"帧序列打包图集"
assets/png/miner/afro/right/right_00026.webp,2656,.webp,undefined,mapped,"帧序列打包图集"
assets/png/miner/afro/right/right_00028.webp,2792,.webp,undefined,mapped,"帧序列打包图集"
assets/png/miner/afro/right/right_00030.webp,2650,.webp,undefined,mapped,"帧序列打包图集"
assets/png/miner/afro/right/right_00032.webp,2570,.webp,undefined,mapped,"帧序列打包图集"
assets/png/miner/afro/right/right_00034.webp,2616,.webp,undefined,mapped,"帧序列打包图集"
assets/png/miner/afro/right/right_00036.webp,2594,.webp,undefined,mapped,"帧序列打包图集"
assets/png/miner/afro/right/right_00038.webp,2572,.webp,undefined,mapped,"帧序列打包图集"
assets/png/miner/afro/right/right_00040.webp,2652,.webp,undefined,mapped,"帧序列打包图集"
assets/png/miner/afro/right/right_00042.webp,2678,.webp,undefined,mapped,"帧序列打包图集"
assets/png/miner/afro/right/right_00044.webp,2606,.webp,undefined,mapped,"帧序列打包图集"
assets/png/miner/black_man/appear/appear_00020.webp,48,.webp,undefined,mapped,"帧序列打包图集"
assets/png/miner/black_man/appear/appear_00022.webp,592,.webp,undefined,mapped,"帧序列打包图集"
assets/png/miner/black_man/appear/appear_00024.webp,1720,.webp,undefined,mapped,"帧序列打包图集"
assets/png/miner/black_man/appear/appear_00026.webp,3500,.webp,undefined,mapped,"帧序列打包图集"
assets/png/miner/black_man/appear/appear_00028.webp,6158,.webp,undefined,mapped,"帧序列打包图集"
assets/png/miner/black_man/appear/appear_00030.webp,6306,.webp,undefined,mapped,"帧序列打包图集"
assets/png/miner/black_man/appear/appear_00032.webp,5882,.webp,undefined,mapped,"帧序列打包图集"
assets/png/miner/black_man/appear/appear_00034.webp,5346,.webp,undefined,mapped,"帧序列打包图集"
assets/png/miner/black_man/appear/appear_00036.webp,5132,.webp,undefined,mapped,"帧序列打包图集"
assets/png/miner/black_man/appear/appear_00038.webp,4840,.webp,undefined,mapped,"帧序列打包图集"
assets/png/miner/black_man/appear/appear_00040.webp,4704,.webp,undefined,mapped,"帧序列打包图集"
assets/png/miner/black_man/appear/appear_00042.webp,4434,.webp,undefined,mapped,"帧序列打包图集"
assets/png/miner/black_man/appear/appear_00044.webp,4090,.webp,undefined,mapped,"帧序列打包图集"
assets/png/miner/black_man/back/back_00000.webp,3852,.webp,undefined,mapped,"帧序列打包图集"
assets/png/miner/black_man/back/back_00002.webp,3906,.webp,undefined,mapped,"帧序列打包图集"
assets/png/miner/black_man/back/back_00004.webp,3842,.webp,undefined,mapped,"帧序列打包图集"
assets/png/miner/black_man/back/back_00006.webp,3806,.webp,undefined,mapped,"帧序列打包图集"
assets/png/miner/black_man/back/back_00008.webp,3956,.webp,undefined,mapped,"帧序列打包图集"
assets/png/miner/black_man/back/back_00010.webp,3552,.webp,undefined,mapped,"帧序列打包图集"
assets/png/miner/black_man/back/back_00012.webp,3884,.webp,undefined,mapped,"帧序列打包图集"
assets/png/miner/black_man/back/back_00014.webp,6688,.webp,undefined,mapped,"帧序列打包图集"
assets/png/miner/black_man/back/back_00016.webp,8158,.webp,undefined,mapped,"帧序列打包图集"
assets/png/miner/black_man/back/back_00018.webp,7552,.webp,undefined,mapped,"帧序列打包图集"
assets/png/miner/black_man/back/back_00020.webp,5692,.webp,undefined,mapped,"帧序列打包图集"
assets/png/miner/black_man/back/back_00022.webp,3824,.webp,undefined,mapped,"帧序列打包图集"
assets/png/miner/black_man/back/back_00024.webp,3940,.webp,undefined,mapped,"帧序列打包图集"
assets/png/miner/black_man/back/back_00026.webp,3870,.webp,undefined,mapped,"帧序列打包图集"
assets/png/miner/black_man/back/back_00028.webp,3750,.webp,undefined,mapped,"帧序列打包图集"
assets/png/miner/black_man/back/back_00030.webp,3836,.webp,undefined,mapped,"帧序列打包图集"
assets/png/miner/black_man/back/back_00032.webp,3904,.webp,undefined,mapped,"帧序列打包图集"
assets/png/miner/black_man/back/back_00034.webp,3884,.webp,undefined,mapped,"帧序列打包图集"
assets/png/miner/black_man/back/back_00036.webp,3892,.webp,undefined,mapped,"帧序列打包图集"
assets/png/miner/black_man/back/back_00038.webp,3962,.webp,undefined,mapped,"帧序列打包图集"
assets/png/miner/black_man/back/back_00040.webp,3884,.webp,undefined,mapped,"帧序列打包图集"
assets/png/miner/black_man/back/back_00042.webp,3854,.webp,undefined,mapped,"帧序列打包图集"
assets/png/miner/black_man/back/back_00044.webp,3804,.webp,undefined,mapped,"帧序列打包图集"
assets/png/miner/black_man/front/front_00000.webp,4110,.webp,undefined,mapped,"帧序列打包图集"
assets/png/miner/black_man/front/front_00002.webp,4046,.webp,undefined,mapped,"帧序列打包图集"
assets/png/miner/black_man/front/front_00004.webp,4068,.webp,undefined,mapped,"帧序列打包图集"
assets/png/miner/black_man/front/front_00006.webp,4154,.webp,undefined,mapped,"帧序列打包图集"
assets/png/miner/black_man/front/front_00008.webp,4132,.webp,undefined,mapped,"帧序列打包图集"
assets/png/miner/black_man/front/front_00010.webp,3098,.webp,undefined,mapped,"帧序列打包图集"
assets/png/miner/black_man/front/front_00012.webp,4246,.webp,undefined,mapped,"帧序列打包图集"
assets/png/miner/black_man/front/front_00014.webp,4324,.webp,undefined,mapped,"帧序列打包图集"
assets/png/miner/black_man/front/front_00016.webp,6110,.webp,undefined,mapped,"帧序列打包图集"
assets/png/miner/black_man/front/front_00018.webp,9606,.webp,undefined,mapped,"帧序列打包图集"
assets/png/miner/black_man/front/front_00020.webp,9112,.webp,undefined,mapped,"帧序列打包图集"
assets/png/miner/black_man/front/front_00022.webp,6506,.webp,undefined,mapped,"帧序列打包图集"
assets/png/miner/black_man/front/front_00024.webp,4146,.webp,undefined,mapped,"帧序列打包图集"
assets/png/miner/black_man/front/front_00026.webp,4084,.webp,undefined,mapped,"帧序列打包图集"
assets/png/miner/black_man/front/front_00028.webp,4078,.webp,undefined,mapped,"帧序列打包图集"
assets/png/miner/black_man/front/front_00030.webp,4092,.webp,undefined,mapped,"帧序列打包图集"
assets/png/miner/black_man/front/front_00032.webp,4116,.webp,undefined,mapped,"帧序列打包图集"
assets/png/miner/black_man/front/front_00034.webp,4108,.webp,undefined,mapped,"帧序列打包图集"
assets/png/miner/black_man/front/front_00036.webp,4134,.webp,undefined,mapped,"帧序列打包图集"
assets/png/miner/black_man/front/front_00038.webp,4118,.webp,undefined,mapped,"帧序列打包图集"
assets/png/miner/black_man/front/front_00040.webp,4048,.webp,undefined,mapped,"帧序列打包图集"
assets/png/miner/black_man/front/front_00042.webp,4088,.webp,undefined,mapped,"帧序列打包图集"
assets/png/miner/black_man/front/front_00044.webp,4130,.webp,undefined,mapped,"帧序列打包图集"
assets/png/miner/black_man/idle/idle_00000.webp,4026,.webp,undefined,mapped,"帧序列打包图集"
assets/png/miner/black_man/idle/idle_00002.webp,4166,.webp,undefined,mapped,"帧序列打包图集"
assets/png/miner/black_man/idle/idle_00004.webp,4282,.webp,undefined,mapped,"帧序列打包图集"
assets/png/miner/black_man/idle/idle_00006.webp,4396,.webp,undefined,mapped,"帧序列打包图集"
assets/png/miner/black_man/idle/idle_00008.webp,4392,.webp,undefined,mapped,"帧序列打包图集"
assets/png/miner/black_man/idle/idle_00010.webp,4300,.webp,undefined,mapped,"帧序列打包图集"
assets/png/miner/black_man/idle/idle_00012.webp,4370,.webp,undefined,mapped,"帧序列打包图集"
assets/png/miner/black_man/idle/idle_00014.webp,4478,.webp,undefined,mapped,"帧序列打包图集"
assets/png/miner/black_man/idle/idle_00016.webp,4472,.webp,undefined,mapped,"帧序列打包图集"
assets/png/miner/black_man/idle/idle_00018.webp,4668,.webp,undefined,mapped,"帧序列打包图集"
assets/png/miner/black_man/idle/idle_00020.webp,4668,.webp,undefined,mapped,"帧序列打包图集"
assets/png/miner/black_man/idle/idle_00022.webp,4668,.webp,undefined,mapped,"帧序列打包图集"
assets/png/miner/black_man/idle/idle_00024.webp,4668,.webp,undefined,mapped,"帧序列打包图集"
assets/png/miner/black_man/idle/idle_00026.webp,4668,.webp,undefined,mapped,"帧序列打包图集"
assets/png/miner/black_man/idle/idle_00028.webp,4668,.webp,undefined,mapped,"帧序列打包图集"
assets/png/miner/black_man/idle/idle_00030.webp,4574,.webp,undefined,mapped,"帧序列打包图集"
assets/png/miner/black_man/idle/idle_00032.webp,4568,.webp,undefined,mapped,"帧序列打包图集"
assets/png/miner/black_man/idle/idle_00034.webp,4464,.webp,undefined,mapped,"帧序列打包图集"
assets/png/miner/black_man/idle/idle_00036.webp,4426,.webp,undefined,mapped,"帧序列打包图集"
assets/png/miner/black_man/idle/idle_00038.webp,4240,.webp,undefined,mapped,"帧序列打包图集"
assets/png/miner/black_man/idle/idle_00040.webp,4104,.webp,undefined,mapped,"帧序列打包图集"
assets/png/miner/black_man/idle/idle_00042.webp,4260,.webp,undefined,mapped,"帧序列打包图集"
assets/png/miner/black_man/idle/idle_00044.webp,4396,.webp,undefined,mapped,"帧序列打包图集"
assets/png/miner/black_man/idle/idle_00046.webp,4446,.webp,undefined,mapped,"帧序列打包图集"
assets/png/miner/black_man/idle/idle_00048.webp,4356,.webp,undefined,mapped,"帧序列打包图集"
assets/png/miner/black_man/idle/idle_00050.webp,4360,.webp,undefined,mapped,"帧序列打包图集"
assets/png/miner/black_man/idle/idle_00052.webp,4370,.webp,undefined,mapped,"帧序列打包图集"
assets/png/miner/black_man/idle/idle_00054.webp,4396,.webp,undefined,mapped,"帧序列打包图集"
assets/png/miner/black_man/idle/idle_00056.webp,4396,.webp,undefined,mapped,"帧序列打包图集"
assets/png/miner/black_man/idle/idle_00058.webp,4430,.webp,undefined,mapped,"帧序列打包图集"
assets/png/miner/black_man/idle/idle_00060.webp,4374,.webp,undefined,mapped,"帧序列打包图集"
assets/png/miner/black_man/idle/idle_00062.webp,4338,.webp,undefined,mapped,"帧序列打包图集"
assets/png/miner/black_man/idle/idle_00064.webp,4302,.webp,undefined,mapped,"帧序列打包图集"
assets/png/miner/black_man/idle/idle_00066.webp,4240,.webp,undefined,mapped,"帧序列打包图集"
assets/png/miner/black_man/idle/idle_00068.webp,4210,.webp,undefined,mapped,"帧序列打包图集"
assets/png/miner/black_man/idle/idle_00070.webp,4116,.webp,undefined,mapped,"帧序列打包图集"
assets/png/miner/black_man/idle/idle_00072.webp,4060,.webp,undefined,mapped,"帧序列打包图集"
assets/png/miner/black_man/idle/idle_00074.webp,4028,.webp,undefined,mapped,"帧序列打包图集"
assets/png/miner/black_man/left/left_00000.webp,3530,.webp,undefined,mapped,"帧序列打包图集"
assets/png/miner/black_man/left/left_00002.webp,3638,.webp,undefined,mapped,"帧序列打包图集"
assets/png/miner/black_man/left/left_00004.webp,4060,.webp,undefined,mapped,"帧序列打包图集"
assets/png/miner/black_man/left/left_00006.webp,4232,.webp,undefined,mapped,"帧序列打包图集"
assets/png/miner/black_man/left/left_00008.webp,3688,.webp,undefined,mapped,"帧序列打包图集"
assets/png/miner/black_man/left/left_00010.webp,4670,.webp,undefined,mapped,"帧序列打包图集"
assets/png/miner/black_man/left/left_00012.webp,5384,.webp,undefined,mapped,"帧序列打包图集"
assets/png/miner/black_man/left/left_00014.webp,8142,.webp,undefined,mapped,"帧序列打包图集"
assets/png/miner/black_man/left/left_00016.webp,9756,.webp,undefined,mapped,"帧序列打包图集"
assets/png/miner/black_man/left/left_00018.webp,9152,.webp,undefined,mapped,"帧序列打包图集"
assets/png/miner/black_man/left/left_00020.webp,6504,.webp,undefined,mapped,"帧序列打包图集"
assets/png/miner/black_man/left/left_00022.webp,3872,.webp,undefined,mapped,"帧序列打包图集"
assets/png/miner/black_man/left/left_00024.webp,3642,.webp,undefined,mapped,"帧序列打包图集"
assets/png/miner/black_man/left/left_00026.webp,3546,.webp,undefined,mapped,"帧序列打包图集"
assets/png/miner/black_man/left/left_00028.webp,3438,.webp,undefined,mapped,"帧序列打包图集"
assets/png/miner/black_man/left/left_00030.webp,3544,.webp,undefined,mapped,"帧序列打包图集"
assets/png/miner/black_man/left/left_00032.webp,3512,.webp,undefined,mapped,"帧序列打包图集"
assets/png/miner/black_man/left/left_00034.webp,3494,.webp,undefined,mapped,"帧序列打包图集"
assets/png/miner/black_man/left/left_00036.webp,3426,.webp,undefined,mapped,"帧序列打包图集"
assets/png/miner/black_man/left/left_00038.webp,3546,.webp,undefined,mapped,"帧序列打包图集"
assets/png/miner/black_man/left/left_00040.webp,3600,.webp,undefined,mapped,"帧序列打包图集"
assets/png/miner/black_man/left/left_00042.webp,3568,.webp,undefined,mapped,"帧序列打包图集"
assets/png/miner/black_man/left/left_00044.webp,3670,.webp,undefined,mapped,"帧序列打包图集"
assets/png/miner/black_man/right/right_00000.webp,3494,.webp,undefined,mapped,"帧序列打包图集"
assets/png/miner/black_man/right/right_00002.webp,3650,.webp,undefined,mapped,"帧序列打包图集"
assets/png/miner/black_man/right/right_00004.webp,4000,.webp,undefined,mapped,"帧序列打包图集"
assets/png/miner/black_man/right/right_00006.webp,4206,.webp,undefined,mapped,"帧序列打包图集"
assets/png/miner/black_man/right/right_00008.webp,3536,.webp,undefined,mapped,"帧序列打包图集"
assets/png/miner/black_man/right/right_00010.webp,4326,.webp,undefined,mapped,"帧序列打包图集"
assets/png/miner/black_man/right/right_00012.webp,5402,.webp,undefined,mapped,"帧序列打包图集"
assets/png/miner/black_man/right/right_00014.webp,8132,.webp,undefined,mapped,"帧序列打包图集"
assets/png/miner/black_man/right/right_00016.webp,8842,.webp,undefined,mapped,"帧序列打包图集"
assets/png/miner/black_man/right/right_00018.webp,8132,.webp,undefined,mapped,"帧序列打包图集"
assets/png/miner/black_man/right/right_00020.webp,5682,.webp,undefined,mapped,"帧序列打包图集"
assets/png/miner/black_man/right/right_00022.webp,3700,.webp,undefined,mapped,"帧序列打包图集"
assets/png/miner/black_man/right/right_00024.webp,3640,.webp,undefined,mapped,"帧序列打包图集"
assets/png/miner/black_man/right/right_00026.webp,3514,.webp,undefined,mapped,"帧序列打包图集"
assets/png/miner/black_man/right/right_00028.webp,3524,.webp,undefined,mapped,"帧序列打包图集"
assets/png/miner/black_man/right/right_00030.webp,3550,.webp,undefined,mapped,"帧序列打包图集"
assets/png/miner/black_man/right/right_00032.webp,3528,.webp,undefined,mapped,"帧序列打包图集"
assets/png/miner/black_man/right/right_00034.webp,3494,.webp,undefined,mapped,"帧序列打包图集"
assets/png/miner/black_man/right/right_00036.webp,3436,.webp,undefined,mapped,"帧序列打包图集"
assets/png/miner/black_man/right/right_00038.webp,3446,.webp,undefined,mapped,"帧序列打包图集"
assets/png/miner/black_man/right/right_00040.webp,3490,.webp,undefined,mapped,"帧序列打包图集"
assets/png/miner/black_man/right/right_00042.webp,3484,.webp,undefined,mapped,"帧序列打包图集"
assets/png/miner/black_man/right/right_00044.webp,3386,.webp,undefined,mapped,"帧序列打包图集"
assets/png/miner/blue_women/appear/appear_00020.webp,48,.webp,undefined,mapped,"帧序列打包图集"
assets/png/miner/blue_women/appear/appear_00022.webp,592,.webp,undefined,mapped,"帧序列打包图集"
assets/png/miner/blue_women/appear/appear_00024.webp,1652,.webp,undefined,mapped,"帧序列打包图集"
assets/png/miner/blue_women/appear/appear_00026.webp,2478,.webp,undefined,mapped,"帧序列打包图集"
assets/png/miner/blue_women/appear/appear_00028.webp,4560,.webp,undefined,mapped,"帧序列打包图集"
assets/png/miner/blue_women/appear/appear_00030.webp,4484,.webp,undefined,mapped,"帧序列打包图集"
assets/png/miner/blue_women/appear/appear_00032.webp,3738,.webp,undefined,mapped,"帧序列打包图集"
assets/png/miner/blue_women/appear/appear_00034.webp,3946,.webp,undefined,mapped,"帧序列打包图集"
assets/png/miner/blue_women/appear/appear_00036.webp,3384,.webp,undefined,mapped,"帧序列打包图集"
assets/png/miner/blue_women/appear/appear_00038.webp,3160,.webp,undefined,mapped,"帧序列打包图集"
assets/png/miner/blue_women/appear/appear_00040.webp,2638,.webp,undefined,mapped,"帧序列打包图集"
assets/png/miner/blue_women/appear/appear_00042.webp,2242,.webp,undefined,mapped,"帧序列打包图集"
assets/png/miner/blue_women/appear/appear_00044.webp,1732,.webp,undefined,mapped,"帧序列打包图集"
assets/png/miner/blue_women/back/back_00000.webp,1544,.webp,undefined,mapped,"帧序列打包图集"
assets/png/miner/blue_women/back/back_00002.webp,1542,.webp,undefined,mapped,"帧序列打包图集"
assets/png/miner/blue_women/back/back_00004.webp,1696,.webp,undefined,mapped,"帧序列打包图集"
assets/png/miner/blue_women/back/back_00006.webp,1528,.webp,undefined,mapped,"帧序列打包图集"
assets/png/miner/blue_women/back/back_00008.webp,1612,.webp,undefined,mapped,"帧序列打包图集"
assets/png/miner/blue_women/back/back_00010.webp,1608,.webp,undefined,mapped,"帧序列打包图集"
assets/png/miner/blue_women/back/back_00012.webp,3348,.webp,undefined,mapped,"帧序列打包图集"
assets/png/miner/blue_women/back/back_00014.webp,6522,.webp,undefined,mapped,"帧序列打包图集"
assets/png/miner/blue_women/back/back_00016.webp,8552,.webp,undefined,mapped,"帧序列打包图集"
assets/png/miner/blue_women/back/back_00018.webp,7330,.webp,undefined,mapped,"帧序列打包图集"
assets/png/miner/blue_women/back/back_00020.webp,5070,.webp,undefined,mapped,"帧序列打包图集"
assets/png/miner/blue_women/back/back_00022.webp,1526,.webp,undefined,mapped,"帧序列打包图集"
assets/png/miner/blue_women/back/back_00024.webp,1472,.webp,undefined,mapped,"帧序列打包图集"
assets/png/miner/blue_women/back/back_00026.webp,1576,.webp,undefined,mapped,"帧序列打包图集"
assets/png/miner/blue_women/back/back_00028.webp,1476,.webp,undefined,mapped,"帧序列打包图集"
assets/png/miner/blue_women/back/back_00030.webp,1530,.webp,undefined,mapped,"帧序列打包图集"
assets/png/miner/blue_women/back/back_00032.webp,1534,.webp,undefined,mapped,"帧序列打包图集"
assets/png/miner/blue_women/back/back_00034.webp,1526,.webp,undefined,mapped,"帧序列打包图集"
assets/png/miner/blue_women/back/back_00036.webp,1560,.webp,undefined,mapped,"帧序列打包图集"
assets/png/miner/blue_women/back/back_00038.webp,1612,.webp,undefined,mapped,"帧序列打包图集"
assets/png/miner/blue_women/back/back_00040.webp,1548,.webp,undefined,mapped,"帧序列打包图集"
assets/png/miner/blue_women/back/back_00042.webp,1524,.webp,undefined,mapped,"帧序列打包图集"
assets/png/miner/blue_women/back/back_00044.webp,1502,.webp,undefined,mapped,"帧序列打包图集"
assets/png/miner/blue_women/front/front_00000.webp,1802,.webp,undefined,mapped,"帧序列打包图集"
assets/png/miner/blue_women/front/front_00002.webp,1710,.webp,undefined,mapped,"帧序列打包图集"
assets/png/miner/blue_women/front/front_00004.webp,1806,.webp,undefined,mapped,"帧序列打包图集"
assets/png/miner/blue_women/front/front_00006.webp,1820,.webp,undefined,mapped,"帧序列打包图集"
assets/png/miner/blue_women/front/front_00008.webp,1610,.webp,undefined,mapped,"帧序列打包图集"
assets/png/miner/blue_women/front/front_00010.webp,1658,.webp,undefined,mapped,"帧序列打包图集"
assets/png/miner/blue_women/front/front_00012.webp,1606,.webp,undefined,mapped,"帧序列打包图集"
assets/png/miner/blue_women/front/front_00014.webp,2460,.webp,undefined,mapped,"帧序列打包图集"
assets/png/miner/blue_women/front/front_00016.webp,6578,.webp,undefined,mapped,"帧序列打包图集"
assets/png/miner/blue_women/front/front_00018.webp,10278,.webp,undefined,mapped,"帧序列打包图集"
assets/png/miner/blue_women/front/front_00020.webp,8816,.webp,undefined,mapped,"帧序列打包图集"
assets/png/miner/blue_women/front/front_00022.webp,6434,.webp,undefined,mapped,"帧序列打包图集"
assets/png/miner/blue_women/front/front_00024.webp,1602,.webp,undefined,mapped,"帧序列打包图集"
assets/png/miner/blue_women/front/front_00026.webp,1624,.webp,undefined,mapped,"帧序列打包图集"
assets/png/miner/blue_women/front/front_00028.webp,1630,.webp,undefined,mapped,"帧序列打包图集"
assets/png/miner/blue_women/front/front_00030.webp,1682,.webp,undefined,mapped,"帧序列打包图集"
assets/png/miner/blue_women/front/front_00032.webp,1580,.webp,undefined,mapped,"帧序列打包图集"
assets/png/miner/blue_women/front/front_00034.webp,1590,.webp,undefined,mapped,"帧序列打包图集"
assets/png/miner/blue_women/front/front_00036.webp,1620,.webp,undefined,mapped,"帧序列打包图集"
assets/png/miner/blue_women/front/front_00038.webp,1734,.webp,undefined,mapped,"帧序列打包图集"
assets/png/miner/blue_women/front/front_00040.webp,1644,.webp,undefined,mapped,"帧序列打包图集"
assets/png/miner/blue_women/front/front_00042.webp,1668,.webp,undefined,mapped,"帧序列打包图集"
assets/png/miner/blue_women/front/front_00044.webp,1664,.webp,undefined,mapped,"帧序列打包图集"
assets/png/miner/blue_women/idle/idle_00000.webp,1678,.webp,undefined,mapped,"帧序列打包图集"
assets/png/miner/blue_women/idle/idle_00002.webp,1638,.webp,undefined,mapped,"帧序列打包图集"
assets/png/miner/blue_women/idle/idle_00004.webp,1858,.webp,undefined,mapped,"帧序列打包图集"
assets/png/miner/blue_women/idle/idle_00006.webp,2144,.webp,undefined,mapped,"帧序列打包图集"
assets/png/miner/blue_women/idle/idle_00008.webp,2132,.webp,undefined,mapped,"帧序列打包图集"
assets/png/miner/blue_women/idle/idle_00010.webp,2150,.webp,undefined,mapped,"帧序列打包图集"
assets/png/miner/blue_women/idle/idle_00012.webp,2236,.webp,undefined,mapped,"帧序列打包图集"
assets/png/miner/blue_women/idle/idle_00014.webp,2258,.webp,undefined,mapped,"帧序列打包图集"
assets/png/miner/blue_women/idle/idle_00016.webp,2312,.webp,undefined,mapped,"帧序列打包图集"
assets/png/miner/blue_women/idle/idle_00018.webp,2404,.webp,undefined,mapped,"帧序列打包图集"
assets/png/miner/blue_women/idle/idle_00020.webp,2404,.webp,undefined,mapped,"帧序列打包图集"
assets/png/miner/blue_women/idle/idle_00022.webp,2404,.webp,undefined,mapped,"帧序列打包图集"
assets/png/miner/blue_women/idle/idle_00024.webp,2404,.webp,undefined,mapped,"帧序列打包图集"
assets/png/miner/blue_women/idle/idle_00026.webp,2404,.webp,undefined,mapped,"帧序列打包图集"
assets/png/miner/blue_women/idle/idle_00028.webp,2404,.webp,undefined,mapped,"帧序列打包图集"
assets/png/miner/blue_women/idle/idle_00030.webp,2370,.webp,undefined,mapped,"帧序列打包图集"
assets/png/miner/blue_women/idle/idle_00032.webp,2372,.webp,undefined,mapped,"帧序列打包图集"
assets/png/miner/blue_women/idle/idle_00034.webp,2282,.webp,undefined,mapped,"帧序列打包图集"
assets/png/miner/blue_women/idle/idle_00036.webp,2152,.webp,undefined,mapped,"帧序列打包图集"
assets/png/miner/blue_women/idle/idle_00038.webp,1918,.webp,undefined,mapped,"帧序列打包图集"
assets/png/miner/blue_women/idle/idle_00040.webp,1750,.webp,undefined,mapped,"帧序列打包图集"
assets/png/miner/blue_women/idle/idle_00042.webp,1996,.webp,undefined,mapped,"帧序列打包图集"
assets/png/miner/blue_women/idle/idle_00044.webp,2054,.webp,undefined,mapped,"帧序列打包图集"
assets/png/miner/blue_women/idle/idle_00046.webp,2086,.webp,undefined,mapped,"帧序列打包图集"
assets/png/miner/blue_women/idle/idle_00048.webp,2192,.webp,undefined,mapped,"帧序列打包图集"
assets/png/miner/blue_women/idle/idle_00050.webp,2174,.webp,undefined,mapped,"帧序列打包图集"
assets/png/miner/blue_women/idle/idle_00052.webp,2090,.webp,undefined,mapped,"帧序列打包图集"
assets/png/miner/blue_women/idle/idle_00054.webp,2134,.webp,undefined,mapped,"帧序列打包图集"
assets/png/miner/blue_women/idle/idle_00056.webp,2192,.webp,undefined,mapped,"帧序列打包图集"
assets/png/miner/blue_women/idle/idle_00058.webp,2146,.webp,undefined,mapped,"帧序列打包图集"
assets/png/miner/blue_women/idle/idle_00060.webp,2204,.webp,undefined,mapped,"帧序列打包图集"
assets/png/miner/blue_women/idle/idle_00062.webp,2094,.webp,undefined,mapped,"帧序列打包图集"
assets/png/miner/blue_women/idle/idle_00064.webp,2120,.webp,undefined,mapped,"帧序列打包图集"
assets/png/miner/blue_women/idle/idle_00066.webp,2048,.webp,undefined,mapped,"帧序列打包图集"
assets/png/miner/blue_women/idle/idle_00068.webp,1864,.webp,undefined,mapped,"帧序列打包图集"
assets/png/miner/blue_women/idle/idle_00070.webp,1786,.webp,undefined,mapped,"帧序列打包图集"
assets/png/miner/blue_women/idle/idle_00072.webp,1710,.webp,undefined,mapped,"帧序列打包图集"
assets/png/miner/blue_women/idle/idle_00074.webp,1676,.webp,undefined,mapped,"帧序列打包图集"
assets/png/miner/blue_women/left/left_00000.webp,1698,.webp,undefined,mapped,"帧序列打包图集"
assets/png/miner/blue_women/left/left_00002.webp,1802,.webp,undefined,mapped,"帧序列打包图集"
assets/png/miner/blue_women/left/left_00004.webp,2046,.webp,undefined,mapped,"帧序列打包图集"
assets/png/miner/blue_women/left/left_00006.webp,2212,.webp,undefined,mapped,"帧序列打包图集"
assets/png/miner/blue_women/left/left_00008.webp,2220,.webp,undefined,mapped,"帧序列打包图集"
assets/png/miner/blue_women/left/left_00010.webp,2244,.webp,undefined,mapped,"帧序列打包图集"
assets/png/miner/blue_women/left/left_00012.webp,4874,.webp,undefined,mapped,"帧序列打包图集"
assets/png/miner/blue_women/left/left_00014.webp,8312,.webp,undefined,mapped,"帧序列打包图集"
assets/png/miner/blue_women/left/left_00016.webp,9926,.webp,undefined,mapped,"帧序列打包图集"
assets/png/miner/blue_women/left/left_00018.webp,8614,.webp,undefined,mapped,"帧序列打包图集"
assets/png/miner/blue_women/left/left_00020.webp,6664,.webp,undefined,mapped,"帧序列打包图集"
assets/png/miner/blue_women/left/left_00022.webp,2624,.webp,undefined,mapped,"帧序列打包图集"
assets/png/miner/blue_women/left/left_00024.webp,2056,.webp,undefined,mapped,"帧序列打包图集"
assets/png/miner/blue_women/left/left_00026.webp,1758,.webp,undefined,mapped,"帧序列打包图集"
assets/png/miner/blue_women/left/left_00028.webp,1676,.webp,undefined,mapped,"帧序列打包图集"
assets/png/miner/blue_women/left/left_00030.webp,1758,.webp,undefined,mapped,"帧序列打包图集"
assets/png/miner/blue_women/left/left_00032.webp,1666,.webp,undefined,mapped,"帧序列打包图集"
assets/png/miner/blue_women/left/left_00034.webp,1762,.webp,undefined,mapped,"帧序列打包图集"
assets/png/miner/blue_women/left/left_00036.webp,1798,.webp,undefined,mapped,"帧序列打包图集"
assets/png/miner/blue_women/left/left_00038.webp,1740,.webp,undefined,mapped,"帧序列打包图集"
assets/png/miner/blue_women/left/left_00040.webp,1814,.webp,undefined,mapped,"帧序列打包图集"
assets/png/miner/blue_women/left/left_00042.webp,1778,.webp,undefined,mapped,"帧序列打包图集"
assets/png/miner/blue_women/left/left_00044.webp,1648,.webp,undefined,mapped,"帧序列打包图集"
assets/png/miner/blue_women/right/right_00000.webp,1636,.webp,undefined,mapped,"帧序列打包图集"
assets/png/miner/blue_women/right/right_00002.webp,2064,.webp,undefined,mapped,"帧序列打包图集"
assets/png/miner/blue_women/right/right_00004.webp,2184,.webp,undefined,mapped,"帧序列打包图集"
assets/png/miner/blue_women/right/right_00006.webp,2386,.webp,undefined,mapped,"帧序列打包图集"
assets/png/miner/blue_women/right/right_00008.webp,1888,.webp,undefined,mapped,"帧序列打包图集"
assets/png/miner/blue_women/right/right_00010.webp,2394,.webp,undefined,mapped,"帧序列打包图集"
assets/png/miner/blue_women/right/right_00012.webp,4520,.webp,undefined,mapped,"帧序列打包图集"
assets/png/miner/blue_women/right/right_00014.webp,7802,.webp,undefined,mapped,"帧序列打包图集"
assets/png/miner/blue_women/right/right_00016.webp,8638,.webp,undefined,mapped,"帧序列打包图集"
assets/png/miner/blue_women/right/right_00018.webp,8114,.webp,undefined,mapped,"帧序列打包图集"
assets/png/miner/blue_women/right/right_00020.webp,5850,.webp,undefined,mapped,"帧序列打包图集"
assets/png/miner/blue_women/right/right_00022.webp,2530,.webp,undefined,mapped,"帧序列打包图集"
assets/png/miner/blue_women/right/right_00024.webp,2152,.webp,undefined,mapped,"帧序列打包图集"
assets/png/miner/blue_women/right/right_00026.webp,1636,.webp,undefined,mapped,"帧序列打包图集"
assets/png/miner/blue_women/right/right_00028.webp,1710,.webp,undefined,mapped,"帧序列打包图集"
assets/png/miner/blue_women/right/right_00030.webp,1660,.webp,undefined,mapped,"帧序列打包图集"
assets/png/miner/blue_women/right/right_00032.webp,1650,.webp,undefined,mapped,"帧序列打包图集"
assets/png/miner/blue_women/right/right_00034.webp,1718,.webp,undefined,mapped,"帧序列打包图集"
assets/png/miner/blue_women/right/right_00036.webp,1706,.webp,undefined,mapped,"帧序列打包图集"
assets/png/miner/blue_women/right/right_00038.webp,1588,.webp,undefined,mapped,"帧序列打包图集"
assets/png/miner/blue_women/right/right_00040.webp,1680,.webp,undefined,mapped,"帧序列打包图集"
assets/png/miner/blue_women/right/right_00042.webp,1758,.webp,undefined,mapped,"帧序列打包图集"
assets/png/miner/blue_women/right/right_00044.webp,1606,.webp,undefined,mapped,"帧序列打包图集"
assets/png/miner/cap/appear/appear_00020.webp,48,.webp,undefined,mapped,"帧序列打包图集"
assets/png/miner/cap/appear/appear_00022.webp,592,.webp,undefined,mapped,"帧序列打包图集"
assets/png/miner/cap/appear/appear_00024.webp,1652,.webp,undefined,mapped,"帧序列打包图集"
assets/png/miner/cap/appear/appear_00026.webp,2436,.webp,undefined,mapped,"帧序列打包图集"
assets/png/miner/cap/appear/appear_00028.webp,4088,.webp,undefined,mapped,"帧序列打包图集"
assets/png/miner/cap/appear/appear_00030.webp,4312,.webp,undefined,mapped,"帧序列打包图集"
assets/png/miner/cap/appear/appear_00032.webp,3834,.webp,undefined,mapped,"帧序列打包图集"
assets/png/miner/cap/appear/appear_00034.webp,4028,.webp,undefined,mapped,"帧序列打包图集"
assets/png/miner/cap/appear/appear_00036.webp,3416,.webp,undefined,mapped,"帧序列打包图集"
assets/png/miner/cap/appear/appear_00038.webp,2854,.webp,undefined,mapped,"帧序列打包图集"
assets/png/miner/cap/appear/appear_00040.webp,2602,.webp,undefined,mapped,"帧序列打包图集"
assets/png/miner/cap/appear/appear_00042.webp,2296,.webp,undefined,mapped,"帧序列打包图集"
assets/png/miner/cap/appear/appear_00044.webp,1714,.webp,undefined,mapped,"帧序列打包图集"
assets/png/miner/cap/back/back_00000.webp,1740,.webp,undefined,mapped,"帧序列打包图集"
assets/png/miner/cap/back/back_00002.webp,1628,.webp,undefined,mapped,"帧序列打包图集"
assets/png/miner/cap/back/back_00004.webp,1644,.webp,undefined,mapped,"帧序列打包图集"
assets/png/miner/cap/back/back_00006.webp,1718,.webp,undefined,mapped,"帧序列打包图集"
assets/png/miner/cap/back/back_00008.webp,1650,.webp,undefined,mapped,"帧序列打包图集"
assets/png/miner/cap/back/back_00010.webp,1878,.webp,undefined,mapped,"帧序列打包图集"
assets/png/miner/cap/back/back_00012.webp,3586,.webp,undefined,mapped,"帧序列打包图集"
assets/png/miner/cap/back/back_00014.webp,7094,.webp,undefined,mapped,"帧序列打包图集"
assets/png/miner/cap/back/back_00016.webp,8576,.webp,undefined,mapped,"帧序列打包图集"
assets/png/miner/cap/back/back_00018.webp,7526,.webp,undefined,mapped,"帧序列打包图集"
assets/png/miner/cap/back/back_00020.webp,5536,.webp,undefined,mapped,"帧序列打包图集"
assets/png/miner/cap/back/back_00022.webp,1626,.webp,undefined,mapped,"帧序列打包图集"
assets/png/miner/cap/back/back_00024.webp,1666,.webp,undefined,mapped,"帧序列打包图集"
assets/png/miner/cap/back/back_00026.webp,1698,.webp,undefined,mapped,"帧序列打包图集"
assets/png/miner/cap/back/back_00028.webp,1728,.webp,undefined,mapped,"帧序列打包图集"
assets/png/miner/cap/back/back_00030.webp,1700,.webp,undefined,mapped,"帧序列打包图集"
assets/png/miner/cap/back/back_00032.webp,1646,.webp,undefined,mapped,"帧序列打包图集"
assets/png/miner/cap/back/back_00034.webp,1600,.webp,undefined,mapped,"帧序列打包图集"
assets/png/miner/cap/back/back_00036.webp,1730,.webp,undefined,mapped,"帧序列打包图集"
assets/png/miner/cap/back/back_00038.webp,1764,.webp,undefined,mapped,"帧序列打包图集"
assets/png/miner/cap/back/back_00040.webp,1652,.webp,undefined,mapped,"帧序列打包图集"
assets/png/miner/cap/back/back_00042.webp,1640,.webp,undefined,mapped,"帧序列打包图集"
assets/png/miner/cap/back/back_00044.webp,1660,.webp,undefined,mapped,"帧序列打包图集"
assets/png/miner/cap/front/front_00000.webp,1616,.webp,undefined,mapped,"帧序列打包图集"
assets/png/miner/cap/front/front_00002.webp,1654,.webp,undefined,mapped,"帧序列打包图集"
assets/png/miner/cap/front/front_00004.webp,1736,.webp,undefined,mapped,"帧序列打包图集"
assets/png/miner/cap/front/front_00006.webp,1758,.webp,undefined,mapped,"帧序列打包图集"
assets/png/miner/cap/front/front_00008.webp,1686,.webp,undefined,mapped,"帧序列打包图集"
assets/png/miner/cap/front/front_00010.webp,1556,.webp,undefined,mapped,"帧序列打包图集"
assets/png/miner/cap/front/front_00012.webp,1670,.webp,undefined,mapped,"帧序列打包图集"
assets/png/miner/cap/front/front_00014.webp,2424,.webp,undefined,mapped,"帧序列打包图集"
assets/png/miner/cap/front/front_00016.webp,5990,.webp,undefined,mapped,"帧序列打包图集"
assets/png/miner/cap/front/front_00018.webp,9466,.webp,undefined,mapped,"帧序列打包图集"
assets/png/miner/cap/front/front_00020.webp,9070,.webp,undefined,mapped,"帧序列打包图集"
assets/png/miner/cap/front/front_00022.webp,6442,.webp,undefined,mapped,"帧序列打包图集"
assets/png/miner/cap/front/front_00024.webp,1684,.webp,undefined,mapped,"帧序列打包图集"
assets/png/miner/cap/front/front_00026.webp,1666,.webp,undefined,mapped,"帧序列打包图集"
assets/png/miner/cap/front/front_00028.webp,1762,.webp,undefined,mapped,"帧序列打包图集"
assets/png/miner/cap/front/front_00030.webp,1688,.webp,undefined,mapped,"帧序列打包图集"
assets/png/miner/cap/front/front_00032.webp,1710,.webp,undefined,mapped,"帧序列打包图集"
assets/png/miner/cap/front/front_00034.webp,1696,.webp,undefined,mapped,"帧序列打包图集"
assets/png/miner/cap/front/front_00036.webp,1678,.webp,undefined,mapped,"帧序列打包图集"
assets/png/miner/cap/front/front_00038.webp,1588,.webp,undefined,mapped,"帧序列打包图集"
assets/png/miner/cap/front/front_00040.webp,1680,.webp,undefined,mapped,"帧序列打包图集"
assets/png/miner/cap/front/front_00042.webp,1712,.webp,undefined,mapped,"帧序列打包图集"
assets/png/miner/cap/front/front_00044.webp,1628,.webp,undefined,mapped,"帧序列打包图集"
assets/png/miner/cap/idle/idle_00000.webp,1552,.webp,undefined,mapped,"帧序列打包图集"
assets/png/miner/cap/idle/idle_00002.webp,1920,.webp,undefined,mapped,"帧序列打包图集"
assets/png/miner/cap/idle/idle_00004.webp,1962,.webp,undefined,mapped,"帧序列打包图集"
assets/png/miner/cap/idle/idle_00006.webp,2032,.webp,undefined,mapped,"帧序列打包图集"
assets/png/miner/cap/idle/idle_00008.webp,2024,.webp,undefined,mapped,"帧序列打包图集"
assets/png/miner/cap/idle/idle_00010.webp,2086,.webp,undefined,mapped,"帧序列打包图集"
assets/png/miner/cap/idle/idle_00012.webp,2074,.webp,undefined,mapped,"帧序列打包图集"
assets/png/miner/cap/idle/idle_00014.webp,2116,.webp,undefined,mapped,"帧序列打包图集"
assets/png/miner/cap/idle/idle_00016.webp,2276,.webp,undefined,mapped,"帧序列打包图集"
assets/png/miner/cap/idle/idle_00018.webp,2216,.webp,undefined,mapped,"帧序列打包图集"
assets/png/miner/cap/idle/idle_00020.webp,2216,.webp,undefined,mapped,"帧序列打包图集"
assets/png/miner/cap/idle/idle_00022.webp,2216,.webp,undefined,mapped,"帧序列打包图集"
assets/png/miner/cap/idle/idle_00024.webp,2216,.webp,undefined,mapped,"帧序列打包图集"
assets/png/miner/cap/idle/idle_00026.webp,2216,.webp,undefined,mapped,"帧序列打包图集"
assets/png/miner/cap/idle/idle_00028.webp,2216,.webp,undefined,mapped,"帧序列打包图集"
assets/png/miner/cap/idle/idle_00030.webp,2130,.webp,undefined,mapped,"帧序列打包图集"
assets/png/miner/cap/idle/idle_00032.webp,2196,.webp,undefined,mapped,"帧序列打包图集"
assets/png/miner/cap/idle/idle_00034.webp,2118,.webp,undefined,mapped,"帧序列打包图集"
assets/png/miner/cap/idle/idle_00036.webp,2000,.webp,undefined,mapped,"帧序列打包图集"
assets/png/miner/cap/idle/idle_00038.webp,1878,.webp,undefined,mapped,"帧序列打包图集"
assets/png/miner/cap/idle/idle_00040.webp,1820,.webp,undefined,mapped,"帧序列打包图集"
assets/png/miner/cap/idle/idle_00042.webp,1980,.webp,undefined,mapped,"帧序列打包图集"
assets/png/miner/cap/idle/idle_00044.webp,2034,.webp,undefined,mapped,"帧序列打包图集"
assets/png/miner/cap/idle/idle_00046.webp,2076,.webp,undefined,mapped,"帧序列打包图集"
assets/png/miner/cap/idle/idle_00048.webp,2054,.webp,undefined,mapped,"帧序列打包图集"
assets/png/miner/cap/idle/idle_00050.webp,1992,.webp,undefined,mapped,"帧序列打包图集"
assets/png/miner/cap/idle/idle_00052.webp,2100,.webp,undefined,mapped,"帧序列打包图集"
assets/png/miner/cap/idle/idle_00054.webp,2150,.webp,undefined,mapped,"帧序列打包图集"
assets/png/miner/cap/idle/idle_00056.webp,2024,.webp,undefined,mapped,"帧序列打包图集"
assets/png/miner/cap/idle/idle_00058.webp,2158,.webp,undefined,mapped,"帧序列打包图集"
assets/png/miner/cap/idle/idle_00060.webp,2046,.webp,undefined,mapped,"帧序列打包图集"
assets/png/miner/cap/idle/idle_00062.webp,2094,.webp,undefined,mapped,"帧序列打包图集"
assets/png/miner/cap/idle/idle_00064.webp,1938,.webp,undefined,mapped,"帧序列打包图集"
assets/png/miner/cap/idle/idle_00066.webp,1926,.webp,undefined,mapped,"帧序列打包图集"
assets/png/miner/cap/idle/idle_00068.webp,1956,.webp,undefined,mapped,"帧序列打包图集"
assets/png/miner/cap/idle/idle_00070.webp,1790,.webp,undefined,mapped,"帧序列打包图集"
assets/png/miner/cap/idle/idle_00072.webp,1670,.webp,undefined,mapped,"帧序列打包图集"
assets/png/miner/cap/idle/idle_00074.webp,1646,.webp,undefined,mapped,"帧序列打包图集"
assets/png/miner/cap/left/left_00000.webp,1628,.webp,undefined,mapped,"帧序列打包图集"
assets/png/miner/cap/left/left_00002.webp,1798,.webp,undefined,mapped,"帧序列打包图集"
assets/png/miner/cap/left/left_00004.webp,2006,.webp,undefined,mapped,"帧序列打包图集"
assets/png/miner/cap/left/left_00006.webp,1882,.webp,undefined,mapped,"帧序列打包图集"
assets/png/miner/cap/left/left_00008.webp,1692,.webp,undefined,mapped,"帧序列打包图集"
assets/png/miner/cap/left/left_00010.webp,2108,.webp,undefined,mapped,"帧序列打包图集"
assets/png/miner/cap/left/left_00012.webp,4856,.webp,undefined,mapped,"帧序列打包图集"
assets/png/miner/cap/left/left_00014.webp,8840,.webp,undefined,mapped,"帧序列打包图集"
assets/png/miner/cap/left/left_00016.webp,9634,.webp,undefined,mapped,"帧序列打包图集"
assets/png/miner/cap/left/left_00018.webp,9376,.webp,undefined,mapped,"帧序列打包图集"
assets/png/miner/cap/left/left_00020.webp,6940,.webp,undefined,mapped,"帧序列打包图集"
assets/png/miner/cap/left/left_00022.webp,2566,.webp,undefined,mapped,"帧序列打包图集"
assets/png/miner/cap/left/left_00024.webp,2116,.webp,undefined,mapped,"帧序列打包图集"
assets/png/miner/cap/left/left_00026.webp,1784,.webp,undefined,mapped,"帧序列打包图集"
assets/png/miner/cap/left/left_00028.webp,1684,.webp,undefined,mapped,"帧序列打包图集"
assets/png/miner/cap/left/left_00030.webp,1622,.webp,undefined,mapped,"帧序列打包图集"
assets/png/miner/cap/left/left_00032.webp,1732,.webp,undefined,mapped,"帧序列打包图集"
assets/png/miner/cap/left/left_00034.webp,1604,.webp,undefined,mapped,"帧序列打包图集"
assets/png/miner/cap/left/left_00036.webp,1684,.webp,undefined,mapped,"帧序列打包图集"
assets/png/miner/cap/left/left_00038.webp,1678,.webp,undefined,mapped,"帧序列打包图集"
assets/png/miner/cap/left/left_00040.webp,1670,.webp,undefined,mapped,"帧序列打包图集"
assets/png/miner/cap/left/left_00042.webp,1636,.webp,undefined,mapped,"帧序列打包图集"
assets/png/miner/cap/left/left_00044.webp,1742,.webp,undefined,mapped,"帧序列打包图集"
assets/png/miner/cap/right/right_00000.webp,1808,.webp,undefined,mapped,"帧序列打包图集"
assets/png/miner/cap/right/right_00002.webp,1920,.webp,undefined,mapped,"帧序列打包图集"
assets/png/miner/cap/right/right_00004.webp,2022,.webp,undefined,mapped,"帧序列打包图集"
assets/png/miner/cap/right/right_00006.webp,1958,.webp,undefined,mapped,"帧序列打包图集"
assets/png/miner/cap/right/right_00008.webp,1814,.webp,undefined,mapped,"帧序列打包图集"
assets/png/miner/cap/right/right_00010.webp,2308,.webp,undefined,mapped,"帧序列打包图集"
assets/png/miner/cap/right/right_00012.webp,4708,.webp,undefined,mapped,"帧序列打包图集"
assets/png/miner/cap/right/right_00014.webp,8034,.webp,undefined,mapped,"帧序列打包图集"
assets/png/miner/cap/right/right_00016.webp,8786,.webp,undefined,mapped,"帧序列打包图集"
assets/png/miner/cap/right/right_00018.webp,8388,.webp,undefined,mapped,"帧序列打包图集"
assets/png/miner/cap/right/right_00020.webp,6344,.webp,undefined,mapped,"帧序列打包图集"
assets/png/miner/cap/right/right_00022.webp,2550,.webp,undefined,mapped,"帧序列打包图集"
assets/png/miner/cap/right/right_00024.webp,2128,.webp,undefined,mapped,"帧序列打包图集"
assets/png/miner/cap/right/right_00026.webp,1780,.webp,undefined,mapped,"帧序列打包图集"
assets/png/miner/cap/right/right_00028.webp,1656,.webp,undefined,mapped,"帧序列打包图集"
assets/png/miner/cap/right/right_00030.webp,1788,.webp,undefined,mapped,"帧序列打包图集"
assets/png/miner/cap/right/right_00032.webp,1632,.webp,undefined,mapped,"帧序列打包图集"
assets/png/miner/cap/right/right_00034.webp,1814,.webp,undefined,mapped,"帧序列打包图集"
assets/png/miner/cap/right/right_00036.webp,1766,.webp,undefined,mapped,"帧序列打包图集"
assets/png/miner/cap/right/right_00038.webp,1762,.webp,undefined,mapped,"帧序列打包图集"
assets/png/miner/cap/right/right_00040.webp,1706,.webp,undefined,mapped,"帧序列打包图集"
assets/png/miner/cap/right/right_00042.webp,1846,.webp,undefined,mapped,"帧序列打包图集"
assets/png/miner/cap/right/right_00044.webp,1722,.webp,undefined,mapped,"帧序列打包图集"
assets/png/miner/default/appear/appear_00020.webp,48,.webp,undefined,mapped,"帧序列打包图集"
assets/png/miner/default/appear/appear_00022.webp,592,.webp,undefined,mapped,"帧序列打包图集"
assets/png/miner/default/appear/appear_00024.webp,1652,.webp,undefined,mapped,"帧序列打包图集"
assets/png/miner/default/appear/appear_00026.webp,2564,.webp,undefined,mapped,"帧序列打包图集"
assets/png/miner/default/appear/appear_00028.webp,4230,.webp,undefined,mapped,"帧序列打包图集"
assets/png/miner/default/appear/appear_00030.webp,4566,.webp,undefined,mapped,"帧序列打包图集"
assets/png/miner/default/appear/appear_00032.webp,3884,.webp,undefined,mapped,"帧序列打包图集"
assets/png/miner/default/appear/appear_00034.webp,3702,.webp,undefined,mapped,"帧序列打包图集"
assets/png/miner/default/appear/appear_00036.webp,3216,.webp,undefined,mapped,"帧序列打包图集"
assets/png/miner/default/appear/appear_00038.webp,2804,.webp,undefined,mapped,"帧序列打包图集"
assets/png/miner/default/appear/appear_00040.webp,2464,.webp,undefined,mapped,"帧序列打包图集"
assets/png/miner/default/appear/appear_00042.webp,2092,.webp,undefined,mapped,"帧序列打包图集"
assets/png/miner/default/appear/appear_00044.webp,1652,.webp,undefined,mapped,"帧序列打包图集"
assets/png/miner/default/back/back_00000.webp,1488,.webp,undefined,mapped,"帧序列打包图集"
assets/png/miner/default/back/back_00002.webp,1408,.webp,undefined,mapped,"帧序列打包图集"
assets/png/miner/default/back/back_00004.webp,1436,.webp,undefined,mapped,"帧序列打包图集"
assets/png/miner/default/back/back_00006.webp,1332,.webp,undefined,mapped,"帧序列打包图集"
assets/png/miner/default/back/back_00008.webp,1588,.webp,undefined,mapped,"帧序列打包图集"
assets/png/miner/default/back/back_00010.webp,1392,.webp,undefined,mapped,"帧序列打包图集"
assets/png/miner/default/back/back_00012.webp,1530,.webp,undefined,mapped,"帧序列打包图集"
assets/png/miner/default/back/back_00014.webp,3840,.webp,undefined,mapped,"帧序列打包图集"
assets/png/miner/default/back/back_00016.webp,7592,.webp,undefined,mapped,"帧序列打包图集"
assets/png/miner/default/back/back_00018.webp,10108,.webp,undefined,mapped,"帧序列打包图集"
assets/png/miner/default/back/back_00020.webp,7582,.webp,undefined,mapped,"帧序列打包图集"
assets/png/miner/default/back/back_00022.webp,4964,.webp,undefined,mapped,"帧序列打包图集"
assets/png/miner/default/back/back_00024.webp,1404,.webp,undefined,mapped,"帧序列打包图集"
assets/png/miner/default/back/back_00026.webp,1396,.webp,undefined,mapped,"帧序列打包图集"
assets/png/miner/default/back/back_00028.webp,1412,.webp,undefined,mapped,"帧序列打包图集"
assets/png/miner/default/back/back_00030.webp,1460,.webp,undefined,mapped,"帧序列打包图集"
assets/png/miner/default/back/back_00032.webp,1400,.webp,undefined,mapped,"帧序列打包图集"
assets/png/miner/default/back/back_00034.webp,1444,.webp,undefined,mapped,"帧序列打包图集"
assets/png/miner/default/back/back_00036.webp,1454,.webp,undefined,mapped,"帧序列打包图集"
assets/png/miner/default/back/back_00038.webp,1440,.webp,undefined,mapped,"帧序列打包图集"
assets/png/miner/default/back/back_00040.webp,1452,.webp,undefined,mapped,"帧序列打包图集"
assets/png/miner/default/back/back_00042.webp,1386,.webp,undefined,mapped,"帧序列打包图集"
assets/png/miner/default/back/back_00044.webp,1384,.webp,undefined,mapped,"帧序列打包图集"
assets/png/miner/default/front/front_00000.webp,1546,.webp,undefined,mapped,"帧序列打包图集"
assets/png/miner/default/front/front_00002.webp,1612,.webp,undefined,mapped,"帧序列打包图集"
assets/png/miner/default/front/front_00004.webp,1550,.webp,undefined,mapped,"帧序列打包图集"
assets/png/miner/default/front/front_00006.webp,1462,.webp,undefined,mapped,"帧序列打包图集"
assets/png/miner/default/front/front_00008.webp,1550,.webp,undefined,mapped,"帧序列打包图集"
assets/png/miner/default/front/front_00010.webp,1242,.webp,undefined,mapped,"帧序列打包图集"
assets/png/miner/default/front/front_00012.webp,1456,.webp,undefined,mapped,"帧序列打包图集"
assets/png/miner/default/front/front_00014.webp,2418,.webp,undefined,mapped,"帧序列打包图集"
assets/png/miner/default/front/front_00016.webp,5678,.webp,undefined,mapped,"帧序列打包图集"
assets/png/miner/default/front/front_00018.webp,9260,.webp,undefined,mapped,"帧序列打包图集"
assets/png/miner/default/front/front_00020.webp,8268,.webp,undefined,mapped,"帧序列打包图集"
assets/png/miner/default/front/front_00022.webp,6136,.webp,undefined,mapped,"帧序列打包图集"
assets/png/miner/default/front/front_00024.webp,1552,.webp,undefined,mapped,"帧序列打包图集"
assets/png/miner/default/front/front_00026.webp,1534,.webp,undefined,mapped,"帧序列打包图集"
assets/png/miner/default/front/front_00028.webp,1558,.webp,undefined,mapped,"帧序列打包图集"
assets/png/miner/default/front/front_00030.webp,1490,.webp,undefined,mapped,"帧序列打包图集"
assets/png/miner/default/front/front_00032.webp,1524,.webp,undefined,mapped,"帧序列打包图集"
assets/png/miner/default/front/front_00034.webp,1444,.webp,undefined,mapped,"帧序列打包图集"
assets/png/miner/default/front/front_00036.webp,1520,.webp,undefined,mapped,"帧序列打包图集"
assets/png/miner/default/front/front_00038.webp,1532,.webp,undefined,mapped,"帧序列打包图集"
assets/png/miner/default/front/front_00040.webp,1524,.webp,undefined,mapped,"帧序列打包图集"
assets/png/miner/default/front/front_00042.webp,1530,.webp,undefined,mapped,"帧序列打包图集"
assets/png/miner/default/front/front_00044.webp,1518,.webp,undefined,mapped,"帧序列打包图集"
assets/png/miner/default/idle/idle_00000.webp,1466,.webp,undefined,mapped,"帧序列打包图集"
assets/png/miner/default/idle/idle_00002.webp,1728,.webp,undefined,mapped,"帧序列打包图集"
assets/png/miner/default/idle/idle_00004.webp,1820,.webp,undefined,mapped,"帧序列打包图集"
assets/png/miner/default/idle/idle_00006.webp,1776,.webp,undefined,mapped,"帧序列打包图集"
assets/png/miner/default/idle/idle_00008.webp,1784,.webp,undefined,mapped,"帧序列打包图集"
assets/png/miner/default/idle/idle_00010.webp,1888,.webp,undefined,mapped,"帧序列打包图集"
assets/png/miner/default/idle/idle_00012.webp,1820,.webp,undefined,mapped,"帧序列打包图集"
assets/png/miner/default/idle/idle_00014.webp,1862,.webp,undefined,mapped,"帧序列打包图集"
assets/png/miner/default/idle/idle_00016.webp,1826,.webp,undefined,mapped,"帧序列打包图集"
assets/png/miner/default/idle/idle_00018.webp,1874,.webp,undefined,mapped,"帧序列打包图集"
assets/png/miner/default/idle/idle_00020.webp,1874,.webp,undefined,mapped,"帧序列打包图集"
assets/png/miner/default/idle/idle_00022.webp,1874,.webp,undefined,mapped,"帧序列打包图集"
assets/png/miner/default/idle/idle_00024.webp,1874,.webp,undefined,mapped,"帧序列打包图集"
assets/png/miner/default/idle/idle_00026.webp,1874,.webp,undefined,mapped,"帧序列打包图集"
assets/png/miner/default/idle/idle_00028.webp,1874,.webp,undefined,mapped,"帧序列打包图集"
assets/png/miner/default/idle/idle_00030.webp,1966,.webp,undefined,mapped,"帧序列打包图集"
assets/png/miner/default/idle/idle_00032.webp,1814,.webp,undefined,mapped,"帧序列打包图集"
assets/png/miner/default/idle/idle_00034.webp,1918,.webp,undefined,mapped,"帧序列打包图集"
assets/png/miner/default/idle/idle_00036.webp,1850,.webp,undefined,mapped,"帧序列打包图集"
assets/png/miner/default/idle/idle_00038.webp,1756,.webp,undefined,mapped,"帧序列打包图集"
assets/png/miner/default/idle/idle_00040.webp,1492,.webp,undefined,mapped,"帧序列打包图集"
assets/png/miner/default/idle/idle_00042.webp,1824,.webp,undefined,mapped,"帧序列打包图集"
assets/png/miner/default/idle/idle_00044.webp,1874,.webp,undefined,mapped,"帧序列打包图集"
assets/png/miner/default/idle/idle_00046.webp,1862,.webp,undefined,mapped,"帧序列打包图集"
assets/png/miner/default/idle/idle_00048.webp,1800,.webp,undefined,mapped,"帧序列打包图集"
assets/png/miner/default/idle/idle_00050.webp,1826,.webp,undefined,mapped,"帧序列打包图集"
assets/png/miner/default/idle/idle_00052.webp,1884,.webp,undefined,mapped,"帧序列打包图集"
assets/png/miner/default/idle/idle_00054.webp,1850,.webp,undefined,mapped,"帧序列打包图集"
assets/png/miner/default/idle/idle_00056.webp,1844,.webp,undefined,mapped,"帧序列打包图集"
assets/png/miner/default/idle/idle_00058.webp,1948,.webp,undefined,mapped,"帧序列打包图集"
assets/png/miner/default/idle/idle_00060.webp,1862,.webp,undefined,mapped,"帧序列打包图集"
assets/png/miner/default/idle/idle_00062.webp,1890,.webp,undefined,mapped,"帧序列打包图集"
assets/png/miner/default/idle/idle_00064.webp,1826,.webp,undefined,mapped,"帧序列打包图集"
assets/png/miner/default/idle/idle_00066.webp,1908,.webp,undefined,mapped,"帧序列打包图集"
assets/png/miner/default/idle/idle_00068.webp,1698,.webp,undefined,mapped,"帧序列打包图集"
assets/png/miner/default/idle/idle_00070.webp,1644,.webp,undefined,mapped,"帧序列打包图集"
assets/png/miner/default/idle/idle_00072.webp,1560,.webp,undefined,mapped,"帧序列打包图集"
assets/png/miner/default/idle/idle_00074.webp,1574,.webp,undefined,mapped,"帧序列打包图集"
assets/png/miner/default/left/left_00000.webp,1430,.webp,undefined,mapped,"帧序列打包图集"
assets/png/miner/default/left/left_00002.webp,1560,.webp,undefined,mapped,"帧序列打包图集"
assets/png/miner/default/left/left_00004.webp,1786,.webp,undefined,mapped,"帧序列打包图集"
assets/png/miner/default/left/left_00006.webp,1762,.webp,undefined,mapped,"帧序列打包图集"
assets/png/miner/default/left/left_00008.webp,1340,.webp,undefined,mapped,"帧序列打包图集"
assets/png/miner/default/left/left_00010.webp,1890,.webp,undefined,mapped,"帧序列打包图集"
assets/png/miner/default/left/left_00012.webp,2456,.webp,undefined,mapped,"帧序列打包图集"
assets/png/miner/default/left/left_00014.webp,6370,.webp,undefined,mapped,"帧序列打包图集"
assets/png/miner/default/left/left_00016.webp,9500,.webp,undefined,mapped,"帧序列打包图集"
assets/png/miner/default/left/left_00018.webp,10066,.webp,undefined,mapped,"帧序列打包图集"
assets/png/miner/default/left/left_00020.webp,7736,.webp,undefined,mapped,"帧序列打包图集"
assets/png/miner/default/left/left_00022.webp,2792,.webp,undefined,mapped,"帧序列打包图集"
assets/png/miner/default/left/left_00024.webp,1962,.webp,undefined,mapped,"帧序列打包图集"
assets/png/miner/default/left/left_00026.webp,1546,.webp,undefined,mapped,"帧序列打包图集"
assets/png/miner/default/left/left_00028.webp,1452,.webp,undefined,mapped,"帧序列打包图集"
assets/png/miner/default/left/left_00030.webp,1356,.webp,undefined,mapped,"帧序列打包图集"
assets/png/miner/default/left/left_00032.webp,1354,.webp,undefined,mapped,"帧序列打包图集"
assets/png/miner/default/left/left_00034.webp,1350,.webp,undefined,mapped,"帧序列打包图集"
assets/png/miner/default/left/left_00036.webp,1288,.webp,undefined,mapped,"帧序列打包图集"
assets/png/miner/default/left/left_00038.webp,1268,.webp,undefined,mapped,"帧序列打包图集"
assets/png/miner/default/left/left_00040.webp,1276,.webp,undefined,mapped,"帧序列打包图集"
assets/png/miner/default/left/left_00042.webp,1294,.webp,undefined,mapped,"帧序列打包图集"
assets/png/miner/default/left/left_00044.webp,1340,.webp,undefined,mapped,"帧序列打包图集"
assets/png/miner/default/right/right_00000.webp,1314,.webp,undefined,mapped,"帧序列打包图集"
assets/png/miner/default/right/right_00002.webp,1682,.webp,undefined,mapped,"帧序列打包图集"
assets/png/miner/default/right/right_00004.webp,1772,.webp,undefined,mapped,"帧序列打包图集"
assets/png/miner/default/right/right_00006.webp,1868,.webp,undefined,mapped,"帧序列打包图集"
assets/png/miner/default/right/right_00008.webp,1412,.webp,undefined,mapped,"帧序列打包图集"
assets/png/miner/default/right/right_00010.webp,1820,.webp,undefined,mapped,"帧序列打包图集"
assets/png/miner/default/right/right_00012.webp,1918,.webp,undefined,mapped,"帧序列打包图集"
assets/png/miner/default/right/right_00014.webp,6420,.webp,undefined,mapped,"帧序列打包图集"
assets/png/miner/default/right/right_00016.webp,8690,.webp,undefined,mapped,"帧序列打包图集"
assets/png/miner/default/right/right_00018.webp,8910,.webp,undefined,mapped,"帧序列打包图集"
assets/png/miner/default/right/right_00020.webp,6646,.webp,undefined,mapped,"帧序列打包图集"
assets/png/miner/default/right/right_00022.webp,2452,.webp,undefined,mapped,"帧序列打包图集"
assets/png/miner/default/right/right_00024.webp,1938,.webp,undefined,mapped,"帧序列打包图集"
assets/png/miner/default/right/right_00026.webp,1522,.webp,undefined,mapped,"帧序列打包图集"
assets/png/miner/default/right/right_00028.webp,1420,.webp,undefined,mapped,"帧序列打包图集"
assets/png/miner/default/right/right_00030.webp,1416,.webp,undefined,mapped,"帧序列打包图集"
assets/png/miner/default/right/right_00032.webp,1362,.webp,undefined,mapped,"帧序列打包图集"
assets/png/miner/default/right/right_00034.webp,1358,.webp,undefined,mapped,"帧序列打包图集"
assets/png/miner/default/right/right_00036.webp,1388,.webp,undefined,mapped,"帧序列打包图集"
assets/png/miner/default/right/right_00038.webp,1402,.webp,undefined,mapped,"帧序列打包图集"
assets/png/miner/default/right/right_00040.webp,1358,.webp,undefined,mapped,"帧序列打包图集"
assets/png/miner/default/right/right_00042.webp,1438,.webp,undefined,mapped,"帧序列打包图集"
assets/png/miner/default/right/right_00044.webp,1298,.webp,undefined,mapped,"帧序列打包图集"
assets/png/miner/headset/appear/appear_00020.webp,48,.webp,undefined,mapped,"帧序列打包图集"
assets/png/miner/headset/appear/appear_00022.webp,592,.webp,undefined,mapped,"帧序列打包图集"
assets/png/miner/headset/appear/appear_00024.webp,1652,.webp,undefined,mapped,"帧序列打包图集"
assets/png/miner/headset/appear/appear_00026.webp,2566,.webp,undefined,mapped,"帧序列打包图集"
assets/png/miner/headset/appear/appear_00028.webp,4304,.webp,undefined,mapped,"帧序列打包图集"
assets/png/miner/headset/appear/appear_00030.webp,4500,.webp,undefined,mapped,"帧序列打包图集"
assets/png/miner/headset/appear/appear_00032.webp,3854,.webp,undefined,mapped,"帧序列打包图集"
assets/png/miner/headset/appear/appear_00034.webp,4014,.webp,undefined,mapped,"帧序列打包图集"
assets/png/miner/headset/appear/appear_00036.webp,3416,.webp,undefined,mapped,"帧序列打包图集"
assets/png/miner/headset/appear/appear_00038.webp,3064,.webp,undefined,mapped,"帧序列打包图集"
assets/png/miner/headset/appear/appear_00040.webp,2612,.webp,undefined,mapped,"帧序列打包图集"
assets/png/miner/headset/appear/appear_00042.webp,2496,.webp,undefined,mapped,"帧序列打包图集"
assets/png/miner/headset/appear/appear_00044.webp,2074,.webp,undefined,mapped,"帧序列打包图集"
assets/png/miner/headset/back/back_00000.webp,1830,.webp,undefined,mapped,"帧序列打包图集"
assets/png/miner/headset/back/back_00002.webp,1740,.webp,undefined,mapped,"帧序列打包图集"
assets/png/miner/headset/back/back_00004.webp,1784,.webp,undefined,mapped,"帧序列打包图集"
assets/png/miner/headset/back/back_00006.webp,1720,.webp,undefined,mapped,"帧序列打包图集"
assets/png/miner/headset/back/back_00008.webp,1874,.webp,undefined,mapped,"帧序列打包图集"
assets/png/miner/headset/back/back_00010.webp,2146,.webp,undefined,mapped,"帧序列打包图集"
assets/png/miner/headset/back/back_00012.webp,3802,.webp,undefined,mapped,"帧序列打包图集"
assets/png/miner/headset/back/back_00014.webp,7358,.webp,undefined,mapped,"帧序列打包图集"
assets/png/miner/headset/back/back_00016.webp,8862,.webp,undefined,mapped,"帧序列打包图集"
assets/png/miner/headset/back/back_00018.webp,8068,.webp,undefined,mapped,"帧序列打包图集"
assets/png/miner/headset/back/back_00020.webp,5300,.webp,undefined,mapped,"帧序列打包图集"
assets/png/miner/headset/back/back_00022.webp,1774,.webp,undefined,mapped,"帧序列打包图集"
assets/png/miner/headset/back/back_00024.webp,1726,.webp,undefined,mapped,"帧序列打包图集"
assets/png/miner/headset/back/back_00026.webp,1800,.webp,undefined,mapped,"帧序列打包图集"
assets/png/miner/headset/back/back_00028.webp,1880,.webp,undefined,mapped,"帧序列打包图集"
assets/png/miner/headset/back/back_00030.webp,1860,.webp,undefined,mapped,"帧序列打包图集"
assets/png/miner/headset/back/back_00032.webp,1960,.webp,undefined,mapped,"帧序列打包图集"
assets/png/miner/headset/back/back_00034.webp,1798,.webp,undefined,mapped,"帧序列打包图集"
assets/png/miner/headset/back/back_00036.webp,1766,.webp,undefined,mapped,"帧序列打包图集"
assets/png/miner/headset/back/back_00038.webp,1746,.webp,undefined,mapped,"帧序列打包图集"
assets/png/miner/headset/back/back_00040.webp,1746,.webp,undefined,mapped,"帧序列打包图集"
assets/png/miner/headset/back/back_00042.webp,1680,.webp,undefined,mapped,"帧序列打包图集"
assets/png/miner/headset/back/back_00044.webp,1802,.webp,undefined,mapped,"帧序列打包图集"
assets/png/miner/headset/front/front_00000.webp,1986,.webp,undefined,mapped,"帧序列打包图集"
assets/png/miner/headset/front/front_00002.webp,1914,.webp,undefined,mapped,"帧序列打包图集"
assets/png/miner/headset/front/front_00004.webp,2062,.webp,undefined,mapped,"帧序列打包图集"
assets/png/miner/headset/front/front_00006.webp,2176,.webp,undefined,mapped,"帧序列打包图集"
assets/png/miner/headset/front/front_00008.webp,1926,.webp,undefined,mapped,"帧序列打包图集"
assets/png/miner/headset/front/front_00010.webp,1682,.webp,undefined,mapped,"帧序列打包图集"
assets/png/miner/headset/front/front_00012.webp,1772,.webp,undefined,mapped,"帧序列打包图集"
assets/png/miner/headset/front/front_00014.webp,2844,.webp,undefined,mapped,"帧序列打包图集"
assets/png/miner/headset/front/front_00016.webp,6112,.webp,undefined,mapped,"帧序列打包图集"
assets/png/miner/headset/front/front_00018.webp,9596,.webp,undefined,mapped,"帧序列打包图集"
assets/png/miner/headset/front/front_00020.webp,8842,.webp,undefined,mapped,"帧序列打包图集"
assets/png/miner/headset/front/front_00022.webp,6592,.webp,undefined,mapped,"帧序列打包图集"
assets/png/miner/headset/front/front_00024.webp,1978,.webp,undefined,mapped,"帧序列打包图集"
assets/png/miner/headset/front/front_00026.webp,2110,.webp,undefined,mapped,"帧序列打包图集"
assets/png/miner/headset/front/front_00028.webp,1872,.webp,undefined,mapped,"帧序列打包图集"
assets/png/miner/headset/front/front_00030.webp,2040,.webp,undefined,mapped,"帧序列打包图集"
assets/png/miner/headset/front/front_00032.webp,1946,.webp,undefined,mapped,"帧序列打包图集"
assets/png/miner/headset/front/front_00034.webp,1868,.webp,undefined,mapped,"帧序列打包图集"
assets/png/miner/headset/front/front_00036.webp,1884,.webp,undefined,mapped,"帧序列打包图集"
assets/png/miner/headset/front/front_00038.webp,2048,.webp,undefined,mapped,"帧序列打包图集"
assets/png/miner/headset/front/front_00040.webp,2030,.webp,undefined,mapped,"帧序列打包图集"
assets/png/miner/headset/front/front_00042.webp,1986,.webp,undefined,mapped,"帧序列打包图集"
assets/png/miner/headset/front/front_00044.webp,2030,.webp,undefined,mapped,"帧序列打包图集"
assets/png/miner/headset/idle/idle_00000.webp,1958,.webp,undefined,mapped,"帧序列打包图集"
assets/png/miner/headset/idle/idle_00002.webp,2142,.webp,undefined,mapped,"帧序列打包图集"
assets/png/miner/headset/idle/idle_00004.webp,2160,.webp,undefined,mapped,"帧序列打包图集"
assets/png/miner/headset/idle/idle_00006.webp,2294,.webp,undefined,mapped,"帧序列打包图集"
assets/png/miner/headset/idle/idle_00008.webp,2370,.webp,undefined,mapped,"帧序列打包图集"
assets/png/miner/headset/idle/idle_00010.webp,2482,.webp,undefined,mapped,"帧序列打包图集"
assets/png/miner/headset/idle/idle_00012.webp,2542,.webp,undefined,mapped,"帧序列打包图集"
assets/png/miner/headset/idle/idle_00014.webp,2606,.webp,undefined,mapped,"帧序列打包图集"
assets/png/miner/headset/idle/idle_00016.webp,2648,.webp,undefined,mapped,"帧序列打包图集"
assets/png/miner/headset/idle/idle_00018.webp,2540,.webp,undefined,mapped,"帧序列打包图集"
assets/png/miner/headset/idle/idle_00020.webp,2540,.webp,undefined,mapped,"帧序列打包图集"
assets/png/miner/headset/idle/idle_00022.webp,2540,.webp,undefined,mapped,"帧序列打包图集"
assets/png/miner/headset/idle/idle_00024.webp,2540,.webp,undefined,mapped,"帧序列打包图集"
assets/png/miner/headset/idle/idle_00026.webp,2540,.webp,undefined,mapped,"帧序列打包图集"
assets/png/miner/headset/idle/idle_00028.webp,2540,.webp,undefined,mapped,"帧序列打包图集"
assets/png/miner/headset/idle/idle_00030.webp,2514,.webp,undefined,mapped,"帧序列打包图集"
assets/png/miner/headset/idle/idle_00032.webp,2574,.webp,undefined,mapped,"帧序列打包图集"
assets/png/miner/headset/idle/idle_00034.webp,2410,.webp,undefined,mapped,"帧序列打包图集"
assets/png/miner/headset/idle/idle_00036.webp,2328,.webp,undefined,mapped,"帧序列打包图集"
assets/png/miner/headset/idle/idle_00038.webp,2390,.webp,undefined,mapped,"帧序列打包图集"
assets/png/miner/headset/idle/idle_00040.webp,2232,.webp,undefined,mapped,"帧序列打包图集"
assets/png/miner/headset/idle/idle_00042.webp,2274,.webp,undefined,mapped,"帧序列打包图集"
assets/png/miner/headset/idle/idle_00044.webp,2378,.webp,undefined,mapped,"帧序列打包图集"
assets/png/miner/headset/idle/idle_00046.webp,2452,.webp,undefined,mapped,"帧序列打包图集"
assets/png/miner/headset/idle/idle_00048.webp,2546,.webp,undefined,mapped,"帧序列打包图集"
assets/png/miner/headset/idle/idle_00050.webp,2422,.webp,undefined,mapped,"帧序列打包图集"
assets/png/miner/headset/idle/idle_00052.webp,2534,.webp,undefined,mapped,"帧序列打包图集"
assets/png/miner/headset/idle/idle_00054.webp,2528,.webp,undefined,mapped,"帧序列打包图集"
assets/png/miner/headset/idle/idle_00056.webp,2520,.webp,undefined,mapped,"帧序列打包图集"
assets/png/miner/headset/idle/idle_00058.webp,2464,.webp,undefined,mapped,"帧序列打包图集"
assets/png/miner/headset/idle/idle_00060.webp,2548,.webp,undefined,mapped,"帧序列打包图集"
assets/png/miner/headset/idle/idle_00062.webp,2452,.webp,undefined,mapped,"帧序列打包图集"
assets/png/miner/headset/idle/idle_00064.webp,2432,.webp,undefined,mapped,"帧序列打包图集"
assets/png/miner/headset/idle/idle_00066.webp,2340,.webp,undefined,mapped,"帧序列打包图集"
assets/png/miner/headset/idle/idle_00068.webp,2248,.webp,undefined,mapped,"帧序列打包图集"
assets/png/miner/headset/idle/idle_00070.webp,2162,.webp,undefined,mapped,"帧序列打包图集"
assets/png/miner/headset/idle/idle_00072.webp,2014,.webp,undefined,mapped,"帧序列打包图集"
assets/png/miner/headset/idle/idle_00074.webp,2000,.webp,undefined,mapped,"帧序列打包图集"
assets/png/miner/headset/left/left_00000.webp,1746,.webp,undefined,mapped,"帧序列打包图集"
assets/png/miner/headset/left/left_00002.webp,1752,.webp,undefined,mapped,"帧序列打包图集"
assets/png/miner/headset/left/left_00004.webp,2254,.webp,undefined,mapped,"帧序列打包图集"
assets/png/miner/headset/left/left_00006.webp,2340,.webp,undefined,mapped,"帧序列打包图集"
assets/png/miner/headset/left/left_00008.webp,2244,.webp,undefined,mapped,"帧序列打包图集"
assets/png/miner/headset/left/left_00010.webp,2290,.webp,undefined,mapped,"帧序列打包图集"
assets/png/miner/headset/left/left_00012.webp,5052,.webp,undefined,mapped,"帧序列打包图集"
assets/png/miner/headset/left/left_00014.webp,8022,.webp,undefined,mapped,"帧序列打包图集"
assets/png/miner/headset/left/left_00016.webp,9524,.webp,undefined,mapped,"帧序列打包图集"
assets/png/miner/headset/left/left_00018.webp,8414,.webp,undefined,mapped,"帧序列打包图集"
assets/png/miner/headset/left/left_00020.webp,6552,.webp,undefined,mapped,"帧序列打包图集"
assets/png/miner/headset/left/left_00022.webp,2662,.webp,undefined,mapped,"帧序列打包图集"
assets/png/miner/headset/left/left_00024.webp,2080,.webp,undefined,mapped,"帧序列打包图集"
assets/png/miner/headset/left/left_00026.webp,1736,.webp,undefined,mapped,"帧序列打包图集"
assets/png/miner/headset/left/left_00028.webp,1676,.webp,undefined,mapped,"帧序列打包图集"
assets/png/miner/headset/left/left_00030.webp,1700,.webp,undefined,mapped,"帧序列打包图集"
assets/png/miner/headset/left/left_00032.webp,1686,.webp,undefined,mapped,"帧序列打包图集"
assets/png/miner/headset/left/left_00034.webp,1724,.webp,undefined,mapped,"帧序列打包图集"
assets/png/miner/headset/left/left_00036.webp,1690,.webp,undefined,mapped,"帧序列打包图集"
assets/png/miner/headset/left/left_00038.webp,1678,.webp,undefined,mapped,"帧序列打包图集"
assets/png/miner/headset/left/left_00040.webp,1654,.webp,undefined,mapped,"帧序列打包图集"
assets/png/miner/headset/left/left_00042.webp,1676,.webp,undefined,mapped,"帧序列打包图集"
assets/png/miner/headset/left/left_00044.webp,1736,.webp,undefined,mapped,"帧序列打包图集"
assets/png/miner/headset/right/right_00000.webp,1750,.webp,undefined,mapped,"帧序列打包图集"
assets/png/miner/headset/right/right_00002.webp,2026,.webp,undefined,mapped,"帧序列打包图集"
assets/png/miner/headset/right/right_00004.webp,2326,.webp,undefined,mapped,"帧序列打包图集"
assets/png/miner/headset/right/right_00006.webp,2352,.webp,undefined,mapped,"帧序列打包图集"
assets/png/miner/headset/right/right_00008.webp,1784,.webp,undefined,mapped,"帧序列打包图集"
assets/png/miner/headset/right/right_00010.webp,2538,.webp,undefined,mapped,"帧序列打包图集"
assets/png/miner/headset/right/right_00012.webp,4680,.webp,undefined,mapped,"帧序列打包图集"
assets/png/miner/headset/right/right_00014.webp,8026,.webp,undefined,mapped,"帧序列打包图集"
assets/png/miner/headset/right/right_00016.webp,9522,.webp,undefined,mapped,"帧序列打包图集"
assets/png/miner/headset/right/right_00018.webp,7980,.webp,undefined,mapped,"帧序列打包图集"
assets/png/miner/headset/right/right_00020.webp,5956,.webp,undefined,mapped,"帧序列打包图集"
assets/png/miner/headset/right/right_00022.webp,2740,.webp,undefined,mapped,"帧序列打包图集"
assets/png/miner/headset/right/right_00024.webp,2144,.webp,undefined,mapped,"帧序列打包图集"
assets/png/miner/headset/right/right_00026.webp,1702,.webp,undefined,mapped,"帧序列打包图集"
assets/png/miner/headset/right/right_00028.webp,1730,.webp,undefined,mapped,"帧序列打包图集"
assets/png/miner/headset/right/right_00030.webp,1798,.webp,undefined,mapped,"帧序列打包图集"
assets/png/miner/headset/right/right_00032.webp,1794,.webp,undefined,mapped,"帧序列打包图集"
assets/png/miner/headset/right/right_00034.webp,1764,.webp,undefined,mapped,"帧序列打包图集"
assets/png/miner/headset/right/right_00036.webp,1790,.webp,undefined,mapped,"帧序列打包图集"
assets/png/miner/headset/right/right_00038.webp,1712,.webp,undefined,mapped,"帧序列打包图集"
assets/png/miner/headset/right/right_00040.webp,1670,.webp,undefined,mapped,"帧序列打包图集"
assets/png/miner/headset/right/right_00042.webp,1658,.webp,undefined,mapped,"帧序列打包图集"
assets/png/miner/headset/right/right_00044.webp,1756,.webp,undefined,mapped,"帧序列打包图集"
assets/res/action_liveness/tt_liveness_v11.0.model,394862,.model,undefined,third-party,"不移植：由微信平台能力替代"
assets/res/shader/hairseg.fsh,376,.fsh,undefined,third-party,"不移植：由微信平台能力替代"
assets/res/shader/liveness.fsh,409,.fsh,undefined,third-party,"不移植：由微信平台能力替代"
assets/res/shader/normal.vsh,212,.vsh,undefined,third-party,"不移植：由微信平台能力替代"
assets/robbery/attack_me.pag,18976,.pag,undefined,mapped,"玩法资源映射（同名保留）"
assets/robbery/hurt_killer.pag,41439,.pag,undefined,mapped,"玩法资源映射（同名保留）"
assets/robbery/walk_me.pag,15771,.pag,undefined,mapped,"玩法资源映射（同名保留）"
assets/saio_res/zt_7e46b28a-8c93-4940-8238-4c60e64e3c81.png,1987,.png,undefined,third-party,"不移植：由微信平台能力替代"
assets/saio_res/zt_92827f75-21cd-4faa-9aa5-74191b262edd.png,1873,.png,undefined,third-party,"不移植：由微信平台能力替代"
assets/seq/rob/1/attack/00000.png,4989,.png,undefined,third-party,"不移植：由微信平台能力替代"
assets/seq/rob/1/attack/00001.png,5227,.png,undefined,third-party,"不移植：由微信平台能力替代"
assets/seq/rob/1/attack/00002.png,5264,.png,undefined,third-party,"不移植：由微信平台能力替代"
assets/seq/rob/1/attack/00003.png,5415,.png,undefined,third-party,"不移植：由微信平台能力替代"
assets/seq/rob/1/attack/00004.png,5327,.png,undefined,third-party,"不移植：由微信平台能力替代"
assets/seq/rob/1/attack/00005.png,5445,.png,undefined,third-party,"不移植：由微信平台能力替代"
assets/seq/rob/1/attack/00006.png,5419,.png,undefined,third-party,"不移植：由微信平台能力替代"
assets/seq/rob/1/attack/00007.png,5420,.png,undefined,third-party,"不移植：由微信平台能力替代"
assets/seq/rob/1/attack/00008.png,5273,.png,undefined,third-party,"不移植：由微信平台能力替代"
assets/seq/rob/1/attack/00009.png,5158,.png,undefined,third-party,"不移植：由微信平台能力替代"
assets/seq/rob/1/attack/00010.png,4964,.png,undefined,third-party,"不移植：由微信平台能力替代"
assets/seq/rob/1/walk/00000.png,5237,.png,undefined,third-party,"不移植：由微信平台能力替代"
assets/seq/rob/1/walk/00001.png,5225,.png,undefined,third-party,"不移植：由微信平台能力替代"
assets/seq/rob/1/walk/00002.png,5211,.png,undefined,third-party,"不移植：由微信平台能力替代"
assets/seq/rob/1/walk/00003.png,5213,.png,undefined,third-party,"不移植：由微信平台能力替代"
assets/seq/rob/1/walk/00004.png,5150,.png,undefined,third-party,"不移植：由微信平台能力替代"
assets/seq/rob/1/walk/00005.png,5124,.png,undefined,third-party,"不移植：由微信平台能力替代"
assets/seq/rob/1/walk/00006.png,5124,.png,undefined,third-party,"不移植：由微信平台能力替代"
assets/seq/rob/1/walk/00007.png,5177,.png,undefined,third-party,"不移植：由微信平台能力替代"
assets/seq/rob/1/walk/00008.png,5213,.png,undefined,third-party,"不移植：由微信平台能力替代"
assets/seq/rob/1/walk/00009.png,5234,.png,undefined,third-party,"不移植：由微信平台能力替代"
assets/seq/rob/1/walk/00010.png,5214,.png,undefined,third-party,"不移植：由微信平台能力替代"
assets/seq/rob/2/attack/00000.png,5642,.png,undefined,third-party,"不移植：由微信平台能力替代"
assets/seq/rob/2/attack/00001.png,5597,.png,undefined,third-party,"不移植：由微信平台能力替代"
assets/seq/rob/2/attack/00002.png,5345,.png,undefined,third-party,"不移植：由微信平台能力替代"
assets/seq/rob/2/attack/00003.png,5286,.png,undefined,third-party,"不移植：由微信平台能力替代"
assets/seq/rob/2/attack/00004.png,5403,.png,undefined,third-party,"不移植：由微信平台能力替代"
assets/seq/rob/2/attack/00005.png,5508,.png,undefined,third-party,"不移植：由微信平台能力替代"
assets/seq/rob/2/attack/00006.png,5364,.png,undefined,third-party,"不移植：由微信平台能力替代"
assets/seq/rob/2/attack/00007.png,5241,.png,undefined,third-party,"不移植：由微信平台能力替代"
assets/seq/rob/2/attack/00008.png,5314,.png,undefined,third-party,"不移植：由微信平台能力替代"
assets/seq/rob/2/attack/00009.png,5569,.png,undefined,third-party,"不移植：由微信平台能力替代"
assets/seq/rob/2/attack/00010.png,5648,.png,undefined,third-party,"不移植：由微信平台能力替代"
assets/seq/rob/2/walk/00000.png,5594,.png,undefined,third-party,"不移植：由微信平台能力替代"
assets/seq/rob/2/walk/00001.png,5573,.png,undefined,third-party,"不移植：由微信平台能力替代"
assets/seq/rob/2/walk/00002.png,5560,.png,undefined,third-party,"不移植：由微信平台能力替代"
assets/seq/rob/2/walk/00003.png,5491,.png,undefined,third-party,"不移植：由微信平台能力替代"
assets/seq/rob/2/walk/00004.png,5497,.png,undefined,third-party,"不移植：由微信平台能力替代"
assets/seq/rob/2/walk/00005.png,5461,.png,undefined,third-party,"不移植：由微信平台能力替代"
assets/seq/rob/2/walk/00006.png,5468,.png,undefined,third-party,"不移植：由微信平台能力替代"
assets/seq/rob/2/walk/00007.png,5431,.png,undefined,third-party,"不移植：由微信平台能力替代"
assets/seq/rob/2/walk/00008.png,5539,.png,undefined,third-party,"不移植：由微信平台能力替代"
assets/seq/rob/2/walk/00009.png,5512,.png,undefined,third-party,"不移植：由微信平台能力替代"
assets/seq/rob/2/walk/00010.png,5584,.png,undefined,third-party,"不移植：由微信平台能力替代"
assets/seq/rob/3/attack/00000.png,4195,.png,undefined,third-party,"不移植：由微信平台能力替代"
assets/seq/rob/3/attack/00001.png,4260,.png,undefined,third-party,"不移植：由微信平台能力替代"
assets/seq/rob/3/attack/00002.png,4303,.png,undefined,third-party,"不移植：由微信平台能力替代"
assets/seq/rob/3/attack/00003.png,4311,.png,undefined,third-party,"不移植：由微信平台能力替代"
assets/seq/rob/3/attack/00004.png,4373,.png,undefined,third-party,"不移植：由微信平台能力替代"
assets/seq/rob/3/attack/00005.png,4432,.png,undefined,third-party,"不移植：由微信平台能力替代"
assets/seq/rob/3/attack/00006.png,4435,.png,undefined,third-party,"不移植：由微信平台能力替代"
assets/seq/rob/3/attack/00007.png,4332,.png,undefined,third-party,"不移植：由微信平台能力替代"
assets/seq/rob/3/attack/00008.png,4368,.png,undefined,third-party,"不移植：由微信平台能力替代"
assets/seq/rob/3/attack/00009.png,4259,.png,undefined,third-party,"不移植：由微信平台能力替代"
assets/seq/rob/3/attack/00010.png,4214,.png,undefined,third-party,"不移植：由微信平台能力替代"
assets/seq/rob/3/walk/00000.png,4282,.png,undefined,third-party,"不移植：由微信平台能力替代"
assets/seq/rob/3/walk/00001.png,4267,.png,undefined,third-party,"不移植：由微信平台能力替代"
assets/seq/rob/3/walk/00002.png,4186,.png,undefined,third-party,"不移植：由微信平台能力替代"
assets/seq/rob/3/walk/00003.png,4168,.png,undefined,third-party,"不移植：由微信平台能力替代"
assets/seq/rob/3/walk/00004.png,4154,.png,undefined,third-party,"不移植：由微信平台能力替代"
assets/seq/rob/3/walk/00005.png,4139,.png,undefined,third-party,"不移植：由微信平台能力替代"
assets/seq/rob/3/walk/00006.png,4165,.png,undefined,third-party,"不移植：由微信平台能力替代"
assets/seq/rob/3/walk/00007.png,4177,.png,undefined,third-party,"不移植：由微信平台能力替代"
assets/seq/rob/3/walk/00008.png,4176,.png,undefined,third-party,"不移植：由微信平台能力替代"
assets/seq/rob/3/walk/00009.png,4165,.png,undefined,third-party,"不移植：由微信平台能力替代"
assets/seq/rob/3/walk/00010.png,4265,.png,undefined,third-party,"不移植：由微信平台能力替代"
assets/seq/rob/4/attack/00000.png,6982,.png,undefined,third-party,"不移植：由微信平台能力替代"
assets/seq/rob/4/attack/00001.png,7124,.png,undefined,third-party,"不移植：由微信平台能力替代"
assets/seq/rob/4/attack/00002.png,7062,.png,undefined,third-party,"不移植：由微信平台能力替代"
assets/seq/rob/4/attack/00003.png,7233,.png,undefined,third-party,"不移植：由微信平台能力替代"
assets/seq/rob/4/attack/00004.png,7229,.png,undefined,third-party,"不移植：由微信平台能力替代"
assets/seq/rob/4/attack/00005.png,7151,.png,undefined,third-party,"不移植：由微信平台能力替代"
assets/seq/rob/4/attack/00006.png,7233,.png,undefined,third-party,"不移植：由微信平台能力替代"
assets/seq/rob/4/attack/00007.png,7211,.png,undefined,third-party,"不移植：由微信平台能力替代"
assets/seq/rob/4/attack/00008.png,7221,.png,undefined,third-party,"不移植：由微信平台能力替代"
assets/seq/rob/4/attack/00009.png,7129,.png,undefined,third-party,"不移植：由微信平台能力替代"
assets/seq/rob/4/attack/00010.png,6993,.png,undefined,third-party,"不移植：由微信平台能力替代"
assets/seq/rob/4/walk/00000.png,7109,.png,undefined,third-party,"不移植：由微信平台能力替代"
assets/seq/rob/4/walk/00001.png,7066,.png,undefined,third-party,"不移植：由微信平台能力替代"
assets/seq/rob/4/walk/00002.png,7011,.png,undefined,third-party,"不移植：由微信平台能力替代"
assets/seq/rob/4/walk/00003.png,6976,.png,undefined,third-party,"不移植：由微信平台能力替代"
assets/seq/rob/4/walk/00004.png,6921,.png,undefined,third-party,"不移植：由微信平台能力替代"
assets/seq/rob/4/walk/00005.png,6921,.png,undefined,third-party,"不移植：由微信平台能力替代"
assets/seq/rob/4/walk/00006.png,6920,.png,undefined,third-party,"不移植：由微信平台能力替代"
assets/seq/rob/4/walk/00007.png,6936,.png,undefined,third-party,"不移植：由微信平台能力替代"
assets/seq/rob/4/walk/00008.png,6979,.png,undefined,third-party,"不移植：由微信平台能力替代"
assets/seq/rob/4/walk/00009.png,7006,.png,undefined,third-party,"不移植：由微信平台能力替代"
assets/seq/rob/4/walk/00010.png,7098,.png,undefined,third-party,"不移植：由微信平台能力替代"
assets/seq/rob/5/attack/00000.png,7012,.png,undefined,third-party,"不移植：由微信平台能力替代"
assets/seq/rob/5/attack/00001.png,6921,.png,undefined,third-party,"不移植：由微信平台能力替代"
assets/seq/rob/5/attack/00002.png,6847,.png,undefined,third-party,"不移植：由微信平台能力替代"
assets/seq/rob/5/attack/00003.png,6874,.png,undefined,third-party,"不移植：由微信平台能力替代"
assets/seq/rob/5/attack/00004.png,6875,.png,undefined,third-party,"不移植：由微信平台能力替代"
assets/seq/rob/5/attack/00005.png,6950,.png,undefined,third-party,"不移植：由微信平台能力替代"
assets/seq/rob/5/attack/00006.png,6932,.png,undefined,third-party,"不移植：由微信平台能力替代"
assets/seq/rob/5/attack/00007.png,6852,.png,undefined,third-party,"不移植：由微信平台能力替代"
assets/seq/rob/5/attack/00008.png,6836,.png,undefined,third-party,"不移植：由微信平台能力替代"
assets/seq/rob/5/attack/00009.png,6931,.png,undefined,third-party,"不移植：由微信平台能力替代"
assets/seq/rob/5/attack/00010.png,6977,.png,undefined,third-party,"不移植：由微信平台能力替代"
assets/seq/rob/5/walk/00000.png,6893,.png,undefined,third-party,"不移植：由微信平台能力替代"
assets/seq/rob/5/walk/00001.png,6829,.png,undefined,third-party,"不移植：由微信平台能力替代"
assets/seq/rob/5/walk/00002.png,6828,.png,undefined,third-party,"不移植：由微信平台能力替代"
assets/seq/rob/5/walk/00003.png,6803,.png,undefined,third-party,"不移植：由微信平台能力替代"
assets/seq/rob/5/walk/00004.png,6774,.png,undefined,third-party,"不移植：由微信平台能力替代"
assets/seq/rob/5/walk/00005.png,6766,.png,undefined,third-party,"不移植：由微信平台能力替代"
assets/seq/rob/5/walk/00006.png,6786,.png,undefined,third-party,"不移植：由微信平台能力替代"
assets/seq/rob/5/walk/00007.png,6720,.png,undefined,third-party,"不移植：由微信平台能力替代"
assets/seq/rob/5/walk/00008.png,6778,.png,undefined,third-party,"不移植：由微信平台能力替代"
assets/seq/rob/5/walk/00009.png,6820,.png,undefined,third-party,"不移植：由微信平台能力替代"
assets/seq/rob/5/walk/00010.png,6916,.png,undefined,third-party,"不移植：由微信平台能力替代"
assets/seq/rob/6/attack/00000.png,4606,.png,undefined,third-party,"不移植：由微信平台能力替代"
assets/seq/rob/6/attack/00001.png,4600,.png,undefined,third-party,"不移植：由微信平台能力替代"
assets/seq/rob/6/attack/00002.png,4557,.png,undefined,third-party,"不移植：由微信平台能力替代"
assets/seq/rob/6/attack/00003.png,4596,.png,undefined,third-party,"不移植：由微信平台能力替代"
assets/seq/rob/6/attack/00004.png,4664,.png,undefined,third-party,"不移植：由微信平台能力替代"
assets/seq/rob/6/attack/00005.png,4722,.png,undefined,third-party,"不移植：由微信平台能力替代"
assets/seq/rob/6/attack/00006.png,4739,.png,undefined,third-party,"不移植：由微信平台能力替代"
assets/seq/rob/6/attack/00007.png,4689,.png,undefined,third-party,"不移植：由微信平台能力替代"
assets/seq/rob/6/attack/00008.png,4605,.png,undefined,third-party,"不移植：由微信平台能力替代"
assets/seq/rob/6/attack/00009.png,4652,.png,undefined,third-party,"不移植：由微信平台能力替代"
assets/seq/rob/6/attack/00010.png,4592,.png,undefined,third-party,"不移植：由微信平台能力替代"
assets/seq/rob/6/walk/00000.png,4670,.png,undefined,third-party,"不移植：由微信平台能力替代"
assets/seq/rob/6/walk/00001.png,4608,.png,undefined,third-party,"不移植：由微信平台能力替代"
assets/seq/rob/6/walk/00002.png,4565,.png,undefined,third-party,"不移植：由微信平台能力替代"
assets/seq/rob/6/walk/00003.png,4531,.png,undefined,third-party,"不移植：由微信平台能力替代"
assets/seq/rob/6/walk/00004.png,4412,.png,undefined,third-party,"不移植：由微信平台能力替代"
assets/seq/rob/6/walk/00005.png,4460,.png,undefined,third-party,"不移植：由微信平台能力替代"
assets/seq/rob/6/walk/00006.png,4423,.png,undefined,third-party,"不移植：由微信平台能力替代"
assets/seq/rob/6/walk/00007.png,4490,.png,undefined,third-party,"不移植：由微信平台能力替代"
assets/seq/rob/6/walk/00008.png,4524,.png,undefined,third-party,"不移植：由微信平台能力替代"
assets/seq/rob/6/walk/00009.png,4608,.png,undefined,third-party,"不移植：由微信平台能力替代"
assets/seq/rob/6/walk/00010.png,4665,.png,undefined,third-party,"不移植：由微信平台能力替代"
assets/sound/add_egg.mp3,12418,.mp3,undefined,converted,"转码 mp3 → InnerAudioContext"
assets/sound/ape_medal_coins.mp3,60349,.mp3,undefined,converted,"转码 mp3 → InnerAudioContext"
assets/sound/arena/battle.mp3,158751,.mp3,undefined,converted,"转码 mp3 → InnerAudioContext"
assets/sound/arena/bgm.mp3,807643,.mp3,undefined,converted,"转码 mp3 → InnerAudioContext"
assets/sound/arena/start.mp3,18687,.mp3,undefined,converted,"转码 mp3 → InnerAudioContext"
assets/sound/arena/vs.mp3,58786,.mp3,undefined,converted,"转码 mp3 → InnerAudioContext"
assets/sound/avoid.mp3,68496,.mp3,undefined,converted,"转码 mp3 → InnerAudioContext"
assets/sound/bag_ndtu.wav,32152,.wav,undefined,converted,"转码 mp3 → InnerAudioContext"
assets/sound/bag_rabbit.wav,370044,.wav,undefined,converted,"转码 mp3 → InnerAudioContext"
assets/sound/bomb_voice.mp3,12341,.mp3,undefined,converted,"转码 mp3 → InnerAudioContext"
assets/sound/boss_battle.mp3,20412,.mp3,undefined,converted,"转码 mp3 → InnerAudioContext"
assets/sound/boss_bgm.mp3,618517,.mp3,undefined,converted,"转码 mp3 → InnerAudioContext"
assets/sound/boss_failure.mp3,10330,.mp3,undefined,converted,"转码 mp3 → InnerAudioContext"
assets/sound/boss_start.mp3,16807,.mp3,undefined,converted,"转码 mp3 → InnerAudioContext"
assets/sound/boss_success.mp3,79500,.mp3,undefined,converted,"转码 mp3 → InnerAudioContext"
assets/sound/boss_vs.mp3,15554,.mp3,undefined,converted,"转码 mp3 → InnerAudioContext"
assets/sound/countdownMusic.mp3,20705,.mp3,undefined,converted,"转码 mp3 → InnerAudioContext"
assets/sound/decorate_down.mp3,29323,.mp3,undefined,converted,"转码 mp3 → InnerAudioContext"
assets/sound/decorate_up.mp3,36812,.mp3,undefined,converted,"转码 mp3 → InnerAudioContext"
assets/sound/egg_update.mp3,32313,.mp3,undefined,converted,"转码 mp3 → InnerAudioContext"
assets/sound/killBGM.mp3,1694985,.mp3,undefined,converted,"转码 mp3 → InnerAudioContext"
assets/sound/kill_door.mp3,5328,.mp3,undefined,converted,"转码 mp3 → InnerAudioContext"
assets/sound/kill_door.wav,146456,.wav,undefined,converted,"转码 mp3 → InnerAudioContext"
assets/sound/killed.mp3,9367,.mp3,undefined,converted,"转码 mp3 → InnerAudioContext"
assets/sound/killer_wield_knife.mp3,15400,.mp3,undefined,converted,"转码 mp3 → InnerAudioContext"
assets/sound/lucky_bag_bg.mp3,166965,.mp3,undefined,converted,"转码 mp3 → InnerAudioContext"
assets/sound/lucky_bag_click.wav,160044,.wav,undefined,converted,"转码 mp3 → InnerAudioContext"
assets/sound/lucky_bag_open.mp3,98723,.mp3,undefined,converted,"转码 mp3 → InnerAudioContext"
assets/sound/lucky_bag_reward.wav,92128,.wav,undefined,converted,"转码 mp3 → InnerAudioContext"
assets/sound/medal_reward_bgm.mp3,472338,.mp3,undefined,converted,"转码 mp3 → InnerAudioContext"
assets/sound/medal_reward_fight.mp3,136596,.mp3,undefined,converted,"转码 mp3 → InnerAudioContext"
assets/sound/medal_reward_start.mp3,16807,.mp3,undefined,converted,"转码 mp3 → InnerAudioContext"
assets/sound/monkey_fight_attack.mp3,82445,.mp3,undefined,converted,"转码 mp3 → InnerAudioContext"
assets/sound/monkey_fight_bg.mp3,370146,.mp3,undefined,converted,"转码 mp3 → InnerAudioContext"
assets/sound/monkey_fight_breathe.mp3,392824,.mp3,undefined,converted,"转码 mp3 → InnerAudioContext"
assets/sound/monkey_fight_btn.wav,160044,.wav,undefined,converted,"转码 mp3 → InnerAudioContext"
assets/sound/monkey_fight_cage_down.mp3,123644,.mp3,undefined,converted,"转码 mp3 → InnerAudioContext"
assets/sound/monkey_fight_choose.mp3,18593,.mp3,undefined,converted,"转码 mp3 → InnerAudioContext"
assets/sound/monkey_fight_countdown.mp3,170711,.mp3,undefined,converted,"转码 mp3 → InnerAudioContext"
assets/sound/monkey_fight_run.mp3,24227,.mp3,undefined,converted,"转码 mp3 → InnerAudioContext"
assets/sound/monkey_fight_run_start.mp3,56779,.mp3,undefined,converted,"转码 mp3 → InnerAudioContext"
assets/sound/monkey_fight_stele_down.mp3,24853,.mp3,undefined,converted,"转码 mp3 → InnerAudioContext"
assets/sound/nxbgm1.mp3,868920,.mp3,undefined,converted,"转码 mp3 → InnerAudioContext"
assets/sound/nxbgm2.mp3,118748,.mp3,undefined,converted,"转码 mp3 → InnerAudioContext"
assets/sound/nxbgm3.mp3,156968,.mp3,undefined,converted,"转码 mp3 → InnerAudioContext"
assets/sound/nxbgm4.mp3,151040,.mp3,undefined,converted,"转码 mp3 → InnerAudioContext"
assets/sound/open_egg.mp3,13638,.mp3,undefined,converted,"转码 mp3 → InnerAudioContext"
assets/sound/open_red_package.mp3,49182,.mp3,undefined,converted,"转码 mp3 → InnerAudioContext"
assets/sound/playClick.mp3,1687,.mp3,undefined,converted,"转码 mp3 → InnerAudioContext"
assets/sound/receive_task.mp3,64663,.mp3,undefined,converted,"转码 mp3 → InnerAudioContext"
assets/sound/show_dialog.mp3,7985,.mp3,undefined,converted,"转码 mp3 → InnerAudioContext"
assets/sound/strengthen/in.mp3,41656,.mp3,undefined,converted,"转码 mp3 → InnerAudioContext"
assets/sound/strengthen/out.mp3,33847,.mp3,undefined,converted,"转码 mp3 → InnerAudioContext"
assets/sound/strengthen/strong.mp3,56503,.mp3,undefined,converted,"转码 mp3 → InnerAudioContext"
assets/sound/switched_egg.mp3,18464,.mp3,undefined,converted,"转码 mp3 → InnerAudioContext"
assets/sound/switching_egg.mp3,4064,.mp3,undefined,converted,"转码 mp3 → InnerAudioContext"
assets/supplierconfig.json,306,.json,undefined,third-party,"不移植：由微信平台能力替代"
assets/toyger.face.dat,670291,.dat,undefined,third-party,"不移植：由微信平台能力替代"
assets/toyger.quality.dat,1946989,.dat,undefined,third-party,"不移植：由微信平台能力替代"
assets/tug/ape_0.pag,132833,.pag,undefined,third-party,"不移植：由微信平台能力替代"
assets/tug/ape_1.pag,292527,.pag,undefined,third-party,"不移植：由微信平台能力替代"
assets/tug/ape_2.pag,169925,.pag,undefined,third-party,"不移植：由微信平台能力替代"
assets/tug/ape_3.pag,189737,.pag,undefined,third-party,"不移植：由微信平台能力替代"
assets/tug/ape_4.pag,242083,.pag,undefined,third-party,"不移植：由微信平台能力替代"
assets/tug/ape_5.pag,377367,.pag,undefined,third-party,"不移植：由微信平台能力替代"
assets/tug/ape_6.pag,306393,.pag,undefined,third-party,"不移植：由微信平台能力替代"
assets/tug/ape_idle.pag,130819,.pag,undefined,third-party,"不移植：由微信平台能力替代"
assets/tug/ape_pop.pag,35735,.pag,undefined,third-party,"不移植：由微信平台能力替代"
assets/tug/audience.pag,80016,.pag,undefined,third-party,"不移植：由微信平台能力替代"
assets/tug/bg.mp3,313629,.mp3,undefined,converted,"转码 mp3 → InnerAudioContext"
assets/tug/caidai.pag,78510,.pag,undefined,third-party,"不移植：由微信平台能力替代"
assets/tug/click.mp3,1924,.mp3,undefined,converted,"转码 mp3 → InnerAudioContext"
assets/tug/mimecraft_idle.pag,393780,.pag,undefined,third-party,"不移植：由微信平台能力替代"
assets/tug/mimecraft_left.pag,424222,.pag,undefined,third-party,"不移植：由微信平台能力替代"
assets/tug/mimecraft_right.pag,439900,.pag,undefined,third-party,"不移植：由微信平台能力替代"
assets/tug/ndtu_0.pag,132243,.pag,undefined,third-party,"不移植：由微信平台能力替代"
assets/tug/ndtu_1.pag,291937,.pag,undefined,third-party,"不移植：由微信平台能力替代"
assets/tug/ndtu_2.pag,155061,.pag,undefined,third-party,"不移植：由微信平台能力替代"
assets/tug/ndtu_3.pag,193813,.pag,undefined,third-party,"不移植：由微信平台能力替代"
assets/tug/ndtu_4.pag,235949,.pag,undefined,third-party,"不移植：由微信平台能力替代"
assets/tug/ndtu_5.pag,388299,.pag,undefined,third-party,"不移植：由微信平台能力替代"
assets/tug/ndtu_6.pag,313957,.pag,undefined,third-party,"不移植：由微信平台能力替代"
assets/tug/ndtu_idle.pag,130677,.pag,undefined,third-party,"不移植：由微信平台能力替代"
assets/tug/ndtu_pop.pag,37335,.pag,undefined,third-party,"不移植：由微信平台能力替代"
assets/tug/progress_arrow_left.pag,34496,.pag,undefined,third-party,"不移植：由微信平台能力替代"
assets/tug/progress_mimecraft.pag,357320,.pag,undefined,third-party,"不移植：由微信平台能力替代"
assets/tug/win_anim_1_ape.pag,313387,.pag,undefined,third-party,"不移植：由微信平台能力替代"
assets/tug/win_anim_1_ndtu.pag,302727,.pag,undefined,third-party,"不移植：由微信平台能力替代"
assets/tug/win_anim_2_ape.pag,975217,.pag,undefined,third-party,"不移植：由微信平台能力替代"
assets/tug/win_anim_2_ndtu.pag,955663,.pag,undefined,third-party,"不移植：由微信平台能力替代"
assets/unicorn_emoji/default/1f388.png,2615,.png,undefined,third-party,"不移植：由微信平台能力替代"
assets/unicorn_emoji/default/1f41e.png,6247,.png,undefined,third-party,"不移植：由微信平台能力替代"
assets/unicorn_emoji/default/1f437.png,5879,.png,undefined,third-party,"不移植：由微信平台能力替代"
assets/unicorn_emoji/default/1f47b.png,4927,.png,undefined,third-party,"不移植：由微信平台能力替代"
assets/unicorn_emoji/default/1f49d.png,5918,.png,undefined,third-party,"不移植：由微信平台能力替代"
assets/unicorn_emoji/default/1f4aa-1f3fc.png,3756,.png,undefined,third-party,"不移植：由微信平台能力替代"
assets/unicorn_emoji/default/1f60c.png,5101,.png,undefined,third-party,"不移植：由微信平台能力替代"
assets/unicorn_emoji/default/1f612.png,5129,.png,undefined,third-party,"不移植：由微信平台能力替代"
assets/unicorn_emoji/default/1f615.png,4469,.png,undefined,third-party,"不移植：由微信平台能力替代"
assets/unicorn_emoji/default/1f616.png,5567,.png,undefined,third-party,"不移植：由微信平台能力替代"
assets/unicorn_emoji/default/1f61d.png,5491,.png,undefined,third-party,"不移植：由微信平台能力替代"
assets/unicorn_emoji/default/1f628.png,5303,.png,undefined,third-party,"不移植：由微信平台能力替代"
assets/unicorn_emoji/default/1f629.png,6028,.png,undefined,third-party,"不移植：由微信平台能力替代"
assets/unicorn_emoji/default/1f62a.png,5768,.png,undefined,third-party,"不移植：由微信平台能力替代"
assets/unicorn_emoji/default/1f630.png,5829,.png,undefined,third-party,"不移植：由微信平台能力替代"
assets/unicorn_emoji/default/1f63e.png,5153,.png,undefined,third-party,"不移植：由微信平台能力替代"
assets/unicorn_emoji/default/1f641.png,4283,.png,undefined,third-party,"不移植：由微信平台能力替代"
assets/unicorn_emoji/default/1f642.png,4286,.png,undefined,third-party,"不移植：由微信平台能力替代"
assets/unicorn_emoji/default/1f64f-1f3fc.png,3781,.png,undefined,third-party,"不移植：由微信平台能力替代"
assets/unicorn_emoji/default/emoji_00.png,7018,.png,undefined,third-party,"不移植：由微信平台能力替代"
assets/unicorn_emoji/default/emoji_01.png,6513,.png,undefined,third-party,"不移植：由微信平台能力替代"
assets/unicorn_emoji/default/emoji_02.png,7070,.png,undefined,third-party,"不移植：由微信平台能力替代"
assets/unicorn_emoji/default/emoji_03.png,6787,.png,undefined,third-party,"不移植：由微信平台能力替代"
assets/unicorn_emoji/default/emoji_04.png,6920,.png,undefined,third-party,"不移植：由微信平台能力替代"
assets/unicorn_emoji/default/emoji_05.png,7422,.png,undefined,third-party,"不移植：由微信平台能力替代"
assets/unicorn_emoji/default/emoji_06.png,7672,.png,undefined,third-party,"不移植：由微信平台能力替代"
assets/unicorn_emoji/default/emoji_07.png,6950,.png,undefined,third-party,"不移植：由微信平台能力替代"
assets/unicorn_emoji/default/emoji_08.png,7374,.png,undefined,third-party,"不移植：由微信平台能力替代"
assets/unicorn_emoji/default/emoji_09.png,6984,.png,undefined,third-party,"不移植：由微信平台能力替代"
assets/unicorn_emoji/default/emoji_10.png,7065,.png,undefined,third-party,"不移植：由微信平台能力替代"
assets/unicorn_emoji/default/emoji_100.png,7493,.png,undefined,third-party,"不移植：由微信平台能力替代"
assets/unicorn_emoji/default/emoji_101.png,4995,.png,undefined,third-party,"不移植：由微信平台能力替代"
assets/unicorn_emoji/default/emoji_102.png,9056,.png,undefined,third-party,"不移植：由微信平台能力替代"
assets/unicorn_emoji/default/emoji_103.png,5742,.png,undefined,third-party,"不移植：由微信平台能力替代"
assets/unicorn_emoji/default/emoji_104.png,5562,.png,undefined,third-party,"不移植：由微信平台能力替代"
assets/unicorn_emoji/default/emoji_105.png,4437,.png,undefined,third-party,"不移植：由微信平台能力替代"
assets/unicorn_emoji/default/emoji_106.png,5741,.png,undefined,third-party,"不移植：由微信平台能力替代"
assets/unicorn_emoji/default/emoji_107.png,6503,.png,undefined,third-party,"不移植：由微信平台能力替代"
assets/unicorn_emoji/default/emoji_108.png,7718,.png,undefined,third-party,"不移植：由微信平台能力替代"
assets/unicorn_emoji/default/emoji_109.png,7779,.png,undefined,third-party,"不移植：由微信平台能力替代"
assets/unicorn_emoji/default/emoji_11.png,6533,.png,undefined,third-party,"不移植：由微信平台能力替代"
assets/unicorn_emoji/default/emoji_110.png,7203,.png,undefined,third-party,"不移植：由微信平台能力替代"
assets/unicorn_emoji/default/emoji_111.png,7548,.png,undefined,third-party,"不移植：由微信平台能力替代"
assets/unicorn_emoji/default/emoji_112.png,5987,.png,undefined,third-party,"不移植：由微信平台能力替代"
assets/unicorn_emoji/default/emoji_113.png,5839,.png,undefined,third-party,"不移植：由微信平台能力替代"
assets/unicorn_emoji/default/emoji_114.png,5236,.png,undefined,third-party,"不移植：由微信平台能力替代"
assets/unicorn_emoji/default/emoji_115.png,7869,.png,undefined,third-party,"不移植：由微信平台能力替代"
assets/unicorn_emoji/default/emoji_12.png,8312,.png,undefined,third-party,"不移植：由微信平台能力替代"
assets/unicorn_emoji/default/emoji_13.png,7007,.png,undefined,third-party,"不移植：由微信平台能力替代"
assets/unicorn_emoji/default/emoji_14.png,6803,.png,undefined,third-party,"不移植：由微信平台能力替代"
assets/unicorn_emoji/default/emoji_145.png,7031,.png,undefined,third-party,"不移植：由微信平台能力替代"
assets/unicorn_emoji/default/emoji_15.png,6935,.png,undefined,third-party,"不移植：由微信平台能力替代"
assets/unicorn_emoji/default/emoji_16.png,6598,.png,undefined,third-party,"不移植：由微信平台能力替代"
assets/unicorn_emoji/default/emoji_160.png,8741,.png,undefined,third-party,"不移植：由微信平台能力替代"
assets/unicorn_emoji/default/emoji_161.png,9202,.png,undefined,third-party,"不移植：由微信平台能力替代"
assets/unicorn_emoji/default/emoji_162.png,9194,.png,undefined,third-party,"不移植：由微信平台能力替代"
assets/unicorn_emoji/default/emoji_163.png,8977,.png,undefined,third-party,"不移植：由微信平台能力替代"
assets/unicorn_emoji/default/emoji_164.png,9937,.png,undefined,third-party,"不移植：由微信平台能力替代"
assets/unicorn_emoji/default/emoji_165.png,9968,.png,undefined,third-party,"不移植：由微信平台能力替代"
assets/unicorn_emoji/default/emoji_166.png,10664,.png,undefined,third-party,"不移植：由微信平台能力替代"
assets/unicorn_emoji/default/emoji_167.png,6666,.png,undefined,third-party,"不移植：由微信平台能力替代"
assets/unicorn_emoji/default/emoji_17.png,7202,.png,undefined,third-party,"不移植：由微信平台能力替代"
assets/unicorn_emoji/default/emoji_18.png,7460,.png,undefined,third-party,"不移植：由微信平台能力替代"
assets/unicorn_emoji/default/emoji_19.png,8439,.png,undefined,third-party,"不移植：由微信平台能力替代"
assets/unicorn_emoji/default/emoji_20.png,6828,.png,undefined,third-party,"不移植：由微信平台能力替代"
assets/unicorn_emoji/default/emoji_21.png,7060,.png,undefined,third-party,"不移植：由微信平台能力替代"
assets/unicorn_emoji/default/emoji_22.png,7228,.png,undefined,third-party,"不移植：由微信平台能力替代"
assets/unicorn_emoji/default/emoji_23.png,6786,.png,undefined,third-party,"不移植：由微信平台能力替代"
assets/unicorn_emoji/default/emoji_24.png,6729,.png,undefined,third-party,"不移植：由微信平台能力替代"
assets/unicorn_emoji/default/emoji_25.png,6603,.png,undefined,third-party,"不移植：由微信平台能力替代"
assets/unicorn_emoji/default/emoji_26.png,7101,.png,undefined,third-party,"不移植：由微信平台能力替代"
assets/unicorn_emoji/default/emoji_27.png,6623,.png,undefined,third-party,"不移植：由微信平台能力替代"
assets/unicorn_emoji/default/emoji_28.png,7889,.png,undefined,third-party,"不移植：由微信平台能力替代"
assets/unicorn_emoji/default/emoji_29.png,6868,.png,undefined,third-party,"不移植：由微信平台能力替代"
assets/unicorn_emoji/default/emoji_30.png,6843,.png,undefined,third-party,"不移植：由微信平台能力替代"
assets/unicorn_emoji/default/emoji_31.png,7652,.png,undefined,third-party,"不移植：由微信平台能力替代"
assets/unicorn_emoji/default/emoji_32.png,7312,.png,undefined,third-party,"不移植：由微信平台能力替代"
assets/unicorn_emoji/default/emoji_33.png,8330,.png,undefined,third-party,"不移植：由微信平台能力替代"
assets/unicorn_emoji/default/emoji_34.png,6761,.png,undefined,third-party,"不移植：由微信平台能力替代"
assets/unicorn_emoji/default/emoji_35.png,6331,.png,undefined,third-party,"不移植：由微信平台能力替代"
assets/unicorn_emoji/default/emoji_36.png,6132,.png,undefined,third-party,"不移植：由微信平台能力替代"
assets/unicorn_emoji/default/emoji_37.png,7341,.png,undefined,third-party,"不移植：由微信平台能力替代"
assets/unicorn_emoji/default/emoji_38.png,5992,.png,undefined,third-party,"不移植：由微信平台能力替代"
assets/unicorn_emoji/default/emoji_39.png,9613,.png,undefined,third-party,"不移植：由微信平台能力替代"
assets/unicorn_emoji/default/emoji_40.png,8535,.png,undefined,third-party,"不移植：由微信平台能力替代"
assets/unicorn_emoji/default/emoji_41.png,4509,.png,undefined,third-party,"不移植：由微信平台能力替代"
assets/unicorn_emoji/default/emoji_42.png,6642,.png,undefined,third-party,"不移植：由微信平台能力替代"
assets/unicorn_emoji/default/emoji_43.png,6033,.png,undefined,third-party,"不移植：由微信平台能力替代"
assets/unicorn_emoji/default/emoji_44.png,8074,.png,undefined,third-party,"不移植：由微信平台能力替代"
assets/unicorn_emoji/default/emoji_45.png,5483,.png,undefined,third-party,"不移植：由微信平台能力替代"
assets/unicorn_emoji/default/emoji_46.png,6972,.png,undefined,third-party,"不移植：由微信平台能力替代"
assets/unicorn_emoji/default/emoji_47.png,7872,.png,undefined,third-party,"不移植：由微信平台能力替代"
assets/unicorn_emoji/default/emoji_48.png,8194,.png,undefined,third-party,"不移植：由微信平台能力替代"
assets/unicorn_emoji/default/emoji_49.png,7998,.png,undefined,third-party,"不移植：由微信平台能力替代"
assets/unicorn_emoji/default/emoji_50.png,7284,.png,undefined,third-party,"不移植：由微信平台能力替代"
assets/unicorn_emoji/default/emoji_51.png,7497,.png,undefined,third-party,"不移植：由微信平台能力替代"
assets/unicorn_emoji/default/emoji_52.png,7820,.png,undefined,third-party,"不移植：由微信平台能力替代"
assets/unicorn_emoji/default/emoji_53.png,5463,.png,undefined,third-party,"不移植：由微信平台能力替代"
assets/unicorn_emoji/default/emoji_54.png,4453,.png,undefined,third-party,"不移植：由微信平台能力替代"
assets/unicorn_emoji/default/emoji_55.png,8331,.png,undefined,third-party,"不移植：由微信平台能力替代"
assets/unicorn_emoji/default/emoji_56.png,8747,.png,undefined,third-party,"不移植：由微信平台能力替代"
assets/unicorn_emoji/default/emoji_57.png,9680,.png,undefined,third-party,"不移植：由微信平台能力替代"
assets/unicorn_emoji/default/emoji_58.png,4438,.png,undefined,third-party,"不移植：由微信平台能力替代"
assets/unicorn_emoji/default/emoji_59.png,8279,.png,undefined,third-party,"不移植：由微信平台能力替代"
assets/unicorn_emoji/default/emoji_60.png,8461,.png,undefined,third-party,"不移植：由微信平台能力替代"
assets/unicorn_emoji/default/emoji_61.png,6392,.png,undefined,third-party,"不移植：由微信平台能力替代"
assets/unicorn_emoji/default/emoji_62.png,7946,.png,undefined,third-party,"不移植：由微信平台能力替代"
assets/unicorn_emoji/default/emoji_63.png,8007,.png,undefined,third-party,"不移植：由微信平台能力替代"
assets/unicorn_emoji/default/emoji_64.png,5683,.png,undefined,third-party,"不移植：由微信平台能力替代"
assets/unicorn_emoji/default/emoji_65.png,6844,.png,undefined,third-party,"不移植：由微信平台能力替代"
assets/unicorn_emoji/default/emoji_66.png,8459,.png,undefined,third-party,"不移植：由微信平台能力替代"
assets/unicorn_emoji/default/emoji_67.png,9294,.png,undefined,third-party,"不移植：由微信平台能力替代"
assets/unicorn_emoji/default/emoji_68.png,6812,.png,undefined,third-party,"不移植：由微信平台能力替代"
assets/unicorn_emoji/default/emoji_69.png,5795,.png,undefined,third-party,"不移植：由微信平台能力替代"
assets/unicorn_emoji/default/emoji_70.png,7899,.png,undefined,third-party,"不移植：由微信平台能力替代"
assets/unicorn_emoji/default/emoji_71.png,7769,.png,undefined,third-party,"不移植：由微信平台能力替代"
assets/unicorn_emoji/default/emoji_72.png,9073,.png,undefined,third-party,"不移植：由微信平台能力替代"
assets/unicorn_emoji/default/emoji_73.png,6410,.png,undefined,third-party,"不移植：由微信平台能力替代"
assets/unicorn_emoji/default/emoji_74.png,7834,.png,undefined,third-party,"不移植：由微信平台能力替代"
assets/unicorn_emoji/default/emoji_75.png,7591,.png,undefined,third-party,"不移植：由微信平台能力替代"
assets/unicorn_emoji/default/emoji_76.png,8066,.png,undefined,third-party,"不移植：由微信平台能力替代"
assets/unicorn_emoji/default/emoji_77.png,7819,.png,undefined,third-party,"不移植：由微信平台能力替代"
assets/unicorn_emoji/default/emoji_78.png,7040,.png,undefined,third-party,"不移植：由微信平台能力替代"
assets/unicorn_emoji/default/emoji_79.png,7630,.png,undefined,third-party,"不移植：由微信平台能力替代"
assets/unicorn_emoji/default/emoji_80.png,7721,.png,undefined,third-party,"不移植：由微信平台能力替代"
assets/unicorn_emoji/default/emoji_81.png,4889,.png,undefined,third-party,"不移植：由微信平台能力替代"
assets/unicorn_emoji/default/emoji_82.png,4507,.png,undefined,third-party,"不移植：由微信平台能力替代"
assets/unicorn_emoji/default/emoji_83.png,7570,.png,undefined,third-party,"不移植：由微信平台能力替代"
assets/unicorn_emoji/default/emoji_84.png,7839,.png,undefined,third-party,"不移植：由微信平台能力替代"
assets/unicorn_emoji/default/emoji_85.png,8282,.png,undefined,third-party,"不移植：由微信平台能力替代"
assets/unicorn_emoji/default/emoji_86.png,7045,.png,undefined,third-party,"不移植：由微信平台能力替代"
assets/unicorn_emoji/default/emoji_87.png,5483,.png,undefined,third-party,"不移植：由微信平台能力替代"
assets/unicorn_emoji/default/emoji_88.png,6122,.png,undefined,third-party,"不移植：由微信平台能力替代"
assets/unicorn_emoji/default/emoji_89.png,5846,.png,undefined,third-party,"不移植：由微信平台能力替代"
assets/unicorn_emoji/default/emoji_90.png,5017,.png,undefined,third-party,"不移植：由微信平台能力替代"
assets/unicorn_emoji/default/emoji_91.png,3845,.png,undefined,third-party,"不移植：由微信平台能力替代"
assets/unicorn_emoji/default/emoji_92.png,6736,.png,undefined,third-party,"不移植：由微信平台能力替代"
assets/unicorn_emoji/default/emoji_93.png,4911,.png,undefined,third-party,"不移植：由微信平台能力替代"
assets/unicorn_emoji/default/emoji_94.png,4232,.png,undefined,third-party,"不移植：由微信平台能力替代"
assets/unicorn_emoji/default/emoji_95.png,7349,.png,undefined,third-party,"不移植：由微信平台能力替代"
assets/unicorn_emoji/default/emoji_96.png,6016,.png,undefined,third-party,"不移植：由微信平台能力替代"
assets/unicorn_emoji/default/emoji_97.png,7688,.png,undefined,third-party,"不移植：由微信平台能力替代"
assets/unicorn_emoji/default/emoji_98.png,6478,.png,undefined,third-party,"不移植：由微信平台能力替代"
assets/unicorn_emoji/default/emoji_99.png,4466,.png,undefined,third-party,"不移植：由微信平台能力替代"
assets/unicorn_emoji/default/new_emoji_01.png,7115,.png,undefined,third-party,"不移植：由微信平台能力替代"
assets/unicorn_emoji/default/new_emoji_02.png,6446,.png,undefined,third-party,"不移植：由微信平台能力替代"
assets/unicorn_emoji/default/new_emoji_03.png,6710,.png,undefined,third-party,"不移植：由微信平台能力替代"
assets/unicorn_emoji/default/new_emoji_05.png,5444,.png,undefined,third-party,"不移植：由微信平台能力替代"
assets/unicorn_emoji/default/new_emoji_06.png,6902,.png,undefined,third-party,"不移植：由微信平台能力替代"
assets/unicorn_emoji/default/new_emoji_07.png,7987,.png,undefined,third-party,"不移植：由微信平台能力替代"
assets/unicorn_emoji/default/new_emoji_08.png,6510,.png,undefined,third-party,"不移植：由微信平台能力替代"
assets/unicorn_emoji/default/new_emoji_09.png,7872,.png,undefined,third-party,"不移植：由微信平台能力替代"
assets/unicorn_emoji/default/new_emoji_10.png,7166,.png,undefined,third-party,"不移植：由微信平台能力替代"
assets/unicorn_emoji/default/new_emoji_11.png,6367,.png,undefined,third-party,"不移植：由微信平台能力替代"
assets/unicorn_emoji/default/new_emoji_13.png,7714,.png,undefined,third-party,"不移植：由微信平台能力替代"
assets/unicorn_emoji/default/new_emoji_18.png,7006,.png,undefined,third-party,"不移植：由微信平台能力替代"
assets/unicorn_emoji/default/new_emoji_19.png,6682,.png,undefined,third-party,"不移植：由微信平台能力替代"
assets/unicorn_emoji/default/new_emoji_20.png,6054,.png,undefined,third-party,"不移植：由微信平台能力替代"
assets/unicorn_emoji/default/new_emoji_21.png,6553,.png,undefined,third-party,"不移植：由微信平台能力替代"
assets/unicorn_emoji/default/new_emoji_22.png,5419,.png,undefined,third-party,"不移植：由微信平台能力替代"
assets/unicorn_emoji/default/new_emoji_23.png,4929,.png,undefined,third-party,"不移植：由微信平台能力替代"
assets/unicorn_emoji/default/new_emoji_24.png,4611,.png,undefined,third-party,"不移植：由微信平台能力替代"
assets/unicorn_emoji/default/new_emoji_25.png,3922,.png,undefined,third-party,"不移植：由微信平台能力替代"
assets/unicorn_emoji/default/new_emoji_28.png,9194,.png,undefined,third-party,"不移植：由微信平台能力替代"
assets/unicorn_emoji/default/new_emoji_30.png,20471,.png,undefined,third-party,"不移植：由微信平台能力替代"
assets/unicorn_emoji/emoji.xml,13460,.xml,undefined,third-party,"不移植：由微信平台能力替代"
assets/voice/ScanningCode.mp3,6949,.mp3,undefined,converted,"转码 mp3 → InnerAudioContext"
assets/voice/ape/fail.mp3,27090,.mp3,undefined,converted,"转码 mp3 → InnerAudioContext"
assets/voice/ape/win.mp3,48396,.mp3,undefined,converted,"转码 mp3 → InnerAudioContext"
assets/voice/ape_group.mp3,391441,.mp3,undefined,converted,"转码 mp3 → InnerAudioContext"
assets/voice/ape_horse_race_lamp.mp3,14892,.mp3,undefined,converted,"转码 mp3 → InnerAudioContext"
assets/voice/battle.mp3,34135,.mp3,undefined,converted,"转码 mp3 → InnerAudioContext"
assets/voice/battle_bgm.mp3,2642674,.mp3,undefined,converted,"转码 mp3 → InnerAudioContext"
assets/voice/battle_turntable.mp3,41018,.mp3,undefined,converted,"转码 mp3 → InnerAudioContext"
assets/voice/bgm.ogg,408287,.ogg,undefined,converted,"转码 mp3 → InnerAudioContext"
assets/voice/big_prize.mp3,53132,.mp3,undefined,converted,"转码 mp3 → InnerAudioContext"
assets/voice/box_award.mp3,30655,.mp3,undefined,converted,"转码 mp3 → InnerAudioContext"
assets/voice/box_bg.mp3,1063437,.mp3,undefined,converted,"转码 mp3 → InnerAudioContext"
assets/voice/box_card_compose.mp3,16757,.mp3,undefined,converted,"转码 mp3 → InnerAudioContext"
assets/voice/box_card_resolve.mp3,11313,.mp3,undefined,converted,"转码 mp3 → InnerAudioContext"
assets/voice/box_card_result.mp3,194115,.mp3,undefined,converted,"转码 mp3 → InnerAudioContext"
assets/voice/box_onekey_open.mp3,17794,.mp3,undefined,converted,"转码 mp3 → InnerAudioContext"
assets/voice/box_open.mp3,867,.mp3,undefined,converted,"转码 mp3 → InnerAudioContext"
assets/voice/box_scroll.mp3,24260,.mp3,undefined,converted,"转码 mp3 → InnerAudioContext"
assets/voice/catWalk.mp3,50707,.mp3,undefined,converted,"转码 mp3 → InnerAudioContext"
assets/voice/click.mp3,1567,.mp3,undefined,converted,"转码 mp3 → InnerAudioContext"
assets/voice/coin.mp3,40542,.mp3,undefined,converted,"转码 mp3 → InnerAudioContext"
assets/voice/collect.mp3,32600,.mp3,undefined,converted,"转码 mp3 → InnerAudioContext"
assets/voice/countdown.mp3,9243,.mp3,undefined,converted,"转码 mp3 → InnerAudioContext"
assets/voice/darkPlanetBGM.mp3,368656,.mp3,undefined,converted,"转码 mp3 → InnerAudioContext"
assets/voice/eat.mp3,9496,.mp3,undefined,converted,"转码 mp3 → InnerAudioContext"
assets/voice/massHealing.mp3,12373,.mp3,undefined,converted,"转码 mp3 → InnerAudioContext"
assets/voice/merge.mp3,15935,.mp3,undefined,converted,"转码 mp3 → InnerAudioContext"
assets/voice/openLottery.mp3,17345,.mp3,undefined,converted,"转码 mp3 → InnerAudioContext"
assets/voice/open_bag.mp3,84156,.mp3,undefined,converted,"转码 mp3 → InnerAudioContext"
assets/voice/open_bag_res.mp3,19059,.mp3,undefined,converted,"转码 mp3 → InnerAudioContext"
assets/voice/open_progress.mp3,69737,.mp3,undefined,converted,"转码 mp3 → InnerAudioContext"
assets/voice/princess_help.mp3,127904,.mp3,undefined,converted,"转码 mp3 → InnerAudioContext"
assets/voice/purchase.mp3,37949,.mp3,undefined,converted,"转码 mp3 → InnerAudioContext"
assets/voice/reward.mp3,5851,.mp3,undefined,converted,"转码 mp3 → InnerAudioContext"
assets/voice/rise.mp3,3333,.mp3,undefined,converted,"转码 mp3 → InnerAudioContext"
assets/voice/slot.mp3,39706,.mp3,undefined,converted,"转码 mp3 → InnerAudioContext"
assets/voice/tide_boom.mp3,21363,.mp3,undefined,converted,"转码 mp3 → InnerAudioContext"
assets/voice/tide_click.mp3,12774,.mp3,undefined,converted,"转码 mp3 → InnerAudioContext"
assets/voice/tide_defeat.mp3,63974,.mp3,undefined,converted,"转码 mp3 → InnerAudioContext"
assets/voice/tide_pilipala.mp3,22178,.mp3,undefined,converted,"转码 mp3 → InnerAudioContext"
assets/voice/tide_success.mp3,15413,.mp3,undefined,converted,"转码 mp3 → InnerAudioContext"
assets/voice/treasure_box_bg.mp3,219342,.mp3,undefined,converted,"转码 mp3 → InnerAudioContext"
assets/voice/turntable.mp3,21733,.mp3,undefined,converted,"转码 mp3 → InnerAudioContext"
assets/voice/ufoFly.mp3,7674,.mp3,undefined,converted,"转码 mp3 → InnerAudioContext"
assets/voice/ufoPerson.mp3,9906,.mp3,undefined,converted,"转码 mp3 → InnerAudioContext"
assets/voice/universe_starship_bg.mp3,1896812,.mp3,undefined,converted,"转码 mp3 → InnerAudioContext"
assets/voice/win_1.mp3,65829,.mp3,undefined,converted,"转码 mp3 → InnerAudioContext"
assets/voice/win_2.mp3,84637,.mp3,undefined,converted,"转码 mp3 → InnerAudioContext"
classes.dex,23523684,.dex,undefined,third-party,"不移植：由微信平台能力替代"
fabric/com.amazonaws.aws-android-sdk-core.properties,100,.properties,undefined,third-party,"不移植：由微信平台能力替代"
kotlin-tooling-metadata.json,600,.json,undefined,third-party,"不移植：由微信平台能力替代"
kotlin/annotation/annotation.kotlin_builtins,926,.kotlin_builtins,undefined,third-party,"不移植：由微信平台能力替代"
kotlin/collections/collections.kotlin_builtins,3685,.kotlin_builtins,undefined,third-party,"不移植：由微信平台能力替代"
kotlin/coroutines/coroutines.kotlin_builtins,200,.kotlin_builtins,undefined,third-party,"不移植：由微信平台能力替代"
kotlin/internal/internal.kotlin_builtins,758,.kotlin_builtins,undefined,third-party,"不移植：由微信平台能力替代"
kotlin/kotlin.kotlin_builtins,14256,.kotlin_builtins,undefined,third-party,"不移植：由微信平台能力替代"
kotlin/ranges/ranges.kotlin_builtins,2301,.kotlin_builtins,undefined,third-party,"不移植：由微信平台能力替代"
kotlin/reflect/reflect.kotlin_builtins,2338,.kotlin_builtins,undefined,third-party,"不移植：由微信平台能力替代"
lib/arm64-v8a/libAPSE_7.0.1.so,3684696,.so,undefined,third-party,"不移植：由微信平台能力替代"
lib/arm64-v8a/libAPSE_J.so,831048,.so,undefined,third-party,"不移植：由微信平台能力替代"
lib/arm64-v8a/libEncryptorP.so,75744,.so,undefined,third-party,"不移植：由微信平台能力替代"
lib/arm64-v8a/libRSSupport.so,2184400,.so,undefined,third-party,"不移植：由微信平台能力替代"
lib/arm64-v8a/libaliyunaf.so,334384,.so,undefined,third-party,"不移植：由微信平台能力替代"
lib/arm64-v8a/libbdsword.so,59648,.so,undefined,third-party,"不移植：由微信平台能力替代"
lib/arm64-v8a/libbizssdk_ml.so,940064,.so,undefined,third-party,"不移植：由微信平台能力替代"
lib/arm64-v8a/libc++_shared.so,985464,.so,undefined,third-party,"不移植：由微信平台能力替代"
lib/arm64-v8a/libcrashsdk.so,647928,.so,undefined,third-party,"不移植：由微信平台能力替代"
lib/arm64-v8a/libfacedevice.so,3091056,.so,undefined,third-party,"不移植：由微信平台能力替代"
lib/arm64-v8a/libffavc.so,993640,.so,undefined,third-party,"不移植：由微信平台能力替代"
lib/arm64-v8a/libjcore272.so,5832,.so,undefined,third-party,"不移植：由微信平台能力替代"
lib/arm64-v8a/libmsoptimize.so,5912,.so,undefined,third-party,"不移植：由微信平台能力替代"
lib/arm64-v8a/libnpth.so,104800,.so,undefined,third-party,"不移植：由微信平台能力替代"
lib/arm64-v8a/libnpth_dl.so,27712,.so,undefined,third-party,"不移植：由微信平台能力替代"
lib/arm64-v8a/libnpth_dumper.so,76752,.so,undefined,third-party,"不移植：由微信平台能力替代"
lib/arm64-v8a/libnpth_logcat.so,18792,.so,undefined,third-party,"不移植：由微信平台能力替代"
lib/arm64-v8a/libnpth_tls_monitor.so,18344,.so,undefined,third-party,"不移植：由微信平台能力替代"
lib/arm64-v8a/libpag.so,2530000,.so,undefined,third-party,"不移植：由微信平台能力替代"
lib/arm64-v8a/libpangleflipped.so,10064,.so,undefined,third-party,"不移植：由微信平台能力替代"
lib/arm64-v8a/libqiyune_audio.so,1603888,.so,undefined,third-party,"不移植：由微信平台能力替代"
lib/arm64-v8a/libqiyutraceroute.so,93016,.so,undefined,third-party,"不移植：由微信平台能力替代"
lib/arm64-v8a/librsjni.so,72000,.so,undefined,third-party,"不移植：由微信平台能力替代"
lib/arm64-v8a/librsjni_androidx.so,62152,.so,undefined,third-party,"不移植：由微信平台能力替代"
lib/arm64-v8a/libscannative.so,1862024,.so,undefined,third-party,"不移植：由微信平台能力替代"
lib/arm64-v8a/libsecuritydevice.so,3824352,.so,undefined,third-party,"不移植：由微信平台能力替代"
lib/arm64-v8a/libsgcore.so,71792,.so,undefined,third-party,"不移植：由微信平台能力替代"
lib/arm64-v8a/libsmash.so,2788888,.so,undefined,third-party,"不移植：由微信平台能力替代"
lib/arm64-v8a/libtoyger.so,964856,.so,undefined,third-party,"不移植：由微信平台能力替代"
lib/arm64-v8a/libumeng-spy.so,239848,.so,undefined,third-party,"不移植：由微信平台能力替代"
lib/arm64-v8a/libxnn.so,4998624,.so,undefined,third-party,"不移植：由微信平台能力替代"
lib/arm64-v8a/libxnnloader.so,34792,.so,undefined,third-party,"不移植：由微信平台能力替代"
lib/arm64-v8a/libzkfv_tj.so,461720,.so,undefined,third-party,"不移植：由微信平台能力替代"
lib/armeabi-v7a/libAPSE_7.0.1.so,2489044,.so,undefined,third-party,"不移植：由微信平台能力替代"
lib/armeabi-v7a/libAPSE_J.so,519924,.so,undefined,third-party,"不移植：由微信平台能力替代"
lib/armeabi-v7a/libEncryptorP.so,79480,.so,undefined,third-party,"不移植：由微信平台能力替代"
lib/armeabi-v7a/libRSSupport.so,1783824,.so,undefined,third-party,"不移植：由微信平台能力替代"
lib/armeabi-v7a/libaliyunaf.so,227440,.so,undefined,third-party,"不移植：由微信平台能力替代"
lib/armeabi-v7a/libbdsword.so,63408,.so,undefined,third-party,"不移植：由微信平台能力替代"
lib/armeabi-v7a/libbizssdk_ml.so,601804,.so,undefined,third-party,"不移植：由微信平台能力替代"
lib/armeabi-v7a/libc++_shared.so,587624,.so,undefined,third-party,"不移植：由微信平台能力替代"
lib/armeabi-v7a/libcrashsdk.so,491764,.so,undefined,third-party,"不移植：由微信平台能力替代"
lib/armeabi-v7a/libfacedevice.so,1812596,.so,undefined,third-party,"不移植：由微信平台能力替代"
lib/armeabi-v7a/libffavc.so,939844,.so,undefined,third-party,"不移植：由微信平台能力替代"
lib/armeabi-v7a/libjcore272.so,13796,.so,undefined,third-party,"不移植：由微信平台能力替代"
lib/armeabi-v7a/libnpth.so,63336,.so,undefined,third-party,"不移植：由微信平台能力替代"
lib/armeabi-v7a/libnpth_dl.so,25324,.so,undefined,third-party,"不移植：由微信平台能力替代"
lib/armeabi-v7a/libnpth_dumper.so,51320,.so,undefined,third-party,"不移植：由微信平台能力替代"
lib/armeabi-v7a/libnpth_logcat.so,18244,.so,undefined,third-party,"不移植：由微信平台能力替代"
lib/armeabi-v7a/libnpth_tls_monitor.so,13952,.so,undefined,third-party,"不移植：由微信平台能力替代"
lib/armeabi-v7a/libpag.so,1661128,.so,undefined,third-party,"不移植：由微信平台能力替代"
lib/armeabi-v7a/libpangleflipped.so,9756,.so,undefined,third-party,"不移植：由微信平台能力替代"
lib/armeabi-v7a/libqiyune_audio.so,1034052,.so,undefined,third-party,"不移植：由微信平台能力替代"
lib/armeabi-v7a/libqiyutraceroute.so,69844,.so,undefined,third-party,"不移植：由微信平台能力替代"
lib/armeabi-v7a/librsjni.so,59888,.so,undefined,third-party,"不移植：由微信平台能力替代"
lib/armeabi-v7a/librsjni_androidx.so,59280,.so,undefined,third-party,"不移植：由微信平台能力替代"
lib/armeabi-v7a/libscannative.so,1107824,.so,undefined,third-party,"不移植：由微信平台能力替代"
lib/armeabi-v7a/libsecuritydevice.so,1992748,.so,undefined,third-party,"不移植：由微信平台能力替代"
lib/armeabi-v7a/libsgcore.so,87840,.so,undefined,third-party,"不移植：由微信平台能力替代"
lib/armeabi-v7a/libsmash.so,2218436,.so,undefined,third-party,"不移植：由微信平台能力替代"
lib/armeabi-v7a/libtoyger.so,591872,.so,undefined,third-party,"不移植：由微信平台能力替代"
lib/armeabi-v7a/libumeng-spy.so,141024,.so,undefined,third-party,"不移植：由微信平台能力替代"
lib/armeabi-v7a/libxnn.so,2803092,.so,undefined,third-party,"不移植：由微信平台能力替代"
lib/armeabi-v7a/libxnnloader.so,18044,.so,undefined,third-party,"不移植：由微信平台能力替代"
lib/armeabi-v7a/libzkfv_tj.so,281108,.so,undefined,third-party,"不移植：由微信平台能力替代"
okhttp3/internal/publicsuffix/NOTICE,218,,undefined,third-party,"不移植：由微信平台能力替代"
okhttp3/internal/publicsuffix/publicsuffixes.gz,36752,.gz,undefined,third-party,"不移植：由微信平台能力替代"
org/bouncycastle/x509/CertPathReviewerMessages.properties,42868,.properties,undefined,third-party,"不移植：由微信平台能力替代"
org/bouncycastle/x509/CertPathReviewerMessages_de.properties,49608,.properties,undefined,third-party,"不移植：由微信平台能力替代"
res/--1.png,5111,.png,undefined,unused,"未引用（保留索引）"
res/--3.png,10452,.png,undefined,unused,"未引用（保留索引）"
res/--X.xml,3984,.xml,undefined,unused,"未引用（保留索引）"
res/--t.webp,24166,.webp,undefined,unused,"未引用（保留索引）"
res/-07.webp,1182,.webp,undefined,unused,"未引用（保留索引）"
res/-0D.webp,10750,.webp,undefined,unused,"未引用（保留索引）"
res/-0T.xml,592,.xml,undefined,unused,"未引用（保留索引）"
res/-18.xml,1148,.xml,undefined,unused,"未引用（保留索引）"
res/-1A.webp,10400,.webp,undefined,unused,"未引用（保留索引）"
res/-1g.webp,5578,.webp,undefined,unused,"未引用（保留索引）"
res/-45.png,2749,.png,undefined,unused,"未引用（保留索引）"
res/-5N.png,2562,.png,undefined,unused,"未引用（保留索引）"
res/-5X.png,17853,.png,undefined,unused,"未引用（保留索引）"
res/-5q.webp,1762,.webp,undefined,unused,"未引用（保留索引）"
res/-6A.png,479,.png,undefined,unused,"未引用（保留索引）"
res/-6O.xml,4712,.xml,undefined,unused,"未引用（保留索引）"
res/-6e.png,11384,.png,undefined,unused,"未引用（保留索引）"
res/-7O.png,82117,.png,undefined,unused,"未引用（保留索引）"
res/-88.png,1409,.png,undefined,unused,"未引用（保留索引）"
res/-9X.webp,2120,.webp,undefined,unused,"未引用（保留索引）"
res/-9f.webp,344,.webp,undefined,unused,"未引用（保留索引）"
res/-A1.png,7518,.png,undefined,unused,"未引用（保留索引）"
res/-AW.xml,1040,.xml,undefined,unused,"未引用（保留索引）"
res/-AX.png,713,.png,undefined,unused,"未引用（保留索引）"
res/-Ab.webp,1306,.webp,undefined,unused,"未引用（保留索引）"
res/-BC.png,659,.png,undefined,unused,"未引用（保留索引）"
res/-BH.webp,3072,.webp,undefined,unused,"未引用（保留索引）"
res/-CI.png,5289,.png,undefined,unused,"未引用（保留索引）"
res/-CM.png,355,.png,undefined,unused,"未引用（保留索引）"
res/-Co.xml,448,.xml,undefined,unused,"未引用（保留索引）"
res/-Dg.png,600,.png,undefined,unused,"未引用（保留索引）"
res/-Dl.xml,1804,.xml,undefined,unused,"未引用（保留索引）"
res/-Dr.webp,14868,.webp,undefined,unused,"未引用（保留索引）"
res/-Ds.xml,1072,.xml,undefined,unused,"未引用（保留索引）"
res/-Dw.png,2544,.png,undefined,unused,"未引用（保留索引）"
res/-EB.png,12785,.png,undefined,unused,"未引用（保留索引）"
res/-Ee.png,67,.png,undefined,unused,"未引用（保留索引）"
res/-Ey.webp,806,.webp,undefined,unused,"未引用（保留索引）"
res/-F1.xml,1180,.xml,undefined,unused,"未引用（保留索引）"
res/-FP.xml,2588,.xml,undefined,unused,"未引用（保留索引）"
res/-FY.png,713,.png,undefined,unused,"未引用（保留索引）"
res/-Ft.webp,714,.webp,undefined,unused,"未引用（保留索引）"
res/-G5.png,54741,.png,undefined,unused,"未引用（保留索引）"
res/-GX.png,67,.png,undefined,unused,"未引用（保留索引）"
res/-HN.png,5379,.png,undefined,unused,"未引用（保留索引）"
res/-HX.xml,3988,.xml,undefined,unused,"未引用（保留索引）"
res/-IB.xml,5228,.xml,undefined,unused,"未引用（保留索引）"
res/-Ik.9.png,77,.png,undefined,unused,"未引用（保留索引）"
res/-Jb.png,32844,.png,undefined,unused,"未引用（保留索引）"
res/-LF.xml,1580,.xml,undefined,unused,"未引用（保留索引）"
res/-Ls.png,714,.png,undefined,unused,"未引用（保留索引）"
res/-MW.png,2967,.png,undefined,unused,"未引用（保留索引）"
res/-N7.webp,5780,.webp,undefined,unused,"未引用（保留索引）"
res/-NR.xml,7000,.xml,undefined,unused,"未引用（保留索引）"
res/-NS.png,2437,.png,undefined,unused,"未引用（保留索引）"
res/-Nc.webp,628,.webp,undefined,unused,"未引用（保留索引）"
res/-OG.png,742,.png,undefined,unused,"未引用（保留索引）"
res/-P4.xml,804,.xml,undefined,unused,"未引用（保留索引）"
res/-PW.png,527,.png,undefined,unused,"未引用（保留索引）"
res/-Q0.xml,6880,.xml,undefined,unused,"未引用（保留索引）"
res/-Qd.png,15815,.png,undefined,unused,"未引用（保留索引）"
res/-RS.png,14376,.png,undefined,unused,"未引用（保留索引）"
res/-RS.webp,508,.webp,undefined,unused,"未引用（保留索引）"
res/-Rf.xml,1020,.xml,undefined,unused,"未引用（保留索引）"
res/-Sy.xml,1752,.xml,undefined,unused,"未引用（保留索引）"
res/-TQ.png,1707,.png,undefined,unused,"未引用（保留索引）"
res/-Uf.webp,320,.webp,undefined,unused,"未引用（保留索引）"
res/-Vn.png,2345,.png,undefined,unused,"未引用（保留索引）"
res/-WE.xml,696,.xml,undefined,unused,"未引用（保留索引）"
res/-WR.webp,504,.webp,undefined,unused,"未引用（保留索引）"
res/-Wp.png,36280,.png,undefined,unused,"未引用（保留索引）"
res/-Ws.xml,2068,.xml,undefined,unused,"未引用（保留索引）"
res/-X0.xml,872,.xml,undefined,unused,"未引用（保留索引）"
res/-XV.9.png,11817,.png,undefined,unused,"未引用（保留索引）"
res/-Xb.png,6888,.png,undefined,unused,"未引用（保留索引）"
res/-Xv.xml,484,.xml,undefined,unused,"未引用（保留索引）"
res/-Xw.webp,492,.webp,undefined,unused,"未引用（保留索引）"
res/-YT.webp,466,.webp,undefined,unused,"未引用（保留索引）"
res/-Yf.xml,4068,.xml,undefined,unused,"未引用（保留索引）"
res/-Yf1.xml,1396,.xml,undefined,unused,"未引用（保留索引）"
res/-Yv.webp,748,.webp,undefined,unused,"未引用（保留索引）"
res/-ZX.xml,576,.xml,undefined,unused,"未引用（保留索引）"
res/-Zf.png,3629,.png,undefined,unused,"未引用（保留索引）"
res/-_5.png,6254,.png,undefined,unused,"未引用（保留索引）"
res/-_K.webp,6684,.webp,undefined,unused,"未引用（保留索引）"
res/-_n.png,10887,.png,undefined,unused,"未引用（保留索引）"
res/-_n.xml,1716,.xml,undefined,unused,"未引用（保留索引）"
res/-aG.9.png,5353,.png,undefined,unused,"未引用（保留索引）"
res/-aZ.png,5760,.png,undefined,unused,"未引用（保留索引）"
res/-b1.png,243,.png,undefined,unused,"未引用（保留索引）"
res/-c9.png,1487,.png,undefined,unused,"未引用（保留索引）"
res/-c91.png,3608,.png,undefined,unused,"未引用（保留索引）"
res/-cQ.xml,3436,.xml,undefined,unused,"未引用（保留索引）"
res/-cS.xml,528,.xml,undefined,unused,"未引用（保留索引）"
res/-cS1.xml,1336,.xml,undefined,unused,"未引用（保留索引）"
res/-cp.webp,638,.webp,undefined,unused,"未引用（保留索引）"
res/-do.png,1344,.png,undefined,unused,"未引用（保留索引）"
res/-eI.png,2948,.png,undefined,unused,"未引用（保留索引）"
res/-eL.png,1846,.png,undefined,unused,"未引用（保留索引）"
res/-eh.webp,14698,.webp,undefined,unused,"未引用（保留索引）"
res/-g0.webp,392,.webp,undefined,unused,"未引用（保留索引）"
res/-g7.xml,500,.xml,undefined,unused,"未引用（保留索引）"
res/-gT.png,43550,.png,undefined,unused,"未引用（保留索引）"
res/-i_.png,1051,.png,undefined,unused,"未引用（保留索引）"
res/-ia.png,32047,.png,undefined,unused,"未引用（保留索引）"
res/-ic.webp,426,.webp,undefined,unused,"未引用（保留索引）"
res/-jK.xml,2652,.xml,undefined,unused,"未引用（保留索引）"
res/-jd.webp,426,.webp,undefined,unused,"未引用（保留索引）"
res/-k0.xml,3572,.xml,undefined,unused,"未引用（保留索引）"
res/-kO.xml,1000,.xml,undefined,unused,"未引用（保留索引）"
res/-kR.xml,1536,.xml,undefined,unused,"未引用（保留索引）"
res/-kx.png,4192,.png,undefined,unused,"未引用（保留索引）"
res/-lH.webp,1972,.webp,undefined,unused,"未引用（保留索引）"
res/-lT.xml,2576,.xml,undefined,unused,"未引用（保留索引）"
res/-mC.xml,1136,.xml,undefined,unused,"未引用（保留索引）"
res/-mo.xml,1868,.xml,undefined,unused,"未引用（保留索引）"
res/-n3.png,9980,.png,undefined,unused,"未引用（保留索引）"
res/-o0.webp,40708,.webp,undefined,unused,"未引用（保留索引）"
res/-oC.xml,3336,.xml,undefined,unused,"未引用（保留索引）"
res/-oj.xml,532,.xml,undefined,unused,"未引用（保留索引）"
res/-p0.png,15819,.png,undefined,unused,"未引用（保留索引）"
res/-p7.png,67,.png,undefined,unused,"未引用（保留索引）"
res/-qC.xml,5860,.xml,undefined,unused,"未引用（保留索引）"
res/-qN.xml,1008,.xml,undefined,unused,"未引用（保留索引）"
res/-qy.webp,8408,.webp,undefined,unused,"未引用（保留索引）"
res/-r6.xml,1120,.xml,undefined,unused,"未引用（保留索引）"
res/-rW.png,695,.png,undefined,unused,"未引用（保留索引）"
res/-rW.xml,4188,.xml,undefined,unused,"未引用（保留索引）"
res/-s-.webp,1786,.webp,undefined,unused,"未引用（保留索引）"
res/-sA.png,1406,.png,undefined,unused,"未引用（保留索引）"
res/-sG.xml,464,.xml,undefined,unused,"未引用（保留索引）"
res/-sJ.png,60744,.png,undefined,unused,"未引用（保留索引）"
res/-sM.png,536,.png,undefined,unused,"未引用（保留索引）"
res/-sX.xml,1076,.xml,undefined,unused,"未引用（保留索引）"
res/-si.webp,552,.webp,undefined,unused,"未引用（保留索引）"
res/-tn.xml,2040,.xml,undefined,unused,"未引用（保留索引）"
res/-ur.webp,230,.webp,undefined,unused,"未引用（保留索引）"
res/-uu.xml,1100,.xml,undefined,unused,"未引用（保留索引）"
res/-vK.webp,280,.webp,undefined,unused,"未引用（保留索引）"
res/-vK.xml,6312,.xml,undefined,unused,"未引用（保留索引）"
res/-vu.xml,27132,.xml,undefined,unused,"未引用（保留索引）"
res/-wT.xml,860,.xml,undefined,unused,"未引用（保留索引）"
res/-wW.png,291,.png,undefined,unused,"未引用（保留索引）"
res/-wW1.png,1072,.png,undefined,unused,"未引用（保留索引）"
res/-x-.xml,2484,.xml,undefined,unused,"未引用（保留索引）"
res/-xO.xml,472,.xml,undefined,unused,"未引用（保留索引）"
res/-xh.png,2009,.png,undefined,unused,"未引用（保留索引）"
res/-zd.webp,502,.webp,undefined,unused,"未引用（保留索引）"
res/0-F.webp,14660,.webp,undefined,unused,"未引用（保留索引）"
res/00q.png,56464,.png,undefined,unused,"未引用（保留索引）"
res/01P.webp,19188,.webp,undefined,unused,"未引用（保留索引）"
res/02a.png,478,.png,undefined,unused,"未引用（保留索引）"
res/033.png,383,.png,undefined,unused,"未引用（保留索引）"
res/039.png,1172,.png,undefined,unused,"未引用（保留索引）"
res/03W.png,319,.png,undefined,unused,"未引用（保留索引）"
res/03e.xml,516,.xml,undefined,unused,"未引用（保留索引）"
res/048.png,14786,.png,undefined,unused,"未引用（保留索引）"
res/04I.webp,932,.webp,undefined,unused,"未引用（保留索引）"
res/04b.png,254,.png,undefined,unused,"未引用（保留索引）"
res/04w.xml,1292,.xml,undefined,unused,"未引用（保留索引）"
res/052.png,6950,.png,undefined,unused,"未引用（保留索引）"
res/05O.png,1042,.png,undefined,unused,"未引用（保留索引）"
res/05T.xml,3080,.xml,undefined,unused,"未引用（保留索引）"
res/05j.png,8945,.png,undefined,unused,"未引用（保留索引）"
res/05o.xml,4620,.xml,undefined,unused,"未引用（保留索引）"
res/06b.xml,2116,.xml,undefined,unused,"未引用（保留索引）"
res/06h.png,404,.png,undefined,unused,"未引用（保留索引）"
res/079.png,618,.png,undefined,unused,"未引用（保留索引）"
res/08L.png,99597,.png,undefined,unused,"未引用（保留索引）"
res/09U.9.png,212,.png,undefined,unused,"未引用（保留索引）"
res/0Ac.xml,2744,.xml,undefined,unused,"未引用（保留索引）"
res/0An.xml,448,.xml,undefined,unused,"未引用（保留索引）"
res/0BO.xml,5076,.xml,undefined,unused,"未引用（保留索引）"
res/0BW.png,12963,.png,undefined,unused,"未引用（保留索引）"
res/0Da.png,9160,.png,undefined,unused,"未引用（保留索引）"
res/0Dr.xml,1236,.xml,undefined,unused,"未引用（保留索引）"
res/0EC.xml,484,.xml,undefined,unused,"未引用（保留索引）"
res/0FJ.webp,880,.webp,undefined,unused,"未引用（保留索引）"
res/0Fe.xml,1160,.xml,undefined,unused,"未引用（保留索引）"
res/0Fi.png,214,.png,undefined,unused,"未引用（保留索引）"
res/0Fr.xml,884,.xml,undefined,unused,"未引用（保留索引）"
res/0G-.webp,1774,.webp,undefined,unused,"未引用（保留索引）"
res/0HT.png,2047,.png,undefined,unused,"未引用（保留索引）"
res/0HZ.webp,18810,.webp,undefined,unused,"未引用（保留索引）"
res/0Hb.png,284,.png,undefined,unused,"未引用（保留索引）"
res/0Hc.9.png,207,.png,undefined,unused,"未引用（保留索引）"
res/0Hq.xml,8644,.xml,undefined,unused,"未引用（保留索引）"
res/0I0.png,19663,.png,undefined,unused,"未引用（保留索引）"
res/0IM.png,5919,.png,undefined,unused,"未引用（保留索引）"
res/0IQ.png,1265,.png,undefined,unused,"未引用（保留索引）"
res/0Ig.png,432,.png,undefined,unused,"未引用（保留索引）"
res/0J0.xml,812,.xml,undefined,unused,"未引用（保留索引）"
res/0J1.xml,876,.xml,undefined,unused,"未引用（保留索引）"
res/0JJ.webp,1602,.webp,undefined,unused,"未引用（保留索引）"
res/0Jr.xml,2456,.xml,undefined,unused,"未引用（保留索引）"
res/0K8.png,222,.png,undefined,unused,"未引用（保留索引）"
res/0KE.png,1019,.png,undefined,unused,"未引用（保留索引）"
res/0KJ.xml,2236,.xml,undefined,unused,"未引用（保留索引）"
res/0KS.png,2681,.png,undefined,unused,"未引用（保留索引）"
res/0Kt.png,1124,.png,undefined,unused,"未引用（保留索引）"
res/0L3.webp,8624,.webp,undefined,unused,"未引用（保留索引）"
res/0LH.png,9951,.png,undefined,unused,"未引用（保留索引）"
res/0LL.webp,1498,.webp,undefined,unused,"未引用（保留索引）"
res/0LW.png,607,.png,undefined,unused,"未引用（保留索引）"
res/0LY.png,592,.png,undefined,unused,"未引用（保留索引）"
res/0M-.webp,8972,.webp,undefined,unused,"未引用（保留索引）"
res/0MB.png,307,.png,undefined,unused,"未引用（保留索引）"
res/0MG.webp,2768,.webp,undefined,unused,"未引用（保留索引）"
res/0MJ.xml,488,.xml,undefined,unused,"未引用（保留索引）"
res/0MM.webp,1688,.webp,undefined,unused,"未引用（保留索引）"
res/0Mx.png,5900,.png,undefined,unused,"未引用（保留索引）"
res/0Mz.png,2443,.png,undefined,unused,"未引用（保留索引）"
res/0N2.png,1931,.png,undefined,unused,"未引用（保留索引）"
res/0N6.xml,2036,.xml,undefined,unused,"未引用（保留索引）"
res/0N61.xml,592,.xml,undefined,unused,"未引用（保留索引）"
res/0NA.png,14452,.png,undefined,unused,"未引用（保留索引）"
res/0NN.webp,1584,.webp,undefined,unused,"未引用（保留索引）"
res/0NZ.webp,774,.webp,undefined,unused,"未引用（保留索引）"
res/0Nc.png,1226,.png,undefined,unused,"未引用（保留索引）"
res/0Oo.xml,14020,.xml,undefined,unused,"未引用（保留索引）"
res/0Op.xml,484,.xml,undefined,unused,"未引用（保留索引）"
res/0P4.xml,3908,.xml,undefined,unused,"未引用（保留索引）"
res/0P8.png,2739,.png,undefined,unused,"未引用（保留索引）"
res/0PM.png,16346,.png,undefined,unused,"未引用（保留索引）"
res/0PP.webp,1732,.webp,undefined,unused,"未引用（保留索引）"
res/0Po.webp,2264,.webp,undefined,unused,"未引用（保留索引）"
res/0Q3.xml,1224,.xml,undefined,unused,"未引用（保留索引）"
res/0QQ.webp,908,.webp,undefined,unused,"未引用（保留索引）"
res/0Qc.png,5520,.png,undefined,unused,"未引用（保留索引）"
res/0R4.9.png,6036,.png,undefined,unused,"未引用（保留索引）"
res/0R8.xml,3324,.xml,undefined,unused,"未引用（保留索引）"
res/0Rg.png,88266,.png,undefined,unused,"未引用（保留索引）"
res/0TY.png,237,.png,undefined,unused,"未引用（保留索引）"
res/0UG.webp,90690,.webp,undefined,unused,"未引用（保留索引）"
res/0VI.png,2346,.png,undefined,unused,"未引用（保留索引）"
res/0VK.png,318,.png,undefined,unused,"未引用（保留索引）"
res/0VS.xml,916,.xml,undefined,unused,"未引用（保留索引）"
res/0Vq.webp,11430,.webp,undefined,unused,"未引用（保留索引）"
res/0X6.xml,520,.xml,undefined,unused,"未引用（保留索引）"
res/0XU.xml,3856,.xml,undefined,unused,"未引用（保留索引）"
res/0Xb.webp,17252,.webp,undefined,unused,"未引用（保留索引）"
res/0Yz.xml,2408,.xml,undefined,unused,"未引用（保留索引）"
res/0ZD.png,1312,.png,undefined,unused,"未引用（保留索引）"
res/0ZF.xml,484,.xml,undefined,unused,"未引用（保留索引）"
res/0Ze.xml,576,.xml,undefined,unused,"未引用（保留索引）"
res/0Zj.png,548,.png,undefined,unused,"未引用（保留索引）"
res/0_9.png,1156,.png,undefined,unused,"未引用（保留索引）"
res/0_Q.webp,3825,.webp,undefined,unused,"未引用（保留索引）"
res/0_V.webp,73734,.webp,undefined,unused,"未引用（保留索引）"
res/0_o.png,596,.png,undefined,unused,"未引用（保留索引）"
res/0a5.webp,948,.webp,undefined,unused,"未引用（保留索引）"
res/0aE.xml,5564,.xml,undefined,unused,"未引用（保留索引）"
res/0am.xml,6540,.xml,undefined,unused,"未引用（保留索引）"
res/0b2.xml,464,.xml,undefined,unused,"未引用（保留索引）"
res/0c2.xml,2460,.xml,undefined,unused,"未引用（保留索引）"
res/0cH.png,64773,.png,undefined,unused,"未引用（保留索引）"
res/0cS.xml,1008,.xml,undefined,unused,"未引用（保留索引）"
res/0cd.webp,8194,.webp,undefined,unused,"未引用（保留索引）"
res/0ck.png,1885,.png,undefined,unused,"未引用（保留索引）"
res/0cs.webp,9942,.webp,undefined,unused,"未引用（保留索引）"
res/0dQ.xml,1672,.xml,undefined,unused,"未引用（保留索引）"
res/0dj.webp,7042,.webp,undefined,unused,"未引用（保留索引）"
res/0dq.xml,1060,.xml,undefined,unused,"未引用（保留索引）"
res/0fl.xml,880,.xml,undefined,unused,"未引用（保留索引）"
res/0fw.xml,440,.xml,undefined,unused,"未引用（保留索引）"
res/0hD.xml,528,.xml,undefined,unused,"未引用（保留索引）"
res/0hz.xml,1020,.xml,undefined,unused,"未引用（保留索引）"
res/0iC.xml,488,.xml,undefined,unused,"未引用（保留索引）"
res/0iU.xml,4844,.xml,undefined,unused,"未引用（保留索引）"
res/0ig.xml,23020,.xml,undefined,unused,"未引用（保留索引）"
res/0iq.webp,1262,.webp,undefined,unused,"未引用（保留索引）"
res/0iw.png,54805,.png,undefined,unused,"未引用（保留索引）"
res/0j2.png,67,.png,undefined,unused,"未引用（保留索引）"
res/0j9.xml,1140,.xml,undefined,unused,"未引用（保留索引）"
res/0jC.png,1093,.png,undefined,unused,"未引用（保留索引）"
res/0jP.png,1385,.png,undefined,unused,"未引用（保留索引）"
res/0lE.webp,72234,.webp,undefined,unused,"未引用（保留索引）"
res/0lG.xml,3952,.xml,undefined,unused,"未引用（保留索引）"
res/0la.png,3051,.png,undefined,unused,"未引用（保留索引）"
res/0mE.webp,28672,.webp,undefined,unused,"未引用（保留索引）"
res/0mZ.xml,7364,.xml,undefined,unused,"未引用（保留索引）"
res/0nA.xml,12356,.xml,undefined,unused,"未引用（保留索引）"
res/0nE.webp,26906,.webp,undefined,unused,"未引用（保留索引）"
res/0nG.webp,1870,.webp,undefined,unused,"未引用（保留索引）"
res/0nL.png,51294,.png,undefined,unused,"未引用（保留索引）"
res/0o4.png,17923,.png,undefined,unused,"未引用（保留索引）"
res/0oL.png,40446,.png,undefined,unused,"未引用（保留索引）"
res/0oL.webp,1608,.webp,undefined,unused,"未引用（保留索引）"
res/0ol.png,16843,.png,undefined,unused,"未引用（保留索引）"
res/0op.png,5771,.png,undefined,unused,"未引用（保留索引）"
res/0ou.webp,70870,.webp,undefined,unused,"未引用（保留索引）"
res/0p-.xml,484,.xml,undefined,unused,"未引用（保留索引）"
res/0p1.png,184,.png,undefined,unused,"未引用（保留索引）"
res/0p8.xml,468,.xml,undefined,unused,"未引用（保留索引）"
res/0pd.png,6073,.png,undefined,unused,"未引用（保留索引）"
res/0qa.xml,4408,.xml,undefined,unused,"未引用（保留索引）"
res/0rG.xml,8928,.xml,undefined,unused,"未引用（保留索引）"
res/0rL.png,1792,.png,undefined,unused,"未引用（保留索引）"
res/0rR.png,559,.png,undefined,unused,"未引用（保留索引）"
res/0rm.png,3380,.png,undefined,unused,"未引用（保留索引）"
res/0sh.xml,468,.xml,undefined,unused,"未引用（保留索引）"
res/0tM.png,1758,.png,undefined,unused,"未引用（保留索引）"
res/0tr.webp,1682,.webp,undefined,unused,"未引用（保留索引）"
res/0u9.xml,5080,.xml,undefined,unused,"未引用（保留索引）"
res/0uJ.png,11082,.png,undefined,unused,"未引用（保留索引）"
res/0uV.png,144961,.png,undefined,unused,"未引用（保留索引）"
res/0vl.png,1350,.png,undefined,unused,"未引用（保留索引）"
res/0vz.png,425,.png,undefined,unused,"未引用（保留索引）"
res/0w3.png,1419,.png,undefined,unused,"未引用（保留索引）"
res/0wo.xml,1144,.xml,undefined,unused,"未引用（保留索引）"
res/0xZ.xml,2652,.xml,undefined,unused,"未引用（保留索引）"
res/0xp.png,1171,.png,undefined,unused,"未引用（保留索引）"
res/0yO.png,1225,.png,undefined,unused,"未引用（保留索引）"
res/0z5.xml,8264,.xml,undefined,unused,"未引用（保留索引）"
res/0zp.xml,3840,.xml,undefined,unused,"未引用（保留索引）"
res/0zv.xml,464,.xml,undefined,unused,"未引用（保留索引）"
res/1-7.png,749,.png,undefined,unused,"未引用（保留索引）"
res/1-s.xml,728,.xml,undefined,unused,"未引用（保留索引）"
res/102.png,66200,.png,undefined,unused,"未引用（保留索引）"
res/10J.png,2021,.png,undefined,unused,"未引用（保留索引）"
res/10R.png,41438,.png,undefined,unused,"未引用（保留索引）"
res/10R1.png,22483,.png,undefined,unused,"未引用（保留索引）"
res/10i.xml,1640,.xml,undefined,unused,"未引用（保留索引）"
res/10r.webp,700,.webp,undefined,unused,"未引用（保留索引）"
res/11S.png,2893,.png,undefined,unused,"未引用（保留索引）"
res/11p.png,31356,.png,undefined,unused,"未引用（保留索引）"
res/11r.png,159,.png,undefined,unused,"未引用（保留索引）"
res/12B.webp,59374,.webp,undefined,unused,"未引用（保留索引）"
res/12O.xml,3064,.xml,undefined,unused,"未引用（保留索引）"
res/134.xml,1784,.xml,undefined,unused,"未引用（保留索引）"
res/13V.xml,2116,.xml,undefined,unused,"未引用（保留索引）"
res/13y.webp,588,.webp,undefined,unused,"未引用（保留索引）"
res/15S.png,8705,.png,undefined,unused,"未引用（保留索引）"
res/165.png,9530,.png,undefined,unused,"未引用（保留索引）"
res/16G.png,490,.png,undefined,unused,"未引用（保留索引）"
res/16f.png,2720,.png,undefined,unused,"未引用（保留索引）"
res/17h.webp,374,.webp,undefined,unused,"未引用（保留索引）"
res/18A.xml,3248,.xml,undefined,unused,"未引用（保留索引）"
res/18M.xml,716,.xml,undefined,unused,"未引用（保留索引）"
res/18i.png,4394,.png,undefined,unused,"未引用（保留索引）"
res/18t.png,644,.png,undefined,unused,"未引用（保留索引）"
res/19-.png,125,.png,undefined,unused,"未引用（保留索引）"
res/198.png,114,.png,undefined,unused,"未引用（保留索引）"
res/199.png,131,.png,undefined,unused,"未引用（保留索引）"
res/19B.png,110,.png,undefined,unused,"未引用（保留索引）"
res/19C.png,104,.png,undefined,unused,"未引用（保留索引）"
res/19D.png,120,.png,undefined,unused,"未引用（保留索引）"
res/19T.xml,604,.xml,undefined,unused,"未引用（保留索引）"
res/1A0.png,9119,.png,undefined,unused,"未引用（保留索引）"
res/1A9.xml,12524,.xml,undefined,unused,"未引用（保留索引）"
res/1AB.webp,34778,.webp,undefined,unused,"未引用（保留索引）"
res/1B3.xml,532,.xml,undefined,unused,"未引用（保留索引）"
res/1C1.xml,5192,.xml,undefined,unused,"未引用（保留索引）"
res/1CL.9.png,388,.png,undefined,unused,"未引用（保留索引）"
res/1Cz.xml,3696,.xml,undefined,unused,"未引用（保留索引）"
res/1DK.png,2458,.png,undefined,unused,"未引用（保留索引）"
res/1DK.webp,7328,.webp,undefined,unused,"未引用（保留索引）"
res/1DV.xml,880,.xml,undefined,unused,"未引用（保留索引）"
res/1Dd.xml,4112,.xml,undefined,unused,"未引用（保留索引）"
res/1E_.xml,484,.xml,undefined,unused,"未引用（保留索引）"
res/1Eh.png,10061,.png,undefined,unused,"未引用（保留索引）"
res/1Ep.png,69471,.png,undefined,unused,"未引用（保留索引）"
res/1Ex.xml,7104,.xml,undefined,unused,"未引用（保留索引）"
res/1GJ.xml,1036,.xml,undefined,unused,"未引用（保留索引）"
res/1GK.png,8609,.png,undefined,unused,"未引用（保留索引）"
res/1GZ.xml,1672,.xml,undefined,unused,"未引用（保留索引）"
res/1Gs.png,3346,.png,undefined,unused,"未引用（保留索引）"
res/1HM.png,7504,.png,undefined,unused,"未引用（保留索引）"
res/1Hu.webp,66292,.webp,undefined,unused,"未引用（保留索引）"
res/1Hv.xml,488,.xml,undefined,unused,"未引用（保留索引）"
res/1IL.png,5570,.png,undefined,unused,"未引用（保留索引）"
res/1Ic.xml,2272,.xml,undefined,unused,"未引用（保留索引）"
res/1Ix.png,20565,.png,undefined,unused,"未引用（保留索引）"
res/1Iz.9.png,738,.png,undefined,unused,"未引用（保留索引）"
res/1JQ.webp,3720,.webp,undefined,unused,"未引用（保留索引）"
res/1Ja.xml,11608,.xml,undefined,unused,"未引用（保留索引）"
res/1KB.xml,1696,.xml,undefined,unused,"未引用（保留索引）"
res/1KJ.png,9809,.png,undefined,unused,"未引用（保留索引）"
res/1K_.xml,500,.xml,undefined,unused,"未引用（保留索引）"
res/1LF.xml,464,.xml,undefined,unused,"未引用（保留索引）"
res/1LL.xml,1128,.xml,undefined,unused,"未引用（保留索引）"
res/1LY.xml,2660,.xml,undefined,unused,"未引用（保留索引）"
res/1Lx.png,2702,.png,undefined,unused,"未引用（保留索引）"
res/1MB.png,4764,.png,undefined,unused,"未引用（保留索引）"
res/1N0.xml,836,.xml,undefined,unused,"未引用（保留索引）"
res/1ND.png,17448,.png,undefined,unused,"未引用（保留索引）"
res/1NS.png,4707,.png,undefined,unused,"未引用（保留索引）"
res/1Nh.png,105720,.png,undefined,unused,"未引用（保留索引）"
res/1Nr.png,1522,.png,undefined,unused,"未引用（保留索引）"
res/1OB.png,372,.png,undefined,unused,"未引用（保留索引）"
res/1P1.xml,3296,.xml,undefined,unused,"未引用（保留索引）"
res/1PF.png,26601,.png,undefined,unused,"未引用（保留索引）"
res/1PL.xml,704,.xml,undefined,unused,"未引用（保留索引）"
res/1PN.png,502,.png,undefined,unused,"未引用（保留索引）"
res/1PR.xml,748,.xml,undefined,unused,"未引用（保留索引）"
res/1Pw.xml,2456,.xml,undefined,unused,"未引用（保留索引）"
res/1Qi.9.png,6028,.png,undefined,unused,"未引用（保留索引）"
res/1SV.xml,468,.xml,undefined,unused,"未引用（保留索引）"
res/1TB.png,6284,.png,undefined,unused,"未引用（保留索引）"
res/1Tc.xml,8012,.xml,undefined,unused,"未引用（保留索引）"
res/1U0.png,50764,.png,undefined,unused,"未引用（保留索引）"
res/1UG.xml,2512,.xml,undefined,unused,"未引用（保留索引）"
res/1UZ.webp,596,.webp,undefined,unused,"未引用（保留索引）"
res/1V0.xml,552,.xml,undefined,unused,"未引用（保留索引）"
res/1VL.xml,740,.xml,undefined,unused,"未引用（保留索引）"
res/1Vg.xml,336,.xml,undefined,unused,"未引用（保留索引）"
res/1W3.xml,1804,.xml,undefined,unused,"未引用（保留索引）"
res/1W6.xml,2804,.xml,undefined,unused,"未引用（保留索引）"
res/1WA.xml,1016,.xml,undefined,unused,"未引用（保留索引）"
res/1WH.png,21364,.png,undefined,unused,"未引用（保留索引）"
res/1WO.png,886,.png,undefined,unused,"未引用（保留索引）"
res/1WP.png,988,.png,undefined,unused,"未引用（保留索引）"
res/1Wh.png,788,.png,undefined,unused,"未引用（保留索引）"
res/1Ws.webp,1566,.webp,undefined,unused,"未引用（保留索引）"
res/1X3.xml,5128,.xml,undefined,unused,"未引用（保留索引）"
res/1XC.png,521,.png,undefined,unused,"未引用（保留索引）"
res/1XS.png,3154,.png,undefined,unused,"未引用（保留索引）"
res/1XU.xml,3300,.xml,undefined,unused,"未引用（保留索引）"
res/1YB.xml,3736,.xml,undefined,unused,"未引用（保留索引）"
res/1Yl.xml,1092,.xml,undefined,unused,"未引用（保留索引）"
res/1Zn.xml,1984,.xml,undefined,unused,"未引用（保留索引）"
res/1Zo.webp,760,.webp,undefined,unused,"未引用（保留索引）"
res/1Zy.png,3211,.png,undefined,unused,"未引用（保留索引）"
res/1_P.webp,166,.webp,undefined,unused,"未引用（保留索引）"
res/1aR.png,2777,.png,undefined,unused,"未引用（保留索引）"
res/1bc.xml,2632,.xml,undefined,unused,"未引用（保留索引）"
res/1bw.webp,3466,.webp,undefined,unused,"未引用（保留索引）"
res/1cl.webp,26442,.webp,undefined,unused,"未引用（保留索引）"
res/1co.webp,1670,.webp,undefined,unused,"未引用（保留索引）"
res/1cp.xml,3052,.xml,undefined,unused,"未引用（保留索引）"
res/1cp1.xml,704,.xml,undefined,unused,"未引用（保留索引）"
res/1d2.webp,726,.webp,undefined,unused,"未引用（保留索引）"
res/1dH.webp,25920,.webp,undefined,unused,"未引用（保留索引）"
res/1dR.xml,1028,.xml,undefined,unused,"未引用（保留索引）"
res/1dv.xml,3300,.xml,undefined,unused,"未引用（保留索引）"
res/1ej.png,383,.png,undefined,unused,"未引用（保留索引）"
res/1f5.xml,1576,.xml,undefined,unused,"未引用（保留索引）"
res/1fW.xml,8228,.xml,undefined,unused,"未引用（保留索引）"
res/1fo.webp,1662,.webp,undefined,unused,"未引用（保留索引）"
res/1fw.xml,3488,.xml,undefined,unused,"未引用（保留索引）"
res/1g5.xml,1692,.xml,undefined,unused,"未引用（保留索引）"
res/1hC.webp,23392,.webp,undefined,unused,"未引用（保留索引）"
res/1hq.xml,2152,.xml,undefined,unused,"未引用（保留索引）"
res/1i3.png,491,.png,undefined,unused,"未引用（保留索引）"
res/1ib.png,903,.png,undefined,unused,"未引用（保留索引）"
res/1jE.xml,1680,.xml,undefined,unused,"未引用（保留索引）"
res/1jG.webp,666,.webp,undefined,unused,"未引用（保留索引）"
res/1ji.png,484,.png,undefined,unused,"未引用（保留索引）"
res/1k-.xml,696,.xml,undefined,unused,"未引用（保留索引）"
res/1kK.xml,2980,.xml,undefined,unused,"未引用（保留索引）"
res/1kg.webp,2922,.webp,undefined,unused,"未引用（保留索引）"
res/1kh.xml,988,.xml,undefined,unused,"未引用（保留索引）"
res/1lx.xml,612,.xml,undefined,unused,"未引用（保留索引）"
res/1m2.xml,860,.xml,undefined,unused,"未引用（保留索引）"
res/1nV.xml,636,.xml,undefined,unused,"未引用（保留索引）"
res/1nY.xml,1076,.xml,undefined,unused,"未引用（保留索引）"
res/1na.png,271,.png,undefined,unused,"未引用（保留索引）"
res/1na.webp,3582,.webp,undefined,unused,"未引用（保留索引）"
res/1o_.png,1993,.png,undefined,unused,"未引用（保留索引）"
res/1oo.png,3251,.png,undefined,unused,"未引用（保留索引）"
res/1pC.xml,4860,.xml,undefined,unused,"未引用（保留索引）"
res/1pD.xml,3452,.xml,undefined,unused,"未引用（保留索引）"
res/1pw.xml,484,.xml,undefined,unused,"未引用（保留索引）"
res/1q7.xml,1964,.xml,undefined,unused,"未引用（保留索引）"
res/1qR.webp,1126,.webp,undefined,unused,"未引用（保留索引）"
res/1rc.9.png,887,.png,undefined,unused,"未引用（保留索引）"
res/1ro.xml,4652,.xml,undefined,unused,"未引用（保留索引）"
res/1sF.png,142809,.png,undefined,unused,"未引用（保留索引）"
res/1sk.xml,596,.xml,undefined,unused,"未引用（保留索引）"
res/1sy.webp,31690,.webp,undefined,unused,"未引用（保留索引）"
res/1t8.xml,788,.xml,undefined,unused,"未引用（保留索引）"
res/1td.png,5359,.png,undefined,unused,"未引用（保留索引）"
res/1tv.png,16504,.png,undefined,unused,"未引用（保留索引）"
res/1uO.webp,334,.webp,undefined,unused,"未引用（保留索引）"
res/1uV.xml,1008,.xml,undefined,unused,"未引用（保留索引）"
res/1ug.png,13236,.png,undefined,unused,"未引用（保留索引）"
res/1ux.xml,400,.xml,undefined,unused,"未引用（保留索引）"
res/1vQ.png,3766,.png,undefined,unused,"未引用（保留索引）"
res/1vk.webp,202962,.webp,undefined,unused,"未引用（保留索引）"
res/1vr.png,67,.png,undefined,unused,"未引用（保留索引）"
res/1w_.xml,688,.xml,undefined,unused,"未引用（保留索引）"
res/1wm.png,3688,.png,undefined,unused,"未引用（保留索引）"
res/1wu.png,10005,.png,undefined,unused,"未引用（保留索引）"
res/1xm.xml,1788,.xml,undefined,unused,"未引用（保留索引）"
res/1xz.webp,5804,.webp,undefined,unused,"未引用（保留索引）"
res/1y1.xml,516,.xml,undefined,unused,"未引用（保留索引）"
res/1yJ.png,38231,.png,undefined,unused,"未引用（保留索引）"
res/1yP.xml,5608,.xml,undefined,unused,"未引用（保留索引）"
res/1yQ.xml,892,.xml,undefined,unused,"未引用（保留索引）"
res/1yc.xml,10160,.xml,undefined,unused,"未引用（保留索引）"
res/1yf.xml,916,.xml,undefined,unused,"未引用（保留索引）"
res/1yz.xml,3176,.xml,undefined,unused,"未引用（保留索引）"
res/1z0.png,4892,.png,undefined,unused,"未引用（保留索引）"
res/1zF.png,242,.png,undefined,unused,"未引用（保留索引）"
res/1zK.xml,4092,.xml,undefined,unused,"未引用（保留索引）"
res/1zk.webp,2628,.webp,undefined,unused,"未引用（保留索引）"
res/1zq.png,588,.png,undefined,unused,"未引用（保留索引）"
res/1zs.xml,2936,.xml,undefined,unused,"未引用（保留索引）"
res/1zw.xml,704,.xml,undefined,unused,"未引用（保留索引）"
res/2-1.xml,1044,.xml,undefined,unused,"未引用（保留索引）"
res/2-6.png,48609,.png,undefined,unused,"未引用（保留索引）"
res/2-B.png,3354,.png,undefined,unused,"未引用（保留索引）"
res/20Q.xml,1136,.xml,undefined,unused,"未引用（保留索引）"
res/20W.webp,6054,.webp,undefined,unused,"未引用（保留索引）"
res/214.png,515,.png,undefined,unused,"未引用（保留索引）"
res/231.png,4754,.png,undefined,unused,"未引用（保留索引）"
res/23C.xml,312,.xml,undefined,unused,"未引用（保留索引）"
res/23S.xml,2824,.xml,undefined,unused,"未引用（保留索引）"
res/23f.png,34078,.png,undefined,unused,"未引用（保留索引）"
res/23n.xml,3412,.xml,undefined,unused,"未引用（保留索引）"
res/23q.xml,468,.xml,undefined,unused,"未引用（保留索引）"
res/248.xml,776,.xml,undefined,unused,"未引用（保留索引）"
res/249.jpg,1032,.jpg,undefined,unused,"未引用（保留索引）"
res/24A.xml,6524,.xml,undefined,unused,"未引用（保留索引）"
res/24K.xml,3732,.xml,undefined,unused,"未引用（保留索引）"
res/24V.xml,5332,.xml,undefined,unused,"未引用（保留索引）"
res/24w.webp,6752,.webp,undefined,unused,"未引用（保留索引）"
res/26B.xml,2360,.xml,undefined,unused,"未引用（保留索引）"
res/27d.xml,2112,.xml,undefined,unused,"未引用（保留索引）"
res/28O.xml,2088,.xml,undefined,unused,"未引用（保留索引）"
res/28Z.png,344,.png,undefined,unused,"未引用（保留索引）"
res/2A7.webp,3882,.webp,undefined,unused,"未引用（保留索引）"
res/2AH.webp,7026,.webp,undefined,unused,"未引用（保留索引）"
res/2AK.xml,1000,.xml,undefined,unused,"未引用（保留索引）"
res/2AW.xml,1576,.xml,undefined,unused,"未引用（保留索引）"
res/2AY.png,6591,.png,undefined,unused,"未引用（保留索引）"
res/2A_.xml,952,.xml,undefined,unused,"未引用（保留索引）"
res/2Ap.png,3344,.png,undefined,unused,"未引用（保留索引）"
res/2B2.png,68471,.png,undefined,unused,"未引用（保留索引）"
res/2B2.xml,1268,.xml,undefined,unused,"未引用（保留索引）"
res/2C8.9.png,207,.png,undefined,unused,"未引用（保留索引）"
res/2Ce.png,67,.png,undefined,unused,"未引用（保留索引）"
res/2Di.xml,940,.xml,undefined,unused,"未引用（保留索引）"
res/2Do.xml,920,.xml,undefined,unused,"未引用（保留索引）"
res/2Dp.webp,340680,.webp,undefined,unused,"未引用（保留索引）"
res/2GU.webp,2244,.webp,undefined,unused,"未引用（保留索引）"
res/2Gb.webp,672,.webp,undefined,unused,"未引用（保留索引）"
res/2HC.png,5360,.png,undefined,unused,"未引用（保留索引）"
res/2HT.xml,2696,.xml,undefined,unused,"未引用（保留索引）"
res/2I4.webp,1958,.webp,undefined,unused,"未引用（保留索引）"
res/2IH.png,914,.png,undefined,unused,"未引用（保留索引）"
res/2Ik.xml,464,.xml,undefined,unused,"未引用（保留索引）"
res/2JM.xml,4276,.xml,undefined,unused,"未引用（保留索引）"
res/2Jo.png,2021,.png,undefined,unused,"未引用（保留索引）"
res/2Jw.xml,704,.xml,undefined,unused,"未引用（保留索引）"
res/2Jx.webp,3976,.webp,undefined,unused,"未引用（保留索引）"
res/2L7.jpg,0,.jpg,undefined,unused,"未引用（保留索引）"
res/2LB.xml,488,.xml,undefined,unused,"未引用（保留索引）"
res/2LX.webp,472,.webp,undefined,unused,"未引用（保留索引）"
res/2Lk.png,188,.png,undefined,unused,"未引用（保留索引）"
res/2Mg.xml,1384,.xml,undefined,unused,"未引用（保留索引）"
res/2NW.png,367,.png,undefined,unused,"未引用（保留索引）"
res/2Nl.xml,1204,.xml,undefined,unused,"未引用（保留索引）"
res/2O3.png,12535,.png,undefined,unused,"未引用（保留索引）"
res/2Ov.xml,836,.xml,undefined,unused,"未引用（保留索引）"
res/2P4.png,4415,.png,undefined,unused,"未引用（保留索引）"
res/2P_.png,7662,.png,undefined,unused,"未引用（保留索引）"
res/2Pf.xml,484,.xml,undefined,unused,"未引用（保留索引）"
res/2Po.png,5709,.png,undefined,unused,"未引用（保留索引）"
res/2Pv.xml,1400,.xml,undefined,unused,"未引用（保留索引）"
res/2Q-.webp,5056,.webp,undefined,unused,"未引用（保留索引）"
res/2QU.xml,6988,.xml,undefined,unused,"未引用（保留索引）"
res/2RP.webp,4166,.webp,undefined,unused,"未引用（保留索引）"
res/2Rc.xml,520,.xml,undefined,unused,"未引用（保留索引）"
res/2S7.png,2444,.png,undefined,unused,"未引用（保留索引）"
res/2SB.webp,4756,.webp,undefined,unused,"未引用（保留索引）"
res/2SW.png,6710,.png,undefined,unused,"未引用（保留索引）"
res/2TX.xml,420,.xml,undefined,unused,"未引用（保留索引）"
res/2Uc.webp,1098,.webp,undefined,unused,"未引用（保留索引）"
res/2Ut.webp,5860,.webp,undefined,unused,"未引用（保留索引）"
res/2Uu.xml,924,.xml,undefined,unused,"未引用（保留索引）"
res/2V9.9.png,6761,.png,undefined,unused,"未引用（保留索引）"
res/2VF.png,1695,.png,undefined,unused,"未引用（保留索引）"
res/2VQ.png,288,.png,undefined,unused,"未引用（保留索引）"
res/2W2.png,649,.png,undefined,unused,"未引用（保留索引）"
res/2W9.xml,2764,.xml,undefined,unused,"未引用（保留索引）"
res/2WX.png,1423,.png,undefined,unused,"未引用（保留索引）"
res/2Wr.png,359,.png,undefined,unused,"未引用（保留索引）"
res/2X3.xml,3244,.xml,undefined,unused,"未引用（保留索引）"
res/2X9.png,3612,.png,undefined,unused,"未引用（保留索引）"
res/2XO.png,1157,.png,undefined,unused,"未引用（保留索引）"
res/2XR.xml,1324,.xml,undefined,unused,"未引用（保留索引）"
res/2YD.png,280,.png,undefined,unused,"未引用（保留索引）"
res/2YE.png,366,.png,undefined,unused,"未引用（保留索引）"
res/2Z-.webp,500,.webp,undefined,unused,"未引用（保留索引）"
res/2Z5.png,404,.png,undefined,unused,"未引用（保留索引）"
res/2_i.png,268,.png,undefined,unused,"未引用（保留索引）"
res/2_n.png,4457,.png,undefined,unused,"未引用（保留索引）"
res/2a0.png,473,.png,undefined,unused,"未引用（保留索引）"
res/2aI.png,1933,.png,undefined,unused,"未引用（保留索引）"
res/2bP.xml,13280,.xml,undefined,unused,"未引用（保留索引）"
res/2bb.png,951,.png,undefined,unused,"未引用（保留索引）"
res/2ch.xml,632,.xml,undefined,unused,"未引用（保留索引）"
res/2ck.webp,5340,.webp,undefined,unused,"未引用（保留索引）"
res/2dk.xml,724,.xml,undefined,unused,"未引用（保留索引）"
res/2eE.xml,1804,.xml,undefined,unused,"未引用（保留索引）"
res/2fd.png,514,.png,undefined,unused,"未引用（保留索引）"
res/2fh.xml,584,.xml,undefined,unused,"未引用（保留索引）"
res/2fr.png,325,.png,undefined,unused,"未引用（保留索引）"
res/2gO.png,3656,.png,undefined,unused,"未引用（保留索引）"
res/2gg.png,6482,.png,undefined,unused,"未引用（保留索引）"
res/2io.png,7048,.png,undefined,unused,"未引用（保留索引）"
res/2j0.xml,588,.xml,undefined,unused,"未引用（保留索引）"
res/2jC.xml,3560,.xml,undefined,unused,"未引用（保留索引）"
res/2jj.xml,780,.xml,undefined,unused,"未引用（保留索引）"
res/2k5.png,9943,.png,undefined,unused,"未引用（保留索引）"
res/2kF.xml,684,.xml,undefined,unused,"未引用（保留索引）"
res/2kL.png,2273,.png,undefined,unused,"未引用（保留索引）"
res/2kS.png,67,.png,undefined,unused,"未引用（保留索引）"
res/2lB.webp,76552,.webp,undefined,unused,"未引用（保留索引）"
res/2lG.webp,730,.webp,undefined,unused,"未引用（保留索引）"
res/2mV.png,32530,.png,undefined,unused,"未引用（保留索引）"
res/2nU.xml,1800,.xml,undefined,unused,"未引用（保留索引）"
res/2nX.png,3051,.png,undefined,unused,"未引用（保留索引）"
res/2nc.xml,3076,.xml,undefined,unused,"未引用（保留索引）"
res/2o4.png,1014354,.png,undefined,unused,"未引用（保留索引）"
res/2oD.webp,1282,.webp,undefined,unused,"未引用（保留索引）"
res/2oI.xml,1300,.xml,undefined,unused,"未引用（保留索引）"
res/2oQ.png,2054,.png,undefined,unused,"未引用（保留索引）"
res/2oZ.webp,94710,.webp,undefined,unused,"未引用（保留索引）"
res/2ox.png,1427,.png,undefined,unused,"未引用（保留索引）"
res/2p2.xml,616,.xml,undefined,unused,"未引用（保留索引）"
res/2pe.png,1095,.png,undefined,unused,"未引用（保留索引）"
res/2pf.xml,484,.xml,undefined,unused,"未引用（保留索引）"
res/2pr.png,2250,.png,undefined,unused,"未引用（保留索引）"
res/2pu.png,18787,.png,undefined,unused,"未引用（保留索引）"
res/2pz.webp,0,.webp,undefined,unused,"未引用（保留索引）"
res/2qE.png,1358,.png,undefined,unused,"未引用（保留索引）"
res/2rG.png,64365,.png,undefined,unused,"未引用（保留索引）"
res/2s9.png,1559,.png,undefined,unused,"未引用（保留索引）"
res/2sL.png,605,.png,undefined,unused,"未引用（保留索引）"
res/2sf.png,4347,.png,undefined,unused,"未引用（保留索引）"
res/2uV.png,3250,.png,undefined,unused,"未引用（保留索引）"
res/2uo.xml,448,.xml,undefined,unused,"未引用（保留索引）"
res/2ur.xml,6284,.xml,undefined,unused,"未引用（保留索引）"
res/2uv.xml,3596,.xml,undefined,unused,"未引用（保留索引）"
res/2ux.xml,8728,.xml,undefined,unused,"未引用（保留索引）"
res/2v5.png,623,.png,undefined,unused,"未引用（保留索引）"
res/2vN.xml,2452,.xml,undefined,unused,"未引用（保留索引）"
res/2vQ.png,438,.png,undefined,unused,"未引用（保留索引）"
res/2vS.png,3647,.png,undefined,unused,"未引用（保留索引）"
res/2vj.webp,2490,.webp,undefined,unused,"未引用（保留索引）"
res/2vz.png,9214,.png,undefined,unused,"未引用（保留索引）"
res/2w5.xml,3836,.xml,undefined,unused,"未引用（保留索引）"
res/2wQ.png,1548,.png,undefined,unused,"未引用（保留索引）"
res/2wU.png,8059,.png,undefined,unused,"未引用（保留索引）"
res/2wg.png,11618,.png,undefined,unused,"未引用（保留索引）"
res/2xb.webp,5384,.webp,undefined,unused,"未引用（保留索引）"
res/2xv.png,3320,.png,undefined,unused,"未引用（保留索引）"
res/2yD.png,9413,.png,undefined,unused,"未引用（保留索引）"
res/2yF.png,623,.png,undefined,unused,"未引用（保留索引）"
res/2ym.xml,336,.xml,undefined,unused,"未引用（保留索引）"
res/2yx.xml,776,.xml,undefined,unused,"未引用（保留索引）"
res/2zE.png,23387,.png,undefined,unused,"未引用（保留索引）"
res/2zJ.png,2866,.png,undefined,unused,"未引用（保留索引）"
res/2zN.png,255,.png,undefined,unused,"未引用（保留索引）"
res/2zZ.png,1862,.png,undefined,unused,"未引用（保留索引）"
res/3--.png,379,.png,undefined,unused,"未引用（保留索引）"
res/3-E.webp,4380,.webp,undefined,unused,"未引用（保留索引）"
res/30Q.png,996,.png,undefined,unused,"未引用（保留索引）"
res/30n.xml,1172,.xml,undefined,unused,"未引用（保留索引）"
res/31i.xml,1124,.xml,undefined,unused,"未引用（保留索引）"
res/32S.9.png,8770,.png,undefined,unused,"未引用（保留索引）"
res/32S.xml,21052,.xml,undefined,unused,"未引用（保留索引）"
res/32d.xml,668,.xml,undefined,unused,"未引用（保留索引）"
res/32g.xml,3592,.xml,undefined,unused,"未引用（保留索引）"
res/332.9.png,2463,.png,undefined,unused,"未引用（保留索引）"
res/33N.xml,5636,.xml,undefined,unused,"未引用（保留索引）"
res/33z.png,1597,.png,undefined,unused,"未引用（保留索引）"
res/34D.png,6947,.png,undefined,unused,"未引用（保留索引）"
res/34Z.webp,1344,.webp,undefined,unused,"未引用（保留索引）"
res/34y.xml,776,.xml,undefined,unused,"未引用（保留索引）"
res/35C.xml,5268,.xml,undefined,unused,"未引用（保留索引）"
res/35Q.png,602,.png,undefined,unused,"未引用（保留索引）"
res/35k.png,151,.png,undefined,unused,"未引用（保留索引）"
res/36L.xml,468,.xml,undefined,unused,"未引用（保留索引）"
res/36l.xml,6864,.xml,undefined,unused,"未引用（保留索引）"
res/36z.png,7798,.png,undefined,unused,"未引用（保留索引）"
res/37M.png,1000,.png,undefined,unused,"未引用（保留索引）"
res/37y.webp,462,.webp,undefined,unused,"未引用（保留索引）"
res/38J.xml,1224,.xml,undefined,unused,"未引用（保留索引）"
res/38K.xml,3520,.xml,undefined,unused,"未引用（保留索引）"
res/38p.xml,776,.xml,undefined,unused,"未引用（保留索引）"
res/39o.xml,9704,.xml,undefined,unused,"未引用（保留索引）"
res/3AA.xml,2328,.xml,undefined,unused,"未引用（保留索引）"
res/3AM.png,850,.png,undefined,unused,"未引用（保留索引）"
res/3AR.png,70236,.png,undefined,unused,"未引用（保留索引）"
res/3A_.png,1118,.png,undefined,unused,"未引用（保留索引）"
res/3BQ.xml,4916,.xml,undefined,unused,"未引用（保留索引）"
res/3BQ1.xml,540,.xml,undefined,unused,"未引用（保留索引）"
res/3BY.xml,400,.xml,undefined,unused,"未引用（保留索引）"
res/3Bh.xml,1780,.xml,undefined,unused,"未引用（保留索引）"
res/3Cn.webp,7906,.webp,undefined,unused,"未引用（保留索引）"
res/3Ct.webp,11922,.webp,undefined,unused,"未引用（保留索引）"
res/3Cv.png,234,.png,undefined,unused,"未引用（保留索引）"
res/3DB.xml,6060,.xml,undefined,unused,"未引用（保留索引）"
res/3DC.png,11777,.png,undefined,unused,"未引用（保留索引）"
res/3Dz.xml,9428,.xml,undefined,unused,"未引用（保留索引）"
res/3ET.png,926,.png,undefined,unused,"未引用（保留索引）"
res/3FB.png,33959,.png,undefined,unused,"未引用（保留索引）"
res/3Ge.xml,1088,.xml,undefined,unused,"未引用（保留索引）"
res/3Gj.xml,5292,.xml,undefined,unused,"未引用（保留索引）"
res/3Ha.png,7201,.png,undefined,unused,"未引用（保留索引）"
res/3Hk.xml,488,.xml,undefined,unused,"未引用（保留索引）"
res/3Il.xml,488,.xml,undefined,unused,"未引用（保留索引）"
res/3KG.png,652,.png,undefined,unused,"未引用（保留索引）"
res/3KH.xml,1948,.xml,undefined,unused,"未引用（保留索引）"
res/3KK.png,1695,.png,undefined,unused,"未引用（保留索引）"
res/3Ko.png,11449,.png,undefined,unused,"未引用（保留索引）"
res/3Kr.webp,17946,.webp,undefined,unused,"未引用（保留索引）"
res/3LQ.xml,2072,.xml,undefined,unused,"未引用（保留索引）"
res/3Lb.xml,484,.xml,undefined,unused,"未引用（保留索引）"
res/3Li.png,1662,.png,undefined,unused,"未引用（保留索引）"
res/3Lv.xml,2968,.xml,undefined,unused,"未引用（保留索引）"
res/3MI.png,12671,.png,undefined,unused,"未引用（保留索引）"
res/3M_.xml,3524,.xml,undefined,unused,"未引用（保留索引）"
res/3Na.png,4699,.png,undefined,unused,"未引用（保留索引）"
res/3OC.png,1743,.png,undefined,unused,"未引用（保留索引）"
res/3Of.png,2071,.png,undefined,unused,"未引用（保留索引）"
res/3PG.xml,2668,.xml,undefined,unused,"未引用（保留索引）"
res/3Po.xml,4236,.xml,undefined,unused,"未引用（保留索引）"
res/3Q2.xml,468,.xml,undefined,unused,"未引用（保留索引）"
res/3QL.xml,3800,.xml,undefined,unused,"未引用（保留索引）"
res/3QZ.xml,1800,.xml,undefined,unused,"未引用（保留索引）"
res/3Qm.png,3391,.png,undefined,unused,"未引用（保留索引）"
res/3Qz.xml,4472,.xml,undefined,unused,"未引用（保留索引）"
res/3R4.png,7829,.png,undefined,unused,"未引用（保留索引）"
res/3Ra.png,2569,.png,undefined,unused,"未引用（保留索引）"
res/3T2.png,738,.png,undefined,unused,"未引用（保留索引）"
res/3Tm.xml,4460,.xml,undefined,unused,"未引用（保留索引）"
res/3UN.xml,1472,.xml,undefined,unused,"未引用（保留索引）"
res/3VH.png,47011,.png,undefined,unused,"未引用（保留索引）"
res/3Vr.webp,0,.webp,undefined,unused,"未引用（保留索引）"
res/3WY.xml,468,.xml,undefined,unused,"未引用（保留索引）"
res/3Ww.png,7334,.png,undefined,unused,"未引用（保留索引）"
res/3X0.png,2009,.png,undefined,unused,"未引用（保留索引）"
res/3X4.png,22184,.png,undefined,unused,"未引用（保留索引）"
res/3YY.png,338,.png,undefined,unused,"未引用（保留索引）"
res/3Yl.png,896,.png,undefined,unused,"未引用（保留索引）"
res/3Ys.png,1626,.png,undefined,unused,"未引用（保留索引）"
res/3_M.xml,5388,.xml,undefined,unused,"未引用（保留索引）"
res/3_X.png,67387,.png,undefined,unused,"未引用（保留索引）"
res/3__.xml,468,.xml,undefined,unused,"未引用（保留索引）"
res/3_f.png,1606,.png,undefined,unused,"未引用（保留索引）"
res/3_k.png,197,.png,undefined,unused,"未引用（保留索引）"
res/3_r.xml,1856,.xml,undefined,unused,"未引用（保留索引）"
res/3a1.xml,1540,.xml,undefined,unused,"未引用（保留索引）"
res/3a5.webp,56682,.webp,undefined,unused,"未引用（保留索引）"
res/3ab.png,11605,.png,undefined,unused,"未引用（保留索引）"
res/3ay.png,1712,.png,undefined,unused,"未引用（保留索引）"
res/3bH.webp,5576,.webp,undefined,unused,"未引用（保留索引）"
res/3bS.png,67,.png,undefined,unused,"未引用（保留索引）"
res/3ba.png,67,.png,undefined,unused,"未引用（保留索引）"
res/3bc.png,67,.png,undefined,unused,"未引用（保留索引）"
res/3c3.png,18398,.png,undefined,unused,"未引用（保留索引）"
res/3cM.webp,10724,.webp,undefined,unused,"未引用（保留索引）"
res/3cR.png,781,.png,undefined,unused,"未引用（保留索引）"
res/3cm.xml,640,.xml,undefined,unused,"未引用（保留索引）"
res/3d6.xml,1236,.xml,undefined,unused,"未引用（保留索引）"
res/3dh.png,236,.png,undefined,unused,"未引用（保留索引）"
res/3eh.png,2268,.png,undefined,unused,"未引用（保留索引）"
res/3ez.mp4,122622,.mp4,undefined,unused,"未引用（保留索引）"
res/3f5.png,4883,.png,undefined,unused,"未引用（保留索引）"
res/3f7.webp,6164,.webp,undefined,unused,"未引用（保留索引）"
res/3fB.png,5785,.png,undefined,unused,"未引用（保留索引）"
res/3fU.webp,42146,.webp,undefined,unused,"未引用（保留索引）"
res/3fi.png,2717,.png,undefined,unused,"未引用（保留索引）"
res/3fk.xml,3812,.xml,undefined,unused,"未引用（保留索引）"
res/3g9.png,885,.png,undefined,unused,"未引用（保留索引）"
res/3gA.xml,2308,.xml,undefined,unused,"未引用（保留索引）"
res/3h5.xml,592,.xml,undefined,unused,"未引用（保留索引）"
res/3hW.xml,492,.xml,undefined,unused,"未引用（保留索引）"
res/3ht.png,1993,.png,undefined,unused,"未引用（保留索引）"
res/3i2.png,1448,.png,undefined,unused,"未引用（保留索引）"
res/3i5.png,7414,.png,undefined,unused,"未引用（保留索引）"
res/3iA.png,1594,.png,undefined,unused,"未引用（保留索引）"
res/3iD.png,1551,.png,undefined,unused,"未引用（保留索引）"
res/3iF.png,1560,.png,undefined,unused,"未引用（保留索引）"
res/3iZ.xml,588,.xml,undefined,unused,"未引用（保留索引）"
res/3ic.webp,7090,.webp,undefined,unused,"未引用（保留索引）"
res/3ii.xml,5868,.xml,undefined,unused,"未引用（保留索引）"
res/3iq.webp,22938,.webp,undefined,unused,"未引用（保留索引）"
res/3jO.png,37440,.png,undefined,unused,"未引用（保留索引）"
res/3l5.xml,2552,.xml,undefined,unused,"未引用（保留索引）"
res/3l8.png,1796,.png,undefined,unused,"未引用（保留索引）"
res/3lE.webp,17628,.webp,undefined,unused,"未引用（保留索引）"
res/3lL.9.png,452,.png,undefined,unused,"未引用（保留索引）"
res/3le.xml,5528,.xml,undefined,unused,"未引用（保留索引）"
res/3lx.xml,484,.xml,undefined,unused,"未引用（保留索引）"
res/3m2.xml,532,.xml,undefined,unused,"未引用（保留索引）"
res/3mH.png,951,.png,undefined,unused,"未引用（保留索引）"
res/3ms.xml,1448,.xml,undefined,unused,"未引用（保留索引）"
res/3mw.xml,996,.xml,undefined,unused,"未引用（保留索引）"
res/3mx.png,2514,.png,undefined,unused,"未引用（保留索引）"
res/3mx.xml,816,.xml,undefined,unused,"未引用（保留索引）"
res/3nE.xml,2284,.xml,undefined,unused,"未引用（保留索引）"
res/3nT.xml,988,.xml,undefined,unused,"未引用（保留索引）"
res/3oh.webp,4304,.webp,undefined,unused,"未引用（保留索引）"
res/3on.xml,1296,.xml,undefined,unused,"未引用（保留索引）"
res/3pN.png,4312,.png,undefined,unused,"未引用（保留索引）"
res/3pa.webp,3110,.webp,undefined,unused,"未引用（保留索引）"
res/3pn.webp,1756,.webp,undefined,unused,"未引用（保留索引）"
res/3q4.xml,1752,.xml,undefined,unused,"未引用（保留索引）"
res/3q5.xml,3152,.xml,undefined,unused,"未引用（保留索引）"
res/3qJ.webp,31664,.webp,undefined,unused,"未引用（保留索引）"
res/3qS.png,756,.png,undefined,unused,"未引用（保留索引）"
res/3rJ.png,1870,.png,undefined,unused,"未引用（保留索引）"
res/3rL.webp,3350,.webp,undefined,unused,"未引用（保留索引）"
res/3r_.xml,964,.xml,undefined,unused,"未引用（保留索引）"
res/3rj.png,7010,.png,undefined,unused,"未引用（保留索引）"
res/3ry.png,1328,.png,undefined,unused,"未引用（保留索引）"
res/3s1.png,1825,.png,undefined,unused,"未引用（保留索引）"
res/3sE.xml,2412,.xml,undefined,unused,"未引用（保留索引）"
res/3sM.xml,7640,.xml,undefined,unused,"未引用（保留索引）"
res/3sT.png,9341,.png,undefined,unused,"未引用（保留索引）"
res/3sV.png,5228,.png,undefined,unused,"未引用（保留索引）"
res/3se.png,9284,.png,undefined,unused,"未引用（保留索引）"
res/3tC.png,3440,.png,undefined,unused,"未引用（保留索引）"
res/3ty.png,4855,.png,undefined,unused,"未引用（保留索引）"
res/3uZ.png,5891,.png,undefined,unused,"未引用（保留索引）"
res/3ut.xml,1572,.xml,undefined,unused,"未引用（保留索引）"
res/3v0.xml,1968,.xml,undefined,unused,"未引用（保留索引）"
res/3wB.png,152,.png,undefined,unused,"未引用（保留索引）"
res/3x7.xml,3052,.xml,undefined,unused,"未引用（保留索引）"
res/3xN.xml,484,.xml,undefined,unused,"未引用（保留索引）"
res/3xZ.xml,8452,.xml,undefined,unused,"未引用（保留索引）"
res/3xc.xml,408,.xml,undefined,unused,"未引用（保留索引）"
res/3yG.png,5135,.png,undefined,unused,"未引用（保留索引）"
res/3yr.xml,2684,.xml,undefined,unused,"未引用（保留索引）"
res/3zb.xml,1096,.xml,undefined,unused,"未引用（保留索引）"
res/3zs.png,614,.png,undefined,unused,"未引用（保留索引）"
res/4-j.xml,3428,.xml,undefined,unused,"未引用（保留索引）"
res/41T.png,3851,.png,undefined,unused,"未引用（保留索引）"
res/41b.webp,5110,.webp,undefined,unused,"未引用（保留索引）"
res/41l.png,12197,.png,undefined,unused,"未引用（保留索引）"
res/41x.xml,644,.xml,undefined,unused,"未引用（保留索引）"
res/42D.png,210,.png,undefined,unused,"未引用（保留索引）"
res/42v.png,19806,.png,undefined,unused,"未引用（保留索引）"
res/43P.png,92739,.png,undefined,unused,"未引用（保留索引）"
res/43d.png,1707,.png,undefined,unused,"未引用（保留索引）"
res/43r.xml,388,.xml,undefined,unused,"未引用（保留索引）"
res/45T.xml,572,.xml,undefined,unused,"未引用（保留索引）"
res/45r.png,3818,.png,undefined,unused,"未引用（保留索引）"
res/45w.png,252,.png,undefined,unused,"未引用（保留索引）"
res/46G.webp,5098,.webp,undefined,unused,"未引用（保留索引）"
res/46i.webp,15546,.webp,undefined,unused,"未引用（保留索引）"
res/48F.xml,704,.xml,undefined,unused,"未引用（保留索引）"
res/48J.xml,2172,.xml,undefined,unused,"未引用（保留索引）"
res/48Q.png,513,.png,undefined,unused,"未引用（保留索引）"
res/48e.png,37290,.png,undefined,unused,"未引用（保留索引）"
res/48y.png,1072,.png,undefined,unused,"未引用（保留索引）"
res/491.png,3664,.png,undefined,unused,"未引用（保留索引）"
res/49b.xml,2304,.xml,undefined,unused,"未引用（保留索引）"
res/4A7.xml,1548,.xml,undefined,unused,"未引用（保留索引）"
res/4AB.png,712,.png,undefined,unused,"未引用（保留索引）"
res/4AL.png,67,.png,undefined,unused,"未引用（保留索引）"
res/4BF.xml,2028,.xml,undefined,unused,"未引用（保留索引）"
res/4CV.png,4251,.png,undefined,unused,"未引用（保留索引）"
res/4Ce.xml,400,.xml,undefined,unused,"未引用（保留索引）"
res/4DJ.xml,5288,.xml,undefined,unused,"未引用（保留索引）"
res/4Dr.png,388,.png,undefined,unused,"未引用（保留索引）"
res/4E7.xml,928,.xml,undefined,unused,"未引用（保留索引）"
res/4Ek.xml,6264,.xml,undefined,unused,"未引用（保留索引）"
res/4Et.png,684,.png,undefined,unused,"未引用（保留索引）"
res/4Eu.xml,5988,.xml,undefined,unused,"未引用（保留索引）"
res/4FU.png,41255,.png,undefined,unused,"未引用（保留索引）"
res/4Fz.png,518,.png,undefined,unused,"未引用（保留索引）"
res/4GD.png,1086,.png,undefined,unused,"未引用（保留索引）"
res/4GN.png,230,.png,undefined,unused,"未引用（保留索引）"
res/4GU.xml,576,.xml,undefined,unused,"未引用（保留索引）"
res/4GY.png,17681,.png,undefined,unused,"未引用（保留索引）"
res/4HI.jpg,62012,.jpg,undefined,unused,"未引用（保留索引）"
res/4HY.png,10953,.png,undefined,unused,"未引用（保留索引）"
res/4Hj.xml,1224,.xml,undefined,unused,"未引用（保留索引）"
res/4Hu.png,6367,.png,undefined,unused,"未引用（保留索引）"
res/4IX.webp,23762,.webp,undefined,unused,"未引用（保留索引）"
res/4JZ.xml,4888,.xml,undefined,unused,"未引用（保留索引）"
res/4KO.png,321,.png,undefined,unused,"未引用（保留索引）"
res/4LO.png,3221,.png,undefined,unused,"未引用（保留索引）"
res/4LQ.png,402,.png,undefined,unused,"未引用（保留索引）"
res/4N2.xml,536,.xml,undefined,unused,"未引用（保留索引）"
res/4N8.png,67658,.png,undefined,unused,"未引用（保留索引）"
res/4NL.png,1087,.png,undefined,unused,"未引用（保留索引）"
res/4O3.png,4223,.png,undefined,unused,"未引用（保留索引）"
res/4ON.xml,908,.xml,undefined,unused,"未引用（保留索引）"
res/4Oz.9.png,897,.png,undefined,unused,"未引用（保留索引）"
res/4PH.png,459,.png,undefined,unused,"未引用（保留索引）"
res/4PO.png,1557,.png,undefined,unused,"未引用（保留索引）"
res/4Pe.xml,2928,.xml,undefined,unused,"未引用（保留索引）"
res/4Pn.png,17835,.png,undefined,unused,"未引用（保留索引）"
res/4Pu.xml,1560,.xml,undefined,unused,"未引用（保留索引）"
res/4QR.xml,2288,.xml,undefined,unused,"未引用（保留索引）"
res/4Qd.xml,376,.xml,undefined,unused,"未引用（保留索引）"
res/4Ql.jpg,15453,.jpg,undefined,unused,"未引用（保留索引）"
res/4RU.xml,1720,.xml,undefined,unused,"未引用（保留索引）"
res/4RY.png,30740,.png,undefined,unused,"未引用（保留索引）"
res/4Re.xml,488,.xml,undefined,unused,"未引用（保留索引）"
res/4S5.xml,5332,.xml,undefined,unused,"未引用（保留索引）"
res/4SM.png,2653,.png,undefined,unused,"未引用（保留索引）"
res/4ST.xml,628,.xml,undefined,unused,"未引用（保留索引）"
res/4Sh.png,10807,.png,undefined,unused,"未引用（保留索引）"
res/4TD.xml,624,.xml,undefined,unused,"未引用（保留索引）"
res/4TT.png,119355,.png,undefined,unused,"未引用（保留索引）"
res/4TW.xml,444,.xml,undefined,unused,"未引用（保留索引）"
res/4Ta.xml,2756,.xml,undefined,unused,"未引用（保留索引）"
res/4Tr.png,606,.png,undefined,unused,"未引用（保留索引）"
res/4UJ.webp,6072,.webp,undefined,unused,"未引用（保留索引）"
res/4Uh.png,2667,.png,undefined,unused,"未引用（保留索引）"
res/4VF.png,8141,.png,undefined,unused,"未引用（保留索引）"
res/4Ve.png,2259,.png,undefined,unused,"未引用（保留索引）"
res/4Vi.png,6930,.png,undefined,unused,"未引用（保留索引）"
res/4WG.xml,1228,.xml,undefined,unused,"未引用（保留索引）"
res/4WP.xml,448,.xml,undefined,unused,"未引用（保留索引）"
res/4We.jpg,1343,.jpg,undefined,unused,"未引用（保留索引）"
res/4XA.png,8892,.png,undefined,unused,"未引用（保留索引）"
res/4Xg.png,563,.png,undefined,unused,"未引用（保留索引）"
res/4YT.webp,20626,.webp,undefined,unused,"未引用（保留索引）"
res/4Yl.png,113,.png,undefined,unused,"未引用（保留索引）"
res/4ZI.xml,3284,.xml,undefined,unused,"未引用（保留索引）"
res/4ZY.webp,25296,.webp,undefined,unused,"未引用（保留索引）"
res/4Zi.webp,234,.webp,undefined,unused,"未引用（保留索引）"
res/4_C.xml,1640,.xml,undefined,unused,"未引用（保留索引）"
res/4_E.9.png,167,.png,undefined,unused,"未引用（保留索引）"
res/4am.webp,1108,.webp,undefined,unused,"未引用（保留索引）"
res/4as.png,19321,.png,undefined,unused,"未引用（保留索引）"
res/4bC.xml,6764,.xml,undefined,unused,"未引用（保留索引）"
res/4bE.png,17467,.png,undefined,unused,"未引用（保留索引）"
res/4bW.webp,758,.webp,undefined,unused,"未引用（保留索引）"
res/4c5.png,3470,.png,undefined,unused,"未引用（保留索引）"
res/4cJ.png,135,.png,undefined,unused,"未引用（保留索引）"
res/4ca.png,971,.png,undefined,unused,"未引用（保留索引）"
res/4cc.xml,2756,.xml,undefined,unused,"未引用（保留索引）"
res/4d3.xml,3944,.xml,undefined,unused,"未引用（保留索引）"
res/4do.png,41399,.png,undefined,unused,"未引用（保留索引）"
res/4eL.png,124,.png,undefined,unused,"未引用（保留索引）"
res/4eL1.png,2748,.png,undefined,unused,"未引用（保留索引）"
res/4eY.9.png,524,.png,undefined,unused,"未引用（保留索引）"
res/4fE.webp,254,.webp,undefined,unused,"未引用（保留索引）"
res/4fU.xml,10468,.xml,undefined,unused,"未引用（保留索引）"
res/4fq.png,815,.png,undefined,unused,"未引用（保留索引）"
res/4fu.xml,12936,.xml,undefined,unused,"未引用（保留索引）"
res/4gb.png,2071,.png,undefined,unused,"未引用（保留索引）"
res/4gt.png,444,.png,undefined,unused,"未引用（保留索引）"
res/4gx.xml,4568,.xml,undefined,unused,"未引用（保留索引）"
res/4h7.webp,6118,.webp,undefined,unused,"未引用（保留索引）"
res/4hv.png,52967,.png,undefined,unused,"未引用（保留索引）"
res/4j8.xml,668,.xml,undefined,unused,"未引用（保留索引）"
res/4jF.png,120,.png,undefined,unused,"未引用（保留索引）"
res/4jw.webp,32676,.webp,undefined,unused,"未引用（保留索引）"
res/4k-.webp,36232,.webp,undefined,unused,"未引用（保留索引）"
res/4k1.png,289,.png,undefined,unused,"未引用（保留索引）"
res/4kA.png,184,.png,undefined,unused,"未引用（保留索引）"
res/4kJ.png,44456,.png,undefined,unused,"未引用（保留索引）"
res/4kN.png,489,.png,undefined,unused,"未引用（保留索引）"
res/4kV.png,67,.png,undefined,unused,"未引用（保留索引）"
res/4l4.jpg,44047,.jpg,undefined,unused,"未引用（保留索引）"
res/4l5.jpg,44138,.jpg,undefined,unused,"未引用（保留索引）"
res/4l6.jpg,46223,.jpg,undefined,unused,"未引用（保留索引）"
res/4l7.jpg,47235,.jpg,undefined,unused,"未引用（保留索引）"
res/4lJ.png,54230,.png,undefined,unused,"未引用（保留索引）"
res/4ln.jpg,44753,.jpg,undefined,unused,"未引用（保留索引）"
res/4m2.png,4007,.png,undefined,unused,"未引用（保留索引）"
res/4mh.webp,888,.webp,undefined,unused,"未引用（保留索引）"
res/4mn.png,4194,.png,undefined,unused,"未引用（保留索引）"
res/4mt.png,2234,.png,undefined,unused,"未引用（保留索引）"
res/4n1.webp,416,.webp,undefined,unused,"未引用（保留索引）"
res/4n2.png,13626,.png,undefined,unused,"未引用（保留索引）"
res/4ns.png,3501,.png,undefined,unused,"未引用（保留索引）"
res/4oQ.xml,2544,.xml,undefined,unused,"未引用（保留索引）"
res/4ok.png,2979,.png,undefined,unused,"未引用（保留索引）"
res/4ol.png,25096,.png,undefined,unused,"未引用（保留索引）"
res/4p2.webp,26158,.webp,undefined,unused,"未引用（保留索引）"
res/4qQ.webp,2358,.webp,undefined,unused,"未引用（保留索引）"
res/4qX.png,277,.png,undefined,unused,"未引用（保留索引）"
res/4qs.xml,2472,.xml,undefined,unused,"未引用（保留索引）"
res/4r2.webp,7328,.webp,undefined,unused,"未引用（保留索引）"
res/4rF.png,49789,.png,undefined,unused,"未引用（保留索引）"
res/4rN.png,5264,.png,undefined,unused,"未引用（保留索引）"
res/4rT.png,186,.png,undefined,unused,"未引用（保留索引）"
res/4tL.xml,3752,.xml,undefined,unused,"未引用（保留索引）"
res/4tV.png,21133,.png,undefined,unused,"未引用（保留索引）"
res/4tp.ttf,216244,.ttf,undefined,unused,"未引用（保留索引）"
res/4tq.xml,2928,.xml,undefined,unused,"未引用（保留索引）"
res/4ts.xml,5592,.xml,undefined,unused,"未引用（保留索引）"
res/4uC.xml,880,.xml,undefined,unused,"未引用（保留索引）"
res/4uK.webp,2460,.webp,undefined,unused,"未引用（保留索引）"
res/4uR.png,6605,.png,undefined,unused,"未引用（保留索引）"
res/4uR.xml,3268,.xml,undefined,unused,"未引用（保留索引）"
res/4v0.png,5220,.png,undefined,unused,"未引用（保留索引）"
res/4vj.xml,2436,.xml,undefined,unused,"未引用（保留索引）"
res/4w7.xml,5252,.xml,undefined,unused,"未引用（保留索引）"
res/4wu.xml,3652,.xml,undefined,unused,"未引用（保留索引）"
res/4x4.png,250,.png,undefined,unused,"未引用（保留索引）"
res/4x5.webp,216,.webp,undefined,unused,"未引用（保留索引）"
res/4xW.png,79468,.png,undefined,unused,"未引用（保留索引）"
res/4xa.xml,6836,.xml,undefined,unused,"未引用（保留索引）"
res/4xh.png,237,.png,undefined,unused,"未引用（保留索引）"
res/4y1.png,913,.png,undefined,unused,"未引用（保留索引）"
res/4y7.xml,28056,.xml,undefined,unused,"未引用（保留索引）"
res/4yT.xml,3600,.xml,undefined,unused,"未引用（保留索引）"
res/4yX.webp,768,.webp,undefined,unused,"未引用（保留索引）"
res/5-7.png,22347,.png,undefined,unused,"未引用（保留索引）"
res/5-n.webp,2268,.webp,undefined,unused,"未引用（保留索引）"
res/50P.xml,1384,.xml,undefined,unused,"未引用（保留索引）"
res/514.png,67,.png,undefined,unused,"未引用（保留索引）"
res/519.webp,2312,.webp,undefined,unused,"未引用（保留索引）"
res/51H.png,2961,.png,undefined,unused,"未引用（保留索引）"
res/51a.xml,1480,.xml,undefined,unused,"未引用（保留索引）"
res/52J.xml,3156,.xml,undefined,unused,"未引用（保留索引）"
res/52K.png,6199,.png,undefined,unused,"未引用（保留索引）"
res/52o.xml,668,.xml,undefined,unused,"未引用（保留索引）"
res/54c.xml,628,.xml,undefined,unused,"未引用（保留索引）"
res/54r.xml,2456,.xml,undefined,unused,"未引用（保留索引）"
res/55L.png,2320,.png,undefined,unused,"未引用（保留索引）"
res/55b.png,761,.png,undefined,unused,"未引用（保留索引）"
res/55m.png,3474,.png,undefined,unused,"未引用（保留索引）"
res/55t.png,8050,.png,undefined,unused,"未引用（保留索引）"
res/55t1.png,253,.png,undefined,unused,"未引用（保留索引）"
res/56F.xml,1033,.xml,undefined,unused,"未引用（保留索引）"
res/56Z.xml,1736,.xml,undefined,unused,"未引用（保留索引）"
res/56j.xml,2296,.xml,undefined,unused,"未引用（保留索引）"
res/56o.xml,2016,.xml,undefined,unused,"未引用（保留索引）"
res/58c.png,5513,.png,undefined,unused,"未引用（保留索引）"
res/58e.xml,488,.xml,undefined,unused,"未引用（保留索引）"
res/58q.png,637,.png,undefined,unused,"未引用（保留索引）"
res/59h.png,286,.png,undefined,unused,"未引用（保留索引）"
res/5A9.xml,3024,.xml,undefined,unused,"未引用（保留索引）"
res/5AD.png,7105,.png,undefined,unused,"未引用（保留索引）"
res/5AE.xml,1440,.xml,undefined,unused,"未引用（保留索引）"
res/5AM.png,7156,.png,undefined,unused,"未引用（保留索引）"
res/5AQ.xml,8248,.xml,undefined,unused,"未引用（保留索引）"
res/5Ax.png,82119,.png,undefined,unused,"未引用（保留索引）"
res/5Br.png,4266,.png,undefined,unused,"未引用（保留索引）"
res/5CW.png,45805,.png,undefined,unused,"未引用（保留索引）"
res/5Cu.xml,468,.xml,undefined,unused,"未引用（保留索引）"
res/5Db.png,1215,.png,undefined,unused,"未引用（保留索引）"
res/5Dj.xml,5224,.xml,undefined,unused,"未引用（保留索引）"
res/5Dl.xml,1044,.xml,undefined,unused,"未引用（保留索引）"
res/5Do.xml,896,.xml,undefined,unused,"未引用（保留索引）"
res/5E1.png,4572,.png,undefined,unused,"未引用（保留索引）"
res/5E4.webp,722,.webp,undefined,unused,"未引用（保留索引）"
res/5EP.png,28844,.png,undefined,unused,"未引用（保留索引）"
res/5EQ.xml,5532,.xml,undefined,unused,"未引用（保留索引）"
res/5Ei.xml,464,.xml,undefined,unused,"未引用（保留索引）"
res/5Ez.xml,2884,.xml,undefined,unused,"未引用（保留索引）"
res/5FK.webp,11792,.webp,undefined,unused,"未引用（保留索引）"
res/5FT.xml,588,.xml,undefined,unused,"未引用（保留索引）"
res/5FX.xml,3408,.xml,undefined,unused,"未引用（保留索引）"
res/5Fo.webp,4504,.webp,undefined,unused,"未引用（保留索引）"
res/5GX.png,7285,.png,undefined,unused,"未引用（保留索引）"
res/5Hv.png,15834,.png,undefined,unused,"未引用（保留索引）"
res/5I-.png,427,.png,undefined,unused,"未引用（保留索引）"
res/5Il.xml,1104,.xml,undefined,unused,"未引用（保留索引）"
res/5J1.xml,4968,.xml,undefined,unused,"未引用（保留索引）"
res/5JC.png,227,.png,undefined,unused,"未引用（保留索引）"
res/5Jk.xml,2252,.xml,undefined,unused,"未引用（保留索引）"
res/5Jk1.xml,576,.xml,undefined,unused,"未引用（保留索引）"
res/5Jn.xml,3004,.xml,undefined,unused,"未引用（保留索引）"
res/5K9.png,1988,.png,undefined,unused,"未引用（保留索引）"
res/5Kd.png,276,.png,undefined,unused,"未引用（保留索引）"
res/5Ke.png,264,.png,undefined,unused,"未引用（保留索引）"
res/5Ko.png,42893,.png,undefined,unused,"未引用（保留索引）"
res/5LZ.png,67,.png,undefined,unused,"未引用（保留索引）"
res/5Lb.xml,1120,.xml,undefined,unused,"未引用（保留索引）"
res/5Mk.png,3813,.png,undefined,unused,"未引用（保留索引）"
res/5Mq.png,6006,.png,undefined,unused,"未引用（保留索引）"
res/5NE.png,5366,.png,undefined,unused,"未引用（保留索引）"
res/5NM.png,1901,.png,undefined,unused,"未引用（保留索引）"
res/5Nu.png,3691,.png,undefined,unused,"未引用（保留索引）"
res/5O5.webp,29978,.webp,undefined,unused,"未引用（保留索引）"
res/5P5.png,7848,.png,undefined,unused,"未引用（保留索引）"
res/5P9.webp,14770,.webp,undefined,unused,"未引用（保留索引）"
res/5PH.xml,576,.xml,undefined,unused,"未引用（保留索引）"
res/5PJ.xml,5396,.xml,undefined,unused,"未引用（保留索引）"
res/5PP.png,81056,.png,undefined,unused,"未引用（保留索引）"
res/5Pr.png,2106,.png,undefined,unused,"未引用（保留索引）"
res/5QH.png,20849,.png,undefined,unused,"未引用（保留索引）"
res/5Qv.xml,456,.xml,undefined,unused,"未引用（保留索引）"
res/5Rb.png,67,.png,undefined,unused,"未引用（保留索引）"
res/5Rg.png,29090,.png,undefined,unused,"未引用（保留索引）"
res/5SF.png,561,.png,undefined,unused,"未引用（保留索引）"
res/5Sd.xml,484,.xml,undefined,unused,"未引用（保留索引）"
res/5T8.png,14463,.png,undefined,unused,"未引用（保留索引）"
res/5TO.xml,4356,.xml,undefined,unused,"未引用（保留索引）"
res/5VD.xml,4756,.xml,undefined,unused,"未引用（保留索引）"
res/5WH.png,15764,.png,undefined,unused,"未引用（保留索引）"
res/5Wa.webp,482,.webp,undefined,unused,"未引用（保留索引）"
res/5Wk.png,2294,.png,undefined,unused,"未引用（保留索引）"
res/5Z6.xml,792,.xml,undefined,unused,"未引用（保留索引）"
res/5ZE.webp,486,.webp,undefined,unused,"未引用（保留索引）"
res/5ZT.webp,1626,.webp,undefined,unused,"未引用（保留索引）"
res/5ZW.xml,632,.xml,undefined,unused,"未引用（保留索引）"
res/5_-.png,58192,.png,undefined,unused,"未引用（保留索引）"
res/5_7.png,7444,.png,undefined,unused,"未引用（保留索引）"
res/5_i.png,1067,.png,undefined,unused,"未引用（保留索引）"
res/5aE.xml,1740,.xml,undefined,unused,"未引用（保留索引）"
res/5aN.xml,704,.xml,undefined,unused,"未引用（保留索引）"
res/5aZ.xml,3556,.xml,undefined,unused,"未引用（保留索引）"
res/5bJ.webp,10888,.webp,undefined,unused,"未引用（保留索引）"
res/5bQ.xml,860,.xml,undefined,unused,"未引用（保留索引）"
res/5bn.xml,488,.xml,undefined,unused,"未引用（保留索引）"
res/5cF.xml,536,.xml,undefined,unused,"未引用（保留索引）"
res/5ct.png,1016,.png,undefined,unused,"未引用（保留索引）"
res/5dC.9.png,1668,.png,undefined,unused,"未引用（保留索引）"
res/5dD.xml,8612,.xml,undefined,unused,"未引用（保留索引）"
res/5dE.xml,1112,.xml,undefined,unused,"未引用（保留索引）"
res/5dG.webp,67656,.webp,undefined,unused,"未引用（保留索引）"
res/5dH.xml,1176,.xml,undefined,unused,"未引用（保留索引）"
res/5dx.webp,0,.webp,undefined,unused,"未引用（保留索引）"
res/5eC.png,1559,.png,undefined,unused,"未引用（保留索引）"
res/5eN.webp,4670,.webp,undefined,unused,"未引用（保留索引）"
res/5ej.png,49164,.png,undefined,unused,"未引用（保留索引）"
res/5f6.xml,7012,.xml,undefined,unused,"未引用（保留索引）"
res/5fG.png,39118,.png,undefined,unused,"未引用（保留索引）"
res/5fK.xml,3176,.xml,undefined,unused,"未引用（保留索引）"
res/5g0.png,578,.png,undefined,unused,"未引用（保留索引）"
res/5g3.png,13135,.png,undefined,unused,"未引用（保留索引）"
res/5gC.png,7936,.png,undefined,unused,"未引用（保留索引）"
res/5gg.png,123,.png,undefined,unused,"未引用（保留索引）"
res/5gt.webp,12744,.webp,undefined,unused,"未引用（保留索引）"
res/5iF.xml,4020,.xml,undefined,unused,"未引用（保留索引）"
res/5id.xml,984,.xml,undefined,unused,"未引用（保留索引）"
res/5ip.webp,520,.webp,undefined,unused,"未引用（保留索引）"
res/5j0.webp,5780,.webp,undefined,unused,"未引用（保留索引）"
res/5jN.xml,4256,.xml,undefined,unused,"未引用（保留索引）"
res/5jX.png,5741,.png,undefined,unused,"未引用（保留索引）"
res/5jh.9.png,181,.png,undefined,unused,"未引用（保留索引）"
res/5jr.png,11301,.png,undefined,unused,"未引用（保留索引）"
res/5kF.xml,1608,.xml,undefined,unused,"未引用（保留索引）"
res/5kR.xml,660,.xml,undefined,unused,"未引用（保留索引）"
res/5kr.xml,1756,.xml,undefined,unused,"未引用（保留索引）"
res/5l0.png,6207,.png,undefined,unused,"未引用（保留索引）"
res/5l4.xml,1968,.xml,undefined,unused,"未引用（保留索引）"
res/5mC.png,11298,.png,undefined,unused,"未引用（保留索引）"
res/5mb.xml,4068,.xml,undefined,unused,"未引用（保留索引）"
res/5mq.png,137,.png,undefined,unused,"未引用（保留索引）"
res/5nF.xml,2752,.xml,undefined,unused,"未引用（保留索引）"
res/5nH.png,4787,.png,undefined,unused,"未引用（保留索引）"
res/5nq.webp,1106,.webp,undefined,unused,"未引用（保留索引）"
res/5nx.webp,11302,.webp,undefined,unused,"未引用（保留索引）"
res/5oS.png,1290,.png,undefined,unused,"未引用（保留索引）"
res/5oV.png,16261,.png,undefined,unused,"未引用（保留索引）"
res/5o_.xml,2680,.xml,undefined,unused,"未引用（保留索引）"
res/5oz.png,1320,.png,undefined,unused,"未引用（保留索引）"
res/5q-.png,343,.png,undefined,unused,"未引用（保留索引）"
res/5qB.png,2019,.png,undefined,unused,"未引用（保留索引）"
res/5qG.png,123,.png,undefined,unused,"未引用（保留索引）"
res/5qf.png,7520,.png,undefined,unused,"未引用（保留索引）"
res/5rU.png,359,.png,undefined,unused,"未引用（保留索引）"
res/5s2.webp,4988,.webp,undefined,unused,"未引用（保留索引）"
res/5sF.png,1021,.png,undefined,unused,"未引用（保留索引）"
res/5sK.xml,544,.xml,undefined,unused,"未引用（保留索引）"
res/5sq.xml,2704,.xml,undefined,unused,"未引用（保留索引）"
res/5t0.png,6587,.png,undefined,unused,"未引用（保留索引）"
res/5th.xml,2276,.xml,undefined,unused,"未引用（保留索引）"
res/5th1.xml,30532,.xml,undefined,unused,"未引用（保留索引）"
res/5tl.png,25985,.png,undefined,unused,"未引用（保留索引）"
res/5to.png,3977,.png,undefined,unused,"未引用（保留索引）"
res/5tp.png,5453,.png,undefined,unused,"未引用（保留索引）"
res/5tq.png,7345,.png,undefined,unused,"未引用（保留索引）"
res/5tr.png,8069,.png,undefined,unused,"未引用（保留索引）"
res/5ts.png,5364,.png,undefined,unused,"未引用（保留索引）"
res/5tt.png,4354,.png,undefined,unused,"未引用（保留索引）"
res/5tu.png,6803,.png,undefined,unused,"未引用（保留索引）"
res/5tv.png,7531,.png,undefined,unused,"未引用（保留索引）"
res/5vF.png,783,.png,undefined,unused,"未引用（保留索引）"
res/5wt.webp,1842,.webp,undefined,unused,"未引用（保留索引）"
res/5x3.xml,5612,.xml,undefined,unused,"未引用（保留索引）"
res/5xU.xml,4632,.xml,undefined,unused,"未引用（保留索引）"
res/5xx.9.png,595,.png,undefined,unused,"未引用（保留索引）"
res/5yH.xml,764,.xml,undefined,unused,"未引用（保留索引）"
res/5yh.xml,1100,.xml,undefined,unused,"未引用（保留索引）"
res/5yj.xml,448,.xml,undefined,unused,"未引用（保留索引）"
res/5yp.xml,324,.xml,undefined,unused,"未引用（保留索引）"
res/5z1.xml,3892,.xml,undefined,unused,"未引用（保留索引）"
res/5zD.9.png,245,.png,undefined,unused,"未引用（保留索引）"
res/5zc.xml,1084,.xml,undefined,unused,"未引用（保留索引）"
res/5zl.xml,336,.xml,undefined,unused,"未引用（保留索引）"
res/5zt.webp,28558,.webp,undefined,unused,"未引用（保留索引）"
res/60Q.png,5170,.png,undefined,unused,"未引用（保留索引）"
res/60m.xml,464,.xml,undefined,unused,"未引用（保留索引）"
res/61D.png,86971,.png,undefined,unused,"未引用（保留索引）"
res/61M.png,98112,.png,undefined,unused,"未引用（保留索引）"
res/61M.xml,8484,.xml,undefined,unused,"未引用（保留索引）"
res/61w.png,7105,.png,undefined,unused,"未引用（保留索引）"
res/625.xml,484,.xml,undefined,unused,"未引用（保留索引）"
res/628.webp,3538,.webp,undefined,unused,"未引用（保留索引）"
res/62G.xml,3116,.xml,undefined,unused,"未引用（保留索引）"
res/63d.xml,2088,.xml,undefined,unused,"未引用（保留索引）"
res/64B.xml,884,.xml,undefined,unused,"未引用（保留索引）"
res/64H.webp,1222,.webp,undefined,unused,"未引用（保留索引）"
res/650.xml,896,.xml,undefined,unused,"未引用（保留索引）"
res/65L.png,4721,.png,undefined,unused,"未引用（保留索引）"
res/65O.png,5253,.png,undefined,unused,"未引用（保留索引）"
res/65O.xml,616,.xml,undefined,unused,"未引用（保留索引）"
res/65v.xml,528,.xml,undefined,unused,"未引用（保留索引）"
res/665.webp,834,.webp,undefined,unused,"未引用（保留索引）"
res/66W.xml,1400,.xml,undefined,unused,"未引用（保留索引）"
res/674.webp,3722,.webp,undefined,unused,"未引用（保留索引）"
res/67I.xml,1384,.xml,undefined,unused,"未引用（保留索引）"
res/691.png,3886,.png,undefined,unused,"未引用（保留索引）"
res/69_.xml,584,.xml,undefined,unused,"未引用（保留索引）"
res/6AV.webp,5490,.webp,undefined,unused,"未引用（保留索引）"
res/6BA.9.png,606,.png,undefined,unused,"未引用（保留索引）"
res/6BQ.webp,5184,.webp,undefined,unused,"未引用（保留索引）"
res/6Bo.xml,2376,.xml,undefined,unused,"未引用（保留索引）"
res/6Cy.xml,3432,.xml,undefined,unused,"未引用（保留索引）"
res/6Dw.png,35305,.png,undefined,unused,"未引用（保留索引）"
res/6E2.png,85592,.png,undefined,unused,"未引用（保留索引）"
res/6EY.xml,6500,.xml,undefined,unused,"未引用（保留索引）"
res/6Eg.png,310,.png,undefined,unused,"未引用（保留索引）"
res/6FM.webp,3406,.webp,undefined,unused,"未引用（保留索引）"
res/6G7.png,339,.png,undefined,unused,"未引用（保留索引）"
res/6GH.png,19317,.png,undefined,unused,"未引用（保留索引）"
res/6GV.png,128210,.png,undefined,unused,"未引用（保留索引）"
res/6Gh.png,52446,.png,undefined,unused,"未引用（保留索引）"
res/6Hc.png,1471,.png,undefined,unused,"未引用（保留索引）"
res/6IJ.png,4393,.png,undefined,unused,"未引用（保留索引）"
res/6Ic.png,38767,.png,undefined,unused,"未引用（保留索引）"
res/6Im.webp,13642,.webp,undefined,unused,"未引用（保留索引）"
res/6JS.xml,404,.xml,undefined,unused,"未引用（保留索引）"
res/6J_.xml,1176,.xml,undefined,unused,"未引用（保留索引）"
res/6KN.png,494,.png,undefined,unused,"未引用（保留索引）"
res/6Kw.xml,2196,.xml,undefined,unused,"未引用（保留索引）"
res/6M8.xml,1140,.xml,undefined,unused,"未引用（保留索引）"
res/6MC.png,40042,.png,undefined,unused,"未引用（保留索引）"
res/6MJ.png,9303,.png,undefined,unused,"未引用（保留索引）"
res/6MK.xml,1084,.xml,undefined,unused,"未引用（保留索引）"
res/6Mo.webp,47960,.webp,undefined,unused,"未引用（保留索引）"
res/6Na.webp,5300,.webp,undefined,unused,"未引用（保留索引）"
res/6Np.png,14447,.png,undefined,unused,"未引用（保留索引）"
res/6Ns.webp,7446,.webp,undefined,unused,"未引用（保留索引）"
res/6OJ.xml,3020,.xml,undefined,unused,"未引用（保留索引）"
res/6OL.png,1584,.png,undefined,unused,"未引用（保留索引）"
res/6OX.ttf,24896,.ttf,undefined,unused,"未引用（保留索引）"
res/6Oz.png,24844,.png,undefined,unused,"未引用（保留索引）"
res/6PK.xml,7996,.xml,undefined,unused,"未引用（保留索引）"
res/6PV.png,80142,.png,undefined,unused,"未引用（保留索引）"
res/6Pj.xml,6372,.xml,undefined,unused,"未引用（保留索引）"
res/6QP.webp,290,.webp,undefined,unused,"未引用（保留索引）"
res/6Qr.xml,468,.xml,undefined,unused,"未引用（保留索引）"
res/6Qv.xml,2288,.xml,undefined,unused,"未引用（保留索引）"
res/6Rp.xml,860,.xml,undefined,unused,"未引用（保留索引）"
res/6Ry.png,7829,.png,undefined,unused,"未引用（保留索引）"
res/6SD.xml,4228,.xml,undefined,unused,"未引用（保留索引）"
res/6SO.png,1299,.png,undefined,unused,"未引用（保留索引）"
res/6T6.xml,536,.xml,undefined,unused,"未引用（保留索引）"
res/6Tu.webp,48728,.webp,undefined,unused,"未引用（保留索引）"
res/6U3.xml,1668,.xml,undefined,unused,"未引用（保留索引）"
res/6Vu.webp,5702,.webp,undefined,unused,"未引用（保留索引）"
res/6Wq.xml,1000,.xml,undefined,unused,"未引用（保留索引）"
res/6X1.png,317,.png,undefined,unused,"未引用（保留索引）"
res/6XJ.xml,464,.xml,undefined,unused,"未引用（保留索引）"
res/6XR.png,2462,.png,undefined,unused,"未引用（保留索引）"
res/6YM.xml,3056,.xml,undefined,unused,"未引用（保留索引）"
res/6Yk.xml,1432,.xml,undefined,unused,"未引用（保留索引）"
res/6Yo.webp,108406,.webp,undefined,unused,"未引用（保留索引）"
res/6Zl.png,1065,.png,undefined,unused,"未引用（保留索引）"
res/6aR.xml,2480,.xml,undefined,unused,"未引用（保留索引）"
res/6au.xml,4756,.xml,undefined,unused,"未引用（保留索引）"
res/6bG.png,48990,.png,undefined,unused,"未引用（保留索引）"
res/6bH.xml,7680,.xml,undefined,unused,"未引用（保留索引）"
res/6bl.xml,1696,.xml,undefined,unused,"未引用（保留索引）"
res/6cN.png,5637,.png,undefined,unused,"未引用（保留索引）"
res/6cS.xml,1524,.xml,undefined,unused,"未引用（保留索引）"
res/6dp.xml,11264,.xml,undefined,unused,"未引用（保留索引）"
res/6e0.xml,1076,.xml,undefined,unused,"未引用（保留索引）"
res/6e01.xml,388,.xml,undefined,unused,"未引用（保留索引）"
res/6eW.xml,3068,.xml,undefined,unused,"未引用（保留索引）"
res/6ec.xml,2532,.xml,undefined,unused,"未引用（保留索引）"
res/6es.xml,24256,.xml,undefined,unused,"未引用（保留索引）"
res/6ey.webp,1550,.webp,undefined,unused,"未引用（保留索引）"
res/6g9.xml,816,.xml,undefined,unused,"未引用（保留索引）"
res/6gF.png,7843,.png,undefined,unused,"未引用（保留索引）"
res/6hn.xml,2836,.xml,undefined,unused,"未引用（保留索引）"
res/6im.webp,10288,.webp,undefined,unused,"未引用（保留索引）"
res/6iv.png,12378,.png,undefined,unused,"未引用（保留索引）"
res/6jP.xml,1460,.xml,undefined,unused,"未引用（保留索引）"
res/6jc.png,13087,.png,undefined,unused,"未引用（保留索引）"
res/6jr.png,246,.png,undefined,unused,"未引用（保留索引）"
res/6kY.xml,992,.xml,undefined,unused,"未引用（保留索引）"
res/6ko.png,1298,.png,undefined,unused,"未引用（保留索引）"
res/6lu.png,4811,.png,undefined,unused,"未引用（保留索引）"
res/6mF.png,23656,.png,undefined,unused,"未引用（保留索引）"
res/6ma.png,27200,.png,undefined,unused,"未引用（保留索引）"
res/6n2.png,275,.png,undefined,unused,"未引用（保留索引）"
res/6nF.png,2039,.png,undefined,unused,"未引用（保留索引）"
res/6nZ.png,1183,.png,undefined,unused,"未引用（保留索引）"
res/6ns.png,4992,.png,undefined,unused,"未引用（保留索引）"
res/6o0.xml,576,.xml,undefined,unused,"未引用（保留索引）"
res/6oj.xml,2180,.xml,undefined,unused,"未引用（保留索引）"
res/6pB.webp,26192,.webp,undefined,unused,"未引用（保留索引）"
res/6pT.xml,5204,.xml,undefined,unused,"未引用（保留索引）"
res/6pd.xml,1000,.xml,undefined,unused,"未引用（保留索引）"
res/6qy.png,16451,.png,undefined,unused,"未引用（保留索引）"
res/6rM.xml,876,.xml,undefined,unused,"未引用（保留索引）"
res/6r_.xml,628,.xml,undefined,unused,"未引用（保留索引）"
res/6t8.xml,500,.xml,undefined,unused,"未引用（保留索引）"
res/6tM.xml,1064,.xml,undefined,unused,"未引用（保留索引）"
res/6tM1.xml,4796,.xml,undefined,unused,"未引用（保留索引）"
res/6tN.png,465,.png,undefined,unused,"未引用（保留索引）"
res/6ty.xml,3684,.xml,undefined,unused,"未引用（保留索引）"
res/6vq.png,815,.png,undefined,unused,"未引用（保留索引）"
res/6vr.png,2346,.png,undefined,unused,"未引用（保留索引）"
res/6vr.xml,1008,.xml,undefined,unused,"未引用（保留索引）"
res/6w0.9.png,171,.png,undefined,unused,"未引用（保留索引）"
res/6wW.xml,3996,.xml,undefined,unused,"未引用（保留索引）"
res/6yK.xml,2012,.xml,undefined,unused,"未引用（保留索引）"
res/6yX.xml,5212,.xml,undefined,unused,"未引用（保留索引）"
res/6ye.9.png,514,.png,undefined,unused,"未引用（保留索引）"
res/6yj.xml,3988,.xml,undefined,unused,"未引用（保留索引）"
res/6zH.xml,2368,.xml,undefined,unused,"未引用（保留索引）"
res/7-6.xml,5088,.xml,undefined,unused,"未引用（保留索引）"
res/7-Q.png,652,.png,undefined,unused,"未引用（保留索引）"
res/70d.png,39461,.png,undefined,unused,"未引用（保留索引）"
res/70g.xml,1868,.xml,undefined,unused,"未引用（保留索引）"
res/71B.png,91658,.png,undefined,unused,"未引用（保留索引）"
res/71W.xml,5308,.xml,undefined,unused,"未引用（保留索引）"
res/71p.png,2546,.png,undefined,unused,"未引用（保留索引）"
res/71r.png,758,.png,undefined,unused,"未引用（保留索引）"
res/72-.9.png,186,.png,undefined,unused,"未引用（保留索引）"
res/727.png,2278,.png,undefined,unused,"未引用（保留索引）"
res/72Y.9.png,415,.png,undefined,unused,"未引用（保留索引）"
res/72k.png,2952,.png,undefined,unused,"未引用（保留索引）"
res/73v.png,3626,.png,undefined,unused,"未引用（保留索引）"
res/74-.webp,7096,.webp,undefined,unused,"未引用（保留索引）"
res/75A.xml,1868,.xml,undefined,unused,"未引用（保留索引）"
res/76e.png,3286,.png,undefined,unused,"未引用（保留索引）"
res/76i.png,13264,.png,undefined,unused,"未引用（保留索引）"
res/779.png,404,.png,undefined,unused,"未引用（保留索引）"
res/77d.xml,468,.xml,undefined,unused,"未引用（保留索引）"
res/78m.xml,1896,.xml,undefined,unused,"未引用（保留索引）"
res/79T.xml,6748,.xml,undefined,unused,"未引用（保留索引）"
res/79b.xml,468,.xml,undefined,unused,"未引用（保留索引）"
res/79f.webp,13644,.webp,undefined,unused,"未引用（保留索引）"
res/79w.xml,1508,.xml,undefined,unused,"未引用（保留索引）"
res/7Aq.png,25618,.png,undefined,unused,"未引用（保留索引）"
res/7BA.xml,3008,.xml,undefined,unused,"未引用（保留索引）"
res/7BK.xml,704,.xml,undefined,unused,"未引用（保留索引）"
res/7BW.png,241,.png,undefined,unused,"未引用（保留索引）"
res/7Cf.webp,14664,.webp,undefined,unused,"未引用（保留索引）"
res/7D_.png,1291,.png,undefined,unused,"未引用（保留索引）"
res/7EE.png,42809,.png,undefined,unused,"未引用（保留索引）"
res/7Ea.png,1819,.png,undefined,unused,"未引用（保留索引）"
res/7FG.webp,278,.webp,undefined,unused,"未引用（保留索引）"
res/7FP.xml,3540,.xml,undefined,unused,"未引用（保留索引）"
res/7FQ.xml,696,.xml,undefined,unused,"未引用（保留索引）"
res/7FS.webp,2892,.webp,undefined,unused,"未引用（保留索引）"
res/7FT.9.png,484,.png,undefined,unused,"未引用（保留索引）"
res/7Ga.png,16936,.png,undefined,unused,"未引用（保留索引）"
res/7Gu.xml,17328,.xml,undefined,unused,"未引用（保留索引）"
res/7H8.webp,5340,.webp,undefined,unused,"未引用（保留索引）"
res/7Io.webp,65242,.webp,undefined,unused,"未引用（保留索引）"
res/7J9.xml,2648,.xml,undefined,unused,"未引用（保留索引）"
res/7Jt.xml,8004,.xml,undefined,unused,"未引用（保留索引）"
res/7Lw.webp,538,.webp,undefined,unused,"未引用（保留索引）"
res/7M-.webp,17578,.webp,undefined,unused,"未引用（保留索引）"
res/7Ma.png,9302,.png,undefined,unused,"未引用（保留索引）"
res/7Ni.webp,544,.webp,undefined,unused,"未引用（保留索引）"
res/7O7.png,357,.png,undefined,unused,"未引用（保留索引）"
res/7P6.png,4124,.png,undefined,unused,"未引用（保留索引）"
res/7P7.9.png,229,.png,undefined,unused,"未引用（保留索引）"
res/7QB.xml,2204,.xml,undefined,unused,"未引用（保留索引）"
res/7QF.png,7427,.png,undefined,unused,"未引用（保留索引）"
res/7QO.webp,2390,.webp,undefined,unused,"未引用（保留索引）"
res/7QS.xml,9988,.xml,undefined,unused,"未引用（保留索引）"
res/7QU.png,4020,.png,undefined,unused,"未引用（保留索引）"
res/7Qh.xml,640,.xml,undefined,unused,"未引用（保留索引）"
res/7Qz.png,1031,.png,undefined,unused,"未引用（保留索引）"
res/7RN.xml,488,.xml,undefined,unused,"未引用（保留索引）"
res/7SY.webp,98512,.webp,undefined,unused,"未引用（保留索引）"
res/7T1.xml,468,.xml,undefined,unused,"未引用（保留索引）"
res/7T9.png,2501,.png,undefined,unused,"未引用（保留索引）"
res/7TM.xml,3628,.xml,undefined,unused,"未引用（保留索引）"
res/7TV.xml,576,.xml,undefined,unused,"未引用（保留索引）"
res/7TW.xml,576,.xml,undefined,unused,"未引用（保留索引）"
res/7TZ.png,108215,.png,undefined,unused,"未引用（保留索引）"
res/7Tg.9.png,204,.png,undefined,unused,"未引用（保留索引）"
res/7U0.webp,8666,.webp,undefined,unused,"未引用（保留索引）"
res/7U9.webp,2256,.webp,undefined,unused,"未引用（保留索引）"
res/7Uk.webp,3708,.webp,undefined,unused,"未引用（保留索引）"
res/7WN.xml,488,.xml,undefined,unused,"未引用（保留索引）"
res/7WZ.xml,448,.xml,undefined,unused,"未引用（保留索引）"
res/7X8.png,80975,.png,undefined,unused,"未引用（保留索引）"
res/7XJ.xml,7208,.xml,undefined,unused,"未引用（保留索引）"
res/7XW.webp,8764,.webp,undefined,unused,"未引用（保留索引）"
res/7YJ.xml,8944,.xml,undefined,unused,"未引用（保留索引）"
res/7Ys.xml,1044,.xml,undefined,unused,"未引用（保留索引）"
res/7ZD.xml,4056,.xml,undefined,unused,"未引用（保留索引）"
res/7Zm.xml,7280,.xml,undefined,unused,"未引用（保留索引）"
res/7Zx.png,3544,.png,undefined,unused,"未引用（保留索引）"
res/7_4.xml,596,.xml,undefined,unused,"未引用（保留索引）"
res/7_7.png,328,.png,undefined,unused,"未引用（保留索引）"
res/7_c.xml,2664,.xml,undefined,unused,"未引用（保留索引）"
res/7aG.xml,520,.xml,undefined,unused,"未引用（保留索引）"
res/7bs.png,17326,.png,undefined,unused,"未引用（保留索引）"
res/7cB.webp,27094,.webp,undefined,unused,"未引用（保留索引）"
res/7e7.xml,104,.xml,undefined,unused,"未引用（保留索引）"
res/7fP.xml,836,.xml,undefined,unused,"未引用（保留索引）"
res/7fc.webp,2656,.webp,undefined,unused,"未引用（保留索引）"
res/7g6.9.png,430,.png,undefined,unused,"未引用（保留索引）"
res/7h3.png,4194,.png,undefined,unused,"未引用（保留索引）"
res/7hX.xml,704,.xml,undefined,unused,"未引用（保留索引）"
res/7ha.png,15637,.png,undefined,unused,"未引用（保留索引）"
res/7hp.xml,10596,.xml,undefined,unused,"未引用（保留索引）"
res/7iI.png,1214,.png,undefined,unused,"未引用（保留索引）"
res/7iU.xml,552,.xml,undefined,unused,"未引用（保留索引）"
res/7jP.xml,856,.xml,undefined,unused,"未引用（保留索引）"
res/7jZ.xml,760,.xml,undefined,unused,"未引用（保留索引）"
res/7kK.png,9189,.png,undefined,unused,"未引用（保留索引）"
res/7kQ.xml,2012,.xml,undefined,unused,"未引用（保留索引）"
res/7l3.xml,2660,.xml,undefined,unused,"未引用（保留索引）"
res/7lG.xml,2480,.xml,undefined,unused,"未引用（保留索引）"
res/7nA.png,308,.png,undefined,unused,"未引用（保留索引）"
res/7o3.xml,704,.xml,undefined,unused,"未引用（保留索引）"
res/7oA.webp,17984,.webp,undefined,unused,"未引用（保留索引）"
res/7p4.xml,2720,.xml,undefined,unused,"未引用（保留索引）"
res/7pu.xml,792,.xml,undefined,unused,"未引用（保留索引）"
res/7qH.xml,25196,.xml,undefined,unused,"未引用（保留索引）"
res/7r7.png,12661,.png,undefined,unused,"未引用（保留索引）"
res/7s7.9.png,22815,.png,undefined,unused,"未引用（保留索引）"
res/7sK.png,9775,.png,undefined,unused,"未引用（保留索引）"
res/7s_.xml,3492,.xml,undefined,unused,"未引用（保留索引）"
res/7tF.png,452,.png,undefined,unused,"未引用（保留索引）"
res/7ts.xml,6016,.xml,undefined,unused,"未引用（保留索引）"
res/7uC.xml,1900,.xml,undefined,unused,"未引用（保留索引）"
res/7uf.xml,328,.xml,undefined,unused,"未引用（保留索引）"
res/7vA.xml,1144,.xml,undefined,unused,"未引用（保留索引）"
res/7vO.xml,488,.xml,undefined,unused,"未引用（保留索引）"
res/7w2.xml,704,.xml,undefined,unused,"未引用（保留索引）"
res/7w_.xml,576,.xml,undefined,unused,"未引用（保留索引）"
res/7xI.png,2158,.png,undefined,unused,"未引用（保留索引）"
res/7xe.xml,3568,.xml,undefined,unused,"未引用（保留索引）"
res/7xw.9.png,591,.png,undefined,unused,"未引用（保留索引）"
res/7yV.png,3224,.png,undefined,unused,"未引用（保留索引）"
res/7y_.png,15148,.png,undefined,unused,"未引用（保留索引）"
res/7zH.webp,2586,.webp,undefined,unused,"未引用（保留索引）"
res/7zf.png,15267,.png,undefined,unused,"未引用（保留索引）"
res/8-y.png,1178,.png,undefined,unused,"未引用（保留索引）"
res/81F.xml,3568,.xml,undefined,unused,"未引用（保留索引）"
res/81I.png,14563,.png,undefined,unused,"未引用（保留索引）"
res/81a.xml,1736,.xml,undefined,unused,"未引用（保留索引）"
res/823.xml,464,.xml,undefined,unused,"未引用（保留索引）"
res/82F.webp,1618,.webp,undefined,unused,"未引用（保留索引）"
res/82H.webp,20040,.webp,undefined,unused,"未引用（保留索引）"
res/82a.png,2342,.png,undefined,unused,"未引用（保留索引）"
res/82m.png,948,.png,undefined,unused,"未引用（保留索引）"
res/83H.xml,700,.xml,undefined,unused,"未引用（保留索引）"
res/83q.xml,1232,.xml,undefined,unused,"未引用（保留索引）"
res/844.xml,3628,.xml,undefined,unused,"未引用（保留索引）"
res/84M.xml,1240,.xml,undefined,unused,"未引用（保留索引）"
res/84g.webp,4620,.webp,undefined,unused,"未引用（保留索引）"
res/84j.png,4302,.png,undefined,unused,"未引用（保留索引）"
res/84l.xml,488,.xml,undefined,unused,"未引用（保留索引）"
res/85P.png,67,.png,undefined,unused,"未引用（保留索引）"
res/85Q.xml,1224,.xml,undefined,unused,"未引用（保留索引）"
res/862.png,1383,.png,undefined,unused,"未引用（保留索引）"
res/868.xml,1652,.xml,undefined,unused,"未引用（保留索引）"
res/86A.xml,392,.xml,undefined,unused,"未引用（保留索引）"
res/86g.xml,5336,.xml,undefined,unused,"未引用（保留索引）"
res/87I.xml,2704,.xml,undefined,unused,"未引用（保留索引）"
res/87S.png,7170,.png,undefined,unused,"未引用（保留索引）"
res/87X.png,22397,.png,undefined,unused,"未引用（保留索引）"
res/888.png,1630,.png,undefined,unused,"未引用（保留索引）"
res/88c.png,4204,.png,undefined,unused,"未引用（保留索引）"
res/89Z.otf,27828,.otf,undefined,unused,"未引用（保留索引）"
res/8Ay.xml,8332,.xml,undefined,unused,"未引用（保留索引）"
res/8B2.xml,4312,.xml,undefined,unused,"未引用（保留索引）"
res/8BE.xml,2784,.xml,undefined,unused,"未引用（保留索引）"
res/8BJ.png,7107,.png,undefined,unused,"未引用（保留索引）"
res/8BS.xml,836,.xml,undefined,unused,"未引用（保留索引）"
res/8Cb.png,22840,.png,undefined,unused,"未引用（保留索引）"
res/8Cc.xml,3548,.xml,undefined,unused,"未引用（保留索引）"
res/8E8.xml,1776,.xml,undefined,unused,"未引用（保留索引）"
res/8ER.xml,7580,.xml,undefined,unused,"未引用（保留索引）"
res/8EZ.xml,600,.xml,undefined,unused,"未引用（保留索引）"
res/8Ew.xml,3796,.xml,undefined,unused,"未引用（保留索引）"
res/8Fo.png,2711,.png,undefined,unused,"未引用（保留索引）"
res/8Fy.xml,2428,.xml,undefined,unused,"未引用（保留索引）"
res/8Fy1.xml,468,.xml,undefined,unused,"未引用（保留索引）"
res/8Ge.webp,50356,.webp,undefined,unused,"未引用（保留索引）"
res/8H4.xml,488,.xml,undefined,unused,"未引用（保留索引）"
res/8HX.xml,3324,.xml,undefined,unused,"未引用（保留索引）"
res/8Hd.png,1542,.png,undefined,unused,"未引用（保留索引）"
res/8Hg.png,9608,.png,undefined,unused,"未引用（保留索引）"
res/8I0.webp,4904,.webp,undefined,unused,"未引用（保留索引）"
res/8I5.xml,408,.xml,undefined,unused,"未引用（保留索引）"
res/8I9.xml,704,.xml,undefined,unused,"未引用（保留索引）"
res/8Im.png,1773,.png,undefined,unused,"未引用（保留索引）"
res/8Iu.xml,2132,.xml,undefined,unused,"未引用（保留索引）"
res/8J4.png,1973,.png,undefined,unused,"未引用（保留索引）"
res/8JZ.png,4522,.png,undefined,unused,"未引用（保留索引）"
res/8Jz.xml,2744,.xml,undefined,unused,"未引用（保留索引）"
res/8K2.png,2587,.png,undefined,unused,"未引用（保留索引）"
res/8KR.xml,1316,.xml,undefined,unused,"未引用（保留索引）"
res/8KV.png,3480,.png,undefined,unused,"未引用（保留索引）"
res/8KW.png,3926,.png,undefined,unused,"未引用（保留索引）"
res/8Ka.png,2977,.png,undefined,unused,"未引用（保留索引）"
res/8Kr.png,2772,.png,undefined,unused,"未引用（保留索引）"
res/8LS.png,554,.png,undefined,unused,"未引用（保留索引）"
res/8Lj.webp,99316,.webp,undefined,unused,"未引用（保留索引）"
res/8M8.png,442,.png,undefined,unused,"未引用（保留索引）"
res/8MQ.webp,472,.webp,undefined,unused,"未引用（保留索引）"
res/8MV.xml,6104,.xml,undefined,unused,"未引用（保留索引）"
res/8OQ.webp,63828,.webp,undefined,unused,"未引用（保留索引）"
res/8OW.xml,448,.xml,undefined,unused,"未引用（保留索引）"
res/8OZ.xml,1324,.xml,undefined,unused,"未引用（保留索引）"
res/8Or.png,50139,.png,undefined,unused,"未引用（保留索引）"
res/8Ot.png,553,.png,undefined,unused,"未引用（保留索引）"
res/8P3.png,11159,.png,undefined,unused,"未引用（保留索引）"
res/8Pe.png,4426,.png,undefined,unused,"未引用（保留索引）"
res/8Pe.xml,15660,.xml,undefined,unused,"未引用（保留索引）"
res/8R4.webp,90480,.webp,undefined,unused,"未引用（保留索引）"
res/8Sy.png,653,.png,undefined,unused,"未引用（保留索引）"
res/8TI.webp,14218,.webp,undefined,unused,"未引用（保留索引）"
res/8TP.png,272,.png,undefined,unused,"未引用（保留索引）"
res/8Tu.xml,3612,.xml,undefined,unused,"未引用（保留索引）"
res/8U4.xml,3696,.xml,undefined,unused,"未引用（保留索引）"
res/8U9.png,2765,.png,undefined,unused,"未引用（保留索引）"
res/8UJ.xml,1412,.xml,undefined,unused,"未引用（保留索引）"
res/8UT.xml,732,.xml,undefined,unused,"未引用（保留索引）"
res/8Us.webp,6660,.webp,undefined,unused,"未引用（保留索引）"
res/8Ut.png,1487,.png,undefined,unused,"未引用（保留索引）"
res/8Uw.9.png,1148,.png,undefined,unused,"未引用（保留索引）"
res/8V3.xml,1040,.xml,undefined,unused,"未引用（保留索引）"
res/8V9.9.png,221,.png,undefined,unused,"未引用（保留索引）"
res/8VK.png,4573,.png,undefined,unused,"未引用（保留索引）"
res/8VV.webp,5972,.webp,undefined,unused,"未引用（保留索引）"
res/8Vk.png,4645,.png,undefined,unused,"未引用（保留索引）"
res/8XJ.png,270,.png,undefined,unused,"未引用（保留索引）"
res/8Xi.xml,964,.xml,undefined,unused,"未引用（保留索引）"
res/8Y3.png,13949,.png,undefined,unused,"未引用（保留索引）"
res/8Y5.xml,3476,.xml,undefined,unused,"未引用（保留索引）"
res/8YA.xml,1492,.xml,undefined,unused,"未引用（保留索引）"
res/8YB.xml,4776,.xml,undefined,unused,"未引用（保留索引）"
res/8Ym.png,1465,.png,undefined,unused,"未引用（保留索引）"
res/8Z1.xml,1604,.xml,undefined,unused,"未引用（保留索引）"
res/8_W.png,464,.png,undefined,unused,"未引用（保留索引）"
res/8_W.xml,1208,.xml,undefined,unused,"未引用（保留索引）"
res/8am.xml,9080,.xml,undefined,unused,"未引用（保留索引）"
res/8b9.webp,72620,.webp,undefined,unused,"未引用（保留索引）"
res/8bP.xml,580,.xml,undefined,unused,"未引用（保留索引）"
res/8by.xml,7428,.xml,undefined,unused,"未引用（保留索引）"
res/8bz.xml,2276,.xml,undefined,unused,"未引用（保留索引）"
res/8cM.png,2931,.png,undefined,unused,"未引用（保留索引）"
res/8cS.png,56095,.png,undefined,unused,"未引用（保留索引）"
res/8cv.xml,1048,.xml,undefined,unused,"未引用（保留索引）"
res/8dp.xml,464,.xml,undefined,unused,"未引用（保留索引）"
res/8eY.xml,4800,.xml,undefined,unused,"未引用（保留索引）"
res/8gA.xml,2872,.xml,undefined,unused,"未引用（保留索引）"
res/8gJ.png,8020,.png,undefined,unused,"未引用（保留索引）"
res/8gr.webp,798,.webp,undefined,unused,"未引用（保留索引）"
res/8hL.xml,2568,.xml,undefined,unused,"未引用（保留索引）"
res/8hY.png,71690,.png,undefined,unused,"未引用（保留索引）"
res/8iE.png,398,.png,undefined,unused,"未引用（保留索引）"
res/8iR.xml,5228,.xml,undefined,unused,"未引用（保留索引）"
res/8iZ.xml,1944,.xml,undefined,unused,"未引用（保留索引）"
res/8in.webp,1130,.webp,undefined,unused,"未引用（保留索引）"
res/8kB.png,1148,.png,undefined,unused,"未引用（保留索引）"
res/8kC.png,1127,.png,undefined,unused,"未引用（保留索引）"
res/8k_.png,750,.png,undefined,unused,"未引用（保留索引）"
res/8ku.png,3385,.png,undefined,unused,"未引用（保留索引）"
res/8lM.xml,664,.xml,undefined,unused,"未引用（保留索引）"
res/8lq.xml,8720,.xml,undefined,unused,"未引用（保留索引）"
res/8mK.png,194,.png,undefined,unused,"未引用（保留索引）"
res/8ma.xml,2488,.xml,undefined,unused,"未引用（保留索引）"
res/8me.png,485,.png,undefined,unused,"未引用（保留索引）"
res/8n4.xml,1320,.xml,undefined,unused,"未引用（保留索引）"
res/8nq.png,3095,.png,undefined,unused,"未引用（保留索引）"
res/8p-.png,2854,.png,undefined,unused,"未引用（保留索引）"
res/8pl.xml,620,.xml,undefined,unused,"未引用（保留索引）"
res/8qM.xml,576,.xml,undefined,unused,"未引用（保留索引）"
res/8q_.png,12975,.png,undefined,unused,"未引用（保留索引）"
res/8qs.png,4418,.png,undefined,unused,"未引用（保留索引）"
res/8rd.png,13188,.png,undefined,unused,"未引用（保留索引）"
res/8s-.xml,548,.xml,undefined,unused,"未引用（保留索引）"
res/8sd.xml,26940,.xml,undefined,unused,"未引用（保留索引）"
res/8u8.png,537,.png,undefined,unused,"未引用（保留索引）"
res/8uK.png,1916,.png,undefined,unused,"未引用（保留索引）"
res/8uT.png,2380,.png,undefined,unused,"未引用（保留索引）"
res/8v2.webp,2616,.webp,undefined,unused,"未引用（保留索引）"
res/8vb.png,4118,.png,undefined,unused,"未引用（保留索引）"
res/8w1.webp,846,.webp,undefined,unused,"未引用（保留索引）"
res/8w_.9.png,280,.png,undefined,unused,"未引用（保留索引）"
res/8wp.xml,8780,.xml,undefined,unused,"未引用（保留索引）"
res/8xe.png,1267,.png,undefined,unused,"未引用（保留索引）"
res/8xf.png,5045,.png,undefined,unused,"未引用（保留索引）"
res/8y2.png,2838,.png,undefined,unused,"未引用（保留索引）"
res/8zM.xml,616,.xml,undefined,unused,"未引用（保留索引）"
res/8zO.xml,632,.xml,undefined,unused,"未引用（保留索引）"
res/8zc.xml,1740,.xml,undefined,unused,"未引用（保留索引）"
res/9-G.png,715,.png,undefined,unused,"未引用（保留索引）"
res/9-t.xml,812,.xml,undefined,unused,"未引用（保留索引）"
res/907.webp,35200,.webp,undefined,unused,"未引用（保留索引）"
res/91H.xml,940,.xml,undefined,unused,"未引用（保留索引）"
res/91W.webp,18156,.webp,undefined,unused,"未引用（保留索引）"
res/91p.png,490,.png,undefined,unused,"未引用（保留索引）"
res/921.webp,23762,.webp,undefined,unused,"未引用（保留索引）"
res/92J.png,1164,.png,undefined,unused,"未引用（保留索引）"
res/92Y.png,21227,.png,undefined,unused,"未引用（保留索引）"
res/92e.xml,7328,.xml,undefined,unused,"未引用（保留索引）"
res/93S.9.png,247,.png,undefined,unused,"未引用（保留索引）"
res/93X.xml,504,.xml,undefined,unused,"未引用（保留索引）"
res/93Y.webp,14854,.webp,undefined,unused,"未引用（保留索引）"
res/93b.xml,5552,.xml,undefined,unused,"未引用（保留索引）"
res/93o.png,4873,.png,undefined,unused,"未引用（保留索引）"
res/93o.xml,488,.xml,undefined,unused,"未引用（保留索引）"
res/93w.png,2628,.png,undefined,unused,"未引用（保留索引）"
res/940.png,765,.png,undefined,unused,"未引用（保留索引）"
res/94O.xml,2652,.xml,undefined,unused,"未引用（保留索引）"
res/94X.xml,592,.xml,undefined,unused,"未引用（保留索引）"
res/94h.png,12656,.png,undefined,unused,"未引用（保留索引）"
res/94r.png,1678,.png,undefined,unused,"未引用（保留索引）"
res/94t.xml,10232,.xml,undefined,unused,"未引用（保留索引）"
res/94x.png,170,.png,undefined,unused,"未引用（保留索引）"
res/95Q.xml,1152,.xml,undefined,unused,"未引用（保留索引）"
res/95s.webp,372,.webp,undefined,unused,"未引用（保留索引）"
res/95t.xml,1956,.xml,undefined,unused,"未引用（保留索引）"
res/95y.xml,488,.xml,undefined,unused,"未引用（保留索引）"
res/96x.xml,812,.xml,undefined,unused,"未引用（保留索引）"
res/97O.png,65704,.png,undefined,unused,"未引用（保留索引）"
res/97R.xml,1052,.xml,undefined,unused,"未引用（保留索引）"
res/97a.png,1353,.png,undefined,unused,"未引用（保留索引）"
res/97h.xml,4996,.xml,undefined,unused,"未引用（保留索引）"
res/98C.png,1208,.png,undefined,unused,"未引用（保留索引）"
res/99Z.png,3047,.png,undefined,unused,"未引用（保留索引）"
res/99j.xml,600,.xml,undefined,unused,"未引用（保留索引）"
res/99o.xml,752,.xml,undefined,unused,"未引用（保留索引）"
res/9Am.xml,440,.xml,undefined,unused,"未引用（保留索引）"
res/9BW.png,348,.png,undefined,unused,"未引用（保留索引）"
res/9C0.png,12449,.png,undefined,unused,"未引用（保留索引）"
res/9C1.png,17987,.png,undefined,unused,"未引用（保留索引）"
res/9C8.xml,1852,.xml,undefined,unused,"未引用（保留索引）"
res/9C81.xml,704,.xml,undefined,unused,"未引用（保留索引）"
res/9CB.xml,1912,.xml,undefined,unused,"未引用（保留索引）"
res/9Cc.png,23541,.png,undefined,unused,"未引用（保留索引）"
res/9DR.webp,11080,.webp,undefined,unused,"未引用（保留索引）"
res/9Dv.png,8676,.png,undefined,unused,"未引用（保留索引）"
res/9E4.xml,612,.xml,undefined,unused,"未引用（保留索引）"
res/9Ev.xml,780,.xml,undefined,unused,"未引用（保留索引）"
res/9FE.png,242,.png,undefined,unused,"未引用（保留索引）"
res/9Fk.png,28095,.png,undefined,unused,"未引用（保留索引）"
res/9G1.webp,22226,.webp,undefined,unused,"未引用（保留索引）"
res/9GZ.jpg,783,.jpg,undefined,unused,"未引用（保留索引）"
res/9HI.xml,8224,.xml,undefined,unused,"未引用（保留索引）"
res/9HQ.xml,2388,.xml,undefined,unused,"未引用（保留索引）"
res/9HS.png,4944,.png,undefined,unused,"未引用（保留索引）"
res/9H_.xml,2208,.xml,undefined,unused,"未引用（保留索引）"
res/9Hd.xml,2260,.xml,undefined,unused,"未引用（保留索引）"
res/9Ix.png,268,.png,undefined,unused,"未引用（保留索引）"
res/9Kl.xml,1676,.xml,undefined,unused,"未引用（保留索引）"
res/9L4.png,4187,.png,undefined,unused,"未引用（保留索引）"
res/9Lf.xml,484,.xml,undefined,unused,"未引用（保留索引）"
res/9MR.png,1350,.png,undefined,unused,"未引用（保留索引）"
res/9N5.png,397,.png,undefined,unused,"未引用（保留索引）"
res/9Nf.9.png,433,.png,undefined,unused,"未引用（保留索引）"
res/9OQ.png,7754,.png,undefined,unused,"未引用（保留索引）"
res/9OZ.xml,1116,.xml,undefined,unused,"未引用（保留索引）"
res/9Om.xml,1080,.xml,undefined,unused,"未引用（保留索引）"
res/9Ox.xml,3000,.xml,undefined,unused,"未引用（保留索引）"
res/9P8.png,8390,.png,undefined,unused,"未引用（保留索引）"
res/9PR.webp,2326,.webp,undefined,unused,"未引用（保留索引）"
res/9PY.xml,2464,.xml,undefined,unused,"未引用（保留索引）"
res/9Pd.png,6355,.png,undefined,unused,"未引用（保留索引）"
res/9Pu.xml,536,.xml,undefined,unused,"未引用（保留索引）"
res/9Q0.png,245,.png,undefined,unused,"未引用（保留索引）"
res/9Q3.png,4401,.png,undefined,unused,"未引用（保留索引）"
res/9Qn.png,1260,.png,undefined,unused,"未引用（保留索引）"
res/9Qy.png,38529,.png,undefined,unused,"未引用（保留索引）"
res/9R_.xml,852,.xml,undefined,unused,"未引用（保留索引）"
res/9SS.png,17789,.png,undefined,unused,"未引用（保留索引）"
res/9SU.webp,9960,.webp,undefined,unused,"未引用（保留索引）"
res/9Sq.webp,974,.webp,undefined,unused,"未引用（保留索引）"
res/9TP.xml,5652,.xml,undefined,unused,"未引用（保留索引）"
res/9Ta.xml,884,.xml,undefined,unused,"未引用（保留索引）"
res/9Td.png,373,.png,undefined,unused,"未引用（保留索引）"
res/9UG.png,5091,.png,undefined,unused,"未引用（保留索引）"
res/9Uk.xml,1228,.xml,undefined,unused,"未引用（保留索引）"
res/9Uw.png,2896,.png,undefined,unused,"未引用（保留索引）"
res/9Vg.png,593,.png,undefined,unused,"未引用（保留索引）"
res/9Wb.xml,18764,.xml,undefined,unused,"未引用（保留索引）"
res/9Wn.xml,488,.xml,undefined,unused,"未引用（保留索引）"
res/9X0.9.png,200,.png,undefined,unused,"未引用（保留索引）"
res/9YG.xml,2132,.xml,undefined,unused,"未引用（保留索引）"
res/9YJ.xml,3228,.xml,undefined,unused,"未引用（保留索引）"
res/9ZR.png,513,.png,undefined,unused,"未引用（保留索引）"
res/9_6.png,67,.png,undefined,unused,"未引用（保留索引）"
res/9_E.xml,2352,.xml,undefined,unused,"未引用（保留索引）"
res/9_k.xml,8088,.xml,undefined,unused,"未引用（保留索引）"
res/9_y.png,10884,.png,undefined,unused,"未引用（保留索引）"
res/9aT.png,603,.png,undefined,unused,"未引用（保留索引）"
res/9b6.png,13564,.png,undefined,unused,"未引用（保留索引）"
res/9bO.png,363,.png,undefined,unused,"未引用（保留索引）"
res/9bY.png,67,.png,undefined,unused,"未引用（保留索引）"
res/9ba.webp,8092,.webp,undefined,unused,"未引用（保留索引）"
res/9cc.xml,14408,.xml,undefined,unused,"未引用（保留索引）"
res/9dG.png,57721,.png,undefined,unused,"未引用（保留索引）"
res/9eD.png,626,.png,undefined,unused,"未引用（保留索引）"
res/9eE.png,610,.png,undefined,unused,"未引用（保留索引）"
res/9eF.png,527,.png,undefined,unused,"未引用（保留索引）"
res/9f5.xml,4304,.xml,undefined,unused,"未引用（保留索引）"
res/9fN.xml,528,.xml,undefined,unused,"未引用（保留索引）"
res/9ff.png,758,.png,undefined,unused,"未引用（保留索引）"
res/9gL.webp,2706,.webp,undefined,unused,"未引用（保留索引）"
res/9gP.png,52520,.png,undefined,unused,"未引用（保留索引）"
res/9i8.png,1872,.png,undefined,unused,"未引用（保留索引）"
res/9jA.png,67261,.png,undefined,unused,"未引用（保留索引）"
res/9j_.png,8795,.png,undefined,unused,"未引用（保留索引）"
res/9js.webp,6876,.webp,undefined,unused,"未引用（保留索引）"
res/9kQ.png,1102,.png,undefined,unused,"未引用（保留索引）"
res/9lC.png,1695,.png,undefined,unused,"未引用（保留索引）"
res/9lO.xml,576,.xml,undefined,unused,"未引用（保留索引）"
res/9lW.xml,2796,.xml,undefined,unused,"未引用（保留索引）"
res/9md.webp,91286,.webp,undefined,unused,"未引用（保留索引）"
res/9mv.png,1289,.png,undefined,unused,"未引用（保留索引）"
res/9nX.xml,420,.xml,undefined,unused,"未引用（保留索引）"
res/9nu.png,739,.png,undefined,unused,"未引用（保留索引）"
res/9oc.webp,22128,.webp,undefined,unused,"未引用（保留索引）"
res/9oc.xml,876,.xml,undefined,unused,"未引用（保留索引）"
res/9on.webp,24052,.webp,undefined,unused,"未引用（保留索引）"
res/9on.xml,448,.xml,undefined,unused,"未引用（保留索引）"
res/9pZ.png,2840,.png,undefined,unused,"未引用（保留索引）"
res/9pu.png,388,.png,undefined,unused,"未引用（保留索引）"
res/9qV.png,6116,.png,undefined,unused,"未引用（保留索引）"
res/9qY.png,1819,.png,undefined,unused,"未引用（保留索引）"
res/9qh.xml,7700,.xml,undefined,unused,"未引用（保留索引）"
res/9s4.webp,418,.webp,undefined,unused,"未引用（保留索引）"
res/9sJ.xml,3936,.xml,undefined,unused,"未引用（保留索引）"
res/9sO.png,12912,.png,undefined,unused,"未引用（保留索引）"
res/9sT.webp,12922,.webp,undefined,unused,"未引用（保留索引）"
res/9sZ.xml,2008,.xml,undefined,unused,"未引用（保留索引）"
res/9tF.png,4936,.png,undefined,unused,"未引用（保留索引）"
res/9tV.xml,2236,.xml,undefined,unused,"未引用（保留索引）"
res/9tt.png,984,.png,undefined,unused,"未引用（保留索引）"
res/9tz.xml,500,.xml,undefined,unused,"未引用（保留索引）"
res/9vI.png,2193,.png,undefined,unused,"未引用（保留索引）"
res/9wN.png,463,.png,undefined,unused,"未引用（保留索引）"
res/9we.xml,844,.xml,undefined,unused,"未引用（保留索引）"
res/9xC.xml,1012,.xml,undefined,unused,"未引用（保留索引）"
res/9xL.xml,35320,.xml,undefined,unused,"未引用（保留索引）"
res/9xa.webp,26564,.webp,undefined,unused,"未引用（保留索引）"
res/9xx.xml,2804,.xml,undefined,unused,"未引用（保留索引）"
res/9y5.webp,23686,.webp,undefined,unused,"未引用（保留索引）"
res/9yc.xml,852,.xml,undefined,unused,"未引用（保留索引）"
res/9z1.png,6147,.png,undefined,unused,"未引用（保留索引）"
res/9zc.webp,17984,.webp,undefined,unused,"未引用（保留索引）"
res/A-9.png,11062,.png,undefined,unused,"未引用（保留索引）"
res/A-Q.xml,748,.xml,undefined,unused,"未引用（保留索引）"
res/A0u.png,464,.png,undefined,unused,"未引用（保留索引）"
res/A1q.xml,744,.xml,undefined,unused,"未引用（保留索引）"
res/A2E.xml,3484,.xml,undefined,unused,"未引用（保留索引）"
res/A2V.xml,8940,.xml,undefined,unused,"未引用（保留索引）"
res/A2b.png,113909,.png,undefined,unused,"未引用（保留索引）"
res/A45.png,13181,.png,undefined,unused,"未引用（保留索引）"
res/A4J.png,5115,.png,undefined,unused,"未引用（保留索引）"
res/A4l.xml,1952,.xml,undefined,unused,"未引用（保留索引）"
res/A5V.png,2513,.png,undefined,unused,"未引用（保留索引）"
res/A5b.xml,712,.xml,undefined,unused,"未引用（保留索引）"
res/A5r.xml,464,.xml,undefined,unused,"未引用（保留索引）"
res/A6L.png,8328,.png,undefined,unused,"未引用（保留索引）"
res/A6P.png,214,.png,undefined,unused,"未引用（保留索引）"
res/A6a.xml,7440,.xml,undefined,unused,"未引用（保留索引）"
res/A6f.png,2278,.png,undefined,unused,"未引用（保留索引）"
res/A6g.webp,14054,.webp,undefined,unused,"未引用（保留索引）"
res/A7B.webp,38084,.webp,undefined,unused,"未引用（保留索引）"
res/A7Y.xml,448,.xml,undefined,unused,"未引用（保留索引）"
res/A7c.webp,2012,.webp,undefined,unused,"未引用（保留索引）"
res/A7l.xml,528,.xml,undefined,unused,"未引用（保留索引）"
res/A7q.xml,576,.xml,undefined,unused,"未引用（保留索引）"
res/A80.xml,468,.xml,undefined,unused,"未引用（保留索引）"
res/A8I.xml,3528,.xml,undefined,unused,"未引用（保留索引）"
res/A8_.png,8075,.png,undefined,unused,"未引用（保留索引）"
res/A8u.ttf,846844,.ttf,undefined,unused,"未引用（保留索引）"
res/A9k.png,3211,.png,undefined,unused,"未引用（保留索引）"
res/AAC.xml,704,.xml,undefined,unused,"未引用（保留索引）"
res/AAK.png,546,.png,undefined,unused,"未引用（保留索引）"
res/AAN.otf,0,.otf,undefined,unused,"未引用（保留索引）"
res/AAb.xml,7156,.xml,undefined,unused,"未引用（保留索引）"
res/AAb1.xml,3128,.xml,undefined,unused,"未引用（保留索引）"
res/AAu.xml,1656,.xml,undefined,unused,"未引用（保留索引）"
res/AB-.xml,2860,.xml,undefined,unused,"未引用（保留索引）"
res/AB_.webp,5750,.webp,undefined,unused,"未引用（保留索引）"
res/ABs.9.png,437,.png,undefined,unused,"未引用（保留索引）"
res/ACi.png,284,.png,undefined,unused,"未引用（保留索引）"
res/ADK.png,960,.png,undefined,unused,"未引用（保留索引）"
res/ADL.webp,5208,.webp,undefined,unused,"未引用（保留索引）"
res/AE4.png,1976,.png,undefined,unused,"未引用（保留索引）"
res/AEZ.png,281,.png,undefined,unused,"未引用（保留索引）"
res/AFS.png,133222,.png,undefined,unused,"未引用（保留索引）"
res/AG6.xml,1988,.xml,undefined,unused,"未引用（保留索引）"
res/AG7.xml,532,.xml,undefined,unused,"未引用（保留索引）"
res/AGI.webp,9936,.webp,undefined,unused,"未引用（保留索引）"
res/AI6.xml,7068,.xml,undefined,unused,"未引用（保留索引）"
res/AID.webp,2458,.webp,undefined,unused,"未引用（保留索引）"
res/AIK.xml,2648,.xml,undefined,unused,"未引用（保留索引）"
res/AIm.xml,624,.xml,undefined,unused,"未引用（保留索引）"
res/AIz.png,48440,.png,undefined,unused,"未引用（保留索引）"
res/AJo.xml,896,.xml,undefined,unused,"未引用（保留索引）"
res/AKC.png,155,.png,undefined,unused,"未引用（保留索引）"
res/AKF.xml,484,.xml,undefined,unused,"未引用（保留索引）"
res/AKI.xml,3872,.xml,undefined,unused,"未引用（保留索引）"
res/AKQ.xml,2476,.xml,undefined,unused,"未引用（保留索引）"
res/ALq.xml,464,.xml,undefined,unused,"未引用（保留索引）"
res/AMF.png,1316,.png,undefined,unused,"未引用（保留索引）"
res/ANP.png,1807,.png,undefined,unused,"未引用（保留索引）"
res/ANT.xml,3448,.xml,undefined,unused,"未引用（保留索引）"
res/ANh.png,433,.png,undefined,unused,"未引用（保留索引）"
res/AO7.xml,3628,.xml,undefined,unused,"未引用（保留索引）"
res/AOR.xml,1080,.xml,undefined,unused,"未引用（保留索引）"
res/AOa.png,1416,.png,undefined,unused,"未引用（保留索引）"
res/AOc.xml,916,.xml,undefined,unused,"未引用（保留索引）"
res/AP4.webp,74396,.webp,undefined,unused,"未引用（保留索引）"
res/APa.xml,268,.xml,undefined,unused,"未引用（保留索引）"
res/APc.xml,4232,.xml,undefined,unused,"未引用（保留索引）"
res/AQW.xml,4796,.xml,undefined,unused,"未引用（保留索引）"
res/AS4.webp,5620,.webp,undefined,unused,"未引用（保留索引）"
res/AS7.png,60737,.png,undefined,unused,"未引用（保留索引）"
res/ASA.png,86601,.png,undefined,unused,"未引用（保留索引）"
res/ASt.png,330,.png,undefined,unused,"未引用（保留索引）"
res/AT4.webp,4674,.webp,undefined,unused,"未引用（保留索引）"
res/ATI.png,404,.png,undefined,unused,"未引用（保留索引）"
res/ATJ.xml,3348,.xml,undefined,unused,"未引用（保留索引）"
res/AUE.png,777,.png,undefined,unused,"未引用（保留索引）"
res/AUQ.webp,1428,.webp,undefined,unused,"未引用（保留索引）"
res/AUZ.png,70163,.png,undefined,unused,"未引用（保留索引）"
res/AVq.png,15151,.png,undefined,unused,"未引用（保留索引）"
res/AX4.png,1601,.png,undefined,unused,"未引用（保留索引）"
res/AXE.webp,4800,.webp,undefined,unused,"未引用（保留索引）"
res/AXX.png,59368,.png,undefined,unused,"未引用（保留索引）"
res/AXz.xml,1528,.xml,undefined,unused,"未引用（保留索引）"
res/AY3.png,7858,.png,undefined,unused,"未引用（保留索引）"
res/AYM.webp,37334,.webp,undefined,unused,"未引用（保留索引）"
res/AYP.png,1522,.png,undefined,unused,"未引用（保留索引）"
res/AYh.xml,1704,.xml,undefined,unused,"未引用（保留索引）"
res/AYm.png,24798,.png,undefined,unused,"未引用（保留索引）"
res/AZN.xml,2068,.xml,undefined,unused,"未引用（保留索引）"
res/AZV.xml,492,.xml,undefined,unused,"未引用（保留索引）"
res/AZd.xml,400,.xml,undefined,unused,"未引用（保留索引）"
res/A_k.xml,1352,.xml,undefined,unused,"未引用（保留索引）"
res/A_z.xml,3824,.xml,undefined,unused,"未引用（保留索引）"
res/AaH.png,75956,.png,undefined,unused,"未引用（保留索引）"
res/Ab4.xml,3096,.xml,undefined,unused,"未引用（保留索引）"
res/AbF.png,1456,.png,undefined,unused,"未引用（保留索引）"
res/AbK.png,1805,.png,undefined,unused,"未引用（保留索引）"
res/Abu.png,14224,.png,undefined,unused,"未引用（保留索引）"
res/AcE.9.png,186,.png,undefined,unused,"未引用（保留索引）"
res/Ad1.xml,2232,.xml,undefined,unused,"未引用（保留索引）"
res/AdH.png,1601,.png,undefined,unused,"未引用（保留索引）"
res/AdR.png,262,.png,undefined,unused,"未引用（保留索引）"
res/Adt.webp,102842,.webp,undefined,unused,"未引用（保留索引）"
res/AeI.webp,47440,.webp,undefined,unused,"未引用（保留索引）"
res/AeR.png,865,.png,undefined,unused,"未引用（保留索引）"
res/Aet.png,67,.png,undefined,unused,"未引用（保留索引）"
res/Aew.xml,1216,.xml,undefined,unused,"未引用（保留索引）"
res/AfH.webp,332,.webp,undefined,unused,"未引用（保留索引）"
res/AgG.webp,2212,.webp,undefined,unused,"未引用（保留索引）"
res/AgN.png,20055,.png,undefined,unused,"未引用（保留索引）"
res/Aga.png,766,.png,undefined,unused,"未引用（保留索引）"
res/Agr.xml,2772,.xml,undefined,unused,"未引用（保留索引）"
res/Air.xml,628,.xml,undefined,unused,"未引用（保留索引）"
res/Aix.png,173,.png,undefined,unused,"未引用（保留索引）"
res/AjA.png,2987,.png,undefined,unused,"未引用（保留索引）"
res/Ajc.xml,9944,.xml,undefined,unused,"未引用（保留索引）"
res/Aje.webp,2146,.webp,undefined,unused,"未引用（保留索引）"
res/Ak0.xml,3488,.xml,undefined,unused,"未引用（保留索引）"
res/AkB.xml,3320,.xml,undefined,unused,"未引用（保留索引）"
res/AkN.png,1334,.png,undefined,unused,"未引用（保留索引）"
res/Akd.xml,1660,.xml,undefined,unused,"未引用（保留索引）"
res/Al-.xml,11604,.xml,undefined,unused,"未引用（保留索引）"
res/Al9.xml,3788,.xml,undefined,unused,"未引用（保留索引）"
res/AlX.xml,2360,.xml,undefined,unused,"未引用（保留索引）"
res/Alv.png,3659,.png,undefined,unused,"未引用（保留索引）"
res/Alw.webp,1868,.webp,undefined,unused,"未引用（保留索引）"
res/AmH.png,2778,.png,undefined,unused,"未引用（保留索引）"
res/Ami.xml,1504,.xml,undefined,unused,"未引用（保留索引）"
res/Amo.png,10172,.png,undefined,unused,"未引用（保留索引）"
res/Ang.png,745,.png,undefined,unused,"未引用（保留索引）"
res/Anv.xml,628,.xml,undefined,unused,"未引用（保留索引）"
res/ApP.webp,13064,.webp,undefined,unused,"未引用（保留索引）"
res/Aq9.png,981,.png,undefined,unused,"未引用（保留索引）"
res/AqA.xml,740,.xml,undefined,unused,"未引用（保留索引）"
res/AqP.xml,1064,.xml,undefined,unused,"未引用（保留索引）"
res/Ar6.xml,3284,.xml,undefined,unused,"未引用（保留索引）"
res/Ar7.png,1086320,.png,undefined,unused,"未引用（保留索引）"
res/Ar8.png,5167,.png,undefined,unused,"未引用（保留索引）"
res/AsG.png,53100,.png,undefined,unused,"未引用（保留索引）"
res/AtJ.xml,756,.xml,undefined,unused,"未引用（保留索引）"
res/Atg.png,6836,.png,undefined,unused,"未引用（保留索引）"
res/Att.xml,2388,.xml,undefined,unused,"未引用（保留索引）"
res/Au5.png,1634,.png,undefined,unused,"未引用（保留索引）"
res/AuE.xml,516,.xml,undefined,unused,"未引用（保留索引）"
res/Au_.xml,1960,.xml,undefined,unused,"未引用（保留索引）"
res/Aug.webp,474,.webp,undefined,unused,"未引用（保留索引）"
res/Aun.png,67,.png,undefined,unused,"未引用（保留索引）"
res/Aut.xml,3392,.xml,undefined,unused,"未引用（保留索引）"
res/Avh.png,3326,.png,undefined,unused,"未引用（保留索引）"
res/AwC.xml,464,.xml,undefined,unused,"未引用（保留索引）"
res/AwY.xml,2756,.xml,undefined,unused,"未引用（保留索引）"
res/Awt.xml,576,.xml,undefined,unused,"未引用（保留索引）"
res/AxQ.png,185,.png,undefined,unused,"未引用（保留索引）"
res/AxW.png,2001,.png,undefined,unused,"未引用（保留索引）"
res/Axm.png,332,.png,undefined,unused,"未引用（保留索引）"
res/Axr.png,8292,.png,undefined,unused,"未引用（保留索引）"
res/Az9.webp,25540,.webp,undefined,unused,"未引用（保留索引）"
res/AzW.xml,932,.xml,undefined,unused,"未引用（保留索引）"
res/B-0.webp,11112,.webp,undefined,unused,"未引用（保留索引）"
res/B-Z.png,5533,.png,undefined,unused,"未引用（保留索引）"
res/B-f.png,17294,.png,undefined,unused,"未引用（保留索引）"
res/B-w.webp,31966,.webp,undefined,unused,"未引用（保留索引）"
res/B0G.png,7133,.png,undefined,unused,"未引用（保留索引）"
res/B0h.xml,32156,.xml,undefined,unused,"未引用（保留索引）"
res/B0n.png,486,.png,undefined,unused,"未引用（保留索引）"
res/B1L.xml,3012,.xml,undefined,unused,"未引用（保留索引）"
res/B1_.xml,2316,.xml,undefined,unused,"未引用（保留索引）"
res/B1o.xml,1500,.xml,undefined,unused,"未引用（保留索引）"
res/B27.webp,1676,.webp,undefined,unused,"未引用（保留索引）"
res/B29.webp,3280,.webp,undefined,unused,"未引用（保留索引）"
res/B2M.png,549,.png,undefined,unused,"未引用（保留索引）"
res/B2h.webp,5826,.webp,undefined,unused,"未引用（保留索引）"
res/B2s.webp,11730,.webp,undefined,unused,"未引用（保留索引）"
res/B2u.xml,3684,.xml,undefined,unused,"未引用（保留索引）"
res/B35.png,400,.png,undefined,unused,"未引用（保留索引）"
res/B54.png,394,.png,undefined,unused,"未引用（保留索引）"
res/B5_.webp,2130,.webp,undefined,unused,"未引用（保留索引）"
res/B61.png,1626,.png,undefined,unused,"未引用（保留索引）"
res/B67.webp,2730,.webp,undefined,unused,"未引用（保留索引）"
res/B6P.xml,7484,.xml,undefined,unused,"未引用（保留索引）"
res/B6W.xml,2532,.xml,undefined,unused,"未引用（保留索引）"
res/B6i.xml,12544,.xml,undefined,unused,"未引用（保留索引）"
res/B7Q.webp,1922,.webp,undefined,unused,"未引用（保留索引）"
res/B7R.xml,448,.xml,undefined,unused,"未引用（保留索引）"
res/B7i.png,9772,.png,undefined,unused,"未引用（保留索引）"
res/B7l.webp,5094,.webp,undefined,unused,"未引用（保留索引）"
res/B8E.webp,1792,.webp,undefined,unused,"未引用（保留索引）"
res/B8J.png,1736,.png,undefined,unused,"未引用（保留索引）"
res/B8P.xml,844,.xml,undefined,unused,"未引用（保留索引）"
res/B8W.png,359,.png,undefined,unused,"未引用（保留索引）"
res/B8u.xml,768,.xml,undefined,unused,"未引用（保留索引）"
res/B99.webp,590,.webp,undefined,unused,"未引用（保留索引）"
res/B9h.png,24190,.png,undefined,unused,"未引用（保留索引）"
res/BAH.webp,3240,.webp,undefined,unused,"未引用（保留索引）"
res/BAI.xml,1444,.xml,undefined,unused,"未引用（保留索引）"
res/BAN.png,13231,.png,undefined,unused,"未引用（保留索引）"
res/BAR.xml,1976,.xml,undefined,unused,"未引用（保留索引）"
res/BCQ.xml,8664,.xml,undefined,unused,"未引用（保留索引）"
res/BCe.xml,4936,.xml,undefined,unused,"未引用（保留索引）"
res/BDC.xml,2032,.xml,undefined,unused,"未引用（保留索引）"
res/BEn.png,889,.png,undefined,unused,"未引用（保留索引）"
res/BEv.webp,1626,.webp,undefined,unused,"未引用（保留索引）"
res/BF6.xml,1040,.xml,undefined,unused,"未引用（保留索引）"
res/BFe.png,344,.png,undefined,unused,"未引用（保留索引）"
res/BGR.png,651,.png,undefined,unused,"未引用（保留索引）"
res/BGS.png,68345,.png,undefined,unused,"未引用（保留索引）"
res/BGS.xml,1376,.xml,undefined,unused,"未引用（保留索引）"
res/BGq.webp,16890,.webp,undefined,unused,"未引用（保留索引）"
res/BHJ.xml,7472,.xml,undefined,unused,"未引用（保留索引）"
res/BHU.png,50317,.png,undefined,unused,"未引用（保留索引）"
res/BHe.png,3239,.png,undefined,unused,"未引用（保留索引）"
res/BHw.png,293,.png,undefined,unused,"未引用（保留索引）"
res/BI-.png,3263,.png,undefined,unused,"未引用（保留索引）"
res/BI1.webp,3152,.webp,undefined,unused,"未引用（保留索引）"
res/BI4.webp,546,.webp,undefined,unused,"未引用（保留索引）"
res/BIB.webp,5058,.webp,undefined,unused,"未引用（保留索引）"
res/BIy.xml,1952,.xml,undefined,unused,"未引用（保留索引）"
res/BJ-.png,761,.png,undefined,unused,"未引用（保留索引）"
res/BJO.png,9877,.png,undefined,unused,"未引用（保留索引）"
res/BJg.png,1353,.png,undefined,unused,"未引用（保留索引）"
res/BKs.png,7804,.png,undefined,unused,"未引用（保留索引）"
res/BL0.webp,122352,.webp,undefined,unused,"未引用（保留索引）"
res/BLZ.webp,3854,.webp,undefined,unused,"未引用（保留索引）"
res/BLk.png,2095,.png,undefined,unused,"未引用（保留索引）"
res/BMG.png,67,.png,undefined,unused,"未引用（保留索引）"
res/BMK.xml,3968,.xml,undefined,unused,"未引用（保留索引）"
res/BNG.xml,4856,.xml,undefined,unused,"未引用（保留索引）"
res/BOp.webp,6424,.webp,undefined,unused,"未引用（保留索引）"
res/BOv.png,173,.png,undefined,unused,"未引用（保留索引）"
res/BP0.png,1179,.png,undefined,unused,"未引用（保留索引）"
res/BPN.png,458,.png,undefined,unused,"未引用（保留索引）"
res/BPT.ttf,44112,.ttf,undefined,unused,"未引用（保留索引）"
res/BQ3.xml,14108,.xml,undefined,unused,"未引用（保留索引）"
res/BQI.webp,1054,.webp,undefined,unused,"未引用（保留索引）"
res/BQy.png,1922,.png,undefined,unused,"未引用（保留索引）"
res/BRA.xml,3100,.xml,undefined,unused,"未引用（保留索引）"
res/BSG.xml,1748,.xml,undefined,unused,"未引用（保留索引）"
res/BSW.png,995,.png,undefined,unused,"未引用（保留索引）"
res/BSn.png,5382,.png,undefined,unused,"未引用（保留索引）"
res/BSw.xml,8088,.xml,undefined,unused,"未引用（保留索引）"
res/BTP.png,472,.png,undefined,unused,"未引用（保留索引）"
res/BU4.png,204,.png,undefined,unused,"未引用（保留索引）"
res/BU41.png,185,.png,undefined,unused,"未引用（保留索引）"
res/BUo.xml,2732,.xml,undefined,unused,"未引用（保留索引）"
res/BUt.xml,2448,.xml,undefined,unused,"未引用（保留索引）"
res/BVx.png,857,.png,undefined,unused,"未引用（保留索引）"
res/BW3.webp,2462,.webp,undefined,unused,"未引用（保留索引）"
res/BW3.xml,1588,.xml,undefined,unused,"未引用（保留索引）"
res/BXJ.9.png,64770,.png,undefined,unused,"未引用（保留索引）"
res/BXd.xml,484,.xml,undefined,unused,"未引用（保留索引）"
res/BYK.png,4884,.png,undefined,unused,"未引用（保留索引）"
res/BYu.png,2192,.png,undefined,unused,"未引用（保留索引）"
res/BZ8.xml,468,.xml,undefined,unused,"未引用（保留索引）"
res/BZC.webp,1756,.webp,undefined,unused,"未引用（保留索引）"
res/BZs.xml,556,.xml,undefined,unused,"未引用（保留索引）"
res/B_I.xml,5412,.xml,undefined,unused,"未引用（保留索引）"
res/B_I1.xml,8988,.xml,undefined,unused,"未引用（保留索引）"
res/Ba2.png,10079,.png,undefined,unused,"未引用（保留索引）"
res/BaF.png,43421,.png,undefined,unused,"未引用（保留索引）"
res/BaQ.webp,41408,.webp,undefined,unused,"未引用（保留索引）"
res/Bao.png,6958,.png,undefined,unused,"未引用（保留索引）"
res/Baq.xml,532,.xml,undefined,unused,"未引用（保留索引）"
res/BcS.xml,3692,.xml,undefined,unused,"未引用（保留索引）"
res/BcX.png,6754,.png,undefined,unused,"未引用（保留索引）"
res/Bcq.webp,0,.webp,undefined,unused,"未引用（保留索引）"
res/Bd3.png,50046,.png,undefined,unused,"未引用（保留索引）"
res/Bd7.xml,2668,.xml,undefined,unused,"未引用（保留索引）"
res/BdS.png,2324,.png,undefined,unused,"未引用（保留索引）"
res/BdX.webp,22262,.webp,undefined,unused,"未引用（保留索引）"
res/Bdd.xml,2152,.xml,undefined,unused,"未引用（保留索引）"
res/Bdd1.xml,424,.xml,undefined,unused,"未引用（保留索引）"
res/Bek.xml,3220,.xml,undefined,unused,"未引用（保留索引）"
res/BgG.xml,1984,.xml,undefined,unused,"未引用（保留索引）"
res/BgL.webp,51664,.webp,undefined,unused,"未引用（保留索引）"
res/BgQ.png,6604,.png,undefined,unused,"未引用（保留索引）"
res/Bge.png,67,.png,undefined,unused,"未引用（保留索引）"
res/Bgq.webp,85634,.webp,undefined,unused,"未引用（保留索引）"
res/Bh5.xml,3044,.xml,undefined,unused,"未引用（保留索引）"
res/Bh8.xml,504,.xml,undefined,unused,"未引用（保留索引）"
res/BhE.webp,16636,.webp,undefined,unused,"未引用（保留索引）"
res/BhP.xml,2468,.xml,undefined,unused,"未引用（保留索引）"
res/Bhp.webp,26952,.webp,undefined,unused,"未引用（保留索引）"
res/BiV.png,575,.png,undefined,unused,"未引用（保留索引）"
res/Big.xml,568,.xml,undefined,unused,"未引用（保留索引）"
res/Bis.png,23572,.png,undefined,unused,"未引用（保留索引）"
res/BjU.9.png,4721,.png,undefined,unused,"未引用（保留索引）"
res/BjZ.png,1086,.png,undefined,unused,"未引用（保留索引）"
res/BkF.png,10286,.png,undefined,unused,"未引用（保留索引）"
res/Bkx.png,31909,.png,undefined,unused,"未引用（保留索引）"
res/Bl4.xml,2652,.xml,undefined,unused,"未引用（保留索引）"
res/BlO.webp,5732,.webp,undefined,unused,"未引用（保留索引）"
res/BmI.xml,952,.xml,undefined,unused,"未引用（保留索引）"
res/Bn2.xml,468,.xml,undefined,unused,"未引用（保留索引）"
res/BoG.png,801,.png,undefined,unused,"未引用（保留索引）"
res/Boj.png,3218,.png,undefined,unused,"未引用（保留索引）"
res/BpO.xml,3240,.xml,undefined,unused,"未引用（保留索引）"
res/BpS.png,1762,.png,undefined,unused,"未引用（保留索引）"
res/Bpb.xml,448,.xml,undefined,unused,"未引用（保留索引）"
res/Bpv.xml,4728,.xml,undefined,unused,"未引用（保留索引）"
res/Bq5.xml,1644,.xml,undefined,unused,"未引用（保留索引）"
res/BsI.webp,8470,.webp,undefined,unused,"未引用（保留索引）"
res/BsN.png,15596,.png,undefined,unused,"未引用（保留索引）"
res/Bsz.xml,836,.xml,undefined,unused,"未引用（保留索引）"
res/Btl.png,2646,.png,undefined,unused,"未引用（保留索引）"
res/Btl.xml,1152,.xml,undefined,unused,"未引用（保留索引）"
res/Bts.xml,2948,.xml,undefined,unused,"未引用（保留索引）"
res/BuP.webp,17864,.webp,undefined,unused,"未引用（保留索引）"
res/BuX.png,486,.png,undefined,unused,"未引用（保留索引）"
res/Bum.png,402,.png,undefined,unused,"未引用（保留索引）"
res/BvH.xml,564,.xml,undefined,unused,"未引用（保留索引）"
res/BwB.xml,4848,.xml,undefined,unused,"未引用（保留索引）"
res/BxW.xml,1000,.xml,undefined,unused,"未引用（保留索引）"
res/Bxa.png,1179,.png,undefined,unused,"未引用（保留索引）"
res/Bxe.webp,1172,.webp,undefined,unused,"未引用（保留索引）"
res/Bxp.png,2270,.png,undefined,unused,"未引用（保留索引）"
res/ByR.xml,1208,.xml,undefined,unused,"未引用（保留索引）"
res/ByX.png,1237,.png,undefined,unused,"未引用（保留索引）"
res/Byk.xml,696,.xml,undefined,unused,"未引用（保留索引）"
res/Bym.png,5363,.png,undefined,unused,"未引用（保留索引）"
res/Bz2.xml,860,.xml,undefined,unused,"未引用（保留索引）"
res/Bzp.png,401,.png,undefined,unused,"未引用（保留索引）"
res/Bzw.xml,2668,.xml,undefined,unused,"未引用（保留索引）"
res/C-L.png,9519,.png,undefined,unused,"未引用（保留索引）"
res/C0T.xml,2896,.xml,undefined,unused,"未引用（保留索引）"
res/C0l.9.png,696,.png,undefined,unused,"未引用（保留索引）"
res/C1z.xml,16180,.xml,undefined,unused,"未引用（保留索引）"
res/C2M.xml,988,.xml,undefined,unused,"未引用（保留索引）"
res/C3b.xml,484,.xml,undefined,unused,"未引用（保留索引）"
res/C3j.png,14557,.png,undefined,unused,"未引用（保留索引）"
res/C48.png,1502,.png,undefined,unused,"未引用（保留索引）"
res/C4J.webp,25720,.webp,undefined,unused,"未引用（保留索引）"
res/C5O.png,510,.png,undefined,unused,"未引用（保留索引）"
res/C6-.xml,1348,.xml,undefined,unused,"未引用（保留索引）"
res/C6M.png,263,.png,undefined,unused,"未引用（保留索引）"
res/C7-.xml,500,.xml,undefined,unused,"未引用（保留索引）"
res/C7Q.webp,34544,.webp,undefined,unused,"未引用（保留索引）"
res/C7S.xml,2456,.xml,undefined,unused,"未引用（保留索引）"
res/C7d.xml,704,.xml,undefined,unused,"未引用（保留索引）"
res/C7e.png,5299,.png,undefined,unused,"未引用（保留索引）"
res/C8w.png,5896,.png,undefined,unused,"未引用（保留索引）"
res/C8w1.png,30884,.png,undefined,unused,"未引用（保留索引）"
res/C9k.xml,3260,.xml,undefined,unused,"未引用（保留索引）"
res/CA9.png,3270,.png,undefined,unused,"未引用（保留索引）"
res/CAr.webp,1154,.webp,undefined,unused,"未引用（保留索引）"
res/CAs.9.png,178,.png,undefined,unused,"未引用（保留索引）"
res/CBM.xml,304,.xml,undefined,unused,"未引用（保留索引）"
res/CC0.webp,32884,.webp,undefined,unused,"未引用（保留索引）"
res/CC3.xml,836,.xml,undefined,unused,"未引用（保留索引）"
res/CCI.png,496,.png,undefined,unused,"未引用（保留索引）"
res/CCS.png,2437,.png,undefined,unused,"未引用（保留索引）"
res/CCs.xml,5536,.xml,undefined,unused,"未引用（保留索引）"
res/CD3.webp,11704,.webp,undefined,unused,"未引用（保留索引）"
res/CDf.xml,2308,.xml,undefined,unused,"未引用（保留索引）"
res/CE-.webp,2950,.webp,undefined,unused,"未引用（保留索引）"
res/CE6.xml,3524,.xml,undefined,unused,"未引用（保留索引）"
res/CED.webp,934,.webp,undefined,unused,"未引用（保留索引）"
res/CEV.xml,352,.xml,undefined,unused,"未引用（保留索引）"
res/CEu.webp,35768,.webp,undefined,unused,"未引用（保留索引）"
res/CFK.xml,468,.xml,undefined,unused,"未引用（保留索引）"
res/CFQ.xml,2556,.xml,undefined,unused,"未引用（保留索引）"
res/CGK.png,13318,.png,undefined,unused,"未引用（保留索引）"
res/CGM.png,1045,.png,undefined,unused,"未引用（保留索引）"
res/CGh.png,7072,.png,undefined,unused,"未引用（保留索引）"
res/CHk.png,3636,.png,undefined,unused,"未引用（保留索引）"
res/CIB.xml,3736,.xml,undefined,unused,"未引用（保留索引）"
res/CJI.png,26698,.png,undefined,unused,"未引用（保留索引）"
res/CJ_.xml,4500,.xml,undefined,unused,"未引用（保留索引）"
res/CJe.png,266,.png,undefined,unused,"未引用（保留索引）"
res/CJm.png,1388,.png,undefined,unused,"未引用（保留索引）"
res/CKO.png,447,.png,undefined,unused,"未引用（保留索引）"
res/CKd.webp,2456,.webp,undefined,unused,"未引用（保留索引）"
res/CKx.xml,2588,.xml,undefined,unused,"未引用（保留索引）"
res/CL3.xml,2368,.xml,undefined,unused,"未引用（保留索引）"
res/CLc.png,760,.png,undefined,unused,"未引用（保留索引）"
res/CM9.png,928,.png,undefined,unused,"未引用（保留索引）"
res/CMG.png,9287,.png,undefined,unused,"未引用（保留索引）"
res/CMu.png,10613,.png,undefined,unused,"未引用（保留索引）"
res/CNC.png,301,.png,undefined,unused,"未引用（保留索引）"
res/CNa.png,1157,.png,undefined,unused,"未引用（保留索引）"
res/COD.png,2038,.png,undefined,unused,"未引用（保留索引）"
res/CP0.xml,4296,.xml,undefined,unused,"未引用（保留索引）"
res/CPE.png,3037,.png,undefined,unused,"未引用（保留索引）"
res/CPp.png,7315,.png,undefined,unused,"未引用（保留索引）"
res/CQ8.webp,4578,.webp,undefined,unused,"未引用（保留索引）"
res/CQC.xml,1428,.xml,undefined,unused,"未引用（保留索引）"
res/CQe.png,2154,.png,undefined,unused,"未引用（保留索引）"
res/CQu.png,736,.png,undefined,unused,"未引用（保留索引）"
res/CRB.png,5398,.png,undefined,unused,"未引用（保留索引）"
res/CSF.xml,5592,.xml,undefined,unused,"未引用（保留索引）"
res/CSx.xml,17488,.xml,undefined,unused,"未引用（保留索引）"
res/CT_.png,2840,.png,undefined,unused,"未引用（保留索引）"
res/CTv.png,1826,.png,undefined,unused,"未引用（保留索引）"
res/CUE.webp,3902,.webp,undefined,unused,"未引用（保留索引）"
res/CUf.xml,2972,.xml,undefined,unused,"未引用（保留索引）"
res/CVR.xml,2148,.xml,undefined,unused,"未引用（保留索引）"
res/CVZ.xml,4828,.xml,undefined,unused,"未引用（保留索引）"
res/CVg.png,10249,.png,undefined,unused,"未引用（保留索引）"
res/CW2.xml,2652,.xml,undefined,unused,"未引用（保留索引）"
res/CWo.png,7347,.png,undefined,unused,"未引用（保留索引）"
res/CXJ.png,5472,.png,undefined,unused,"未引用（保留索引）"
res/CXL.png,28327,.png,undefined,unused,"未引用（保留索引）"
res/CXP.webp,6490,.webp,undefined,unused,"未引用（保留索引）"
res/CXh.xml,756,.xml,undefined,unused,"未引用（保留索引）"
res/CY1.xml,484,.xml,undefined,unused,"未引用（保留索引）"
res/CY3.xml,8120,.xml,undefined,unused,"未引用（保留索引）"
res/CY_.webp,660,.webp,undefined,unused,"未引用（保留索引）"
res/CZD.webp,5018,.webp,undefined,unused,"未引用（保留索引）"
res/CZV.xml,2916,.xml,undefined,unused,"未引用（保留索引）"
res/CZd.png,623,.png,undefined,unused,"未引用（保留索引）"
res/CZk.png,4945,.png,undefined,unused,"未引用（保留索引）"
res/Cah.png,19572,.png,undefined,unused,"未引用（保留索引）"
res/CbH.xml,3228,.xml,undefined,unused,"未引用（保留索引）"
res/CbO.xml,484,.xml,undefined,unused,"未引用（保留索引）"
res/Cba.xml,972,.xml,undefined,unused,"未引用（保留索引）"
res/Cbx.xml,9944,.xml,undefined,unused,"未引用（保留索引）"
res/Cby.xml,6348,.xml,undefined,unused,"未引用（保留索引）"
res/Cbz.xml,1728,.xml,undefined,unused,"未引用（保留索引）"
res/Cc1.xml,492,.xml,undefined,unused,"未引用（保留索引）"
res/Cc5.xml,896,.xml,undefined,unused,"未引用（保留索引）"
res/Cd3.png,1277,.png,undefined,unused,"未引用（保留索引）"
res/CdL.png,800,.png,undefined,unused,"未引用（保留索引）"
res/CeO.png,100710,.png,undefined,unused,"未引用（保留索引）"
res/CfB.xml,600,.xml,undefined,unused,"未引用（保留索引）"
res/CfR.xml,13060,.xml,undefined,unused,"未引用（保留索引）"
res/Cff.webp,4598,.webp,undefined,unused,"未引用（保留索引）"
res/Cfl.webp,12342,.webp,undefined,unused,"未引用（保留索引）"
res/Cfp.png,913,.png,undefined,unused,"未引用（保留索引）"
res/Cge.9.png,524,.png,undefined,unused,"未引用（保留索引）"
res/Cgf.xml,2952,.xml,undefined,unused,"未引用（保留索引）"
res/Ci3.png,3069,.png,undefined,unused,"未引用（保留索引）"
res/Ci3.xml,664,.xml,undefined,unused,"未引用（保留索引）"
res/Cim.xml,2132,.xml,undefined,unused,"未引用（保留索引）"
res/Ciy.png,284,.png,undefined,unused,"未引用（保留索引）"
res/CjT.png,6866,.png,undefined,unused,"未引用（保留索引）"
res/CjU.png,11367,.png,undefined,unused,"未引用（保留索引）"
res/CjZ.xml,2488,.xml,undefined,unused,"未引用（保留索引）"
res/Cke.xml,9736,.xml,undefined,unused,"未引用（保留索引）"
res/Ckf.xml,488,.xml,undefined,unused,"未引用（保留索引）"
res/ClS.png,376,.png,undefined,unused,"未引用（保留索引）"
res/Cls.xml,540,.xml,undefined,unused,"未引用（保留索引）"
res/Cmr.xml,2800,.xml,undefined,unused,"未引用（保留索引）"
res/Cn8.png,7811,.png,undefined,unused,"未引用（保留索引）"
res/CnI.xml,1716,.xml,undefined,unused,"未引用（保留索引）"
res/CnS.png,11587,.png,undefined,unused,"未引用（保留索引）"
res/Cnr.png,6176,.png,undefined,unused,"未引用（保留索引）"
res/Cnu.png,1180,.png,undefined,unused,"未引用（保留索引）"
res/Co1.xml,8296,.xml,undefined,unused,"未引用（保留索引）"
res/CoO.xml,2820,.xml,undefined,unused,"未引用（保留索引）"
res/CoS.png,9500,.png,undefined,unused,"未引用（保留索引）"
res/Cos.xml,4164,.xml,undefined,unused,"未引用（保留索引）"
res/Cp6.webp,61064,.webp,undefined,unused,"未引用（保留索引）"
res/CpG.xml,6184,.xml,undefined,unused,"未引用（保留索引）"
res/CpW.xml,3336,.xml,undefined,unused,"未引用（保留索引）"
res/Cph.png,3380,.png,undefined,unused,"未引用（保留索引）"
res/Cpm.xml,612,.xml,undefined,unused,"未引用（保留索引）"
res/Cq4.png,2745,.png,undefined,unused,"未引用（保留索引）"
res/CqA.xml,2304,.xml,undefined,unused,"未引用（保留索引）"
res/CqZ.png,298,.png,undefined,unused,"未引用（保留索引）"
res/Cqk.png,532,.png,undefined,unused,"未引用（保留索引）"
res/Crb.otf,1656252,.otf,undefined,unused,"未引用（保留索引）"
res/Crm.xml,4564,.xml,undefined,unused,"未引用（保留索引）"
res/Crr.png,65160,.png,undefined,unused,"未引用（保留索引）"
res/Cs1.webp,34132,.webp,undefined,unused,"未引用（保留索引）"
res/Cs2.png,2454,.png,undefined,unused,"未引用（保留索引）"
res/CsE.xml,3388,.xml,undefined,unused,"未引用（保留索引）"
res/CsP.png,767,.png,undefined,unused,"未引用（保留索引）"
res/Csn.xml,2436,.xml,undefined,unused,"未引用（保留索引）"
res/CtK.xml,1800,.xml,undefined,unused,"未引用（保留索引）"
res/CtR.xml,488,.xml,undefined,unused,"未引用（保留索引）"
res/CuC.webp,13282,.webp,undefined,unused,"未引用（保留索引）"
res/Cue.webp,2910,.webp,undefined,unused,"未引用（保留索引）"
res/CvN.xml,304,.xml,undefined,unused,"未引用（保留索引）"
res/Cvg.png,1096,.png,undefined,unused,"未引用（保留索引）"
res/CwV.xml,484,.xml,undefined,unused,"未引用（保留索引）"
res/CxR.webp,6902,.webp,undefined,unused,"未引用（保留索引）"
res/Cy4.xml,4052,.xml,undefined,unused,"未引用（保留索引）"
res/CyK.xml,1720,.xml,undefined,unused,"未引用（保留索引）"
res/Cya.xml,7296,.xml,undefined,unused,"未引用（保留索引）"
res/Cz1.png,8133,.png,undefined,unused,"未引用（保留索引）"
res/CzE.xml,804,.xml,undefined,unused,"未引用（保留索引）"
res/D0f.png,1301,.png,undefined,unused,"未引用（保留索引）"
res/D0u.xml,2172,.xml,undefined,unused,"未引用（保留索引）"
res/D0v.png,282,.png,undefined,unused,"未引用（保留索引）"
res/D0v.webp,64436,.webp,undefined,unused,"未引用（保留索引）"
res/D18.png,521,.png,undefined,unused,"未引用（保留索引）"
res/D1F.xml,696,.xml,undefined,unused,"未引用（保留索引）"
res/D1R.xml,6132,.xml,undefined,unused,"未引用（保留索引）"
res/D1_.png,2252,.png,undefined,unused,"未引用（保留索引）"
res/D1t.xml,576,.xml,undefined,unused,"未引用（保留索引）"
res/D1u.xml,4060,.xml,undefined,unused,"未引用（保留索引）"
res/D21.png,9607,.png,undefined,unused,"未引用（保留索引）"
res/D33.xml,2388,.xml,undefined,unused,"未引用（保留索引）"
res/D3K.xml,1916,.xml,undefined,unused,"未引用（保留索引）"
res/D3W.png,1424,.png,undefined,unused,"未引用（保留索引）"
res/D4p.xml,1188,.xml,undefined,unused,"未引用（保留索引）"
res/D50.xml,2524,.xml,undefined,unused,"未引用（保留索引）"
res/D5m.xml,1036,.xml,undefined,unused,"未引用（保留索引）"
res/D6q.png,580,.png,undefined,unused,"未引用（保留索引）"
res/D6w.png,2846,.png,undefined,unused,"未引用（保留索引）"
res/D7L.png,3542,.png,undefined,unused,"未引用（保留索引）"
res/D9-.png,864,.png,undefined,unused,"未引用（保留索引）"
res/D9H.xml,760,.xml,undefined,unused,"未引用（保留索引）"
res/D9M.xml,8028,.xml,undefined,unused,"未引用（保留索引）"
res/D9a.xml,3792,.xml,undefined,unused,"未引用（保留索引）"
res/DA-.png,15536,.png,undefined,unused,"未引用（保留索引）"
res/DAD.xml,1544,.xml,undefined,unused,"未引用（保留索引）"
res/DBq.png,8111,.png,undefined,unused,"未引用（保留索引）"
res/DDS.9.png,2493,.png,undefined,unused,"未引用（保留索引）"
res/DDc.png,18712,.png,undefined,unused,"未引用（保留索引）"
res/DES.xml,2704,.xml,undefined,unused,"未引用（保留索引）"
res/DET.xml,4812,.xml,undefined,unused,"未引用（保留索引）"
res/DFX.xml,588,.xml,undefined,unused,"未引用（保留索引）"
res/DGf.png,894,.png,undefined,unused,"未引用（保留索引）"
res/DHn.png,24115,.png,undefined,unused,"未引用（保留索引）"
res/DHt.png,11574,.png,undefined,unused,"未引用（保留索引）"
res/DJ6.png,22287,.png,undefined,unused,"未引用（保留索引）"
res/DJA.webp,2198,.webp,undefined,unused,"未引用（保留索引）"
res/DJj.webp,12256,.webp,undefined,unused,"未引用（保留索引）"
res/DL5.png,5182,.png,undefined,unused,"未引用（保留索引）"
res/DMX.xml,5932,.xml,undefined,unused,"未引用（保留索引）"
res/DN-.xml,2400,.xml,undefined,unused,"未引用（保留索引）"
res/DNV.png,17481,.png,undefined,unused,"未引用（保留索引）"
res/DN_.xml,6224,.xml,undefined,unused,"未引用（保留索引）"
res/DNe.png,5852,.png,undefined,unused,"未引用（保留索引）"
res/DO0.png,695,.png,undefined,unused,"未引用（保留索引）"
res/DO0.xml,7084,.xml,undefined,unused,"未引用（保留索引）"
res/DOE.png,33262,.png,undefined,unused,"未引用（保留索引）"
res/DOE.xml,2024,.xml,undefined,unused,"未引用（保留索引）"
res/DOW.xml,2320,.xml,undefined,unused,"未引用（保留索引）"
res/DPX.png,34950,.png,undefined,unused,"未引用（保留索引）"
res/DP_.xml,1160,.xml,undefined,unused,"未引用（保留索引）"
res/DQD.webp,1108,.webp,undefined,unused,"未引用（保留索引）"
res/DQE.png,114529,.png,undefined,unused,"未引用（保留索引）"
res/DQQ.xml,3008,.xml,undefined,unused,"未引用（保留索引）"
res/DQh.png,3687,.png,undefined,unused,"未引用（保留索引）"
res/DQr.xml,4536,.xml,undefined,unused,"未引用（保留索引）"
res/DQx.xml,1128,.xml,undefined,unused,"未引用（保留索引）"
res/DRK.png,63005,.png,undefined,unused,"未引用（保留索引）"
res/DRf.png,1796,.png,undefined,unused,"未引用（保留索引）"
res/DRr.webp,11324,.webp,undefined,unused,"未引用（保留索引）"
res/DS5.xml,1052,.xml,undefined,unused,"未引用（保留索引）"
res/DSx.xml,872,.xml,undefined,unused,"未引用（保留索引）"
res/DTc.xml,1692,.xml,undefined,unused,"未引用（保留索引）"
res/DUi.png,462,.png,undefined,unused,"未引用（保留索引）"
res/DV1.xml,1608,.xml,undefined,unused,"未引用（保留索引）"
res/DVA.png,8480,.png,undefined,unused,"未引用（保留索引）"
res/DVA.webp,3862,.webp,undefined,unused,"未引用（保留索引）"
res/DVF.xml,4472,.xml,undefined,unused,"未引用（保留索引）"
res/DVL.xml,1848,.xml,undefined,unused,"未引用（保留索引）"
res/DVR.webp,11706,.webp,undefined,unused,"未引用（保留索引）"
res/DVR.xml,3756,.xml,undefined,unused,"未引用（保留索引）"
res/DVu.webp,22700,.webp,undefined,unused,"未引用（保留索引）"
res/DWL.webp,1702,.webp,undefined,unused,"未引用（保留索引）"
res/DXJ.xml,3536,.xml,undefined,unused,"未引用（保留索引）"
res/DXK.png,67,.png,undefined,unused,"未引用（保留索引）"
res/DY5.xml,4200,.xml,undefined,unused,"未引用（保留索引）"
res/DYL.png,929,.png,undefined,unused,"未引用（保留索引）"
res/DZP.xml,1388,.xml,undefined,unused,"未引用（保留索引）"
res/DZT.png,179,.png,undefined,unused,"未引用（保留索引）"
res/DZi.png,27305,.png,undefined,unused,"未引用（保留索引）"
res/D_1.xml,2976,.xml,undefined,unused,"未引用（保留索引）"
res/D_A.png,26388,.png,undefined,unused,"未引用（保留索引）"
res/D_B.png,6046,.png,undefined,unused,"未引用（保留索引）"
res/D_D.png,5300,.png,undefined,unused,"未引用（保留索引）"
res/D_G.png,3894,.png,undefined,unused,"未引用（保留索引）"
res/D_H.png,5077,.png,undefined,unused,"未引用（保留索引）"
res/D_U.webp,1700,.webp,undefined,unused,"未引用（保留索引）"
res/D_b.xml,2824,.xml,undefined,unused,"未引用（保留索引）"
res/DcE.xml,4912,.xml,undefined,unused,"未引用（保留索引）"
res/DcX.webp,1536,.webp,undefined,unused,"未引用（保留索引）"
res/Dcp.xml,5468,.xml,undefined,unused,"未引用（保留索引）"
res/DdB.xml,4868,.xml,undefined,unused,"未引用（保留索引）"
res/DdY.png,6033,.png,undefined,unused,"未引用（保留索引）"
res/Dde.png,1245,.png,undefined,unused,"未引用（保留索引）"
res/DfA.png,692,.png,undefined,unused,"未引用（保留索引）"
res/DfX.xml,1656,.xml,undefined,unused,"未引用（保留索引）"
res/DgE.png,894,.png,undefined,unused,"未引用（保留索引）"
res/DgL.xml,464,.xml,undefined,unused,"未引用（保留索引）"
res/Dgq.png,5605,.png,undefined,unused,"未引用（保留索引）"
res/DhL.png,519,.png,undefined,unused,"未引用（保留索引）"
res/DhS.png,204652,.png,undefined,unused,"未引用（保留索引）"
res/Dhg.xml,468,.xml,undefined,unused,"未引用（保留索引）"
res/Dhn.png,13253,.png,undefined,unused,"未引用（保留索引）"
res/Dhn.xml,536,.xml,undefined,unused,"未引用（保留索引）"
res/Dik.webp,2498,.webp,undefined,unused,"未引用（保留索引）"
res/Diw.xml,768,.xml,undefined,unused,"未引用（保留索引）"
res/Dj9.png,326,.png,undefined,unused,"未引用（保留索引）"
res/DjX.webp,0,.webp,undefined,unused,"未引用（保留索引）"
res/Dn5.webp,10178,.webp,undefined,unused,"未引用（保留索引）"
res/DpA.xml,988,.xml,undefined,unused,"未引用（保留索引）"
res/Dpc.png,6592,.png,undefined,unused,"未引用（保留索引）"
res/Dpo.png,11848,.png,undefined,unused,"未引用（保留索引）"
res/DqB.png,1593,.png,undefined,unused,"未引用（保留索引）"
res/DqC.png,1050,.png,undefined,unused,"未引用（保留索引）"
res/Dqx.xml,880,.xml,undefined,unused,"未引用（保留索引）"
res/DrU.xml,484,.xml,undefined,unused,"未引用（保留索引）"
res/Drj.png,282,.png,undefined,unused,"未引用（保留索引）"
res/Dsp.xml,612,.xml,undefined,unused,"未引用（保留索引）"
res/DtB.png,8536,.png,undefined,unused,"未引用（保留索引）"
res/DtN.9.png,244,.png,undefined,unused,"未引用（保留索引）"
res/DtP.png,2367,.png,undefined,unused,"未引用（保留索引）"
res/DtZ.webp,11958,.webp,undefined,unused,"未引用（保留索引）"
res/Dtr.png,49974,.png,undefined,unused,"未引用（保留索引）"
res/Dus.png,2813,.png,undefined,unused,"未引用（保留索引）"
res/Dvi.png,609,.png,undefined,unused,"未引用（保留索引）"
res/Dvl.xml,776,.xml,undefined,unused,"未引用（保留索引）"
res/Dvt.png,1841,.png,undefined,unused,"未引用（保留索引）"
res/Dw3.png,407,.png,undefined,unused,"未引用（保留索引）"
res/DwK.xml,1252,.xml,undefined,unused,"未引用（保留索引）"
res/Dw_.webp,37674,.webp,undefined,unused,"未引用（保留索引）"
res/Dwc.xml,796,.xml,undefined,unused,"未引用（保留索引）"
res/Dwg.xml,940,.xml,undefined,unused,"未引用（保留索引）"
res/Dwi.xml,1352,.xml,undefined,unused,"未引用（保留索引）"
res/Dwm.png,3150,.png,undefined,unused,"未引用（保留索引）"
res/DxR.xml,516,.xml,undefined,unused,"未引用（保留索引）"
res/Dxa.png,8613,.png,undefined,unused,"未引用（保留索引）"
res/Dxr.xml,3404,.xml,undefined,unused,"未引用（保留索引）"
res/Dxt.png,7816,.png,undefined,unused,"未引用（保留索引）"
res/E-W.xml,12312,.xml,undefined,unused,"未引用（保留索引）"
res/E04.xml,2276,.xml,undefined,unused,"未引用（保留索引）"
res/E1-.png,570,.png,undefined,unused,"未引用（保留索引）"
res/E2K.9.png,222,.png,undefined,unused,"未引用（保留索引）"
res/E3h.xml,2236,.xml,undefined,unused,"未引用（保留索引）"
res/E4A.png,284,.png,undefined,unused,"未引用（保留索引）"
res/E4F.xml,448,.xml,undefined,unused,"未引用（保留索引）"
res/E4a.webp,8892,.webp,undefined,unused,"未引用（保留索引）"
res/E54.png,355,.png,undefined,unused,"未引用（保留索引）"
res/E57.webp,8342,.webp,undefined,unused,"未引用（保留索引）"
res/E5a.png,67,.png,undefined,unused,"未引用（保留索引）"
res/E61.png,52492,.png,undefined,unused,"未引用（保留索引）"
res/E67.xml,17016,.xml,undefined,unused,"未引用（保留索引）"
res/E6a.xml,7060,.xml,undefined,unused,"未引用（保留索引）"
res/E6l.webp,31746,.webp,undefined,unused,"未引用（保留索引）"
res/E7A.xml,1864,.xml,undefined,unused,"未引用（保留索引）"
res/E7d.png,942,.png,undefined,unused,"未引用（保留索引）"
res/E7y.xml,1064,.xml,undefined,unused,"未引用（保留索引）"
res/E8G.xml,2148,.xml,undefined,unused,"未引用（保留索引）"
res/E9h.png,6856,.png,undefined,unused,"未引用（保留索引）"
res/E9r.webp,10228,.webp,undefined,unused,"未引用（保留索引）"
res/EAF.webp,7898,.webp,undefined,unused,"未引用（保留索引）"
res/EAv.png,250,.png,undefined,unused,"未引用（保留索引）"
res/EBD.xml,3704,.xml,undefined,unused,"未引用（保留索引）"
res/EBP.png,407,.png,undefined,unused,"未引用（保留索引）"
res/EBd.png,8985,.png,undefined,unused,"未引用（保留索引）"
res/ECU.xml,696,.xml,undefined,unused,"未引用（保留索引）"
res/ECk.webp,416,.webp,undefined,unused,"未引用（保留索引）"
res/EDu.png,1427,.png,undefined,unused,"未引用（保留索引）"
res/EDv.webp,1002,.webp,undefined,unused,"未引用（保留索引）"
res/EEA.png,4763,.png,undefined,unused,"未引用（保留索引）"
res/EEm.xml,1940,.xml,undefined,unused,"未引用（保留索引）"
res/EFP.xml,412,.xml,undefined,unused,"未引用（保留索引）"
res/EFZ.xml,2552,.xml,undefined,unused,"未引用（保留索引）"
res/EFf.xml,2708,.xml,undefined,unused,"未引用（保留索引）"
res/EFo.xml,4368,.xml,undefined,unused,"未引用（保留索引）"
res/EG6.xml,6264,.xml,undefined,unused,"未引用（保留索引）"
res/EGD.xml,1440,.xml,undefined,unused,"未引用（保留索引）"
res/EHq.xml,5344,.xml,undefined,unused,"未引用（保留索引）"
res/EHr.png,86572,.png,undefined,unused,"未引用（保留索引）"
res/EIV.png,3722,.png,undefined,unused,"未引用（保留索引）"
res/EJO.png,47779,.png,undefined,unused,"未引用（保留索引）"
res/EK7.webp,18228,.webp,undefined,unused,"未引用（保留索引）"
res/ELE.png,23035,.png,undefined,unused,"未引用（保留索引）"
res/ELK.xml,3772,.xml,undefined,unused,"未引用（保留索引）"
res/ELL.xml,3436,.xml,undefined,unused,"未引用（保留索引）"
res/ELV.png,1827,.png,undefined,unused,"未引用（保留索引）"
res/ELa.webp,23262,.webp,undefined,unused,"未引用（保留索引）"
res/ELo.png,5477,.png,undefined,unused,"未引用（保留索引）"
res/EMG.xml,664,.xml,undefined,unused,"未引用（保留索引）"
res/EMP.xml,1604,.xml,undefined,unused,"未引用（保留索引）"
res/EMv.png,67,.png,undefined,unused,"未引用（保留索引）"
res/EN6.png,33766,.png,undefined,unused,"未引用（保留索引）"
res/ENc.png,2532,.png,undefined,unused,"未引用（保留索引）"
res/EO-.webp,9490,.webp,undefined,unused,"未引用（保留索引）"
res/EOG.png,30462,.png,undefined,unused,"未引用（保留索引）"
res/EOM.xml,2320,.xml,undefined,unused,"未引用（保留索引）"
res/EOU.xml,2384,.xml,undefined,unused,"未引用（保留索引）"
res/EPK.png,575,.png,undefined,unused,"未引用（保留索引）"
res/EPO.xml,628,.xml,undefined,unused,"未引用（保留索引）"
res/EP_.png,2343,.png,undefined,unused,"未引用（保留索引）"
res/ERw.9.png,2305,.png,undefined,unused,"未引用（保留索引）"
res/ESJ.png,67,.png,undefined,unused,"未引用（保留索引）"
res/ESk.webp,34412,.webp,undefined,unused,"未引用（保留索引）"
res/ET9.xml,680,.xml,undefined,unused,"未引用（保留索引）"
res/ETG.png,3145,.png,undefined,unused,"未引用（保留索引）"
res/ETI.png,10794,.png,undefined,unused,"未引用（保留索引）"
res/ETX.xml,1628,.xml,undefined,unused,"未引用（保留索引）"
res/ETY.png,1571,.png,undefined,unused,"未引用（保留索引）"
res/ETn.png,2164,.png,undefined,unused,"未引用（保留索引）"
res/EUV.xml,1868,.xml,undefined,unused,"未引用（保留索引）"
res/EUm.webp,31416,.webp,undefined,unused,"未引用（保留索引）"
res/EVF.webp,35078,.webp,undefined,unused,"未引用（保留索引）"
res/EVp.png,18367,.png,undefined,unused,"未引用（保留索引）"
res/EWB.png,9341,.png,undefined,unused,"未引用（保留索引）"
res/EX3.xml,2120,.xml,undefined,unused,"未引用（保留索引）"
res/EXH.xml,104,.xml,undefined,unused,"未引用（保留索引）"
res/EXH1.xml,860,.xml,undefined,unused,"未引用（保留索引）"
res/EXM.png,1836,.png,undefined,unused,"未引用（保留索引）"
res/EXN.xml,1084,.xml,undefined,unused,"未引用（保留索引）"
res/EXm.png,1460,.png,undefined,unused,"未引用（保留索引）"
res/EXz.png,5856,.png,undefined,unused,"未引用（保留索引）"
res/EYH.png,8505,.png,undefined,unused,"未引用（保留索引）"
res/EYR.xml,600,.xml,undefined,unused,"未引用（保留索引）"
res/EYV.png,1714,.png,undefined,unused,"未引用（保留索引）"
res/EYh.webp,26970,.webp,undefined,unused,"未引用（保留索引）"
res/EYy.png,755,.png,undefined,unused,"未引用（保留索引）"
res/EZB.png,1186,.png,undefined,unused,"未引用（保留索引）"
res/EZJ.webp,21170,.webp,undefined,unused,"未引用（保留索引）"
res/EZe.xml,2208,.xml,undefined,unused,"未引用（保留索引）"
res/EZg.webp,16242,.webp,undefined,unused,"未引用（保留索引）"
res/E_1.webp,8960,.webp,undefined,unused,"未引用（保留索引）"
res/E_L.xml,488,.xml,undefined,unused,"未引用（保留索引）"
res/EaD.png,1730,.png,undefined,unused,"未引用（保留索引）"
res/EaZ.png,6831,.png,undefined,unused,"未引用（保留索引）"
res/Eae.xml,8436,.xml,undefined,unused,"未引用（保留索引）"
res/Eao.xml,4348,.xml,undefined,unused,"未引用（保留索引）"
res/EbG.9.png,178,.png,undefined,unused,"未引用（保留索引）"
res/EbL.webp,24258,.webp,undefined,unused,"未引用（保留索引）"
res/Ebz.xml,1148,.xml,undefined,unused,"未引用（保留索引）"
res/EcX.png,7324,.png,undefined,unused,"未引用（保留索引）"
res/Eda.webp,3020,.webp,undefined,unused,"未引用（保留索引）"
res/Edt.xml,1008,.xml,undefined,unused,"未引用（保留索引）"
res/Edv.xml,2788,.xml,undefined,unused,"未引用（保留索引）"
res/Edx.xml,3356,.xml,undefined,unused,"未引用（保留索引）"
res/Ee8.png,18706,.png,undefined,unused,"未引用（保留索引）"
res/Eek.xml,10204,.xml,undefined,unused,"未引用（保留索引）"
res/Een.png,3446,.png,undefined,unused,"未引用（保留索引）"
res/Een.xml,540,.xml,undefined,unused,"未引用（保留索引）"
res/Eer.png,1657,.png,undefined,unused,"未引用（保留索引）"
res/EfU.png,1842,.png,undefined,unused,"未引用（保留索引）"
res/Eg0.png,38408,.png,undefined,unused,"未引用（保留索引）"
res/Eg5.png,3326,.png,undefined,unused,"未引用（保留索引）"
res/EgD.png,3779,.png,undefined,unused,"未引用（保留索引）"
res/Ego.png,3268,.png,undefined,unused,"未引用（保留索引）"
res/EhQ.png,797,.png,undefined,unused,"未引用（保留索引）"
res/EhW.webp,5606,.webp,undefined,unused,"未引用（保留索引）"
res/Ehf.xml,488,.xml,undefined,unused,"未引用（保留索引）"
res/Ehj.xml,468,.xml,undefined,unused,"未引用（保留索引）"
res/Ehk.xml,724,.xml,undefined,unused,"未引用（保留索引）"
res/Ehl.png,18698,.png,undefined,unused,"未引用（保留索引）"
res/Ehy.xml,880,.xml,undefined,unused,"未引用（保留索引）"
res/Eie.png,11415,.png,undefined,unused,"未引用（保留索引）"
res/EjE.xml,836,.xml,undefined,unused,"未引用（保留索引）"
res/EjJ.png,505,.png,undefined,unused,"未引用（保留索引）"
res/EjL.xml,612,.xml,undefined,unused,"未引用（保留索引）"
res/Ek3.png,229,.png,undefined,unused,"未引用（保留索引）"
res/EkX.webp,222,.webp,undefined,unused,"未引用（保留索引）"
res/Ekd.xml,3172,.xml,undefined,unused,"未引用（保留索引）"
res/EmD.webp,3822,.webp,undefined,unused,"未引用（保留索引）"
res/EmN.webp,25914,.webp,undefined,unused,"未引用（保留索引）"
res/EmN1.webp,26080,.webp,undefined,unused,"未引用（保留索引）"
res/En7.png,2026,.png,undefined,unused,"未引用（保留索引）"
res/EnL.webp,28252,.webp,undefined,unused,"未引用（保留索引）"
res/EnR.xml,536,.xml,undefined,unused,"未引用（保留索引）"
res/Eoc.xml,468,.xml,undefined,unused,"未引用（保留索引）"
res/EpB.xml,500,.xml,undefined,unused,"未引用（保留索引）"
res/EpE.png,87008,.png,undefined,unused,"未引用（保留索引）"
res/EpN.png,1202,.png,undefined,unused,"未引用（保留索引）"
res/Epm.xml,696,.xml,undefined,unused,"未引用（保留索引）"
res/Eq9.xml,2428,.xml,undefined,unused,"未引用（保留索引）"
res/Erc.png,262,.png,undefined,unused,"未引用（保留索引）"
res/EsJ.9.png,1684,.png,undefined,unused,"未引用（保留索引）"
res/EsP.xml,1924,.xml,undefined,unused,"未引用（保留索引）"
res/EtJ.png,208,.png,undefined,unused,"未引用（保留索引）"
res/Eth.png,786,.png,undefined,unused,"未引用（保留索引）"
res/Eu0.webp,49218,.webp,undefined,unused,"未引用（保留索引）"
res/Euv.png,1379,.png,undefined,unused,"未引用（保留索引）"
res/EvT.webp,1058,.webp,undefined,unused,"未引用（保留索引）"
res/Evb.webp,842,.webp,undefined,unused,"未引用（保留索引）"
res/Ew4.png,695,.png,undefined,unused,"未引用（保留索引）"
res/EwQ.png,8058,.png,undefined,unused,"未引用（保留索引）"
res/Ewz.9.png,715,.png,undefined,unused,"未引用（保留索引）"
res/ExG.webp,25998,.webp,undefined,unused,"未引用（保留索引）"
res/ExK.png,2734,.png,undefined,unused,"未引用（保留索引）"
res/Exz.xml,436,.xml,undefined,unused,"未引用（保留索引）"
res/EzN.png,411,.png,undefined,unused,"未引用（保留索引）"
res/EzS.png,1742,.png,undefined,unused,"未引用（保留索引）"
res/F-Y.png,24082,.png,undefined,unused,"未引用（保留索引）"
res/F-i.xml,5596,.xml,undefined,unused,"未引用（保留索引）"
res/F-q.webp,1370,.webp,undefined,unused,"未引用（保留索引）"
res/F04.xml,2520,.xml,undefined,unused,"未引用（保留索引）"
res/F0M.xml,4132,.xml,undefined,unused,"未引用（保留索引）"
res/F0s.png,4400,.png,undefined,unused,"未引用（保留索引）"
res/F0t.png,311,.png,undefined,unused,"未引用（保留索引）"
res/F0u.png,4747,.png,undefined,unused,"未引用（保留索引）"
res/F1G.png,74452,.png,undefined,unused,"未引用（保留索引）"
res/F1X.png,873,.png,undefined,unused,"未引用（保留索引）"
res/F1t.png,4625,.png,undefined,unused,"未引用（保留索引）"
res/F1z.xml,4316,.xml,undefined,unused,"未引用（保留索引）"
res/F2i.webp,3472,.webp,undefined,unused,"未引用（保留索引）"
res/F30.png,1320,.png,undefined,unused,"未引用（保留索引）"
res/F3a.xml,3960,.xml,undefined,unused,"未引用（保留索引）"
res/F3g.png,4834,.png,undefined,unused,"未引用（保留索引）"
res/F4W.xml,928,.xml,undefined,unused,"未引用（保留索引）"
res/F4y.xml,448,.xml,undefined,unused,"未引用（保留索引）"
res/F54.webp,186764,.webp,undefined,unused,"未引用（保留索引）"
res/F5Q.png,67,.png,undefined,unused,"未引用（保留索引）"
res/F5m.png,5844,.png,undefined,unused,"未引用（保留索引）"
res/F5w.webp,6286,.webp,undefined,unused,"未引用（保留索引）"
res/F5z.xml,6392,.xml,undefined,unused,"未引用（保留索引）"
res/F6Q.png,8542,.png,undefined,unused,"未引用（保留索引）"
res/F7E.xml,2228,.xml,undefined,unused,"未引用（保留索引）"
res/F7M.png,835,.png,undefined,unused,"未引用（保留索引）"
res/F7c.png,17707,.png,undefined,unused,"未引用（保留索引）"
res/F8a.png,3928,.png,undefined,unused,"未引用（保留索引）"
res/F8n.9.png,738,.png,undefined,unused,"未引用（保留索引）"
res/F8t.xml,448,.xml,undefined,unused,"未引用（保留索引）"
res/F9d.png,9856,.png,undefined,unused,"未引用（保留索引）"
res/FA6.webp,6150,.webp,undefined,unused,"未引用（保留索引）"
res/FAc.webp,233432,.webp,undefined,unused,"未引用（保留索引）"
res/FAe.xml,1408,.xml,undefined,unused,"未引用（保留索引）"
res/FAg.png,11408,.png,undefined,unused,"未引用（保留索引）"
res/FAi.xml,1224,.xml,undefined,unused,"未引用（保留索引）"
res/FAs.xml,1472,.xml,undefined,unused,"未引用（保留索引）"
res/FAy.png,512,.png,undefined,unused,"未引用（保留索引）"
res/FBi.png,77329,.png,undefined,unused,"未引用（保留索引）"
res/FC8.webp,154,.webp,undefined,unused,"未引用（保留索引）"
res/FCG.webp,502,.webp,undefined,unused,"未引用（保留索引）"
res/FCq.png,9932,.png,undefined,unused,"未引用（保留索引）"
res/FCq.webp,26978,.webp,undefined,unused,"未引用（保留索引）"
res/FDP.webp,7640,.webp,undefined,unused,"未引用（保留索引）"
res/FDd.xml,696,.xml,undefined,unused,"未引用（保留索引）"
res/FDk.webp,4192,.webp,undefined,unused,"未引用（保留索引）"
res/FDq.webp,506,.webp,undefined,unused,"未引用（保留索引）"
res/FDv.xml,3392,.xml,undefined,unused,"未引用（保留索引）"
res/FE-.webp,422,.webp,undefined,unused,"未引用（保留索引）"
res/FEC.xml,2312,.xml,undefined,unused,"未引用（保留索引）"
res/FEI.webp,4119,.webp,undefined,unused,"未引用（保留索引）"
res/FE_.webp,6044,.webp,undefined,unused,"未引用（保留索引）"
res/FEf.xml,2172,.xml,undefined,unused,"未引用（保留索引）"
res/FEi.png,10074,.png,undefined,unused,"未引用（保留索引）"
res/FEk.png,544,.png,undefined,unused,"未引用（保留索引）"
res/FEo.png,8515,.png,undefined,unused,"未引用（保留索引）"
res/FEu.webp,260,.webp,undefined,unused,"未引用（保留索引）"
res/FF1.webp,224,.webp,undefined,unused,"未引用（保留索引）"
res/FF8.xml,2816,.xml,undefined,unused,"未引用（保留索引）"
res/FFF.png,731,.png,undefined,unused,"未引用（保留索引）"
res/FFH.webp,360,.webp,undefined,unused,"未引用（保留索引）"
res/FFt.png,770,.png,undefined,unused,"未引用（保留索引）"
res/FG8.webp,39234,.webp,undefined,unused,"未引用（保留索引）"
res/FGd.png,307,.png,undefined,unused,"未引用（保留索引）"
res/FGi.png,670,.png,undefined,unused,"未引用（保留索引）"
res/FH3.webp,314,.webp,undefined,unused,"未引用（保留索引）"
res/FHL.png,5501,.png,undefined,unused,"未引用（保留索引）"
res/FHY.xml,1792,.xml,undefined,unused,"未引用（保留索引）"
res/FHe.xml,1788,.xml,undefined,unused,"未引用（保留索引）"
res/FHt.xml,3000,.xml,undefined,unused,"未引用（保留索引）"
res/FHv.png,267,.png,undefined,unused,"未引用（保留索引）"
res/FI-.png,12986,.png,undefined,unused,"未引用（保留索引）"
res/FIw.webp,422,.webp,undefined,unused,"未引用（保留索引）"
res/FIy.webp,546,.webp,undefined,unused,"未引用（保留索引）"
res/FJK.png,3673,.png,undefined,unused,"未引用（保留索引）"
res/FJQ.png,5883,.png,undefined,unused,"未引用（保留索引）"
res/FJR.webp,452,.webp,undefined,unused,"未引用（保留索引）"
res/FJp.xml,2836,.xml,undefined,unused,"未引用（保留索引）"
res/FJv.webp,414,.webp,undefined,unused,"未引用（保留索引）"
res/FJz.png,552,.png,undefined,unused,"未引用（保留索引）"
res/FK0.webp,476,.webp,undefined,unused,"未引用（保留索引）"
res/FK6.webp,506,.webp,undefined,unused,"未引用（保留索引）"
res/FKN.xml,1044,.xml,undefined,unused,"未引用（保留索引）"
res/FL-.png,16257,.png,undefined,unused,"未引用（保留索引）"
res/FLD.xml,448,.xml,undefined,unused,"未引用（保留索引）"
res/FLR.webp,504,.webp,undefined,unused,"未引用（保留索引）"
res/FLW.xml,6604,.xml,undefined,unused,"未引用（保留索引）"
res/FLx.png,9410,.png,undefined,unused,"未引用（保留索引）"
res/FM0.png,246,.png,undefined,unused,"未引用（保留索引）"
res/FM2.webp,554,.webp,undefined,unused,"未引用（保留索引）"
res/FM2.xml,1980,.xml,undefined,unused,"未引用（保留索引）"
res/FMG.png,674,.png,undefined,unused,"未引用（保留索引）"
res/FMI.png,9772,.png,undefined,unused,"未引用（保留索引）"
res/FMO.png,627,.png,undefined,unused,"未引用（保留索引）"
res/FMs.9.png,1096,.png,undefined,unused,"未引用（保留索引）"
res/FNA.xml,3740,.xml,undefined,unused,"未引用（保留索引）"
res/FNT.webp,504,.webp,undefined,unused,"未引用（保留索引）"
res/FNV.webp,574,.webp,undefined,unused,"未引用（保留索引）"
res/FNo.xml,1284,.xml,undefined,unused,"未引用（保留索引）"
res/FOe.png,1255,.png,undefined,unused,"未引用（保留索引）"
res/FOo.webp,606,.webp,undefined,unused,"未引用（保留索引）"
res/FOw.xml,3160,.xml,undefined,unused,"未引用（保留索引）"
res/FP0.webp,192026,.webp,undefined,unused,"未引用（保留索引）"
res/FPX.webp,520,.webp,undefined,unused,"未引用（保留索引）"
res/FPs.xml,600,.xml,undefined,unused,"未引用（保留索引）"
res/FQn.xml,548,.xml,undefined,unused,"未引用（保留索引）"
res/FRQ.png,3850,.png,undefined,unused,"未引用（保留索引）"
res/FRV.xml,3184,.xml,undefined,unused,"未引用（保留索引）"
res/FRp.xml,3832,.xml,undefined,unused,"未引用（保留索引）"
res/FST.xml,104,.xml,undefined,unused,"未引用（保留索引）"
res/FSt.png,1780,.png,undefined,unused,"未引用（保留索引）"
res/FTI.png,2265,.png,undefined,unused,"未引用（保留索引）"
res/FTP.xml,6108,.xml,undefined,unused,"未引用（保留索引）"
res/FTX.png,666,.png,undefined,unused,"未引用（保留索引）"
res/FTk.xml,3168,.xml,undefined,unused,"未引用（保留索引）"
res/FUo.xml,7756,.xml,undefined,unused,"未引用（保留索引）"
res/FVE.xml,572,.xml,undefined,unused,"未引用（保留索引）"
res/FVN.png,5102,.png,undefined,unused,"未引用（保留索引）"
res/FVP.xml,3724,.xml,undefined,unused,"未引用（保留索引）"
res/FWX.png,1695,.png,undefined,unused,"未引用（保留索引）"
res/FWu.webp,362,.webp,undefined,unused,"未引用（保留索引）"
res/FX5.xml,1416,.xml,undefined,unused,"未引用（保留索引）"
res/FX_.xml,600,.xml,undefined,unused,"未引用（保留索引）"
res/FYG.xml,1620,.xml,undefined,unused,"未引用（保留索引）"
res/FYP.png,785,.png,undefined,unused,"未引用（保留索引）"
res/FZ2.png,265,.png,undefined,unused,"未引用（保留索引）"
res/FZ4.xml,532,.xml,undefined,unused,"未引用（保留索引）"
res/FZ8.xml,1088,.xml,undefined,unused,"未引用（保留索引）"
res/F_H.xml,4804,.xml,undefined,unused,"未引用（保留索引）"
res/F_S.webp,52114,.webp,undefined,unused,"未引用（保留索引）"
res/F_q.webp,1980,.webp,undefined,unused,"未引用（保留索引）"
res/Fad.xml,468,.xml,undefined,unused,"未引用（保留索引）"
res/Faj.webp,27404,.webp,undefined,unused,"未引用（保留索引）"
res/Fay.png,1156,.png,undefined,unused,"未引用（保留索引）"
res/Fba.webp,26734,.webp,undefined,unused,"未引用（保留索引）"
res/Fc-.webp,25752,.webp,undefined,unused,"未引用（保留索引）"
res/Fc6.webp,18864,.webp,undefined,unused,"未引用（保留索引）"
res/FcD.xml,1904,.xml,undefined,unused,"未引用（保留索引）"
res/Fcp.webp,264,.webp,undefined,unused,"未引用（保留索引）"
res/FdL.xml,1140,.xml,undefined,unused,"未引用（保留索引）"
res/Fdz.png,457,.png,undefined,unused,"未引用（保留索引）"
res/Fe4.xml,920,.xml,undefined,unused,"未引用（保留索引）"
res/FfA.webp,488,.webp,undefined,unused,"未引用（保留索引）"
res/Ffa.png,2517,.png,undefined,unused,"未引用（保留索引）"
res/FgI.png,517,.png,undefined,unused,"未引用（保留索引）"
res/FgN.xml,2652,.xml,undefined,unused,"未引用（保留索引）"
res/Fgt.xml,640,.xml,undefined,unused,"未引用（保留索引）"
res/Fgu.xml,768,.xml,undefined,unused,"未引用（保留索引）"
res/Fh4.webp,2544,.webp,undefined,unused,"未引用（保留索引）"
res/Fh8.png,3993,.png,undefined,unused,"未引用（保留索引）"
res/Fh9.webp,5146,.webp,undefined,unused,"未引用（保留索引）"
res/FiD.png,9848,.png,undefined,unused,"未引用（保留索引）"
res/FjV.webp,1302,.webp,undefined,unused,"未引用（保留索引）"
res/Fjc.xml,1424,.xml,undefined,unused,"未引用（保留索引）"
res/Fju.xml,1824,.xml,undefined,unused,"未引用（保留索引）"
res/Fl0.xml,852,.xml,undefined,unused,"未引用（保留索引）"
res/FlR.png,7152,.png,undefined,unused,"未引用（保留索引）"
res/Flo.xml,5780,.xml,undefined,unused,"未引用（保留索引）"
res/FmV.png,4476,.png,undefined,unused,"未引用（保留索引）"
res/Fn5.png,2600,.png,undefined,unused,"未引用（保留索引）"
res/Fnp.xml,484,.xml,undefined,unused,"未引用（保留索引）"
res/FoA.webp,978,.webp,undefined,unused,"未引用（保留索引）"
res/FoE.xml,2740,.xml,undefined,unused,"未引用（保留索引）"
res/FoK.png,802,.png,undefined,unused,"未引用（保留索引）"
res/FoV.png,59732,.png,undefined,unused,"未引用（保留索引）"
res/Fot.png,3427,.png,undefined,unused,"未引用（保留索引）"
res/Fow.xml,884,.xml,undefined,unused,"未引用（保留索引）"
res/Fpb.xml,484,.xml,undefined,unused,"未引用（保留索引）"
res/Fpx.webp,0,.webp,undefined,unused,"未引用（保留索引）"
res/FqC.webp,548,.webp,undefined,unused,"未引用（保留索引）"
res/Fql.9.png,1166,.png,undefined,unused,"未引用（保留索引）"
res/FrY.png,808,.png,undefined,unused,"未引用（保留索引）"
res/Frb.webp,2778,.webp,undefined,unused,"未引用（保留索引）"
res/FuP.png,2089,.png,undefined,unused,"未引用（保留索引）"
res/Fue.xml,712,.xml,undefined,unused,"未引用（保留索引）"
res/FvC.webp,13366,.webp,undefined,unused,"未引用（保留索引）"
res/Fw4.xml,6056,.xml,undefined,unused,"未引用（保留索引）"
res/FwL.png,68829,.png,undefined,unused,"未引用（保留索引）"
res/FwL1.png,784,.png,undefined,unused,"未引用（保留索引）"
res/FwP.xml,1960,.xml,undefined,unused,"未引用（保留索引）"
res/Fwk.xml,2132,.xml,undefined,unused,"未引用（保留索引）"
res/Fx2.xml,600,.xml,undefined,unused,"未引用（保留索引）"
res/Fxg.xml,1216,.xml,undefined,unused,"未引用（保留索引）"
res/Fxi.9.png,212,.png,undefined,unused,"未引用（保留索引）"
res/Fxm.9.png,167,.png,undefined,unused,"未引用（保留索引）"
res/Fxp.webp,496,.webp,undefined,unused,"未引用（保留索引）"
res/Fy5.xml,2876,.xml,undefined,unused,"未引用（保留索引）"
res/Fy9.xml,1572,.xml,undefined,unused,"未引用（保留索引）"
res/Fym.png,3876,.png,undefined,unused,"未引用（保留索引）"
res/Fz5.png,4040,.png,undefined,unused,"未引用（保留索引）"
res/Fzr.webp,600,.webp,undefined,unused,"未引用（保留索引）"
res/Fzy.png,4263,.png,undefined,unused,"未引用（保留索引）"
res/G-X.xml,704,.xml,undefined,unused,"未引用（保留索引）"
res/G04.xml,2052,.xml,undefined,unused,"未引用（保留索引）"
res/G0G.webp,4462,.webp,undefined,unused,"未引用（保留索引）"
res/G28.webp,364,.webp,undefined,unused,"未引用（保留索引）"
res/G2l.png,315,.png,undefined,unused,"未引用（保留索引）"
res/G2z.xml,468,.xml,undefined,unused,"未引用（保留索引）"
res/G3M.png,2131,.png,undefined,unused,"未引用（保留索引）"
res/G3N.webp,1026,.webp,undefined,unused,"未引用（保留索引）"
res/G3W.png,4264,.png,undefined,unused,"未引用（保留索引）"
res/G3t.png,673,.png,undefined,unused,"未引用（保留索引）"
res/G4I.webp,1206,.webp,undefined,unused,"未引用（保留索引）"
res/G59.webp,20084,.webp,undefined,unused,"未引用（保留索引）"
res/G6O.xml,860,.xml,undefined,unused,"未引用（保留索引）"
res/G6Y.webp,1146,.webp,undefined,unused,"未引用（保留索引）"
res/G77.png,203,.png,undefined,unused,"未引用（保留索引）"
res/G9H.xml,7036,.xml,undefined,unused,"未引用（保留索引）"
res/G9h.webp,25288,.webp,undefined,unused,"未引用（保留索引）"
res/G9q.png,30324,.png,undefined,unused,"未引用（保留索引）"
res/GAo.xml,2740,.xml,undefined,unused,"未引用（保留索引）"
res/GE1.xml,456,.xml,undefined,unused,"未引用（保留索引）"
res/GEW.xml,468,.xml,undefined,unused,"未引用（保留索引）"
res/GE_.xml,500,.xml,undefined,unused,"未引用（保留索引）"
res/GF-.xml,3656,.xml,undefined,unused,"未引用（保留索引）"
res/GF2.xml,4828,.xml,undefined,unused,"未引用（保留索引）"
res/GGp.png,233,.png,undefined,unused,"未引用（保留索引）"
res/GGp1.png,2787,.png,undefined,unused,"未引用（保留索引）"
res/GHS.png,243,.png,undefined,unused,"未引用（保留索引）"
res/GIS.png,240,.png,undefined,unused,"未引用（保留索引）"
res/GKf.png,1262,.png,undefined,unused,"未引用（保留索引）"
res/GLZ.xml,628,.xml,undefined,unused,"未引用（保留索引）"
res/GL_.webp,298,.webp,undefined,unused,"未引用（保留索引）"
res/GM4.xml,576,.xml,undefined,unused,"未引用（保留索引）"
res/GMt.png,3345,.png,undefined,unused,"未引用（保留索引）"
res/GOK.xml,2696,.xml,undefined,unused,"未引用（保留索引）"
res/GPL.webp,2936,.webp,undefined,unused,"未引用（保留索引）"
res/GPO.png,20045,.png,undefined,unused,"未引用（保留索引）"
res/GQC.xml,628,.xml,undefined,unused,"未引用（保留索引）"
res/GQF.xml,1764,.xml,undefined,unused,"未引用（保留索引）"
res/GQJ.xml,3044,.xml,undefined,unused,"未引用（保留索引）"
res/GQo.png,21875,.png,undefined,unused,"未引用（保留索引）"
res/GQr.png,228,.png,undefined,unused,"未引用（保留索引）"
res/GR3.png,8088,.png,undefined,unused,"未引用（保留索引）"
res/GRK.png,21680,.png,undefined,unused,"未引用（保留索引）"
res/GRO.xml,3528,.xml,undefined,unused,"未引用（保留索引）"
res/GS4.xml,1268,.xml,undefined,unused,"未引用（保留索引）"
res/GSE.webp,30868,.webp,undefined,unused,"未引用（保留索引）"
res/GUI.xml,1692,.xml,undefined,unused,"未引用（保留索引）"
res/GUJ.xml,2700,.xml,undefined,unused,"未引用（保留索引）"
res/GUW.png,9673,.png,undefined,unused,"未引用（保留索引）"
res/GUc.webp,43132,.webp,undefined,unused,"未引用（保留索引）"
res/GV1.png,525,.png,undefined,unused,"未引用（保留索引）"
res/GV9.xml,1772,.xml,undefined,unused,"未引用（保留索引）"
res/GVB.xml,2740,.xml,undefined,unused,"未引用（保留索引）"
res/GVn.png,2413,.png,undefined,unused,"未引用（保留索引）"
res/GW7.xml,16360,.xml,undefined,unused,"未引用（保留索引）"
res/GWV.webp,11770,.webp,undefined,unused,"未引用（保留索引）"
res/GWl.xml,4920,.xml,undefined,unused,"未引用（保留索引）"
res/GXL.webp,4890,.webp,undefined,unused,"未引用（保留索引）"
res/GXS.xml,1692,.xml,undefined,unused,"未引用（保留索引）"
res/GXX.xml,1892,.xml,undefined,unused,"未引用（保留索引）"
res/GXZ.xml,1224,.xml,undefined,unused,"未引用（保留索引）"
res/GXa.png,3656,.png,undefined,unused,"未引用（保留索引）"
res/GXv.webp,336,.webp,undefined,unused,"未引用（保留索引）"
res/GYk.webp,42366,.webp,undefined,unused,"未引用（保留索引）"
res/G_K.png,2173,.png,undefined,unused,"未引用（保留索引）"
res/G_N.xml,696,.xml,undefined,unused,"未引用（保留索引）"
res/G_k.png,18569,.png,undefined,unused,"未引用（保留索引）"
res/GaD.png,1944,.png,undefined,unused,"未引用（保留索引）"
res/GaK.png,2980,.png,undefined,unused,"未引用（保留索引）"
res/Gat.xml,4484,.xml,undefined,unused,"未引用（保留索引）"
res/GbS.xml,320,.xml,undefined,unused,"未引用（保留索引）"
res/Gbf.png,4190,.png,undefined,unused,"未引用（保留索引）"
res/Gbg.webp,622,.webp,undefined,unused,"未引用（保留索引）"
res/Gbp.xml,3944,.xml,undefined,unused,"未引用（保留索引）"
res/Gc5.xml,2228,.xml,undefined,unused,"未引用（保留索引）"
res/Gcl.png,394,.png,undefined,unused,"未引用（保留索引）"
res/Gdn.png,29552,.png,undefined,unused,"未引用（保留索引）"
res/GeL.xml,980,.xml,undefined,unused,"未引用（保留索引）"
res/Gf8.png,13660,.png,undefined,unused,"未引用（保留索引）"
res/Gfa.xml,1856,.xml,undefined,unused,"未引用（保留索引）"
res/Gg1.png,5478,.png,undefined,unused,"未引用（保留索引）"
res/Ghg.png,272,.png,undefined,unused,"未引用（保留索引）"
res/Ghz.xml,616,.xml,undefined,unused,"未引用（保留索引）"
res/GiL.webp,1970,.webp,undefined,unused,"未引用（保留索引）"
res/Gj3.png,1189,.png,undefined,unused,"未引用（保留索引）"
res/Gjj.xml,816,.xml,undefined,unused,"未引用（保留索引）"
res/Gjs.xml,876,.xml,undefined,unused,"未引用（保留索引）"
res/Gjv.xml,1572,.xml,undefined,unused,"未引用（保留索引）"
res/GkA.webp,1022,.webp,undefined,unused,"未引用（保留索引）"
res/GkW.png,36868,.png,undefined,unused,"未引用（保留索引）"
res/Gkf.png,10283,.png,undefined,unused,"未引用（保留索引）"
res/Gkk.webp,8312,.webp,undefined,unused,"未引用（保留索引）"
res/Gl4.png,2474,.png,undefined,unused,"未引用（保留索引）"
res/Gm1.xml,3340,.xml,undefined,unused,"未引用（保留索引）"
res/GmF.png,284,.png,undefined,unused,"未引用（保留索引）"
res/GmL.xml,2004,.xml,undefined,unused,"未引用（保留索引）"
res/Gmz.png,2394,.png,undefined,unused,"未引用（保留索引）"
res/GnH.xml,388,.xml,undefined,unused,"未引用（保留索引）"
res/Gom.png,8832,.png,undefined,unused,"未引用（保留索引）"
res/Gov.xml,576,.xml,undefined,unused,"未引用（保留索引）"
res/Gpo.png,16945,.png,undefined,unused,"未引用（保留索引）"
res/GqK.xml,4956,.xml,undefined,unused,"未引用（保留索引）"
res/Grc.xml,3036,.xml,undefined,unused,"未引用（保留索引）"
res/GsG.webp,898,.webp,undefined,unused,"未引用（保留索引）"
res/Gsk.webp,4568,.webp,undefined,unused,"未引用（保留索引）"
res/Gsy.png,326,.png,undefined,unused,"未引用（保留索引）"
res/Gt4.xml,1620,.xml,undefined,unused,"未引用（保留索引）"
res/GtB.xml,488,.xml,undefined,unused,"未引用（保留索引）"
res/GtY.xml,1224,.xml,undefined,unused,"未引用（保留索引）"
res/Gvc.webp,1124,.webp,undefined,unused,"未引用（保留索引）"
res/GwM.png,43287,.png,undefined,unused,"未引用（保留索引）"
res/Gw_.xml,484,.xml,undefined,unused,"未引用（保留索引）"
res/Gwn.xml,872,.xml,undefined,unused,"未引用（保留索引）"
res/Gx5.webp,5524,.webp,undefined,unused,"未引用（保留索引）"
res/GyL.xml,2952,.xml,undefined,unused,"未引用（保留索引）"
res/Gyf.xml,2440,.xml,undefined,unused,"未引用（保留索引）"
res/Gyy.xml,1648,.xml,undefined,unused,"未引用（保留索引）"
res/GzP.png,5360,.png,undefined,unused,"未引用（保留索引）"
res/GzU.xml,1216,.xml,undefined,unused,"未引用（保留索引）"
res/H-b.webp,33514,.webp,undefined,unused,"未引用（保留索引）"
res/H0l.png,1878,.png,undefined,unused,"未引用（保留索引）"
res/H0m.xml,2864,.xml,undefined,unused,"未引用（保留索引）"
res/H1o.png,1427,.png,undefined,unused,"未引用（保留索引）"
res/H1v.xml,756,.xml,undefined,unused,"未引用（保留索引）"
res/H37.png,595,.png,undefined,unused,"未引用（保留索引）"
res/H3A.xml,448,.xml,undefined,unused,"未引用（保留索引）"
res/H3R.png,24269,.png,undefined,unused,"未引用（保留索引）"
res/H4P.png,467,.png,undefined,unused,"未引用（保留索引）"
res/H4m.xml,592,.xml,undefined,unused,"未引用（保留索引）"
res/H5N.xml,724,.xml,undefined,unused,"未引用（保留索引）"
res/H5t.xml,1352,.xml,undefined,unused,"未引用（保留索引）"
res/H6Q.xml,500,.xml,undefined,unused,"未引用（保留索引）"
res/H6W.png,1075,.png,undefined,unused,"未引用（保留索引）"
res/H7X.xml,1340,.xml,undefined,unused,"未引用（保留索引）"
res/H7x.webp,308336,.webp,undefined,unused,"未引用（保留索引）"
res/H80.xml,2200,.xml,undefined,unused,"未引用（保留索引）"
res/H8Q.png,2602,.png,undefined,unused,"未引用（保留索引）"
res/H92.png,1799,.png,undefined,unused,"未引用（保留索引）"
res/H9_.webp,1338,.webp,undefined,unused,"未引用（保留索引）"
res/H9e.webp,51382,.webp,undefined,unused,"未引用（保留索引）"
res/HA4.xml,852,.xml,undefined,unused,"未引用（保留索引）"
res/HBp.png,3578,.png,undefined,unused,"未引用（保留索引）"
res/HD0.png,46540,.png,undefined,unused,"未引用（保留索引）"
res/HE-.xml,2236,.xml,undefined,unused,"未引用（保留索引）"
res/HES.webp,575388,.webp,undefined,unused,"未引用（保留索引）"
res/HEk.xml,2724,.xml,undefined,unused,"未引用（保留索引）"
res/HFI.webp,1684,.webp,undefined,unused,"未引用（保留索引）"
res/HFL.xml,660,.xml,undefined,unused,"未引用（保留索引）"
res/HFV.xml,632,.xml,undefined,unused,"未引用（保留索引）"
res/HFb.png,1721,.png,undefined,unused,"未引用（保留索引）"
res/HFe.png,2328,.png,undefined,unused,"未引用（保留索引）"
res/HG_.webp,2352,.webp,undefined,unused,"未引用（保留索引）"
res/HGb.png,14821,.png,undefined,unused,"未引用（保留索引）"
res/HGc.png,359,.png,undefined,unused,"未引用（保留索引）"
res/HHn.xml,2680,.xml,undefined,unused,"未引用（保留索引）"
res/HHu.png,271,.png,undefined,unused,"未引用（保留索引）"
res/HIO.png,26037,.png,undefined,unused,"未引用（保留索引）"
res/HIf.xml,2780,.xml,undefined,unused,"未引用（保留索引）"
res/HJB.png,37136,.png,undefined,unused,"未引用（保留索引）"
res/HJP.png,2450,.png,undefined,unused,"未引用（保留索引）"
res/HJY.png,1657,.png,undefined,unused,"未引用（保留索引）"
res/HJZ.xml,400,.xml,undefined,unused,"未引用（保留索引）"
res/HJj.png,13193,.png,undefined,unused,"未引用（保留索引）"
res/HJk.xml,6176,.xml,undefined,unused,"未引用（保留索引）"
res/HKM.webp,3134,.webp,undefined,unused,"未引用（保留索引）"
res/HKX.xml,3240,.xml,undefined,unused,"未引用（保留索引）"
res/HLd.9.png,2929,.png,undefined,unused,"未引用（保留索引）"
res/HM1.png,47912,.png,undefined,unused,"未引用（保留索引）"
res/HMh.png,534,.png,undefined,unused,"未引用（保留索引）"
res/HMy.xml,1556,.xml,undefined,unused,"未引用（保留索引）"
res/HO7.webp,2022,.webp,undefined,unused,"未引用（保留索引）"
res/HOO.xml,1772,.xml,undefined,unused,"未引用（保留索引）"
res/HPE.xml,6388,.xml,undefined,unused,"未引用（保留索引）"
res/HPW.webp,6378,.webp,undefined,unused,"未引用（保留索引）"
res/HPb.png,1100,.png,undefined,unused,"未引用（保留索引）"
res/HQc.xml,352,.xml,undefined,unused,"未引用（保留索引）"
res/HQm.png,5145,.png,undefined,unused,"未引用（保留索引）"
res/HQt.xml,1328,.xml,undefined,unused,"未引用（保留索引）"
res/HR-.webp,35804,.webp,undefined,unused,"未引用（保留索引）"
res/HRk.png,5998,.png,undefined,unused,"未引用（保留索引）"
res/HS6.9.png,541,.png,undefined,unused,"未引用（保留索引）"
res/HT4.png,5359,.png,undefined,unused,"未引用（保留索引）"
res/HVE.webp,1022,.webp,undefined,unused,"未引用（保留索引）"
res/HVL.webp,1596,.webp,undefined,unused,"未引用（保留索引）"
res/HVg.png,37261,.png,undefined,unused,"未引用（保留索引）"
res/HVx.webp,22366,.webp,undefined,unused,"未引用（保留索引）"
res/HW-.xml,528,.xml,undefined,unused,"未引用（保留索引）"
res/HW6.png,7183,.png,undefined,unused,"未引用（保留索引）"
res/HWa.png,18870,.png,undefined,unused,"未引用（保留索引）"
res/HX7.png,1465,.png,undefined,unused,"未引用（保留索引）"
res/HXB.webp,5260,.webp,undefined,unused,"未引用（保留索引）"
res/HXh.png,2756,.png,undefined,unused,"未引用（保留索引）"
res/HXi.xml,1576,.xml,undefined,unused,"未引用（保留索引）"
res/HYR.png,18305,.png,undefined,unused,"未引用（保留索引）"
res/HZE.png,1020,.png,undefined,unused,"未引用（保留索引）"
res/HZH.xml,468,.xml,undefined,unused,"未引用（保留索引）"
res/HbI.png,10207,.png,undefined,unused,"未引用（保留索引）"
res/Hbd.xml,420,.xml,undefined,unused,"未引用（保留索引）"
res/Hc0.png,6338,.png,undefined,unused,"未引用（保留索引）"
res/HcG.xml,3072,.xml,undefined,unused,"未引用（保留索引）"
res/Hcf.png,238,.png,undefined,unused,"未引用（保留索引）"
res/HeA.png,62966,.png,undefined,unused,"未引用（保留索引）"
res/HeD.webp,1072,.webp,undefined,unused,"未引用（保留索引）"
res/HeS.webp,1648,.webp,undefined,unused,"未引用（保留索引）"
res/Heg.xml,1004,.xml,undefined,unused,"未引用（保留索引）"
res/Hej.png,13926,.png,undefined,unused,"未引用（保留索引）"
res/Her.webp,25322,.webp,undefined,unused,"未引用（保留索引）"
res/Hf2.png,2513,.png,undefined,unused,"未引用（保留索引）"
res/Hh4.xml,1464,.xml,undefined,unused,"未引用（保留索引）"
res/Hh6.png,10556,.png,undefined,unused,"未引用（保留索引）"
res/HhN.png,291,.png,undefined,unused,"未引用（保留索引）"
res/HiV.9.png,6036,.png,undefined,unused,"未引用（保留索引）"
res/Hid.png,18732,.png,undefined,unused,"未引用（保留索引）"
res/Hj0.png,1173,.png,undefined,unused,"未引用（保留索引）"
res/HjH.xml,2912,.xml,undefined,unused,"未引用（保留索引）"
res/Hjl.png,4391,.png,undefined,unused,"未引用（保留索引）"
res/Hjx.xml,3300,.xml,undefined,unused,"未引用（保留索引）"
res/HkA.xml,2044,.xml,undefined,unused,"未引用（保留索引）"
res/Hke.webp,3504,.webp,undefined,unused,"未引用（保留索引）"
res/Hky.png,1451,.png,undefined,unused,"未引用（保留索引）"
res/HlC.xml,880,.xml,undefined,unused,"未引用（保留索引）"
res/Hli.xml,2216,.xml,undefined,unused,"未引用（保留索引）"
res/Hlq.webp,328,.webp,undefined,unused,"未引用（保留索引）"
res/Hm8.xml,772,.xml,undefined,unused,"未引用（保留索引）"
res/HmE.webp,4120,.webp,undefined,unused,"未引用（保留索引）"
res/HmJ.xml,1512,.xml,undefined,unused,"未引用（保留索引）"
res/HmW.png,2959,.png,undefined,unused,"未引用（保留索引）"
res/Hm_.png,1763,.png,undefined,unused,"未引用（保留索引）"
res/HnR.webp,84834,.webp,undefined,unused,"未引用（保留索引）"
res/Hnf.png,199,.png,undefined,unused,"未引用（保留索引）"
res/Hnn.webp,24244,.webp,undefined,unused,"未引用（保留索引）"
res/Ho6.png,11714,.png,undefined,unused,"未引用（保留索引）"
res/HoE.xml,464,.xml,undefined,unused,"未引用（保留索引）"
res/HoF.webp,536,.webp,undefined,unused,"未引用（保留索引）"
res/Hoj.png,728,.png,undefined,unused,"未引用（保留索引）"
res/Hol.xml,3164,.xml,undefined,unused,"未引用（保留索引）"
res/Hou.png,17942,.png,undefined,unused,"未引用（保留索引）"
res/Hov.png,1761,.png,undefined,unused,"未引用（保留索引）"
res/HpV.png,227,.png,undefined,unused,"未引用（保留索引）"
res/HqH.xml,1776,.xml,undefined,unused,"未引用（保留索引）"
res/Hqd.webp,3264,.webp,undefined,unused,"未引用（保留索引）"
res/Hqj.xml,760,.xml,undefined,unused,"未引用（保留索引）"
res/HrB.png,17819,.png,undefined,unused,"未引用（保留索引）"
res/HrF.xml,1180,.xml,undefined,unused,"未引用（保留索引）"
res/HsF.webp,33766,.webp,undefined,unused,"未引用（保留索引）"
res/HsJ.xml,484,.xml,undefined,unused,"未引用（保留索引）"
res/HsO.webp,896,.webp,undefined,unused,"未引用（保留索引）"
res/Hsd.xml,2148,.xml,undefined,unused,"未引用（保留索引）"
res/HtR.xml,2560,.xml,undefined,unused,"未引用（保留索引）"
res/Htv.xml,3256,.xml,undefined,unused,"未引用（保留索引）"
res/Htw.xml,484,.xml,undefined,unused,"未引用（保留索引）"
res/Hty.png,10556,.png,undefined,unused,"未引用（保留索引）"
res/Htz.xml,1132,.xml,undefined,unused,"未引用（保留索引）"
res/HuR.png,355,.png,undefined,unused,"未引用（保留索引）"
res/HuT.xml,2884,.xml,undefined,unused,"未引用（保留索引）"
res/Hus.png,3612,.png,undefined,unused,"未引用（保留索引）"
res/Hv-.xml,4128,.xml,undefined,unused,"未引用（保留索引）"
res/HvC.webp,3264,.webp,undefined,unused,"未引用（保留索引）"
res/HvD.png,7550,.png,undefined,unused,"未引用（保留索引）"
res/HvZ.webp,1534,.webp,undefined,unused,"未引用（保留索引）"
res/Hvj.xml,2820,.xml,undefined,unused,"未引用（保留索引）"
res/Hvr.webp,39328,.webp,undefined,unused,"未引用（保留索引）"
res/HwI.png,7584,.png,undefined,unused,"未引用（保留索引）"
res/Hwd.webp,52302,.webp,undefined,unused,"未引用（保留索引）"
res/Hx2.webp,14634,.webp,undefined,unused,"未引用（保留索引）"
res/HxG.xml,1152,.xml,undefined,unused,"未引用（保留索引）"
res/Hxv.xml,1752,.xml,undefined,unused,"未引用（保留索引）"
res/Hy4.xml,1528,.xml,undefined,unused,"未引用（保留索引）"
res/Hz0.png,3589,.png,undefined,unused,"未引用（保留索引）"
res/Hz9.png,2078,.png,undefined,unused,"未引用（保留索引）"
res/Hzt.xml,448,.xml,undefined,unused,"未引用（保留索引）"
res/I-E.webp,6326,.webp,undefined,unused,"未引用（保留索引）"
res/I-j.xml,1136,.xml,undefined,unused,"未引用（保留索引）"
res/I1i.xml,464,.xml,undefined,unused,"未引用（保留索引）"
res/I1j.webp,1036,.webp,undefined,unused,"未引用（保留索引）"
res/I2n.xml,1252,.xml,undefined,unused,"未引用（保留索引）"
res/I38.xml,2816,.xml,undefined,unused,"未引用（保留索引）"
res/I3D.png,476,.png,undefined,unused,"未引用（保留索引）"
res/I3J.xml,1756,.xml,undefined,unused,"未引用（保留索引）"
res/I3x.webp,2764,.webp,undefined,unused,"未引用（保留索引）"
res/I4-.xml,11272,.xml,undefined,unused,"未引用（保留索引）"
res/I4B.xml,2392,.xml,undefined,unused,"未引用（保留索引）"
res/I5G.png,8899,.png,undefined,unused,"未引用（保留索引）"
res/I5u.9.png,4204,.png,undefined,unused,"未引用（保留索引）"
res/I6Z.xml,704,.xml,undefined,unused,"未引用（保留索引）"
res/I7A.webp,6196,.webp,undefined,unused,"未引用（保留索引）"
res/I7E.png,4958,.png,undefined,unused,"未引用（保留索引）"
res/I7q.xml,1656,.xml,undefined,unused,"未引用（保留索引）"
res/I80.xml,468,.xml,undefined,unused,"未引用（保留索引）"
res/I8K.webp,1626,.webp,undefined,unused,"未引用（保留索引）"
res/I8T.xml,936,.xml,undefined,unused,"未引用（保留索引）"
res/I8w.webp,7468,.webp,undefined,unused,"未引用（保留索引）"
res/I93.png,890,.png,undefined,unused,"未引用（保留索引）"
res/I9V.xml,448,.xml,undefined,unused,"未引用（保留索引）"
res/I9_.png,5189,.png,undefined,unused,"未引用（保留索引）"
res/IAL.xml,4976,.xml,undefined,unused,"未引用（保留索引）"
res/IAR.png,1233,.png,undefined,unused,"未引用（保留索引）"
res/IAY.xml,480,.xml,undefined,unused,"未引用（保留索引）"
res/IBO.xml,916,.xml,undefined,unused,"未引用（保留索引）"
res/IBU.png,9584,.png,undefined,unused,"未引用（保留索引）"
res/IBg.png,693,.png,undefined,unused,"未引用（保留索引）"
res/ICa.png,201,.png,undefined,unused,"未引用（保留索引）"
res/ID0.xml,600,.xml,undefined,unused,"未引用（保留索引）"
res/IDI.png,2010,.png,undefined,unused,"未引用（保留索引）"
res/IDp.xml,3804,.xml,undefined,unused,"未引用（保留索引）"
res/IEF.xml,3576,.xml,undefined,unused,"未引用（保留索引）"
res/IEI.png,3137,.png,undefined,unused,"未引用（保留索引）"
res/IES.xml,3412,.xml,undefined,unused,"未引用（保留索引）"
res/IET.xml,508,.xml,undefined,unused,"未引用（保留索引）"
res/IEc.png,42383,.png,undefined,unused,"未引用（保留索引）"
res/IEc.xml,1260,.xml,undefined,unused,"未引用（保留索引）"
res/IGF.xml,9060,.xml,undefined,unused,"未引用（保留索引）"
res/IGN.png,37801,.png,undefined,unused,"未引用（保留索引）"
res/IGV.xml,3732,.xml,undefined,unused,"未引用（保留索引）"
res/IGb.png,27837,.png,undefined,unused,"未引用（保留索引）"
res/IGg.xml,7576,.xml,undefined,unused,"未引用（保留索引）"
res/IH3.webp,11436,.webp,undefined,unused,"未引用（保留索引）"
res/IH9.xml,2004,.xml,undefined,unused,"未引用（保留索引）"
res/IHN.xml,1476,.xml,undefined,unused,"未引用（保留索引）"
res/IHj.png,668,.png,undefined,unused,"未引用（保留索引）"
res/II7.webp,11456,.webp,undefined,unused,"未引用（保留索引）"
res/IIi.webp,19826,.webp,undefined,unused,"未引用（保留索引）"
res/IIx.png,18327,.png,undefined,unused,"未引用（保留索引）"
res/IJR.png,414,.png,undefined,unused,"未引用（保留索引）"
res/IKK.xml,8208,.xml,undefined,unused,"未引用（保留索引）"
res/IKN.webp,96094,.webp,undefined,unused,"未引用（保留索引）"
res/IL6.webp,654,.webp,undefined,unused,"未引用（保留索引）"
res/ILW.xml,8244,.xml,undefined,unused,"未引用（保留索引）"
res/ILb.webp,1664,.webp,undefined,unused,"未引用（保留索引）"
res/IM1.xml,1660,.xml,undefined,unused,"未引用（保留索引）"
res/IMA.png,1425,.png,undefined,unused,"未引用（保留索引）"
res/IMs.png,39971,.png,undefined,unused,"未引用（保留索引）"
res/IMu.png,597,.png,undefined,unused,"未引用（保留索引）"
res/IO-.png,1508,.png,undefined,unused,"未引用（保留索引）"
res/IO-.xml,1760,.xml,undefined,unused,"未引用（保留索引）"
res/IOA.webp,7438,.webp,undefined,unused,"未引用（保留索引）"
res/IOH.webp,4082,.webp,undefined,unused,"未引用（保留索引）"
res/IRG.png,81480,.png,undefined,unused,"未引用（保留索引）"
res/IRV.png,13002,.png,undefined,unused,"未引用（保留索引）"
res/ISf.png,49180,.png,undefined,unused,"未引用（保留索引）"
res/ITN.xml,8740,.xml,undefined,unused,"未引用（保留索引）"
res/ITR.xml,484,.xml,undefined,unused,"未引用（保留索引）"
res/IU9.xml,4956,.xml,undefined,unused,"未引用（保留索引）"
res/IUL.png,8063,.png,undefined,unused,"未引用（保留索引）"
res/IUs.xml,2916,.xml,undefined,unused,"未引用（保留索引）"
res/IVA.png,1511,.png,undefined,unused,"未引用（保留索引）"
res/IVQ.png,2520,.png,undefined,unused,"未引用（保留索引）"
res/IVe.xml,816,.xml,undefined,unused,"未引用（保留索引）"
res/IVz.png,1059,.png,undefined,unused,"未引用（保留索引）"
res/IWJ.webp,6216,.webp,undefined,unused,"未引用（保留索引）"
res/IWW.png,27312,.png,undefined,unused,"未引用（保留索引）"
res/IWl.png,2046,.png,undefined,unused,"未引用（保留索引）"
res/IWp.png,4225,.png,undefined,unused,"未引用（保留索引）"
res/IX3.png,1232,.png,undefined,unused,"未引用（保留索引）"
res/IXE.xml,6148,.xml,undefined,unused,"未引用（保留索引）"
res/IXH.png,2534,.png,undefined,unused,"未引用（保留索引）"
res/IXV.png,1974,.png,undefined,unused,"未引用（保留索引）"
res/IY9.xml,3816,.xml,undefined,unused,"未引用（保留索引）"
res/IYx.xml,1136,.xml,undefined,unused,"未引用（保留索引）"
res/IZ5.xml,1020,.xml,undefined,unused,"未引用（保留索引）"
res/IZH.xml,4620,.xml,undefined,unused,"未引用（保留索引）"
res/IZO.png,4050,.png,undefined,unused,"未引用（保留索引）"
res/IZh.webp,44068,.webp,undefined,unused,"未引用（保留索引）"
res/IZm.webp,670,.webp,undefined,unused,"未引用（保留索引）"
res/I_G.png,33555,.png,undefined,unused,"未引用（保留索引）"
res/I_T.webp,32630,.webp,undefined,unused,"未引用（保留索引）"
res/I_n.png,33271,.png,undefined,unused,"未引用（保留索引）"
res/Iao.webp,24400,.webp,undefined,unused,"未引用（保留索引）"
res/Ib7.xml,464,.xml,undefined,unused,"未引用（保留索引）"
res/Ib9.xml,5740,.xml,undefined,unused,"未引用（保留索引）"
res/Ibb.xml,2244,.xml,undefined,unused,"未引用（保留索引）"
res/Ibj.png,10807,.png,undefined,unused,"未引用（保留索引）"
res/IeO.xml,2864,.xml,undefined,unused,"未引用（保留索引）"
res/Ifd.png,57586,.png,undefined,unused,"未引用（保留索引）"
res/Ifp.png,558,.png,undefined,unused,"未引用（保留索引）"
res/Ig2.xml,480,.xml,undefined,unused,"未引用（保留索引）"
res/IgV.xml,448,.xml,undefined,unused,"未引用（保留索引）"
res/Igg.xml,524,.xml,undefined,unused,"未引用（保留索引）"
res/Igi.xml,1560,.xml,undefined,unused,"未引用（保留索引）"
res/IiW.webp,2122,.webp,undefined,unused,"未引用（保留索引）"
res/Iih.xml,828,.xml,undefined,unused,"未引用（保留索引）"
res/IjF.webp,2854,.webp,undefined,unused,"未引用（保留索引）"
res/Ijm.xml,588,.xml,undefined,unused,"未引用（保留索引）"
res/Ijn.webp,5472,.webp,undefined,unused,"未引用（保留索引）"
res/Ijy.xml,9300,.xml,undefined,unused,"未引用（保留索引）"
res/Iki.png,4410,.png,undefined,unused,"未引用（保留索引）"
res/Iku.png,12808,.png,undefined,unused,"未引用（保留索引）"
res/ImN.png,21035,.png,undefined,unused,"未引用（保留索引）"
res/InE.9.png,203,.png,undefined,unused,"未引用（保留索引）"
res/InK.9.png,712,.png,undefined,unused,"未引用（保留索引）"
res/Inm.png,15827,.png,undefined,unused,"未引用（保留索引）"
res/Io0.png,6996,.png,undefined,unused,"未引用（保留索引）"
res/Io1.png,7108,.png,undefined,unused,"未引用（保留索引）"
res/IoF.png,5114,.png,undefined,unused,"未引用（保留索引）"
res/IoK.png,6901,.png,undefined,unused,"未引用（保留索引）"
res/Ioo.xml,920,.xml,undefined,unused,"未引用（保留索引）"
res/Iow.png,7239,.png,undefined,unused,"未引用（保留索引）"
res/Ioz.png,7163,.png,undefined,unused,"未引用（保留索引）"
res/IqW.png,4834,.png,undefined,unused,"未引用（保留索引）"
res/Iq_.xml,716,.xml,undefined,unused,"未引用（保留索引）"
res/IrG.9.png,1425,.png,undefined,unused,"未引用（保留索引）"
res/Irv.xml,536,.xml,undefined,unused,"未引用（保留索引）"
res/Is2.webp,25306,.webp,undefined,unused,"未引用（保留索引）"
res/ItQ.webp,135618,.webp,undefined,unused,"未引用（保留索引）"
res/Itg.xml,488,.xml,undefined,unused,"未引用（保留索引）"
res/Itm.9.png,738,.png,undefined,unused,"未引用（保留索引）"
res/Itm.png,4019,.png,undefined,unused,"未引用（保留索引）"
res/Itp.webp,9780,.webp,undefined,unused,"未引用（保留索引）"
res/Iu7.png,146,.png,undefined,unused,"未引用（保留索引）"
res/IuW.xml,2592,.xml,undefined,unused,"未引用（保留索引）"
res/Ius.png,1264,.png,undefined,unused,"未引用（保留索引）"
res/IwO.png,2230,.png,undefined,unused,"未引用（保留索引）"
res/Ix4.webp,3262,.webp,undefined,unused,"未引用（保留索引）"
res/IxB.png,9926,.png,undefined,unused,"未引用（保留索引）"
res/IxK.xml,1920,.xml,undefined,unused,"未引用（保留索引）"
res/IyC.png,5353,.png,undefined,unused,"未引用（保留索引）"
res/IyG.png,8964,.png,undefined,unused,"未引用（保留索引）"
res/IyN.png,551,.png,undefined,unused,"未引用（保留索引）"
res/IyV.xml,828,.xml,undefined,unused,"未引用（保留索引）"
res/Iyx.png,8488,.png,undefined,unused,"未引用（保留索引）"
res/IzJ.xml,468,.xml,undefined,unused,"未引用（保留索引）"
res/Izy.xml,2748,.xml,undefined,unused,"未引用（保留索引）"
res/J-t.png,25207,.png,undefined,unused,"未引用（保留索引）"
res/J00.webp,75276,.webp,undefined,unused,"未引用（保留索引）"
res/J0U.png,18697,.png,undefined,unused,"未引用（保留索引）"
res/J19.png,6891,.png,undefined,unused,"未引用（保留索引）"
res/J1r.webp,15382,.webp,undefined,unused,"未引用（保留索引）"
res/J2P.xml,1148,.xml,undefined,unused,"未引用（保留索引）"
res/J3J.xml,788,.xml,undefined,unused,"未引用（保留索引）"
res/J4R.xml,5712,.xml,undefined,unused,"未引用（保留索引）"
res/J4W.xml,3024,.xml,undefined,unused,"未引用（保留索引）"
res/J6E.png,1933,.png,undefined,unused,"未引用（保留索引）"
res/J6n.xml,900,.xml,undefined,unused,"未引用（保留索引）"
res/J6n1.xml,3208,.xml,undefined,unused,"未引用（保留索引）"
res/J6t.webp,5796,.webp,undefined,unused,"未引用（保留索引）"
res/J6w.9.png,1779,.png,undefined,unused,"未引用（保留索引）"
res/J7S.xml,1408,.xml,undefined,unused,"未引用（保留索引）"
res/J7Y.xml,10440,.xml,undefined,unused,"未引用（保留索引）"
res/J7e.webp,13688,.webp,undefined,unused,"未引用（保留索引）"
res/J7j.xml,464,.xml,undefined,unused,"未引用（保留索引）"
res/J7u.webp,4416,.webp,undefined,unused,"未引用（保留索引）"
res/J8B.9.png,208,.png,undefined,unused,"未引用（保留索引）"
res/J8h.xml,484,.xml,undefined,unused,"未引用（保留索引）"
res/J8t.xml,724,.xml,undefined,unused,"未引用（保留索引）"
res/J95.png,438,.png,undefined,unused,"未引用（保留索引）"
res/J9G.png,7117,.png,undefined,unused,"未引用（保留索引）"
res/J9s.webp,5130,.webp,undefined,unused,"未引用（保留索引）"
res/JA4.webp,8824,.webp,undefined,unused,"未引用（保留索引）"
res/JAM.png,758,.png,undefined,unused,"未引用（保留索引）"
res/JAN.png,435,.png,undefined,unused,"未引用（保留索引）"
res/JAX.webp,2912,.webp,undefined,unused,"未引用（保留索引）"
res/JBi.xml,620,.xml,undefined,unused,"未引用（保留索引）"
res/JBs.xml,860,.xml,undefined,unused,"未引用（保留索引）"
res/JBt.png,217,.png,undefined,unused,"未引用（保留索引）"
res/JCE.png,391,.png,undefined,unused,"未引用（保留索引）"
res/JC_.png,140880,.png,undefined,unused,"未引用（保留索引）"
res/JCw.xml,6332,.xml,undefined,unused,"未引用（保留索引）"
res/JDB.xml,1336,.xml,undefined,unused,"未引用（保留索引）"
res/JDq.png,1603,.png,undefined,unused,"未引用（保留索引）"
res/JEX.png,62193,.png,undefined,unused,"未引用（保留索引）"
res/JF5.webp,1898,.webp,undefined,unused,"未引用（保留索引）"
res/JFY.xml,448,.xml,undefined,unused,"未引用（保留索引）"
res/JFv.xml,728,.xml,undefined,unused,"未引用（保留索引）"
res/JG5.png,1175,.png,undefined,unused,"未引用（保留索引）"
res/JG6.png,3872,.png,undefined,unused,"未引用（保留索引）"
res/JGV.xml,1176,.xml,undefined,unused,"未引用（保留索引）"
res/JGb.xml,11232,.xml,undefined,unused,"未引用（保留索引）"
res/JGt.xml,1456,.xml,undefined,unused,"未引用（保留索引）"
res/JH3.xml,468,.xml,undefined,unused,"未引用（保留索引）"
res/JHT.png,74767,.png,undefined,unused,"未引用（保留索引）"
res/JHY.xml,1872,.xml,undefined,unused,"未引用（保留索引）"
res/JHu.xml,3940,.xml,undefined,unused,"未引用（保留索引）"
res/JI1.webp,8524,.webp,undefined,unused,"未引用（保留索引）"
res/JIF.xml,1600,.xml,undefined,unused,"未引用（保留索引）"
res/JIS.png,11750,.png,undefined,unused,"未引用（保留索引）"
res/JIk.png,9778,.png,undefined,unused,"未引用（保留索引）"
res/JIs.png,7098,.png,undefined,unused,"未引用（保留索引）"
res/JJ1.xml,1964,.xml,undefined,unused,"未引用（保留索引）"
res/JJO.webp,15490,.webp,undefined,unused,"未引用（保留索引）"
res/JJZ.webp,6882,.webp,undefined,unused,"未引用（保留索引）"
res/JJo.png,409,.png,undefined,unused,"未引用（保留索引）"
res/JJs.png,73870,.png,undefined,unused,"未引用（保留索引）"
res/JKs.png,820,.png,undefined,unused,"未引用（保留索引）"
res/JL3.png,4034,.png,undefined,unused,"未引用（保留索引）"
res/JLy.png,7606,.png,undefined,unused,"未引用（保留索引）"
res/JM7.png,1073,.png,undefined,unused,"未引用（保留索引）"
res/JMG.xml,9516,.xml,undefined,unused,"未引用（保留索引）"
res/JMS.png,62573,.png,undefined,unused,"未引用（保留索引）"
res/JMY.9.png,6488,.png,undefined,unused,"未引用（保留索引）"
res/JMe.xml,2428,.xml,undefined,unused,"未引用（保留索引）"
res/JN8.png,2264,.png,undefined,unused,"未引用（保留索引）"
res/JNo.png,13485,.png,undefined,unused,"未引用（保留索引）"
res/JNq.xml,676,.xml,undefined,unused,"未引用（保留索引）"
res/JNy.png,7568,.png,undefined,unused,"未引用（保留索引）"
res/JQ1.png,1265,.png,undefined,unused,"未引用（保留索引）"
res/JQe.xml,3400,.xml,undefined,unused,"未引用（保留索引）"
res/JRh.png,1681,.png,undefined,unused,"未引用（保留索引）"
res/JRr.png,802,.png,undefined,unused,"未引用（保留索引）"
res/JT4.xml,3092,.xml,undefined,unused,"未引用（保留索引）"
res/JT7.ttf,191132,.ttf,undefined,unused,"未引用（保留索引）"
res/JT8.png,4203,.png,undefined,unused,"未引用（保留索引）"
res/JTy.xml,2460,.xml,undefined,unused,"未引用（保留索引）"
res/JUY.xml,1560,.xml,undefined,unused,"未引用（保留索引）"
res/JUx.xml,3212,.xml,undefined,unused,"未引用（保留索引）"
res/JVy.png,278,.png,undefined,unused,"未引用（保留索引）"
res/JW3.webp,11372,.webp,undefined,unused,"未引用（保留索引）"
res/JWd.png,122884,.png,undefined,unused,"未引用（保留索引）"
res/JWu.png,2301,.png,undefined,unused,"未引用（保留索引）"
res/JX-.png,744,.png,undefined,unused,"未引用（保留索引）"
res/JXF.png,16450,.png,undefined,unused,"未引用（保留索引）"
res/JXF.xml,420,.xml,undefined,unused,"未引用（保留索引）"
res/JXR.webp,1946,.webp,undefined,unused,"未引用（保留索引）"
res/JXs.xml,784,.xml,undefined,unused,"未引用（保留索引）"
res/JY5.png,12884,.png,undefined,unused,"未引用（保留索引）"
res/JYC.png,196,.png,undefined,unused,"未引用（保留索引）"
res/JYQ.png,188,.png,undefined,unused,"未引用（保留索引）"
res/JZU.png,2855,.png,undefined,unused,"未引用（保留索引）"
res/JZU1.png,1167,.png,undefined,unused,"未引用（保留索引）"
res/J_-.webp,5214,.webp,undefined,unused,"未引用（保留索引）"
res/J_N.webp,602,.webp,undefined,unused,"未引用（保留索引）"
res/Jb3.png,181,.png,undefined,unused,"未引用（保留索引）"
res/JbZ.png,951,.png,undefined,unused,"未引用（保留索引）"
res/JcO.xml,1512,.xml,undefined,unused,"未引用（保留索引）"
res/Jcn.png,319,.png,undefined,unused,"未引用（保留索引）"
res/JdX.png,1287,.png,undefined,unused,"未引用（保留索引）"
res/JeR.webp,32718,.webp,undefined,unused,"未引用（保留索引）"
res/JeS.png,284,.png,undefined,unused,"未引用（保留索引）"
res/JeV.xml,2808,.xml,undefined,unused,"未引用（保留索引）"
res/Jec.xml,29848,.xml,undefined,unused,"未引用（保留索引）"
res/JfF.xml,1960,.xml,undefined,unused,"未引用（保留索引）"
res/JfF1.xml,468,.xml,undefined,unused,"未引用（保留索引）"
res/JfQ.webp,1154,.webp,undefined,unused,"未引用（保留索引）"
res/Jfq.webp,23566,.webp,undefined,unused,"未引用（保留索引）"
res/JgH.xml,1148,.xml,undefined,unused,"未引用（保留索引）"
res/Jga.png,6746,.png,undefined,unused,"未引用（保留索引）"
res/Jh9.xml,1244,.xml,undefined,unused,"未引用（保留索引）"
res/Jht.xml,5880,.xml,undefined,unused,"未引用（保留索引）"
res/Ji1.xml,1544,.xml,undefined,unused,"未引用（保留索引）"
res/JiI.xml,3032,.xml,undefined,unused,"未引用（保留索引）"
res/JiT.png,9055,.png,undefined,unused,"未引用（保留索引）"
res/Jib.webp,3462,.webp,undefined,unused,"未引用（保留索引）"
res/Jis.png,9853,.png,undefined,unused,"未引用（保留索引）"
res/Jj7.webp,740,.webp,undefined,unused,"未引用（保留索引）"
res/JjU.png,4768,.png,undefined,unused,"未引用（保留索引）"
res/Jjz.xml,2308,.xml,undefined,unused,"未引用（保留索引）"
res/JkA.webp,1958,.webp,undefined,unused,"未引用（保留索引）"
res/Jkd.png,575,.png,undefined,unused,"未引用（保留索引）"
res/Jkp.png,760,.png,undefined,unused,"未引用（保留索引）"
res/Jkw.xml,9008,.xml,undefined,unused,"未引用（保留索引）"
res/Jl0.xml,3160,.xml,undefined,unused,"未引用（保留索引）"
res/Jm-.png,558,.png,undefined,unused,"未引用（保留索引）"
res/Jm2.xml,3576,.xml,undefined,unused,"未引用（保留索引）"
res/Jmb.xml,3612,.xml,undefined,unused,"未引用（保留索引）"
res/Jmn.png,1544,.png,undefined,unused,"未引用（保留索引）"
res/JnB.xml,2820,.xml,undefined,unused,"未引用（保留索引）"
res/JnT.xml,816,.xml,undefined,unused,"未引用（保留索引）"
res/Jnv.webp,600,.webp,undefined,unused,"未引用（保留索引）"
res/JoA.webp,1288,.webp,undefined,unused,"未引用（保留索引）"
res/Joc.xml,316,.xml,undefined,unused,"未引用（保留索引）"
res/JpE.png,44894,.png,undefined,unused,"未引用（保留索引）"
res/Jq7.png,37917,.png,undefined,unused,"未引用（保留索引）"
res/JqJ.png,1953,.png,undefined,unused,"未引用（保留索引）"
res/Jr-.png,5268,.png,undefined,unused,"未引用（保留索引）"
res/JrN.xml,3688,.xml,undefined,unused,"未引用（保留索引）"
res/Js3.png,1934,.png,undefined,unused,"未引用（保留索引）"
res/Jsj.xml,5228,.xml,undefined,unused,"未引用（保留索引）"
res/Ju1.png,4268,.png,undefined,unused,"未引用（保留索引）"
res/JuF.png,8164,.png,undefined,unused,"未引用（保留索引）"
res/Jv3.xml,1776,.xml,undefined,unused,"未引用（保留索引）"
res/JvD.xml,6280,.xml,undefined,unused,"未引用（保留索引）"
res/Jve.webp,524,.webp,undefined,unused,"未引用（保留索引）"
res/JwM.xml,2392,.xml,undefined,unused,"未引用（保留索引）"
res/JwS.png,176,.png,undefined,unused,"未引用（保留索引）"
res/JwV.xml,704,.xml,undefined,unused,"未引用（保留索引）"
res/Jwd.xml,2400,.xml,undefined,unused,"未引用（保留索引）"
res/Jwy.xml,464,.xml,undefined,unused,"未引用（保留索引）"
res/Jxy.xml,12708,.xml,undefined,unused,"未引用（保留索引）"
res/Jy9.png,5418,.png,undefined,unused,"未引用（保留索引）"
res/Jyh.xml,18292,.xml,undefined,unused,"未引用（保留索引）"
res/JzE.png,5382,.png,undefined,unused,"未引用（保留索引）"
res/JzP.xml,9568,.xml,undefined,unused,"未引用（保留索引）"
res/K-i.png,7346,.png,undefined,unused,"未引用（保留索引）"
res/K0S.png,3471,.png,undefined,unused,"未引用（保留索引）"
res/K0c.webp,182706,.webp,undefined,unused,"未引用（保留索引）"
res/K0t.xml,5460,.xml,undefined,unused,"未引用（保留索引）"
res/K12.xml,1812,.xml,undefined,unused,"未引用（保留索引）"
res/K1E.webp,1004,.webp,undefined,unused,"未引用（保留索引）"
res/K1H.webp,163966,.webp,undefined,unused,"未引用（保留索引）"
res/K2P.xml,1360,.xml,undefined,unused,"未引用（保留索引）"
res/K3J.xml,852,.xml,undefined,unused,"未引用（保留索引）"
res/K3f.xml,612,.xml,undefined,unused,"未引用（保留索引）"
res/K3v.xml,1988,.xml,undefined,unused,"未引用（保留索引）"
res/K3y.png,1142,.png,undefined,unused,"未引用（保留索引）"
res/K4v.xml,2152,.xml,undefined,unused,"未引用（保留索引）"
res/K5B.xml,4640,.xml,undefined,unused,"未引用（保留索引）"
res/K6I.png,68432,.png,undefined,unused,"未引用（保留索引）"
res/K7d.png,2880,.png,undefined,unused,"未引用（保留索引）"
res/K7s.png,11491,.png,undefined,unused,"未引用（保留索引）"
res/K8l.png,1506,.png,undefined,unused,"未引用（保留索引）"
res/KA5.xml,1284,.xml,undefined,unused,"未引用（保留索引）"
res/KA9.xml,2124,.xml,undefined,unused,"未引用（保留索引）"
res/KAZ.png,7840,.png,undefined,unused,"未引用（保留索引）"
res/KAn.png,2494,.png,undefined,unused,"未引用（保留索引）"
res/KB1.xml,1148,.xml,undefined,unused,"未引用（保留索引）"
res/KC9.xml,9156,.xml,undefined,unused,"未引用（保留索引）"
res/KCD.png,491,.png,undefined,unused,"未引用（保留索引）"
res/KD4.webp,31682,.webp,undefined,unused,"未引用（保留索引）"
res/KDa.xml,696,.xml,undefined,unused,"未引用（保留索引）"
res/KDv.webp,704,.webp,undefined,unused,"未引用（保留索引）"
res/KEJ.xml,3244,.xml,undefined,unused,"未引用（保留索引）"
res/KEY.png,4685,.png,undefined,unused,"未引用（保留索引）"
res/KEw.xml,1640,.xml,undefined,unused,"未引用（保留索引）"
res/KF1.png,11726,.png,undefined,unused,"未引用（保留索引）"
res/KF6.xml,11836,.xml,undefined,unused,"未引用（保留索引）"
res/KFc.xml,3732,.xml,undefined,unused,"未引用（保留索引）"
res/KG1.png,96596,.png,undefined,unused,"未引用（保留索引）"
res/KG4.xml,592,.xml,undefined,unused,"未引用（保留索引）"
res/KG9.png,2750,.png,undefined,unused,"未引用（保留索引）"
res/KGo.xml,1376,.xml,undefined,unused,"未引用（保留索引）"
res/KGx.png,18720,.png,undefined,unused,"未引用（保留索引）"
res/KH-.xml,12404,.xml,undefined,unused,"未引用（保留索引）"
res/KH1.xml,2096,.xml,undefined,unused,"未引用（保留索引）"
res/KHI.webp,192,.webp,undefined,unused,"未引用（保留索引）"
res/KHr.xml,27044,.xml,undefined,unused,"未引用（保留索引）"
res/KHw.png,133383,.png,undefined,unused,"未引用（保留索引）"
res/KI4.png,11776,.png,undefined,unused,"未引用（保留索引）"
res/KIo.png,2930,.png,undefined,unused,"未引用（保留索引）"
res/KIz.png,16743,.png,undefined,unused,"未引用（保留索引）"
res/KKD.xml,2384,.xml,undefined,unused,"未引用（保留索引）"
res/KKi.png,3561,.png,undefined,unused,"未引用（保留索引）"
res/KL5.png,3634,.png,undefined,unused,"未引用（保留索引）"
res/KLq.png,2791,.png,undefined,unused,"未引用（保留索引）"
res/KMU.xml,532,.xml,undefined,unused,"未引用（保留索引）"
res/KNj.webp,2430,.webp,undefined,unused,"未引用（保留索引）"
res/KOH.webp,2456,.webp,undefined,unused,"未引用（保留索引）"
res/KRE.png,912,.png,undefined,unused,"未引用（保留索引）"
res/KRQ.png,21476,.png,undefined,unused,"未引用（保留索引）"
res/KRS.png,23722,.png,undefined,unused,"未引用（保留索引）"
res/KRn.xml,484,.xml,undefined,unused,"未引用（保留索引）"
res/KSJ.png,166039,.png,undefined,unused,"未引用（保留索引）"
res/KSj.webp,186,.webp,undefined,unused,"未引用（保留索引）"
res/KSx.png,304,.png,undefined,unused,"未引用（保留索引）"
res/KTE.webp,382,.webp,undefined,unused,"未引用（保留索引）"
res/KTG.png,1867,.png,undefined,unused,"未引用（保留索引）"
res/KTg.xml,1492,.xml,undefined,unused,"未引用（保留索引）"
res/KTk.xml,3484,.xml,undefined,unused,"未引用（保留索引）"
res/KTo.png,4701,.png,undefined,unused,"未引用（保留索引）"
res/KTr.xml,2344,.xml,undefined,unused,"未引用（保留索引）"
res/KVz.xml,3552,.xml,undefined,unused,"未引用（保留索引）"
res/KWR.png,8806,.png,undefined,unused,"未引用（保留索引）"
res/KWR.xml,448,.xml,undefined,unused,"未引用（保留索引）"
res/KWW.png,1222,.png,undefined,unused,"未引用（保留索引）"
res/KWa.xml,7864,.xml,undefined,unused,"未引用（保留索引）"
res/KWn.xml,516,.xml,undefined,unused,"未引用（保留索引）"
res/KXR.png,500,.png,undefined,unused,"未引用（保留索引）"
res/KY0.xml,4296,.xml,undefined,unused,"未引用（保留索引）"
res/KYQ.png,5614,.png,undefined,unused,"未引用（保留索引）"
res/KYR.png,5335,.png,undefined,unused,"未引用（保留索引）"
res/KYU.png,4999,.png,undefined,unused,"未引用（保留索引）"
res/KYV.png,5370,.png,undefined,unused,"未引用（保留索引）"
res/KYW.png,4885,.png,undefined,unused,"未引用（保留索引）"
res/KYW.xml,1076,.xml,undefined,unused,"未引用（保留索引）"
res/KYp.png,5282,.png,undefined,unused,"未引用（保留索引）"
res/KYq.png,5829,.png,undefined,unused,"未引用（保留索引）"
res/KYr.png,5665,.png,undefined,unused,"未引用（保留索引）"
res/KYu.png,5629,.png,undefined,unused,"未引用（保留索引）"
res/KYv.png,4912,.png,undefined,unused,"未引用（保留索引）"
res/KZU.png,17348,.png,undefined,unused,"未引用（保留索引）"
res/KZZ.png,1312,.png,undefined,unused,"未引用（保留索引）"
res/KZZ1.png,2109,.png,undefined,unused,"未引用（保留索引）"
res/KZg.xml,3112,.xml,undefined,unused,"未引用（保留索引）"
res/K_g.xml,2216,.xml,undefined,unused,"未引用（保留索引）"
res/Kb2.png,280,.png,undefined,unused,"未引用（保留索引）"
res/KbA.webp,638,.webp,undefined,unused,"未引用（保留索引）"
res/Kc4.png,936,.png,undefined,unused,"未引用（保留索引）"
res/KeN.xml,3640,.xml,undefined,unused,"未引用（保留索引）"
res/Keh.png,10831,.png,undefined,unused,"未引用（保留索引）"
res/KfJ.png,17768,.png,undefined,unused,"未引用（保留索引）"
res/KgA.xml,576,.xml,undefined,unused,"未引用（保留索引）"
res/Kgb.xml,4500,.xml,undefined,unused,"未引用（保留索引）"
res/Kgc.png,562,.png,undefined,unused,"未引用（保留索引）"
res/Kh1.webp,18194,.webp,undefined,unused,"未引用（保留索引）"
res/KhE.png,236,.png,undefined,unused,"未引用（保留索引）"
res/KhG.png,5846,.png,undefined,unused,"未引用（保留索引）"
res/KhI.png,140253,.png,undefined,unused,"未引用（保留索引）"
res/KiZ.xml,536,.xml,undefined,unused,"未引用（保留索引）"
res/Kil.xml,3340,.xml,undefined,unused,"未引用（保留索引）"
res/Kit.xml,1224,.xml,undefined,unused,"未引用（保留索引）"
res/Kiw.png,33106,.png,undefined,unused,"未引用（保留索引）"
res/Kiz.png,35865,.png,undefined,unused,"未引用（保留索引）"
res/Kj-.xml,1080,.xml,undefined,unused,"未引用（保留索引）"
res/Kj1.png,298,.png,undefined,unused,"未引用（保留索引）"
res/Kj7.png,12506,.png,undefined,unused,"未引用（保留索引）"
res/Kju.xml,2044,.xml,undefined,unused,"未引用（保留索引）"
res/Kkq.xml,1296,.xml,undefined,unused,"未引用（保留索引）"
res/Km3.xml,2160,.xml,undefined,unused,"未引用（保留索引）"
res/Km9.png,2679,.png,undefined,unused,"未引用（保留索引）"
res/KmA.png,2100,.png,undefined,unused,"未引用（保留索引）"
res/KnF.xml,644,.xml,undefined,unused,"未引用（保留索引）"
res/KnR.xml,104,.xml,undefined,unused,"未引用（保留索引）"
res/KnT.png,42949,.png,undefined,unused,"未引用（保留索引）"
res/Ko_.gif,146060,.gif,undefined,unused,"未引用（保留索引）"
res/Kok.webp,566,.webp,undefined,unused,"未引用（保留索引）"
res/KpD.png,2682,.png,undefined,unused,"未引用（保留索引）"
res/KpR.9.png,236,.png,undefined,unused,"未引用（保留索引）"
res/Kph.webp,2288,.webp,undefined,unused,"未引用（保留索引）"
res/Kpv.webp,390,.webp,undefined,unused,"未引用（保留索引）"
res/Kq9.webp,5810,.webp,undefined,unused,"未引用（保留索引）"
res/KqY.png,15682,.png,undefined,unused,"未引用（保留索引）"
res/Kqs.png,4373,.png,undefined,unused,"未引用（保留索引）"
res/Kr4.png,2710,.png,undefined,unused,"未引用（保留索引）"
res/KrD.xml,660,.xml,undefined,unused,"未引用（保留索引）"
res/Krd.png,5792,.png,undefined,unused,"未引用（保留索引）"
res/Krm.png,4451,.png,undefined,unused,"未引用（保留索引）"
res/Krt.xml,2936,.xml,undefined,unused,"未引用（保留索引）"
res/KsB.xml,680,.xml,undefined,unused,"未引用（保留索引）"
res/KsG.9.png,1312,.png,undefined,unused,"未引用（保留索引）"
res/KsU.webp,6788,.webp,undefined,unused,"未引用（保留索引）"
res/Kss.png,4769,.png,undefined,unused,"未引用（保留索引）"
res/Kss.xml,448,.xml,undefined,unused,"未引用（保留索引）"
res/Ksu.png,4109,.png,undefined,unused,"未引用（保留索引）"
res/Kt2.xml,516,.xml,undefined,unused,"未引用（保留索引）"
res/KtG.webp,924,.webp,undefined,unused,"未引用（保留索引）"
res/KtJ.xml,620,.xml,undefined,unused,"未引用（保留索引）"
res/KtN.xml,1332,.xml,undefined,unused,"未引用（保留索引）"
res/KtS.xml,2464,.xml,undefined,unused,"未引用（保留索引）"
res/Ktl.xml,1568,.xml,undefined,unused,"未引用（保留索引）"
res/Ku0.xml,6408,.xml,undefined,unused,"未引用（保留索引）"
res/Kuv.xml,2908,.xml,undefined,unused,"未引用（保留索引）"
res/Kv3.png,4185,.png,undefined,unused,"未引用（保留索引）"
res/Kv5.png,3147,.png,undefined,unused,"未引用（保留索引）"
res/KvZ.xml,1656,.xml,undefined,unused,"未引用（保留索引）"
res/Kvs.webp,742,.webp,undefined,unused,"未引用（保留索引）"
res/Kw_.webp,9326,.webp,undefined,unused,"未引用（保留索引）"
res/Kxp.png,227,.png,undefined,unused,"未引用（保留索引）"
res/KyX.png,10179,.png,undefined,unused,"未引用（保留索引）"
res/Kyv.xml,8196,.xml,undefined,unused,"未引用（保留索引）"
res/Kz0.png,77564,.png,undefined,unused,"未引用（保留索引）"
res/Kzj.webp,25866,.webp,undefined,unused,"未引用（保留索引）"
res/Kzn.xml,1732,.xml,undefined,unused,"未引用（保留索引）"
res/L-j.png,4572,.png,undefined,unused,"未引用（保留索引）"
res/L04.png,14687,.png,undefined,unused,"未引用（保留索引）"
res/L0n.webp,998,.webp,undefined,unused,"未引用（保留索引）"
res/L15.webp,758,.webp,undefined,unused,"未引用（保留索引）"
res/L2G.xml,392,.xml,undefined,unused,"未引用（保留索引）"
res/L2V.webp,15538,.webp,undefined,unused,"未引用（保留索引）"
res/L2b.xml,4624,.xml,undefined,unused,"未引用（保留索引）"
res/L2d.xml,5480,.xml,undefined,unused,"未引用（保留索引）"
res/L2p.png,1048,.png,undefined,unused,"未引用（保留索引）"
res/L3G.xml,6352,.xml,undefined,unused,"未引用（保留索引）"
res/L4j.png,1560,.png,undefined,unused,"未引用（保留索引）"
res/L5L.xml,4908,.xml,undefined,unused,"未引用（保留索引）"
res/L6E.png,10828,.png,undefined,unused,"未引用（保留索引）"
res/L73.xml,488,.xml,undefined,unused,"未引用（保留索引）"
res/L78.png,851,.png,undefined,unused,"未引用（保留索引）"
res/L7C.png,1192,.png,undefined,unused,"未引用（保留索引）"
res/L7O.webp,11730,.webp,undefined,unused,"未引用（保留索引）"
res/L7h.xml,3368,.xml,undefined,unused,"未引用（保留索引）"
res/LAp.png,2868,.png,undefined,unused,"未引用（保留索引）"
res/LBL.png,44057,.png,undefined,unused,"未引用（保留索引）"
res/LBl.png,1207,.png,undefined,unused,"未引用（保留索引）"
res/LBl.webp,52140,.webp,undefined,unused,"未引用（保留索引）"
res/LBq.webp,18306,.webp,undefined,unused,"未引用（保留索引）"
res/LC6.jpg,62163,.jpg,undefined,unused,"未引用（保留索引）"
res/LCK.png,4367,.png,undefined,unused,"未引用（保留索引）"
res/LCN.png,3256,.png,undefined,unused,"未引用（保留索引）"
res/LCT.xml,7348,.xml,undefined,unused,"未引用（保留索引）"
res/LCl.xml,2404,.xml,undefined,unused,"未引用（保留索引）"
res/LCx.xml,576,.xml,undefined,unused,"未引用（保留索引）"
res/LDZ.png,107,.png,undefined,unused,"未引用（保留索引）"
res/LDZ.xml,468,.xml,undefined,unused,"未引用（保留索引）"
res/LEd.png,526,.png,undefined,unused,"未引用（保留索引）"
res/LEh.xml,4472,.xml,undefined,unused,"未引用（保留索引）"
res/LEv.webp,310,.webp,undefined,unused,"未引用（保留索引）"
res/LF4.xml,3096,.xml,undefined,unused,"未引用（保留索引）"
res/LFQ.png,489,.png,undefined,unused,"未引用（保留索引）"
res/LG6.png,8306,.png,undefined,unused,"未引用（保留索引）"
res/LHJ.xml,3648,.xml,undefined,unused,"未引用（保留索引）"
res/LHk.xml,380,.xml,undefined,unused,"未引用（保留索引）"
res/LJs.png,2190,.png,undefined,unused,"未引用（保留索引）"
res/LJw.xml,3296,.xml,undefined,unused,"未引用（保留索引）"
res/LKQ.png,2473,.png,undefined,unused,"未引用（保留索引）"
res/LKW.xml,696,.xml,undefined,unused,"未引用（保留索引）"
res/LK_.xml,11960,.xml,undefined,unused,"未引用（保留索引）"
res/LKj.webp,32684,.webp,undefined,unused,"未引用（保留索引）"
res/LKz.webp,652,.webp,undefined,unused,"未引用（保留索引）"
res/LKz.xml,7428,.xml,undefined,unused,"未引用（保留索引）"
res/LLK.9.png,790,.png,undefined,unused,"未引用（保留索引）"
res/LLc.xml,1220,.xml,undefined,unused,"未引用（保留索引）"
res/LM3.png,8617,.png,undefined,unused,"未引用（保留索引）"
res/LMP.png,1291,.png,undefined,unused,"未引用（保留索引）"
res/LNA.xml,1208,.xml,undefined,unused,"未引用（保留索引）"
res/LNf.webp,246,.webp,undefined,unused,"未引用（保留索引）"
res/LNt.webp,1588,.webp,undefined,unused,"未引用（保留索引）"
res/LO9.png,286,.png,undefined,unused,"未引用（保留索引）"
res/LOE.png,158,.png,undefined,unused,"未引用（保留索引）"
res/LOM.xml,384,.xml,undefined,unused,"未引用（保留索引）"
res/LOR.png,1928,.png,undefined,unused,"未引用（保留索引）"
res/LP9.xml,592,.xml,undefined,unused,"未引用（保留索引）"
res/LP_.png,270,.png,undefined,unused,"未引用（保留索引）"
res/LR6.png,422,.png,undefined,unused,"未引用（保留索引）"
res/LSu.png,437,.png,undefined,unused,"未引用（保留索引）"
res/LTY.xml,372,.xml,undefined,unused,"未引用（保留索引）"
res/LU-.png,5582,.png,undefined,unused,"未引用（保留索引）"
res/LUF.png,4140,.png,undefined,unused,"未引用（保留索引）"
res/LUX.png,1389,.png,undefined,unused,"未引用（保留索引）"
res/LUq.xml,3456,.xml,undefined,unused,"未引用（保留索引）"
res/LUt.png,77761,.png,undefined,unused,"未引用（保留索引）"
res/LVY.xml,8168,.xml,undefined,unused,"未引用（保留索引）"
res/LW_.webp,8652,.webp,undefined,unused,"未引用（保留索引）"
res/LWv.xml,420,.xml,undefined,unused,"未引用（保留索引）"
res/LXA.xml,448,.xml,undefined,unused,"未引用（保留索引）"
res/LXf.webp,8330,.webp,undefined,unused,"未引用（保留索引）"
res/LXi.png,6944,.png,undefined,unused,"未引用（保留索引）"
res/LXs.xml,1292,.xml,undefined,unused,"未引用（保留索引）"
res/LYF.png,562,.png,undefined,unused,"未引用（保留索引）"
res/LYH.png,5253,.png,undefined,unused,"未引用（保留索引）"
res/LYP.xml,5196,.xml,undefined,unused,"未引用（保留索引）"
res/LZ8.xml,448,.xml,undefined,unused,"未引用（保留索引）"
res/LZN.9.png,333,.png,undefined,unused,"未引用（保留索引）"
res/LZW.xml,3992,.xml,undefined,unused,"未引用（保留索引）"
res/LZt.png,101732,.png,undefined,unused,"未引用（保留索引）"
res/L_E.png,2676,.png,undefined,unused,"未引用（保留索引）"
res/L_l.png,171,.png,undefined,unused,"未引用（保留索引）"
res/La4.webp,22968,.webp,undefined,unused,"未引用（保留索引）"
res/LaC.xml,21688,.xml,undefined,unused,"未引用（保留索引）"
res/LaQ.xml,1180,.xml,undefined,unused,"未引用（保留索引）"
res/Lac.png,4082,.png,undefined,unused,"未引用（保留索引）"
res/Las.png,17439,.png,undefined,unused,"未引用（保留索引）"
res/LbD.xml,2184,.xml,undefined,unused,"未引用（保留索引）"
res/Lbi.xml,5900,.xml,undefined,unused,"未引用（保留索引）"
res/LcC.png,407,.png,undefined,unused,"未引用（保留索引）"
res/Ld0.xml,20472,.xml,undefined,unused,"未引用（保留索引）"
res/LdN.png,7566,.png,undefined,unused,"未引用（保留索引）"
res/LdT.xml,1464,.xml,undefined,unused,"未引用（保留索引）"
res/Lde.webp,500,.webp,undefined,unused,"未引用（保留索引）"
res/Ldv.webp,2388,.webp,undefined,unused,"未引用（保留索引）"
res/LeF.xml,2592,.xml,undefined,unused,"未引用（保留索引）"
res/Lek.xml,3056,.xml,undefined,unused,"未引用（保留索引）"
res/LfG.xml,3244,.xml,undefined,unused,"未引用（保留索引）"
res/Lfi.xml,1292,.xml,undefined,unused,"未引用（保留索引）"
res/Lg0.webp,28474,.webp,undefined,unused,"未引用（保留索引）"
res/LgL.png,2185,.png,undefined,unused,"未引用（保留索引）"
res/Lg_.png,15525,.png,undefined,unused,"未引用（保留索引）"
res/Lgd.xml,1784,.xml,undefined,unused,"未引用（保留索引）"
res/Lgh.xml,444,.xml,undefined,unused,"未引用（保留索引）"
res/LhB.webp,5352,.webp,undefined,unused,"未引用（保留索引）"
res/LhH.png,20280,.png,undefined,unused,"未引用（保留索引）"
res/LhW.xml,620,.xml,undefined,unused,"未引用（保留索引）"
res/LiC.xml,592,.xml,undefined,unused,"未引用（保留索引）"
res/Lig.xml,576,.xml,undefined,unused,"未引用（保留索引）"
res/Liu.xml,4472,.xml,undefined,unused,"未引用（保留索引）"
res/LjY.xml,15440,.xml,undefined,unused,"未引用（保留索引）"
res/Ljb.png,182,.png,undefined,unused,"未引用（保留索引）"
res/Ljh.webp,25702,.webp,undefined,unused,"未引用（保留索引）"
res/Lk-.xml,576,.xml,undefined,unused,"未引用（保留索引）"
res/LkJ.xml,2228,.xml,undefined,unused,"未引用（保留索引）"
res/Lk_.png,2481,.png,undefined,unused,"未引用（保留索引）"
res/Lk_.webp,1846,.webp,undefined,unused,"未引用（保留索引）"
res/Lko.webp,2252,.webp,undefined,unused,"未引用（保留索引）"
res/Lm6.xml,2004,.xml,undefined,unused,"未引用（保留索引）"
res/LmH.xml,2340,.xml,undefined,unused,"未引用（保留索引）"
res/Lmk.webp,23558,.webp,undefined,unused,"未引用（保留索引）"
res/LnW.png,8050,.png,undefined,unused,"未引用（保留索引）"
res/Lo_.png,761,.png,undefined,unused,"未引用（保留索引）"
res/Loe.xml,2668,.xml,undefined,unused,"未引用（保留索引）"
res/Loz.xml,17672,.xml,undefined,unused,"未引用（保留索引）"
res/LpD.xml,11240,.xml,undefined,unused,"未引用（保留索引）"
res/LqE.9.png,209,.png,undefined,unused,"未引用（保留索引）"
res/LqF.xml,988,.xml,undefined,unused,"未引用（保留索引）"
res/Lqq.png,412,.png,undefined,unused,"未引用（保留索引）"
res/LrJ.webp,1874,.webp,undefined,unused,"未引用（保留索引）"
res/LsM.png,5010,.png,undefined,unused,"未引用（保留索引）"
res/Lt-.webp,370,.webp,undefined,unused,"未引用（保留索引）"
res/LtN.webp,1158,.webp,undefined,unused,"未引用（保留索引）"
res/Lty.xml,3192,.xml,undefined,unused,"未引用（保留索引）"
res/LuX.png,31952,.png,undefined,unused,"未引用（保留索引）"
res/Luw.xml,468,.xml,undefined,unused,"未引用（保留索引）"
res/Lv8.png,1118,.png,undefined,unused,"未引用（保留索引）"
res/LvT.webp,4968,.webp,undefined,unused,"未引用（保留索引）"
res/Lwv.png,15692,.png,undefined,unused,"未引用（保留索引）"
res/Lx6.xml,628,.xml,undefined,unused,"未引用（保留索引）"
res/Lxm.xml,3960,.xml,undefined,unused,"未引用（保留索引）"
res/LyE.xml,684,.xml,undefined,unused,"未引用（保留索引）"
res/LyU.xml,1792,.xml,undefined,unused,"未引用（保留索引）"
res/LzU.webp,534,.webp,undefined,unused,"未引用（保留索引）"
res/Lzm.png,9323,.png,undefined,unused,"未引用（保留索引）"
res/Lzz.png,3977,.png,undefined,unused,"未引用（保留索引）"
res/M-3.xml,500,.xml,undefined,unused,"未引用（保留索引）"
res/M-p.webp,348,.webp,undefined,unused,"未引用（保留索引）"
res/M0z.xml,1320,.xml,undefined,unused,"未引用（保留索引）"
res/M13.png,3231,.png,undefined,unused,"未引用（保留索引）"
res/M1Z.png,2836,.png,undefined,unused,"未引用（保留索引）"
res/M2M.xml,896,.xml,undefined,unused,"未引用（保留索引）"
res/M2a.xml,1932,.xml,undefined,unused,"未引用（保留索引）"
res/M2y.xml,1240,.xml,undefined,unused,"未引用（保留索引）"
res/M3b.png,1326,.png,undefined,unused,"未引用（保留索引）"
res/M3q.png,2143,.png,undefined,unused,"未引用（保留索引）"
res/M3t.xml,648,.xml,undefined,unused,"未引用（保留索引）"
res/M48.webp,13060,.webp,undefined,unused,"未引用（保留索引）"
res/M4T.xml,564,.xml,undefined,unused,"未引用（保留索引）"
res/M5A.9.png,790,.png,undefined,unused,"未引用（保留索引）"
res/M5K.png,5762,.png,undefined,unused,"未引用（保留索引）"
res/M5h.xml,3224,.xml,undefined,unused,"未引用（保留索引）"
res/M5z.webp,764,.webp,undefined,unused,"未引用（保留索引）"
res/M6R.9.png,2423,.png,undefined,unused,"未引用（保留索引）"
res/M6S.png,4758,.png,undefined,unused,"未引用（保留索引）"
res/M6e.xml,124,.xml,undefined,unused,"未引用（保留索引）"
res/M70.png,12373,.png,undefined,unused,"未引用（保留索引）"
res/M76.webp,762,.webp,undefined,unused,"未引用（保留索引）"
res/M7u.webp,320,.webp,undefined,unused,"未引用（保留索引）"
res/M8r.webp,380,.webp,undefined,unused,"未引用（保留索引）"
res/M98.png,2405,.png,undefined,unused,"未引用（保留索引）"
res/M9T.png,4259,.png,undefined,unused,"未引用（保留索引）"
res/MAO.xml,1652,.xml,undefined,unused,"未引用（保留索引）"
res/MAd.png,51241,.png,undefined,unused,"未引用（保留索引）"
res/MAe.png,1909,.png,undefined,unused,"未引用（保留索引）"
res/MAy.xml,920,.xml,undefined,unused,"未引用（保留索引）"
res/MB9.png,1398,.png,undefined,unused,"未引用（保留索引）"
res/MBd.png,46780,.png,undefined,unused,"未引用（保留索引）"
res/MCA.xml,2892,.xml,undefined,unused,"未引用（保留索引）"
res/MCY.webp,1072,.webp,undefined,unused,"未引用（保留索引）"
res/MCY.xml,312,.xml,undefined,unused,"未引用（保留索引）"
res/MCp.png,1054,.png,undefined,unused,"未引用（保留索引）"
res/MD3.webp,514,.webp,undefined,unused,"未引用（保留索引）"
res/MDi.xml,1944,.xml,undefined,unused,"未引用（保留索引）"
res/MDq.xml,1336,.xml,undefined,unused,"未引用（保留索引）"
res/ME4.9.png,772,.png,undefined,unused,"未引用（保留索引）"
res/MEB.png,3740,.png,undefined,unused,"未引用（保留索引）"
res/MEJ.png,4118,.png,undefined,unused,"未引用（保留索引）"
res/MEJ.xml,448,.xml,undefined,unused,"未引用（保留索引）"
res/MEV.xml,6328,.xml,undefined,unused,"未引用（保留索引）"
res/MEs.png,2337,.png,undefined,unused,"未引用（保留索引）"
res/MFB.xml,6572,.xml,undefined,unused,"未引用（保留索引）"
res/MGQ.webp,500,.webp,undefined,unused,"未引用（保留索引）"
res/MGy.xml,1124,.xml,undefined,unused,"未引用（保留索引）"
res/MHE.xml,556,.xml,undefined,unused,"未引用（保留索引）"
res/MHf.xml,408,.xml,undefined,unused,"未引用（保留索引）"
res/MHh.xml,2412,.xml,undefined,unused,"未引用（保留索引）"
res/MHl.png,449,.png,undefined,unused,"未引用（保留索引）"
res/MHl.xml,4408,.xml,undefined,unused,"未引用（保留索引）"
res/MI5.png,9078,.png,undefined,unused,"未引用（保留索引）"
res/MIb.xml,7216,.xml,undefined,unused,"未引用（保留索引）"
res/MJc.xml,488,.xml,undefined,unused,"未引用（保留索引）"
res/MJi.png,9772,.png,undefined,unused,"未引用（保留索引）"
res/MKa.png,5050,.png,undefined,unused,"未引用（保留索引）"
res/MLO.xml,7728,.xml,undefined,unused,"未引用（保留索引）"
res/MLl.xml,488,.xml,undefined,unused,"未引用（保留索引）"
res/MLm.xml,2100,.xml,undefined,unused,"未引用（保留索引）"
res/MLn.xml,1860,.xml,undefined,unused,"未引用（保留索引）"
res/MM0.xml,2628,.xml,undefined,unused,"未引用（保留索引）"
res/MMM.xml,892,.xml,undefined,unused,"未引用（保留索引）"
res/MMk.webp,11488,.webp,undefined,unused,"未引用（保留索引）"
res/MMu.xml,2084,.xml,undefined,unused,"未引用（保留索引）"
res/MMx.png,11044,.png,undefined,unused,"未引用（保留索引）"
res/MMz.png,658,.png,undefined,unused,"未引用（保留索引）"
res/MNO.xml,812,.xml,undefined,unused,"未引用（保留索引）"
res/MOm.xml,536,.xml,undefined,unused,"未引用（保留索引）"
res/MOx.png,10298,.png,undefined,unused,"未引用（保留索引）"
res/MP9.xml,8628,.xml,undefined,unused,"未引用（保留索引）"
res/MPU.xml,864,.xml,undefined,unused,"未引用（保留索引）"
res/MPd.png,818,.png,undefined,unused,"未引用（保留索引）"
res/MPo.xml,1136,.xml,undefined,unused,"未引用（保留索引）"
res/MQ4.png,319,.png,undefined,unused,"未引用（保留索引）"
res/MQO.png,1848,.png,undefined,unused,"未引用（保留索引）"
res/MR1.xml,4368,.xml,undefined,unused,"未引用（保留索引）"
res/MTF.xml,4348,.xml,undefined,unused,"未引用（保留索引）"
res/MTG.xml,1584,.xml,undefined,unused,"未引用（保留索引）"
res/MV6.png,1021,.png,undefined,unused,"未引用（保留索引）"
res/MVX.webp,22712,.webp,undefined,unused,"未引用（保留索引）"
res/MWO.webp,3410,.webp,undefined,unused,"未引用（保留索引）"
res/MWb.png,256,.png,undefined,unused,"未引用（保留索引）"
res/MWm.webp,32712,.webp,undefined,unused,"未引用（保留索引）"
res/MXJ.png,399,.png,undefined,unused,"未引用（保留索引）"
res/MXQ.png,67,.png,undefined,unused,"未引用（保留索引）"
res/MXf.webp,1720,.webp,undefined,unused,"未引用（保留索引）"
res/MXg.webp,426,.webp,undefined,unused,"未引用（保留索引）"
res/MYA.png,11445,.png,undefined,unused,"未引用（保留索引）"
res/MYL.xml,1060,.xml,undefined,unused,"未引用（保留索引）"
res/MYO.xml,2148,.xml,undefined,unused,"未引用（保留索引）"
res/MYP.png,535,.png,undefined,unused,"未引用（保留索引）"
res/MYh.xml,3060,.xml,undefined,unused,"未引用（保留索引）"
res/MYj.png,11699,.png,undefined,unused,"未引用（保留索引）"
res/MYv.webp,490,.webp,undefined,unused,"未引用（保留索引）"
res/MZZ.png,4362,.png,undefined,unused,"未引用（保留索引）"
res/MZc.png,4090,.png,undefined,unused,"未引用（保留索引）"
res/MZl.webp,22768,.webp,undefined,unused,"未引用（保留索引）"
res/MZx.webp,58468,.webp,undefined,unused,"未引用（保留索引）"
res/Ma7.png,5401,.png,undefined,unused,"未引用（保留索引）"
res/MaD.png,621,.png,undefined,unused,"未引用（保留索引）"
res/MaE.png,179,.png,undefined,unused,"未引用（保留索引）"
res/Mal.png,1204,.png,undefined,unused,"未引用（保留索引）"
res/Mam.png,1017,.png,undefined,unused,"未引用（保留索引）"
res/Mat.webp,476,.webp,undefined,unused,"未引用（保留索引）"
res/MbK.png,20430,.png,undefined,unused,"未引用（保留索引）"
res/MbN.webp,19332,.webp,undefined,unused,"未引用（保留索引）"
res/Mbc.xml,4572,.xml,undefined,unused,"未引用（保留索引）"
res/Mbg.xml,1996,.xml,undefined,unused,"未引用（保留索引）"
res/Mbr.png,4381,.png,undefined,unused,"未引用（保留索引）"
res/McE.png,2330,.png,undefined,unused,"未引用（保留索引）"
res/McJ.jpg,11191,.jpg,undefined,unused,"未引用（保留索引）"
res/MdI.xml,2260,.xml,undefined,unused,"未引用（保留索引）"
res/Mdm.png,515,.png,undefined,unused,"未引用（保留索引）"
res/Mdq.webp,454,.webp,undefined,unused,"未引用（保留索引）"
res/MfH.xml,2408,.xml,undefined,unused,"未引用（保留索引）"
res/Mft.png,2371,.png,undefined,unused,"未引用（保留索引）"
res/Mfw.xml,2620,.xml,undefined,unused,"未引用（保留索引）"
res/MgG.xml,6660,.xml,undefined,unused,"未引用（保留索引）"
res/MgV.png,1961,.png,undefined,unused,"未引用（保留索引）"
res/MgX.png,13471,.png,undefined,unused,"未引用（保留索引）"
res/MgZ.xml,448,.xml,undefined,unused,"未引用（保留索引）"
res/Mgc.png,401,.png,undefined,unused,"未引用（保留索引）"
res/Mgp.xml,28260,.xml,undefined,unused,"未引用（保留索引）"
res/Mhm.png,6218,.png,undefined,unused,"未引用（保留索引）"
res/Mhq.9.png,15553,.png,undefined,unused,"未引用（保留索引）"
res/Mi2.9.png,4068,.png,undefined,unused,"未引用（保留索引）"
res/Mi7.png,5389,.png,undefined,unused,"未引用（保留索引）"
res/MiA.png,570,.png,undefined,unused,"未引用（保留索引）"
res/Miw.png,3093,.png,undefined,unused,"未引用（保留索引）"
res/Miw1.png,948,.png,undefined,unused,"未引用（保留索引）"
res/Mj6.xml,18436,.xml,undefined,unused,"未引用（保留索引）"
res/MkG.xml,988,.xml,undefined,unused,"未引用（保留索引）"
res/Mkn.xml,1304,.xml,undefined,unused,"未引用（保留索引）"
res/Mkz.png,72634,.png,undefined,unused,"未引用（保留索引）"
res/Ml3.9.png,851,.png,undefined,unused,"未引用（保留索引）"
res/MlB.png,1320,.png,undefined,unused,"未引用（保留索引）"
res/MlO.webp,4392,.webp,undefined,unused,"未引用（保留索引）"
res/Mle.png,1496,.png,undefined,unused,"未引用（保留索引）"
res/Mmg.png,10889,.png,undefined,unused,"未引用（保留索引）"
res/Mmr.png,95183,.png,undefined,unused,"未引用（保留索引）"
res/Mnb.xml,3980,.xml,undefined,unused,"未引用（保留索引）"
res/MoO.webp,2460,.webp,undefined,unused,"未引用（保留索引）"
res/Mok.png,45568,.png,undefined,unused,"未引用（保留索引）"
res/Mp5.png,695,.png,undefined,unused,"未引用（保留索引）"
res/MpQ.xml,468,.xml,undefined,unused,"未引用（保留索引）"
res/Mpi.webp,6912,.webp,undefined,unused,"未引用（保留索引）"
res/Mpt.png,554,.png,undefined,unused,"未引用（保留索引）"
res/MqJ.png,93421,.png,undefined,unused,"未引用（保留索引）"
res/Mqu.xml,1224,.xml,undefined,unused,"未引用（保留索引）"
res/MrE.9.png,1526,.png,undefined,unused,"未引用（保留索引）"
res/MrM.png,8778,.png,undefined,unused,"未引用（保留索引）"
res/MsC.xml,9548,.xml,undefined,unused,"未引用（保留索引）"
res/MsW.png,212,.png,undefined,unused,"未引用（保留索引）"
res/MsZ.png,4664,.png,undefined,unused,"未引用（保留索引）"
res/Msn.xml,1020,.xml,undefined,unused,"未引用（保留索引）"
res/Msz.xml,3652,.xml,undefined,unused,"未引用（保留索引）"
res/Mtd.png,8265,.png,undefined,unused,"未引用（保留索引）"
res/Mte.png,3501,.png,undefined,unused,"未引用（保留索引）"
res/Mtm.png,2091,.png,undefined,unused,"未引用（保留索引）"
res/Mtq.xml,988,.xml,undefined,unused,"未引用（保留索引）"
res/Mvv.webp,1260,.webp,undefined,unused,"未引用（保留索引）"
res/Mvx.png,358,.png,undefined,unused,"未引用（保留索引）"
res/Mw1.xml,3160,.xml,undefined,unused,"未引用（保留索引）"
res/Mwh.png,11768,.png,undefined,unused,"未引用（保留索引）"
res/Mwv.png,342,.png,undefined,unused,"未引用（保留索引）"
res/Mx1.png,4350,.png,undefined,unused,"未引用（保留索引）"
res/MxK.png,13146,.png,undefined,unused,"未引用（保留索引）"
res/MxY.webp,342,.webp,undefined,unused,"未引用（保留索引）"
res/Mz0.png,457,.png,undefined,unused,"未引用（保留索引）"
res/MzD.xml,2604,.xml,undefined,unused,"未引用（保留索引）"
res/Mzc.xml,6584,.xml,undefined,unused,"未引用（保留索引）"
res/Mzs.9.png,207,.png,undefined,unused,"未引用（保留索引）"
res/N-1.png,554,.png,undefined,unused,"未引用（保留索引）"
res/N0K.png,985,.png,undefined,unused,"未引用（保留索引）"
res/N0O.png,38318,.png,undefined,unused,"未引用（保留索引）"
res/N15.xml,748,.xml,undefined,unused,"未引用（保留索引）"
res/N1J.png,19720,.png,undefined,unused,"未引用（保留索引）"
res/N1T.png,3818,.png,undefined,unused,"未引用（保留索引）"
res/N1j.xml,9432,.xml,undefined,unused,"未引用（保留索引）"
res/N2B.png,2518,.png,undefined,unused,"未引用（保留索引）"
res/N2P.xml,1636,.xml,undefined,unused,"未引用（保留索引）"
res/N30.png,603,.png,undefined,unused,"未引用（保留索引）"
res/N31.webp,15402,.webp,undefined,unused,"未引用（保留索引）"
res/N3S.png,10492,.png,undefined,unused,"未引用（保留索引）"
res/N3g.png,1274,.png,undefined,unused,"未引用（保留索引）"
res/N42.png,2655,.png,undefined,unused,"未引用（保留索引）"
res/N4V.png,10580,.png,undefined,unused,"未引用（保留索引）"
res/N5Q.png,4205,.png,undefined,unused,"未引用（保留索引）"
res/N74.9.png,887,.png,undefined,unused,"未引用（保留索引）"
res/N7i.png,10810,.png,undefined,unused,"未引用（保留索引）"
res/N7q.png,68432,.png,undefined,unused,"未引用（保留索引）"
res/N7u.webp,42022,.webp,undefined,unused,"未引用（保留索引）"
res/N8-.xml,2088,.xml,undefined,unused,"未引用（保留索引）"
res/N97.png,832,.png,undefined,unused,"未引用（保留索引）"
res/N9E.xml,2224,.xml,undefined,unused,"未引用（保留索引）"
res/N9I.webp,63564,.webp,undefined,unused,"未引用（保留索引）"
res/N9e.xml,508,.xml,undefined,unused,"未引用（保留索引）"
res/N9m.png,2463,.png,undefined,unused,"未引用（保留索引）"
res/N9q.xml,4428,.xml,undefined,unused,"未引用（保留索引）"
res/NA0.xml,1440,.xml,undefined,unused,"未引用（保留索引）"
res/NA8.png,29673,.png,undefined,unused,"未引用（保留索引）"
res/NAv.9.png,6468,.png,undefined,unused,"未引用（保留索引）"
res/NAw.png,1141,.png,undefined,unused,"未引用（保留索引）"
res/NBM.xml,500,.xml,undefined,unused,"未引用（保留索引）"
res/NBS.xml,3500,.xml,undefined,unused,"未引用（保留索引）"
res/NBZ.webp,12966,.webp,undefined,unused,"未引用（保留索引）"
res/NBt.png,800,.png,undefined,unused,"未引用（保留索引）"
res/NCN.png,14132,.png,undefined,unused,"未引用（保留索引）"
res/NCa.png,752,.png,undefined,unused,"未引用（保留索引）"
res/NCi.png,865,.png,undefined,unused,"未引用（保留索引）"
res/NCk.9.png,1912,.png,undefined,unused,"未引用（保留索引）"
res/NDF.png,112418,.png,undefined,unused,"未引用（保留索引）"
res/NDU.xml,984,.xml,undefined,unused,"未引用（保留索引）"
res/NDV.webp,43514,.webp,undefined,unused,"未引用（保留索引）"
res/NEF.png,51698,.png,undefined,unused,"未引用（保留索引）"
res/NEM.xml,3024,.xml,undefined,unused,"未引用（保留索引）"
res/NEf.xml,536,.xml,undefined,unused,"未引用（保留索引）"
res/NEh.xml,2220,.xml,undefined,unused,"未引用（保留索引）"
res/NEt.webp,276,.webp,undefined,unused,"未引用（保留索引）"
res/NFB.png,2093,.png,undefined,unused,"未引用（保留索引）"
res/NFv.png,27010,.png,undefined,unused,"未引用（保留索引）"
res/NGM.webp,518,.webp,undefined,unused,"未引用（保留索引）"
res/NGn.xml,596,.xml,undefined,unused,"未引用（保留索引）"
res/NHv.png,86670,.png,undefined,unused,"未引用（保留索引）"
res/NIu.xml,464,.xml,undefined,unused,"未引用（保留索引）"
res/NK7.webp,17962,.webp,undefined,unused,"未引用（保留索引）"
res/NKD.xml,2952,.xml,undefined,unused,"未引用（保留索引）"
res/NKH.png,3843,.png,undefined,unused,"未引用（保留索引）"
res/NKj.png,15177,.png,undefined,unused,"未引用（保留索引）"
res/NL8.xml,2872,.xml,undefined,unused,"未引用（保留索引）"
res/NLG.png,2760,.png,undefined,unused,"未引用（保留索引）"
res/NLd.xml,1072,.xml,undefined,unused,"未引用（保留索引）"
res/NLf.png,4627,.png,undefined,unused,"未引用（保留索引）"
res/NLs.webp,12290,.webp,undefined,unused,"未引用（保留索引）"
res/NM8.9.png,228,.png,undefined,unused,"未引用（保留索引）"
res/NNS.png,747,.png,undefined,unused,"未引用（保留索引）"
res/NNS1.png,5360,.png,undefined,unused,"未引用（保留索引）"
res/NOg.xml,468,.xml,undefined,unused,"未引用（保留索引）"
res/NOq.xml,400,.xml,undefined,unused,"未引用（保留索引）"
res/NOy.png,1269,.png,undefined,unused,"未引用（保留索引）"
res/NPJ.9.png,182,.png,undefined,unused,"未引用（保留索引）"
res/NPJ.webp,9634,.webp,undefined,unused,"未引用（保留索引）"
res/NRG.png,571,.png,undefined,unused,"未引用（保留索引）"
res/NRP.xml,988,.xml,undefined,unused,"未引用（保留索引）"
res/NRd.xml,372,.xml,undefined,unused,"未引用（保留索引）"
res/NRp.webp,234,.webp,undefined,unused,"未引用（保留索引）"
res/NSB.xml,1416,.xml,undefined,unused,"未引用（保留索引）"
res/NSF.xml,1256,.xml,undefined,unused,"未引用（保留索引）"
res/NSR.xml,616,.xml,undefined,unused,"未引用（保留索引）"
res/NSl.xml,4596,.xml,undefined,unused,"未引用（保留索引）"
res/NUV.webp,16470,.webp,undefined,unused,"未引用（保留索引）"
res/NUX.xml,792,.xml,undefined,unused,"未引用（保留索引）"
res/NV4.png,388,.png,undefined,unused,"未引用（保留索引）"
res/NW1.png,6932,.png,undefined,unused,"未引用（保留索引）"
res/NWQ.webp,12072,.webp,undefined,unused,"未引用（保留索引）"
res/NWb.webp,111624,.webp,undefined,unused,"未引用（保留索引）"
res/NXZ.xml,396,.xml,undefined,unused,"未引用（保留索引）"
res/NXk.png,17156,.png,undefined,unused,"未引用（保留索引）"
res/NY8.png,838,.png,undefined,unused,"未引用（保留索引）"
res/NYB.xml,612,.xml,undefined,unused,"未引用（保留索引）"
res/NYz.webp,1132,.webp,undefined,unused,"未引用（保留索引）"
res/NZC.png,1116,.png,undefined,unused,"未引用（保留索引）"
res/NZF.xml,4208,.xml,undefined,unused,"未引用（保留索引）"
res/NZS.png,856,.png,undefined,unused,"未引用（保留索引）"
res/NZa.xml,544,.xml,undefined,unused,"未引用（保留索引）"
res/NZc.webp,2650,.webp,undefined,unused,"未引用（保留索引）"
res/NZd.png,1740,.png,undefined,unused,"未引用（保留索引）"
res/N_2.webp,14494,.webp,undefined,unused,"未引用（保留索引）"
res/N_s.png,5878,.png,undefined,unused,"未引用（保留索引）"
res/N_w.png,524,.png,undefined,unused,"未引用（保留索引）"
res/NaY.webp,644,.webp,undefined,unused,"未引用（保留索引）"
res/NbG.xml,468,.xml,undefined,unused,"未引用（保留索引）"
res/Nbr.png,519,.png,undefined,unused,"未引用（保留索引）"
res/NcH.xml,3240,.xml,undefined,unused,"未引用（保留索引）"
res/Nco.webp,932,.webp,undefined,unused,"未引用（保留索引）"
res/Nd8.png,1400,.png,undefined,unused,"未引用（保留索引）"
res/NeZ.xml,444,.xml,undefined,unused,"未引用（保留索引）"
res/Neh.xml,612,.xml,undefined,unused,"未引用（保留索引）"
res/Nex.png,2068,.png,undefined,unused,"未引用（保留索引）"
res/Nf6.png,454,.png,undefined,unused,"未引用（保留索引）"
res/NfG.png,4553,.png,undefined,unused,"未引用（保留索引）"
res/NfP.xml,1580,.xml,undefined,unused,"未引用（保留索引）"
res/NfQ.xml,3452,.xml,undefined,unused,"未引用（保留索引）"
res/NgW.xml,484,.xml,undefined,unused,"未引用（保留索引）"
res/NhR.png,1010,.png,undefined,unused,"未引用（保留索引）"
res/Nhj.png,1280,.png,undefined,unused,"未引用（保留索引）"
res/Nhn.xml,876,.xml,undefined,unused,"未引用（保留索引）"
res/Nhx.png,24687,.png,undefined,unused,"未引用（保留索引）"
res/Nio.png,1874,.png,undefined,unused,"未引用（保留索引）"
res/Niz.png,26040,.png,undefined,unused,"未引用（保留索引）"
res/NjD.xml,1916,.xml,undefined,unused,"未引用（保留索引）"
res/NjL.png,1001,.png,undefined,unused,"未引用（保留索引）"
res/NjN.png,19750,.png,undefined,unused,"未引用（保留索引）"
res/Nj_.png,1280,.png,undefined,unused,"未引用（保留索引）"
res/Nkd.xml,2572,.xml,undefined,unused,"未引用（保留索引）"
res/Nlh.xml,1944,.xml,undefined,unused,"未引用（保留索引）"
res/Nli.png,4539,.png,undefined,unused,"未引用（保留索引）"
res/Nli1.png,551,.png,undefined,unused,"未引用（保留索引）"
res/NmW.webp,3360,.webp,undefined,unused,"未引用（保留索引）"
res/Nmt.xml,4740,.xml,undefined,unused,"未引用（保留索引）"
res/NnD.png,3546,.png,undefined,unused,"未引用（保留索引）"
res/NnQ.png,11028,.png,undefined,unused,"未引用（保留索引）"
res/No-.webp,1550,.webp,undefined,unused,"未引用（保留索引）"
res/No2.xml,3084,.xml,undefined,unused,"未引用（保留索引）"
res/NoC.png,14651,.png,undefined,unused,"未引用（保留索引）"
res/NoO.png,157,.png,undefined,unused,"未引用（保留索引）"
res/NoS.webp,36974,.webp,undefined,unused,"未引用（保留索引）"
res/Npx.png,8107,.png,undefined,unused,"未引用（保留索引）"
res/NqW.xml,2604,.xml,undefined,unused,"未引用（保留索引）"
res/NqZ.xml,2296,.xml,undefined,unused,"未引用（保留索引）"
res/NrC.png,660,.png,undefined,unused,"未引用（保留索引）"
res/NrW.png,3130,.png,undefined,unused,"未引用（保留索引）"
res/Nrm.png,10615,.png,undefined,unused,"未引用（保留索引）"
res/NsQ.xml,2804,.xml,undefined,unused,"未引用（保留索引）"
res/Nsb.png,1229,.png,undefined,unused,"未引用（保留索引）"
res/Nsz.xml,2332,.xml,undefined,unused,"未引用（保留索引）"
res/NtJ.webp,34178,.webp,undefined,unused,"未引用（保留索引）"
res/Nud.png,1266,.png,undefined,unused,"未引用（保留索引）"
res/NwV.xml,4208,.xml,undefined,unused,"未引用（保留索引）"
res/Nx3.xml,1364,.xml,undefined,unused,"未引用（保留索引）"
res/Nxo.png,30136,.png,undefined,unused,"未引用（保留索引）"
res/NyO.xml,1624,.xml,undefined,unused,"未引用（保留索引）"
res/Nyp.png,12780,.png,undefined,unused,"未引用（保留索引）"
res/Nyr.png,157277,.png,undefined,unused,"未引用（保留索引）"
res/Nzz.png,3365,.png,undefined,unused,"未引用（保留索引）"
res/O-L.webp,1606,.webp,undefined,unused,"未引用（保留索引）"
res/O-s.webp,594,.webp,undefined,unused,"未引用（保留索引）"
res/O0Z.xml,6052,.xml,undefined,unused,"未引用（保留索引）"
res/O0k.png,378,.png,undefined,unused,"未引用（保留索引）"
res/O0w.xml,1240,.xml,undefined,unused,"未引用（保留索引）"
res/O19.xml,692,.xml,undefined,unused,"未引用（保留索引）"
res/O1B.xml,488,.xml,undefined,unused,"未引用（保留索引）"
res/O1W.xml,2300,.xml,undefined,unused,"未引用（保留索引）"
res/O1o.webp,12864,.webp,undefined,unused,"未引用（保留索引）"
res/O1u.xml,596,.xml,undefined,unused,"未引用（保留索引）"
res/O2_.xml,2812,.xml,undefined,unused,"未引用（保留索引）"
res/O3U.9.png,223,.png,undefined,unused,"未引用（保留索引）"
res/O42.webp,422,.webp,undefined,unused,"未引用（保留索引）"
res/O4R.png,1412,.png,undefined,unused,"未引用（保留索引）"
res/O4a.xml,520,.xml,undefined,unused,"未引用（保留索引）"
res/O54.webp,1022,.webp,undefined,unused,"未引用（保留索引）"
res/O57.webp,448,.webp,undefined,unused,"未引用（保留索引）"
res/O5F.xml,2616,.xml,undefined,unused,"未引用（保留索引）"
res/O5S.webp,888,.webp,undefined,unused,"未引用（保留索引）"
res/O5a.png,17239,.png,undefined,unused,"未引用（保留索引）"
res/O5r.png,4295,.png,undefined,unused,"未引用（保留索引）"
res/O6I.xml,5620,.xml,undefined,unused,"未引用（保留索引）"
res/O6w.webp,476,.webp,undefined,unused,"未引用（保留索引）"
res/O7H.xml,1264,.xml,undefined,unused,"未引用（保留索引）"
res/O7V.xml,2692,.xml,undefined,unused,"未引用（保留索引）"
res/O7g.png,1282,.png,undefined,unused,"未引用（保留索引）"
res/O7l.webp,536,.webp,undefined,unused,"未引用（保留索引）"
res/O8a.xml,15512,.xml,undefined,unused,"未引用（保留索引）"
res/O8e.xml,564,.xml,undefined,unused,"未引用（保留索引）"
res/O8i.webp,564,.webp,undefined,unused,"未引用（保留索引）"
res/O93.webp,578,.webp,undefined,unused,"未引用（保留索引）"
res/O93.xml,400,.xml,undefined,unused,"未引用（保留索引）"
res/O95.xml,3608,.xml,undefined,unused,"未引用（保留索引）"
res/O9f.png,677,.png,undefined,unused,"未引用（保留索引）"
res/OBJ.webp,790,.webp,undefined,unused,"未引用（保留索引）"
res/OBW.png,409,.png,undefined,unused,"未引用（保留索引）"
res/OBp.png,4751,.png,undefined,unused,"未引用（保留索引）"
res/OCI.xml,2048,.xml,undefined,unused,"未引用（保留索引）"
res/OCP.xml,9272,.xml,undefined,unused,"未引用（保留索引）"
res/ODj.xml,7988,.xml,undefined,unused,"未引用（保留索引）"
res/OEP.xml,488,.xml,undefined,unused,"未引用（保留索引）"
res/OEY.webp,29210,.webp,undefined,unused,"未引用（保留索引）"
res/OEt.webp,124,.webp,undefined,unused,"未引用（保留索引）"
res/OEz.png,592,.png,undefined,unused,"未引用（保留索引）"
res/OF1.webp,17706,.webp,undefined,unused,"未引用（保留索引）"
res/OGQ.xml,704,.xml,undefined,unused,"未引用（保留索引）"
res/OGU.xml,704,.xml,undefined,unused,"未引用（保留索引）"
res/OGW.xml,704,.xml,undefined,unused,"未引用（保留索引）"
res/OGe.png,25145,.png,undefined,unused,"未引用（保留索引）"
res/OGl.webp,370,.webp,undefined,unused,"未引用（保留索引）"
res/OGm.xml,2448,.xml,undefined,unused,"未引用（保留索引）"
res/OH3.xml,464,.xml,undefined,unused,"未引用（保留索引）"
res/OHg.xml,2152,.xml,undefined,unused,"未引用（保留索引）"
res/OJ6.webp,5282,.webp,undefined,unused,"未引用（保留索引）"
res/OJE.png,591,.png,undefined,unused,"未引用（保留索引）"
res/OK3.xml,372,.xml,undefined,unused,"未引用（保留索引）"
res/OKD.xml,2028,.xml,undefined,unused,"未引用（保留索引）"
res/OKK.xml,1700,.xml,undefined,unused,"未引用（保留索引）"
res/OKk.png,3945,.png,undefined,unused,"未引用（保留索引）"
res/OLV.webp,4754,.webp,undefined,unused,"未引用（保留索引）"
res/OL_.png,2033,.png,undefined,unused,"未引用（保留索引）"
res/OLk.webp,14426,.webp,undefined,unused,"未引用（保留索引）"
res/OLu.xml,4672,.xml,undefined,unused,"未引用（保留索引）"
res/OM1.png,926,.png,undefined,unused,"未引用（保留索引）"
res/OMz.webp,5462,.webp,undefined,unused,"未引用（保留索引）"
res/ON-.png,7342,.png,undefined,unused,"未引用（保留索引）"
res/ONV.webp,128,.webp,undefined,unused,"未引用（保留索引）"
res/OOW.png,5625,.png,undefined,unused,"未引用（保留索引）"
res/OPZ.xml,1360,.xml,undefined,unused,"未引用（保留索引）"
res/OPb.xml,1896,.xml,undefined,unused,"未引用（保留索引）"
res/OPy.png,21646,.png,undefined,unused,"未引用（保留索引）"
res/OQb.webp,760,.webp,undefined,unused,"未引用（保留索引）"
res/ORi.png,11206,.png,undefined,unused,"未引用（保留索引）"
res/OSb.png,95508,.png,undefined,unused,"未引用（保留索引）"
res/OTF.webp,3506,.webp,undefined,unused,"未引用（保留索引）"
res/OTM.png,633,.png,undefined,unused,"未引用（保留索引）"
res/OT_.xml,3092,.xml,undefined,unused,"未引用（保留索引）"
res/OTf.png,276,.png,undefined,unused,"未引用（保留索引）"
res/OTm.png,2795,.png,undefined,unused,"未引用（保留索引）"
res/OU5.png,1312,.png,undefined,unused,"未引用（保留索引）"
res/OUe.png,1473,.png,undefined,unused,"未引用（保留索引）"
res/OV8.webp,13334,.webp,undefined,unused,"未引用（保留索引）"
res/OVu.png,6992,.png,undefined,unused,"未引用（保留索引）"
res/OW-.xml,704,.xml,undefined,unused,"未引用（保留索引）"
res/OWi.png,192,.png,undefined,unused,"未引用（保留索引）"
res/OXN.xml,2516,.xml,undefined,unused,"未引用（保留索引）"
res/OXq.xml,1000,.xml,undefined,unused,"未引用（保留索引）"
res/OYK.webp,12156,.webp,undefined,unused,"未引用（保留索引）"
res/OZH.png,448,.png,undefined,unused,"未引用（保留索引）"
res/OZw.xml,2436,.xml,undefined,unused,"未引用（保留索引）"
res/OZz.png,5342,.png,undefined,unused,"未引用（保留索引）"
res/OZz.xml,11440,.xml,undefined,unused,"未引用（保留索引）"
res/O_0.png,939,.png,undefined,unused,"未引用（保留索引）"
res/O_Q.xml,2884,.xml,undefined,unused,"未引用（保留索引）"
res/O_R.xml,468,.xml,undefined,unused,"未引用（保留索引）"
res/O_W.png,229,.png,undefined,unused,"未引用（保留索引）"
res/O_h.webp,578,.webp,undefined,unused,"未引用（保留索引）"
res/OaP.png,244,.png,undefined,unused,"未引用（保留索引）"
res/Ob0.webp,23090,.webp,undefined,unused,"未引用（保留索引）"
res/Obd.xml,1712,.xml,undefined,unused,"未引用（保留索引）"
res/OcE.png,769582,.png,undefined,unused,"未引用（保留索引）"
res/Oca.xml,3100,.xml,undefined,unused,"未引用（保留索引）"
res/OdO.xml,724,.xml,undefined,unused,"未引用（保留索引）"
res/Oem.png,7284,.png,undefined,unused,"未引用（保留索引）"
res/Oev.png,20121,.png,undefined,unused,"未引用（保留索引）"
res/OfG.xml,624,.xml,undefined,unused,"未引用（保留索引）"
res/OfL.9.png,258,.png,undefined,unused,"未引用（保留索引）"
res/OfM.xml,124,.xml,undefined,unused,"未引用（保留索引）"
res/OfX.webp,342,.webp,undefined,unused,"未引用（保留索引）"
res/Ofs.9.png,272,.png,undefined,unused,"未引用（保留索引）"
res/Og9.xml,484,.xml,undefined,unused,"未引用（保留索引）"
res/OgR.xml,576,.xml,undefined,unused,"未引用（保留索引）"
res/Oh2.xml,600,.xml,undefined,unused,"未引用（保留索引）"
res/Oh4.9.png,774,.png,undefined,unused,"未引用（保留索引）"
res/OhC.webp,66910,.webp,undefined,unused,"未引用（保留索引）"
res/OhD.png,1567,.png,undefined,unused,"未引用（保留索引）"
res/OhE.png,38314,.png,undefined,unused,"未引用（保留索引）"
res/Oi2.xml,624,.xml,undefined,unused,"未引用（保留索引）"
res/Oi6.png,3619,.png,undefined,unused,"未引用（保留索引）"
res/OiN.otf,27756,.otf,undefined,unused,"未引用（保留索引）"
res/Oiu.png,250,.png,undefined,unused,"未引用（保留索引）"
res/Ojf.png,2185,.png,undefined,unused,"未引用（保留索引）"
res/Oji.xml,704,.xml,undefined,unused,"未引用（保留索引）"
res/Okd.png,2498,.png,undefined,unused,"未引用（保留索引）"
res/Oli.xml,3944,.xml,undefined,unused,"未引用（保留索引）"
res/Olu.png,28309,.png,undefined,unused,"未引用（保留索引）"
res/OmD.xml,1876,.xml,undefined,unused,"未引用（保留索引）"
res/OmQ.png,297,.png,undefined,unused,"未引用（保留索引）"
res/OnU.png,1475,.png,undefined,unused,"未引用（保留索引）"
res/OnZ.webp,316,.webp,undefined,unused,"未引用（保留索引）"
res/Onn.png,3842,.png,undefined,unused,"未引用（保留索引）"
res/Onp.webp,398,.webp,undefined,unused,"未引用（保留索引）"
res/Ons.xml,2440,.xml,undefined,unused,"未引用（保留索引）"
res/Onv.xml,4320,.xml,undefined,unused,"未引用（保留索引）"
res/Oos.png,5106,.png,undefined,unused,"未引用（保留索引）"
res/Oox.xml,724,.xml,undefined,unused,"未引用（保留索引）"
res/Ope.png,4294,.png,undefined,unused,"未引用（保留索引）"
res/OqD.xml,5568,.xml,undefined,unused,"未引用（保留索引）"
res/OqM.png,1665,.png,undefined,unused,"未引用（保留索引）"
res/OqN.xml,464,.xml,undefined,unused,"未引用（保留索引）"
res/Oqu.png,112,.png,undefined,unused,"未引用（保留索引）"
res/OrP.png,1023,.png,undefined,unused,"未引用（保留索引）"
res/Ore.png,6009,.png,undefined,unused,"未引用（保留索引）"
res/Orq.xml,760,.xml,undefined,unused,"未引用（保留索引）"
res/Os7.png,1716,.png,undefined,unused,"未引用（保留索引）"
res/Osb.xml,3400,.xml,undefined,unused,"未引用（保留索引）"
res/Ot9.xml,5552,.xml,undefined,unused,"未引用（保留索引）"
res/Otv.xml,13760,.xml,undefined,unused,"未引用（保留索引）"
res/Otx.png,138,.png,undefined,unused,"未引用（保留索引）"
res/OuU.png,3544,.png,undefined,unused,"未引用（保留索引）"
res/OuX.png,422,.png,undefined,unused,"未引用（保留索引）"
res/Ouc.png,9214,.png,undefined,unused,"未引用（保留索引）"
res/OvQ.xml,828,.xml,undefined,unused,"未引用（保留索引）"
res/Ovk.png,31273,.png,undefined,unused,"未引用（保留索引）"
res/OwX.xml,608,.xml,undefined,unused,"未引用（保留索引）"
res/Owo.xml,1028,.xml,undefined,unused,"未引用（保留索引）"
res/Owz.xml,468,.xml,undefined,unused,"未引用（保留索引）"
res/Oxv.xml,608,.xml,undefined,unused,"未引用（保留索引）"
res/Oy6.xml,1940,.xml,undefined,unused,"未引用（保留索引）"
res/Oyi.webp,8490,.webp,undefined,unused,"未引用（保留索引）"
res/Oz8.png,3678,.png,undefined,unused,"未引用（保留索引）"
res/OzV.png,66763,.png,undefined,unused,"未引用（保留索引）"
res/OzZ.png,704,.png,undefined,unused,"未引用（保留索引）"
res/Ozk.xml,1920,.xml,undefined,unused,"未引用（保留索引）"
res/P0-.png,67,.png,undefined,unused,"未引用（保留索引）"
res/P0Y.xml,2968,.xml,undefined,unused,"未引用（保留索引）"
res/P16.xml,1308,.xml,undefined,unused,"未引用（保留索引）"
res/P1A.png,447,.png,undefined,unused,"未引用（保留索引）"
res/P1j.png,16075,.png,undefined,unused,"未引用（保留索引）"
res/P2B.png,7400,.png,undefined,unused,"未引用（保留索引）"
res/P39.png,894,.png,undefined,unused,"未引用（保留索引）"
res/P5a.webp,3152,.webp,undefined,unused,"未引用（保留索引）"
res/P5e.png,444,.png,undefined,unused,"未引用（保留索引）"
res/P5j.xml,928,.xml,undefined,unused,"未引用（保留索引）"
res/P69.xml,1560,.xml,undefined,unused,"未引用（保留索引）"
res/P6C.png,814,.png,undefined,unused,"未引用（保留索引）"
res/P6U.png,18292,.png,undefined,unused,"未引用（保留索引）"
res/P6g.xml,13536,.xml,undefined,unused,"未引用（保留索引）"
res/P6i.xml,7588,.xml,undefined,unused,"未引用（保留索引）"
res/P7L.xml,8844,.xml,undefined,unused,"未引用（保留索引）"
res/P7X.webp,11236,.webp,undefined,unused,"未引用（保留索引）"
res/P7a.png,3374,.png,undefined,unused,"未引用（保留索引）"
res/P8w.webp,2382,.webp,undefined,unused,"未引用（保留索引）"
res/P91.png,4198,.png,undefined,unused,"未引用（保留索引）"
res/P9O.png,510,.png,undefined,unused,"未引用（保留索引）"
res/P9m.xml,876,.xml,undefined,unused,"未引用（保留索引）"
res/P9v.webp,4508,.webp,undefined,unused,"未引用（保留索引）"
res/PA6.xml,484,.xml,undefined,unused,"未引用（保留索引）"
res/PA9.webp,2036,.webp,undefined,unused,"未引用（保留索引）"
res/PBB.xml,876,.xml,undefined,unused,"未引用（保留索引）"
res/PBj.xml,1488,.xml,undefined,unused,"未引用（保留索引）"
res/PC7.webp,1800,.webp,undefined,unused,"未引用（保留索引）"
res/PCl.png,66525,.png,undefined,unused,"未引用（保留索引）"
res/PCr.xml,1508,.xml,undefined,unused,"未引用（保留索引）"
res/PD4.png,2542,.png,undefined,unused,"未引用（保留索引）"
res/PDI.xml,1468,.xml,undefined,unused,"未引用（保留索引）"
res/PD_.xml,292,.xml,undefined,unused,"未引用（保留索引）"
res/PDw.webp,1336,.webp,undefined,unused,"未引用（保留索引）"
res/PE8.png,11091,.png,undefined,unused,"未引用（保留索引）"
res/PEL.png,1937,.png,undefined,unused,"未引用（保留索引）"
res/PEQ.png,638,.png,undefined,unused,"未引用（保留索引）"
res/PEV.png,12467,.png,undefined,unused,"未引用（保留索引）"
res/PEg.xml,9496,.xml,undefined,unused,"未引用（保留索引）"
res/PF-.webp,1202,.webp,undefined,unused,"未引用（保留索引）"
res/PF-.xml,1128,.xml,undefined,unused,"未引用（保留索引）"
res/PF7.xml,10404,.xml,undefined,unused,"未引用（保留索引）"
res/PFV.xml,648,.xml,undefined,unused,"未引用（保留索引）"
res/PGC.xml,3364,.xml,undefined,unused,"未引用（保留索引）"
res/PGa.png,847613,.png,undefined,unused,"未引用（保留索引）"
res/PHJ.png,5713,.png,undefined,unused,"未引用（保留索引）"
res/PHb.xml,840,.xml,undefined,unused,"未引用（保留索引）"
res/PIQ.xml,2440,.xml,undefined,unused,"未引用（保留索引）"
res/PJQ.png,30241,.png,undefined,unused,"未引用（保留索引）"
res/PJa.xml,6340,.xml,undefined,unused,"未引用（保留索引）"
res/PKj.webp,1584,.webp,undefined,unused,"未引用（保留索引）"
res/PKj.xml,3780,.xml,undefined,unused,"未引用（保留索引）"
res/PLu.webp,694,.webp,undefined,unused,"未引用（保留索引）"
res/PMD.png,2603,.png,undefined,unused,"未引用（保留索引）"
res/PMt.xml,5704,.xml,undefined,unused,"未引用（保留索引）"
res/PMz.xml,1168,.xml,undefined,unused,"未引用（保留索引）"
res/PN3.xml,2548,.xml,undefined,unused,"未引用（保留索引）"
res/PNh.png,5869,.png,undefined,unused,"未引用（保留索引）"
res/PNi.xml,1420,.xml,undefined,unused,"未引用（保留索引）"
res/PNk.png,1092,.png,undefined,unused,"未引用（保留索引）"
res/PNm.xml,2624,.xml,undefined,unused,"未引用（保留索引）"
res/PO7.png,627,.png,undefined,unused,"未引用（保留索引）"
res/POK.xml,464,.xml,undefined,unused,"未引用（保留索引）"
res/POa.png,67,.png,undefined,unused,"未引用（保留索引）"
res/PPH.png,396,.png,undefined,unused,"未引用（保留索引）"
res/PPW.png,46842,.png,undefined,unused,"未引用（保留索引）"
res/PPq.webp,1076,.webp,undefined,unused,"未引用（保留索引）"
res/PPw.xml,616,.xml,undefined,unused,"未引用（保留索引）"
res/PPx.xml,536,.xml,undefined,unused,"未引用（保留索引）"
res/PQ1.xml,704,.xml,undefined,unused,"未引用（保留索引）"
res/PQ3.xml,448,.xml,undefined,unused,"未引用（保留索引）"
res/PQq.xml,448,.xml,undefined,unused,"未引用（保留索引）"
res/PQs.png,651,.png,undefined,unused,"未引用（保留索引）"
res/PQs.xml,704,.xml,undefined,unused,"未引用（保留索引）"
res/PQv.xml,704,.xml,undefined,unused,"未引用（保留索引）"
res/PRb.png,40324,.png,undefined,unused,"未引用（保留索引）"
res/PSf.xml,1548,.xml,undefined,unused,"未引用（保留索引）"
res/PSo.png,1743,.png,undefined,unused,"未引用（保留索引）"
res/PT8.png,8339,.png,undefined,unused,"未引用（保留索引）"
res/PTy.xml,576,.xml,undefined,unused,"未引用（保留索引）"
res/PUE.webp,678,.webp,undefined,unused,"未引用（保留索引）"
res/PUU.xml,2652,.xml,undefined,unused,"未引用（保留索引）"
res/PUt.png,496,.png,undefined,unused,"未引用（保留索引）"
res/PUt.xml,536,.xml,undefined,unused,"未引用（保留索引）"
res/PV2.xml,3656,.xml,undefined,unused,"未引用（保留索引）"
res/PV7.xml,2976,.xml,undefined,unused,"未引用（保留索引）"
res/PVZ.png,3575,.png,undefined,unused,"未引用（保留索引）"
res/PW1.xml,5508,.xml,undefined,unused,"未引用（保留索引）"
res/PW2.xml,484,.xml,undefined,unused,"未引用（保留索引）"
res/PWV.webp,8698,.webp,undefined,unused,"未引用（保留索引）"
res/PWm.png,4051,.png,undefined,unused,"未引用（保留索引）"
res/PWs.png,16590,.png,undefined,unused,"未引用（保留索引）"
res/PWv.webp,51016,.webp,undefined,unused,"未引用（保留索引）"
res/PXC.png,2390,.png,undefined,unused,"未引用（保留索引）"
res/PXH.png,632,.png,undefined,unused,"未引用（保留索引）"
res/PXb.png,20467,.png,undefined,unused,"未引用（保留索引）"
res/PYV.xml,1104,.xml,undefined,unused,"未引用（保留索引）"
res/PYr.xml,2524,.xml,undefined,unused,"未引用（保留索引）"
res/PZM.xml,396,.xml,undefined,unused,"未引用（保留索引）"
res/PZk.webp,59992,.webp,undefined,unused,"未引用（保留索引）"
res/P_5.png,55398,.png,undefined,unused,"未引用（保留索引）"
res/P_R.png,10283,.png,undefined,unused,"未引用（保留索引）"
res/P_T.png,5127,.png,undefined,unused,"未引用（保留索引）"
res/P_T.webp,308,.webp,undefined,unused,"未引用（保留索引）"
res/P_p.xml,860,.xml,undefined,unused,"未引用（保留索引）"
res/P_r.xml,1056,.xml,undefined,unused,"未引用（保留索引）"
res/Pa9.png,27823,.png,undefined,unused,"未引用（保留索引）"
res/PaF.webp,34894,.webp,undefined,unused,"未引用（保留索引）"
res/PaG.png,6841,.png,undefined,unused,"未引用（保留索引）"
res/PaR.png,777,.png,undefined,unused,"未引用（保留索引）"
res/PbS.webp,52732,.webp,undefined,unused,"未引用（保留索引）"
res/Pbb.png,2867,.png,undefined,unused,"未引用（保留索引）"
res/Pbc.xml,372,.xml,undefined,unused,"未引用（保留索引）"
res/Pc-.xml,2920,.xml,undefined,unused,"未引用（保留索引）"
res/Pd2.png,5311,.png,undefined,unused,"未引用（保留索引）"
res/Pd3.xml,516,.xml,undefined,unused,"未引用（保留索引）"
res/Pd6.png,8191,.png,undefined,unused,"未引用（保留索引）"
res/Pde.xml,8608,.xml,undefined,unused,"未引用（保留索引）"
res/Pdf.png,271,.png,undefined,unused,"未引用（保留索引）"
res/Pdn.png,1189,.png,undefined,unused,"未引用（保留索引）"
res/PeG.webp,710,.webp,undefined,unused,"未引用（保留索引）"
res/PgB.png,1762,.png,undefined,unused,"未引用（保留索引）"
res/Ph0.png,4774,.png,undefined,unused,"未引用（保留索引）"
res/PiQ.webp,71452,.webp,undefined,unused,"未引用（保留索引）"
res/PiT.9.png,2816,.png,undefined,unused,"未引用（保留索引）"
res/Pk-.xml,1336,.xml,undefined,unused,"未引用（保留索引）"
res/Pk_.xml,3636,.xml,undefined,unused,"未引用（保留索引）"
res/PlS.png,298,.png,undefined,unused,"未引用（保留索引）"
res/PlT.png,1425,.png,undefined,unused,"未引用（保留索引）"
res/Plb.xml,448,.xml,undefined,unused,"未引用（保留索引）"
res/Plq.png,430,.png,undefined,unused,"未引用（保留索引）"
res/Pm3.png,11830,.png,undefined,unused,"未引用（保留索引）"
res/Pm9.png,4206,.png,undefined,unused,"未引用（保留索引）"
res/PmE.xml,628,.xml,undefined,unused,"未引用（保留索引）"
res/PmN.png,5714,.png,undefined,unused,"未引用（保留索引）"
res/Pn6.xml,688,.xml,undefined,unused,"未引用（保留索引）"
res/PnV.png,322,.png,undefined,unused,"未引用（保留索引）"
res/Pn_.xml,6280,.xml,undefined,unused,"未引用（保留索引）"
res/PoS.xml,9052,.xml,undefined,unused,"未引用（保留索引）"
res/PoU.png,6829,.png,undefined,unused,"未引用（保留索引）"
res/Pps.png,3732,.png,undefined,unused,"未引用（保留索引）"
res/Pq-.9.png,215,.png,undefined,unused,"未引用（保留索引）"
res/PqB.xml,1820,.xml,undefined,unused,"未引用（保留索引）"
res/Pqt.xml,1924,.xml,undefined,unused,"未引用（保留索引）"
res/Pqt1.xml,2588,.xml,undefined,unused,"未引用（保留索引）"
res/Pr3.png,490,.png,undefined,unused,"未引用（保留索引）"
res/Pr4.webp,24084,.webp,undefined,unused,"未引用（保留索引）"
res/PrX.png,5327,.png,undefined,unused,"未引用（保留索引）"
res/PsG.xml,1736,.xml,undefined,unused,"未引用（保留索引）"
res/Psq.xml,1360,.xml,undefined,unused,"未引用（保留索引）"
res/Ptc.png,946,.png,undefined,unused,"未引用（保留索引）"
res/Puf.png,442,.png,undefined,unused,"未引用（保留索引）"
res/Puh.xml,2816,.xml,undefined,unused,"未引用（保留索引）"
res/Puq.webp,1024,.webp,undefined,unused,"未引用（保留索引）"
res/Pv6.png,907,.png,undefined,unused,"未引用（保留索引）"
res/PvL.png,3159,.png,undefined,unused,"未引用（保留索引）"
res/Pvd.xml,1972,.xml,undefined,unused,"未引用（保留索引）"
res/Pwp.xml,4400,.xml,undefined,unused,"未引用（保留索引）"
res/Pxt.xml,864,.xml,undefined,unused,"未引用（保留索引）"
res/PyF.webp,1630,.webp,undefined,unused,"未引用（保留索引）"
res/PyZ.webp,18488,.webp,undefined,unused,"未引用（保留索引）"
res/Pyi.xml,1540,.xml,undefined,unused,"未引用（保留索引）"
res/Pyr.xml,2240,.xml,undefined,unused,"未引用（保留索引）"
res/Pyt.xml,8328,.xml,undefined,unused,"未引用（保留索引）"
res/Pz7.png,569,.png,undefined,unused,"未引用（保留索引）"
res/Q-0.webp,93922,.webp,undefined,unused,"未引用（保留索引）"
res/Q-D.xml,1240,.xml,undefined,unused,"未引用（保留索引）"
res/Q-q.png,9707,.png,undefined,unused,"未引用（保留索引）"
res/Q0c.png,3055,.png,undefined,unused,"未引用（保留索引）"
res/Q0d.xml,1048,.xml,undefined,unused,"未引用（保留索引）"
res/Q0p.xml,464,.xml,undefined,unused,"未引用（保留索引）"
res/Q14.9.png,2834,.png,undefined,unused,"未引用（保留索引）"
res/Q19.png,8523,.png,undefined,unused,"未引用（保留索引）"
res/Q1g.9.png,211,.png,undefined,unused,"未引用（保留索引）"
res/Q2u.xml,848,.xml,undefined,unused,"未引用（保留索引）"
res/Q3Q.webp,12414,.webp,undefined,unused,"未引用（保留索引）"
res/Q3c.xml,484,.xml,undefined,unused,"未引用（保留索引）"
res/Q3v.webp,13208,.webp,undefined,unused,"未引用（保留索引）"
res/Q46.png,2551,.png,undefined,unused,"未引用（保留索引）"
res/Q4G.xml,448,.xml,undefined,unused,"未引用（保留索引）"
res/Q4Y.xml,2608,.xml,undefined,unused,"未引用（保留索引）"
res/Q4c.xml,1016,.xml,undefined,unused,"未引用（保留索引）"
res/Q4c1.xml,628,.xml,undefined,unused,"未引用（保留索引）"
res/Q4u.png,67,.png,undefined,unused,"未引用（保留索引）"
res/Q58.xml,600,.xml,undefined,unused,"未引用（保留索引）"
res/Q5D.xml,1424,.xml,undefined,unused,"未引用（保留索引）"
res/Q6V.webp,2388,.webp,undefined,unused,"未引用（保留索引）"
res/Q6s.webp,13116,.webp,undefined,unused,"未引用（保留索引）"
res/Q76.png,1556,.png,undefined,unused,"未引用（保留索引）"
res/Q7r.png,1197,.png,undefined,unused,"未引用（保留索引）"
res/Q8P.png,4436,.png,undefined,unused,"未引用（保留索引）"
res/Q8V.xml,464,.xml,undefined,unused,"未引用（保留索引）"
res/Q8a.png,9483,.png,undefined,unused,"未引用（保留索引）"
res/Q8a.xml,2684,.xml,undefined,unused,"未引用（保留索引）"
res/Q8l.png,4421,.png,undefined,unused,"未引用（保留索引）"
res/Q9L.png,323,.png,undefined,unused,"未引用（保留索引）"
res/Q9X.webp,20070,.webp,undefined,unused,"未引用（保留索引）"
res/QB2.webp,12956,.webp,undefined,unused,"未引用（保留索引）"
res/QCZ.xml,7332,.xml,undefined,unused,"未引用（保留索引）"
res/QCg.xml,12488,.xml,undefined,unused,"未引用（保留索引）"
res/QDB.png,17553,.png,undefined,unused,"未引用（保留索引）"
res/QDW.9.png,202,.png,undefined,unused,"未引用（保留索引）"
res/QDZ.xml,576,.xml,undefined,unused,"未引用（保留索引）"
res/QEB.xml,7144,.xml,undefined,unused,"未引用（保留索引）"
res/QEW.png,2775,.png,undefined,unused,"未引用（保留索引）"
res/QEa.png,3199,.png,undefined,unused,"未引用（保留索引）"
res/QEb.xml,564,.xml,undefined,unused,"未引用（保留索引）"
res/QFL.webp,65552,.webp,undefined,unused,"未引用（保留索引）"
res/QFW.png,11051,.png,undefined,unused,"未引用（保留索引）"
res/QFb.png,8083,.png,undefined,unused,"未引用（保留索引）"
res/QFc.png,88460,.png,undefined,unused,"未引用（保留索引）"
res/QGV.png,1930,.png,undefined,unused,"未引用（保留索引）"
res/QGw.xml,2188,.xml,undefined,unused,"未引用（保留索引）"
res/QJ1.png,1039,.png,undefined,unused,"未引用（保留索引）"
res/QKY.png,4848,.png,undefined,unused,"未引用（保留索引）"
res/QKg.xml,20760,.xml,undefined,unused,"未引用（保留索引）"
res/QKm.png,55001,.png,undefined,unused,"未引用（保留索引）"
res/QLM.webp,4896,.webp,undefined,unused,"未引用（保留索引）"
res/QLN.xml,448,.xml,undefined,unused,"未引用（保留索引）"
res/QLy.webp,414,.webp,undefined,unused,"未引用（保留索引）"
res/QMR.png,377,.png,undefined,unused,"未引用（保留索引）"
res/QMy.png,22490,.png,undefined,unused,"未引用（保留索引）"
res/QN-.png,525,.png,undefined,unused,"未引用（保留索引）"
res/QNL.xml,3300,.xml,undefined,unused,"未引用（保留索引）"
res/QNf.png,509,.png,undefined,unused,"未引用（保留索引）"
res/QOF.xml,756,.xml,undefined,unused,"未引用（保留索引）"
res/QOf.webp,2944,.webp,undefined,unused,"未引用（保留索引）"
res/QOr.webp,1690,.webp,undefined,unused,"未引用（保留索引）"
res/QOv.xml,4008,.xml,undefined,unused,"未引用（保留索引）"
res/QPp.png,2788,.png,undefined,unused,"未引用（保留索引）"
res/QPv.ttf,212840,.ttf,undefined,unused,"未引用（保留索引）"
res/QQY.png,6517,.png,undefined,unused,"未引用（保留索引）"
res/QRD.webp,18760,.webp,undefined,unused,"未引用（保留索引）"
res/QRo.xml,384,.xml,undefined,unused,"未引用（保留索引）"
res/QT6.png,7478,.png,undefined,unused,"未引用（保留索引）"
res/QT_.png,17572,.png,undefined,unused,"未引用（保留索引）"
res/QUB.png,257,.png,undefined,unused,"未引用（保留索引）"
res/QUE.png,6474,.png,undefined,unused,"未引用（保留索引）"
res/QUI.png,611,.png,undefined,unused,"未引用（保留索引）"
res/QUh.png,266,.png,undefined,unused,"未引用（保留索引）"
res/QUn.webp,290,.webp,undefined,unused,"未引用（保留索引）"
res/QVN.xml,37128,.xml,undefined,unused,"未引用（保留索引）"
res/QVT.png,44782,.png,undefined,unused,"未引用（保留索引）"
res/QWJ.png,204,.png,undefined,unused,"未引用（保留索引）"
res/QWN.xml,2904,.xml,undefined,unused,"未引用（保留索引）"
res/QWb.png,6121,.png,undefined,unused,"未引用（保留索引）"
res/QXF.xml,6948,.xml,undefined,unused,"未引用（保留索引）"
res/QXb.xml,648,.xml,undefined,unused,"未引用（保留索引）"
res/QY4.png,67,.png,undefined,unused,"未引用（保留索引）"
res/QY8.webp,3312,.webp,undefined,unused,"未引用（保留索引）"
res/QYO.xml,4232,.xml,undefined,unused,"未引用（保留索引）"
res/QYa.webp,644,.webp,undefined,unused,"未引用（保留索引）"
res/QZG.webp,1476,.webp,undefined,unused,"未引用（保留索引）"
res/QZR.png,3078,.png,undefined,unused,"未引用（保留索引）"
res/QZZ.xml,2148,.xml,undefined,unused,"未引用（保留索引）"
res/QZm.webp,2168,.webp,undefined,unused,"未引用（保留索引）"
res/Q_B.xml,4476,.xml,undefined,unused,"未引用（保留索引）"
res/Q_X.xml,600,.xml,undefined,unused,"未引用（保留索引）"
res/Q_n.xml,5224,.xml,undefined,unused,"未引用（保留索引）"
res/Q_u.png,511,.png,undefined,unused,"未引用（保留索引）"
res/Qa-.png,543,.png,undefined,unused,"未引用（保留索引）"
res/Qa8.xml,1704,.xml,undefined,unused,"未引用（保留索引）"
res/Qap.xml,7024,.xml,undefined,unused,"未引用（保留索引）"
res/QbE.png,1284,.png,undefined,unused,"未引用（保留索引）"
res/Qbo.xml,1000,.xml,undefined,unused,"未引用（保留索引）"
res/QcG.xml,1884,.xml,undefined,unused,"未引用（保留索引）"
res/QcZ.webp,10642,.webp,undefined,unused,"未引用（保留索引）"
res/Qca.png,291,.png,undefined,unused,"未引用（保留索引）"
res/Qcd.xml,1400,.xml,undefined,unused,"未引用（保留索引）"
res/Qcw.xml,2548,.xml,undefined,unused,"未引用（保留索引）"
res/QdU.webp,40518,.webp,undefined,unused,"未引用（保留索引）"
res/Qe8.webp,18632,.webp,undefined,unused,"未引用（保留索引）"
res/Qf5.xml,668,.xml,undefined,unused,"未引用（保留索引）"
res/QfG.png,4707,.png,undefined,unused,"未引用（保留索引）"
res/Qg5.png,893,.png,undefined,unused,"未引用（保留索引）"
res/QgG.png,9631,.png,undefined,unused,"未引用（保留索引）"
res/QgJ.webp,3344,.webp,undefined,unused,"未引用（保留索引）"
res/QgS.png,8997,.png,undefined,unused,"未引用（保留索引）"
res/QgT.png,8939,.png,undefined,unused,"未引用（保留索引）"
res/Qha.png,3389,.png,undefined,unused,"未引用（保留索引）"
res/Qhb.png,4034,.png,undefined,unused,"未引用（保留索引）"
res/QiC.webp,9314,.webp,undefined,unused,"未引用（保留索引）"
res/QjG.png,423,.png,undefined,unused,"未引用（保留索引）"
res/QjP.webp,8952,.webp,undefined,unused,"未引用（保留索引）"
res/Qje.9.png,404,.png,undefined,unused,"未引用（保留索引）"
res/Qjy.xml,592,.xml,undefined,unused,"未引用（保留索引）"
res/QkJ.xml,660,.xml,undefined,unused,"未引用（保留索引）"
res/Qkg.xml,1392,.xml,undefined,unused,"未引用（保留索引）"
res/Qkt.png,494,.png,undefined,unused,"未引用（保留索引）"
res/Ql0.xml,1092,.xml,undefined,unused,"未引用（保留索引）"
res/Ql6.webp,3832,.webp,undefined,unused,"未引用（保留索引）"
res/Qle.png,1242,.png,undefined,unused,"未引用（保留索引）"
res/QmF.xml,4556,.xml,undefined,unused,"未引用（保留索引）"
res/QmG.png,7109,.png,undefined,unused,"未引用（保留索引）"
res/Qmw.xml,564,.xml,undefined,unused,"未引用（保留索引）"
res/QnI.png,944,.png,undefined,unused,"未引用（保留索引）"
res/QnU.xml,504,.xml,undefined,unused,"未引用（保留索引）"
res/Qng.xml,1984,.xml,undefined,unused,"未引用（保留索引）"
res/QpI.png,3207,.png,undefined,unused,"未引用（保留索引）"
res/Qpa.png,723,.png,undefined,unused,"未引用（保留索引）"
res/Qpy.png,186,.png,undefined,unused,"未引用（保留索引）"
res/Qq2.webp,20662,.webp,undefined,unused,"未引用（保留索引）"
res/Qq4.xml,6552,.xml,undefined,unused,"未引用（保留索引）"
res/Qrs.png,168435,.png,undefined,unused,"未引用（保留索引）"
res/QsA.png,22139,.png,undefined,unused,"未引用（保留索引）"
res/QsS.xml,3216,.xml,undefined,unused,"未引用（保留索引）"
res/Qsf.png,958,.png,undefined,unused,"未引用（保留索引）"
res/Qt3.png,1564,.png,undefined,unused,"未引用（保留索引）"
res/QuC.png,10336,.png,undefined,unused,"未引用（保留索引）"
res/Qun.png,67,.png,undefined,unused,"未引用（保留索引）"
res/Qus.png,181,.png,undefined,unused,"未引用（保留索引）"
res/Qvx.png,98,.png,undefined,unused,"未引用（保留索引）"
res/QwD.png,46000,.png,undefined,unused,"未引用（保留索引）"
res/QwG.xml,756,.xml,undefined,unused,"未引用（保留索引）"
res/QwY.png,42654,.png,undefined,unused,"未引用（保留索引）"
res/Qwa.png,12354,.png,undefined,unused,"未引用（保留索引）"
res/Qwd.png,27297,.png,undefined,unused,"未引用（保留索引）"
res/Qwe.png,34153,.png,undefined,unused,"未引用（保留索引）"
res/Qwf.png,37589,.png,undefined,unused,"未引用（保留索引）"
res/QxI.png,3007,.png,undefined,unused,"未引用（保留索引）"
res/Qxb.xml,1944,.xml,undefined,unused,"未引用（保留索引）"
res/Qyx.png,1372,.png,undefined,unused,"未引用（保留索引）"
res/QzN.xml,2612,.xml,undefined,unused,"未引用（保留索引）"
res/Qzf.png,2629,.png,undefined,unused,"未引用（保留索引）"
res/R-8.png,10602,.png,undefined,unused,"未引用（保留索引）"
res/R-k.png,58417,.png,undefined,unused,"未引用（保留索引）"
res/R16.xml,616,.xml,undefined,unused,"未引用（保留索引）"
res/R2g.xml,312,.xml,undefined,unused,"未引用（保留索引）"
res/R3t.xml,756,.xml,undefined,unused,"未引用（保留索引）"
res/R4B.png,33222,.png,undefined,unused,"未引用（保留索引）"
res/R5Y.xml,444,.xml,undefined,unused,"未引用（保留索引）"
res/R5a.webp,3042,.webp,undefined,unused,"未引用（保留索引）"
res/R5g.xml,3908,.xml,undefined,unused,"未引用（保留索引）"
res/R6A.png,521,.png,undefined,unused,"未引用（保留索引）"
res/R6S.webp,192,.webp,undefined,unused,"未引用（保留索引）"
res/R6p.xml,464,.xml,undefined,unused,"未引用（保留索引）"
res/R6r.xml,780,.xml,undefined,unused,"未引用（保留索引）"
res/R7c.xml,2160,.xml,undefined,unused,"未引用（保留索引）"
res/R82.xml,2000,.xml,undefined,unused,"未引用（保留索引）"
res/R8V.png,2069,.png,undefined,unused,"未引用（保留索引）"
res/R8Z.png,1171,.png,undefined,unused,"未引用（保留索引）"
res/R9G.xml,2712,.xml,undefined,unused,"未引用（保留索引）"
res/RA6.xml,21028,.xml,undefined,unused,"未引用（保留索引）"
res/RAz.png,206,.png,undefined,unused,"未引用（保留索引）"
res/RBQ.png,6817,.png,undefined,unused,"未引用（保留索引）"
res/RBx.png,672,.png,undefined,unused,"未引用（保留索引）"
res/RC3.png,1030,.png,undefined,unused,"未引用（保留索引）"
res/RCg.png,4443,.png,undefined,unused,"未引用（保留索引）"
res/RDR.xml,892,.xml,undefined,unused,"未引用（保留索引）"
res/REB.xml,1732,.xml,undefined,unused,"未引用（保留索引）"
res/REJ.webp,1050,.webp,undefined,unused,"未引用（保留索引）"
res/REQ.webp,9304,.webp,undefined,unused,"未引用（保留索引）"
res/REh.webp,608,.webp,undefined,unused,"未引用（保留索引）"
res/RFE.png,877,.png,undefined,unused,"未引用（保留索引）"
res/RFb.webp,7934,.webp,undefined,unused,"未引用（保留索引）"
res/RGM.webp,4126,.webp,undefined,unused,"未引用（保留索引）"
res/RGS.webp,7294,.webp,undefined,unused,"未引用（保留索引）"
res/RGo.xml,2840,.xml,undefined,unused,"未引用（保留索引）"
res/RGv.png,3361,.png,undefined,unused,"未引用（保留索引）"
res/RHA.xml,672,.xml,undefined,unused,"未引用（保留索引）"
res/RHN.png,3034,.png,undefined,unused,"未引用（保留索引）"
res/RHl.webp,7554,.webp,undefined,unused,"未引用（保留索引）"
res/RI2.png,812,.png,undefined,unused,"未引用（保留索引）"
res/RJT.png,3140,.png,undefined,unused,"未引用（保留索引）"
res/RJW.png,8093,.png,undefined,unused,"未引用（保留索引）"
res/RJX.xml,1168,.xml,undefined,unused,"未引用（保留索引）"
res/RJu.png,1372,.png,undefined,unused,"未引用（保留索引）"
res/RJz.png,2471,.png,undefined,unused,"未引用（保留索引）"
res/RK0.png,7804,.png,undefined,unused,"未引用（保留索引）"
res/RKa.xml,988,.xml,undefined,unused,"未引用（保留索引）"
res/RLK.xml,484,.xml,undefined,unused,"未引用（保留索引）"
res/RLR.png,6782,.png,undefined,unused,"未引用（保留索引）"
res/RMt.png,17326,.png,undefined,unused,"未引用（保留索引）"
res/RNI.xml,816,.xml,undefined,unused,"未引用（保留索引）"
res/RNU.webp,61310,.webp,undefined,unused,"未引用（保留索引）"
res/ROW.xml,2036,.xml,undefined,unused,"未引用（保留索引）"
res/RPq.png,20629,.png,undefined,unused,"未引用（保留索引）"
res/RPr.webp,8456,.webp,undefined,unused,"未引用（保留索引）"
res/RQ0.xml,2908,.xml,undefined,unused,"未引用（保留索引）"
res/RQC.xml,5076,.xml,undefined,unused,"未引用（保留索引）"
res/RQt.png,3250,.png,undefined,unused,"未引用（保留索引）"
res/RQv.xml,2888,.xml,undefined,unused,"未引用（保留索引）"
res/RRx.xml,2880,.xml,undefined,unused,"未引用（保留索引）"
res/RSD.webp,15402,.webp,undefined,unused,"未引用（保留索引）"
res/RSw.png,67,.png,undefined,unused,"未引用（保留索引）"
res/RT4.xml,672,.xml,undefined,unused,"未引用（保留索引）"
res/RTD.webp,23294,.webp,undefined,unused,"未引用（保留索引）"
res/RTU.xml,5768,.xml,undefined,unused,"未引用（保留索引）"
res/RTq.webp,1852,.webp,undefined,unused,"未引用（保留索引）"
res/RU9.xml,492,.xml,undefined,unused,"未引用（保留索引）"
res/RUG.xml,852,.xml,undefined,unused,"未引用（保留索引）"
res/RUW.png,759,.png,undefined,unused,"未引用（保留索引）"
res/RUh.webp,10798,.webp,undefined,unused,"未引用（保留索引）"
res/RUn.xml,700,.xml,undefined,unused,"未引用（保留索引）"
res/RUy.xml,688,.xml,undefined,unused,"未引用（保留索引）"
res/RVP.png,15197,.png,undefined,unused,"未引用（保留索引）"
res/RWD.xml,448,.xml,undefined,unused,"未引用（保留索引）"
res/RXD.png,70415,.png,undefined,unused,"未引用（保留索引）"
res/RXL.xml,17304,.xml,undefined,unused,"未引用（保留索引）"
res/RY8.webp,6610,.webp,undefined,unused,"未引用（保留索引）"
res/RY8.xml,15648,.xml,undefined,unused,"未引用（保留索引）"
res/RYM.png,1940,.png,undefined,unused,"未引用（保留索引）"
res/RYR.png,6907,.png,undefined,unused,"未引用（保留索引）"
res/RZ2.png,15501,.png,undefined,unused,"未引用（保留索引）"
res/RZK.webp,1498,.webp,undefined,unused,"未引用（保留索引）"
res/RZf.webp,7684,.webp,undefined,unused,"未引用（保留索引）"
res/R_E.webp,1956,.webp,undefined,unused,"未引用（保留索引）"
res/Ra-.webp,7452,.webp,undefined,unused,"未引用（保留索引）"
res/RaU.png,41021,.png,undefined,unused,"未引用（保留索引）"
res/Rak.9.png,15791,.png,undefined,unused,"未引用（保留索引）"
res/Raq.png,2165,.png,undefined,unused,"未引用（保留索引）"
res/Raq.xml,4372,.xml,undefined,unused,"未引用（保留索引）"
res/Rar.xml,676,.xml,undefined,unused,"未引用（保留索引）"
res/Rau.xml,6752,.xml,undefined,unused,"未引用（保留索引）"
res/Rb5.webp,7034,.webp,undefined,unused,"未引用（保留索引）"
res/RbY.xml,2048,.xml,undefined,unused,"未引用（保留索引）"
res/Rbf.xml,484,.xml,undefined,unused,"未引用（保留索引）"
res/Rbp.webp,1530,.webp,undefined,unused,"未引用（保留索引）"
res/Rc4.webp,6172,.webp,undefined,unused,"未引用（保留索引）"
res/Rc6.png,4681,.png,undefined,unused,"未引用（保留索引）"
res/Rd9.9.png,2251,.png,undefined,unused,"未引用（保留索引）"
res/RdM.xml,468,.xml,undefined,unused,"未引用（保留索引）"
res/RdT.xml,3004,.xml,undefined,unused,"未引用（保留索引）"
res/Rdz.webp,6632,.webp,undefined,unused,"未引用（保留索引）"
res/Re2.png,565,.png,undefined,unused,"未引用（保留索引）"
res/ReX.xml,3992,.xml,undefined,unused,"未引用（保留索引）"
res/RfA.png,1442,.png,undefined,unused,"未引用（保留索引）"
res/RfR.png,3302,.png,undefined,unused,"未引用（保留索引）"
res/Rfb.png,776856,.png,undefined,unused,"未引用（保留索引）"
res/Rfb.xml,704,.xml,undefined,unused,"未引用（保留索引）"
res/RgA.xml,5400,.xml,undefined,unused,"未引用（保留索引）"
res/Rga.xml,2040,.xml,undefined,unused,"未引用（保留索引）"
res/RhK.png,1724,.png,undefined,unused,"未引用（保留索引）"
res/RhX.xml,4192,.xml,undefined,unused,"未引用（保留索引）"
res/Rhm.png,1715,.png,undefined,unused,"未引用（保留索引）"
res/Ri0.xml,760,.xml,undefined,unused,"未引用（保留索引）"
res/RiP.xml,464,.xml,undefined,unused,"未引用（保留索引）"
res/Rj6.png,1274,.png,undefined,unused,"未引用（保留索引）"
res/RjV.webp,24338,.webp,undefined,unused,"未引用（保留索引）"
res/Rjv.png,1543,.png,undefined,unused,"未引用（保留索引）"
res/Rjy.png,8994,.png,undefined,unused,"未引用（保留索引）"
res/RkA.png,2876,.png,undefined,unused,"未引用（保留索引）"
res/Rlq.xml,3944,.xml,undefined,unused,"未引用（保留索引）"
res/RmC.xml,808,.xml,undefined,unused,"未引用（保留索引）"
res/RmP.png,4007,.png,undefined,unused,"未引用（保留索引）"
res/RmU.xml,2028,.xml,undefined,unused,"未引用（保留索引）"
res/Rn-.png,25552,.png,undefined,unused,"未引用（保留索引）"
res/RnR.xml,992,.xml,undefined,unused,"未引用（保留索引）"
res/RoP.png,1297,.png,undefined,unused,"未引用（保留索引）"
res/Roc.png,337,.png,undefined,unused,"未引用（保留索引）"
res/Rov.xml,1368,.xml,undefined,unused,"未引用（保留索引）"
res/Rpa.xml,484,.xml,undefined,unused,"未引用（保留索引）"
res/Rpz.9.png,868673,.png,undefined,unused,"未引用（保留索引）"
res/RqP.xml,576,.xml,undefined,unused,"未引用（保留索引）"
res/Rqb.xml,2056,.xml,undefined,unused,"未引用（保留索引）"
res/Rqc.png,895,.png,undefined,unused,"未引用（保留索引）"
res/Rqm.png,798,.png,undefined,unused,"未引用（保留索引）"
res/RrI.png,69663,.png,undefined,unused,"未引用（保留索引）"
res/RrX.png,525,.png,undefined,unused,"未引用（保留索引）"
res/Rrp.webp,10054,.webp,undefined,unused,"未引用（保留索引）"
res/RsC.xml,484,.xml,undefined,unused,"未引用（保留索引）"
res/RsK.png,17834,.png,undefined,unused,"未引用（保留索引）"
res/RsY.png,4744,.png,undefined,unused,"未引用（保留索引）"
res/Rsy.png,5882,.png,undefined,unused,"未引用（保留索引）"
res/Rtn.png,10630,.png,undefined,unused,"未引用（保留索引）"
res/Ru2.xml,940,.xml,undefined,unused,"未引用（保留索引）"
res/Ruc.xml,472,.xml,undefined,unused,"未引用（保留索引）"
res/Rut.png,89572,.png,undefined,unused,"未引用（保留索引）"
res/RvH.xml,1524,.xml,undefined,unused,"未引用（保留索引）"
res/Rw2.xml,1216,.xml,undefined,unused,"未引用（保留索引）"
res/RwE.xml,7028,.xml,undefined,unused,"未引用（保留索引）"
res/RwG.webp,10292,.webp,undefined,unused,"未引用（保留索引）"
res/RwM.png,1188,.png,undefined,unused,"未引用（保留索引）"
res/Rwt.png,331,.png,undefined,unused,"未引用（保留索引）"
res/RxL.webp,32784,.webp,undefined,unused,"未引用（保留索引）"
res/Rxs.png,1215,.png,undefined,unused,"未引用（保留索引）"
res/Rxv.xml,3680,.xml,undefined,unused,"未引用（保留索引）"
res/Rxv1.xml,1196,.xml,undefined,unused,"未引用（保留索引）"
res/Rxz.webp,13866,.webp,undefined,unused,"未引用（保留索引）"
res/Ry-.xml,2700,.xml,undefined,unused,"未引用（保留索引）"
res/RyG.xml,2344,.xml,undefined,unused,"未引用（保留索引）"
res/Ryh.png,5253,.png,undefined,unused,"未引用（保留索引）"
res/RzC.xml,536,.xml,undefined,unused,"未引用（保留索引）"
res/RzF.png,1010,.png,undefined,unused,"未引用（保留索引）"
res/RzQ.xml,15852,.xml,undefined,unused,"未引用（保留索引）"
res/RzV.png,6388,.png,undefined,unused,"未引用（保留索引）"
res/RzV.xml,652,.xml,undefined,unused,"未引用（保留索引）"
res/Rz_.xml,1048,.xml,undefined,unused,"未引用（保留索引）"
res/Rzv.xml,2492,.xml,undefined,unused,"未引用（保留索引）"
res/S-8.xml,4672,.xml,undefined,unused,"未引用（保留索引）"
res/S-B.png,3745,.png,undefined,unused,"未引用（保留索引）"
res/S-k.9.png,1075,.png,undefined,unused,"未引用（保留索引）"
res/S0v.png,3835,.png,undefined,unused,"未引用（保留索引）"
res/S1A.xml,1380,.xml,undefined,unused,"未引用（保留索引）"
res/S1O.xml,464,.xml,undefined,unused,"未引用（保留索引）"
res/S1g.xml,2268,.xml,undefined,unused,"未引用（保留索引）"
res/S2Z.xml,484,.xml,undefined,unused,"未引用（保留索引）"
res/S2d.webp,42858,.webp,undefined,unused,"未引用（保留索引）"
res/S2g.xml,748,.xml,undefined,unused,"未引用（保留索引）"
res/S3F.xml,4344,.xml,undefined,unused,"未引用（保留索引）"
res/S4s.webp,30656,.webp,undefined,unused,"未引用（保留索引）"
res/S5E.png,241,.png,undefined,unused,"未引用（保留索引）"
res/S5m.xml,1264,.xml,undefined,unused,"未引用（保留索引）"
res/S67.png,1394,.png,undefined,unused,"未引用（保留索引）"
res/S6Q.webp,6062,.webp,undefined,unused,"未引用（保留索引）"
res/S6U.png,30922,.png,undefined,unused,"未引用（保留索引）"
res/S7F.png,1846,.png,undefined,unused,"未引用（保留索引）"
res/S7K.png,1718,.png,undefined,unused,"未引用（保留索引）"
res/S7b.png,1816,.png,undefined,unused,"未引用（保留索引）"
res/S7c.png,2421,.png,undefined,unused,"未引用（保留索引）"
res/S8T.xml,592,.xml,undefined,unused,"未引用（保留索引）"
res/S8n.png,17782,.png,undefined,unused,"未引用（保留索引）"
res/S96.webp,24802,.webp,undefined,unused,"未引用（保留索引）"
res/S9Z.webp,107538,.webp,undefined,unused,"未引用（保留索引）"
res/SAs.xml,2424,.xml,undefined,unused,"未引用（保留索引）"
res/SBs.webp,714,.webp,undefined,unused,"未引用（保留索引）"
res/SBx.png,1086,.png,undefined,unused,"未引用（保留索引）"
res/SC5.webp,14318,.webp,undefined,unused,"未引用（保留索引）"
res/SCi.xml,1208,.xml,undefined,unused,"未引用（保留索引）"
res/SD-.webp,41148,.webp,undefined,unused,"未引用（保留索引）"
res/SD9.xml,420,.xml,undefined,unused,"未引用（保留索引）"
res/SDC.png,3132,.png,undefined,unused,"未引用（保留索引）"
res/SDI.png,36190,.png,undefined,unused,"未引用（保留索引）"
res/SEg.xml,1420,.xml,undefined,unused,"未引用（保留索引）"
res/SF0.png,4743,.png,undefined,unused,"未引用（保留索引）"
res/SF3.png,246351,.png,undefined,unused,"未引用（保留索引）"
res/SFG.webp,12856,.webp,undefined,unused,"未引用（保留索引）"
res/SHq.xml,440,.xml,undefined,unused,"未引用（保留索引）"
res/SHq1.xml,2988,.xml,undefined,unused,"未引用（保留索引）"
res/SHr.xml,704,.xml,undefined,unused,"未引用（保留索引）"
res/SHw.xml,3328,.xml,undefined,unused,"未引用（保留索引）"
res/SI1.xml,8056,.xml,undefined,unused,"未引用（保留索引）"
res/SIR.xml,1468,.xml,undefined,unused,"未引用（保留索引）"
res/SJq.png,18232,.png,undefined,unused,"未引用（保留索引）"
res/SK8.webp,25038,.webp,undefined,unused,"未引用（保留索引）"
res/SK8.xml,500,.xml,undefined,unused,"未引用（保留索引）"
res/SKU.xml,760,.xml,undefined,unused,"未引用（保留索引）"
res/SLL.xml,1132,.xml,undefined,unused,"未引用（保留索引）"
res/SLb.webp,11940,.webp,undefined,unused,"未引用（保留索引）"
res/SLd.png,1335,.png,undefined,unused,"未引用（保留索引）"
res/SLv.png,440,.png,undefined,unused,"未引用（保留索引）"
res/SMy.png,388,.png,undefined,unused,"未引用（保留索引）"
res/SNF.png,2335,.png,undefined,unused,"未引用（保留索引）"
res/SNI.webp,680,.webp,undefined,unused,"未引用（保留索引）"
res/SNQ.xml,696,.xml,undefined,unused,"未引用（保留索引）"
res/SNw.xml,468,.xml,undefined,unused,"未引用（保留索引）"
res/SO3.xml,1724,.xml,undefined,unused,"未引用（保留索引）"
res/SOC.png,1292,.png,undefined,unused,"未引用（保留索引）"
res/SOb.png,15820,.png,undefined,unused,"未引用（保留索引）"
res/SOh.png,596,.png,undefined,unused,"未引用（保留索引）"
res/SOx.webp,4154,.webp,undefined,unused,"未引用（保留索引）"
res/SOy.png,9564,.png,undefined,unused,"未引用（保留索引）"
res/SPB.webp,12196,.webp,undefined,unused,"未引用（保留索引）"
res/SPJ.png,4862,.png,undefined,unused,"未引用（保留索引）"
res/SPo.png,261,.png,undefined,unused,"未引用（保留索引）"
res/SQO.png,24217,.png,undefined,unused,"未引用（保留索引）"
res/SQf.xml,796,.xml,undefined,unused,"未引用（保留索引）"
res/SR0.webp,13000,.webp,undefined,unused,"未引用（保留索引）"
res/SRT.webp,6064,.webp,undefined,unused,"未引用（保留索引）"
res/SSS.png,7405,.png,undefined,unused,"未引用（保留索引）"
res/SSS.xml,988,.xml,undefined,unused,"未引用（保留索引）"
res/SSl.webp,3266,.webp,undefined,unused,"未引用（保留索引）"
res/SSl.xml,1184,.xml,undefined,unused,"未引用（保留索引）"
res/SSy.xml,11584,.xml,undefined,unused,"未引用（保留索引）"
res/STi.xml,484,.xml,undefined,unused,"未引用（保留索引）"
res/SU3.xml,604,.xml,undefined,unused,"未引用（保留索引）"
res/SUw.xml,640,.xml,undefined,unused,"未引用（保留索引）"
res/SVn.png,1273,.png,undefined,unused,"未引用（保留索引）"
res/SVz.xml,944,.xml,undefined,unused,"未引用（保留索引）"
res/SWS.png,9592,.png,undefined,unused,"未引用（保留索引）"
res/SWf.png,16043,.png,undefined,unused,"未引用（保留索引）"
res/SWi.webp,0,.webp,undefined,unused,"未引用（保留索引）"
res/SYL.xml,37456,.xml,undefined,unused,"未引用（保留索引）"
res/SYm.webp,2348,.webp,undefined,unused,"未引用（保留索引）"
res/SZR.xml,3248,.xml,undefined,unused,"未引用（保留索引）"
res/SZt.png,1016,.png,undefined,unused,"未引用（保留索引）"
res/S_n.png,521,.png,undefined,unused,"未引用（保留索引）"
res/SaS.xml,488,.xml,undefined,unused,"未引用（保留索引）"
res/Sae.xml,1420,.xml,undefined,unused,"未引用（保留索引）"
res/Sb7.webp,73622,.webp,undefined,unused,"未引用（保留索引）"
res/Sbq.xml,484,.xml,undefined,unused,"未引用（保留索引）"
res/Scf.png,5025,.png,undefined,unused,"未引用（保留索引）"
res/Sck.xml,484,.xml,undefined,unused,"未引用（保留索引）"
res/Scz.xml,1212,.xml,undefined,unused,"未引用（保留索引）"
res/SdE.png,11616,.png,undefined,unused,"未引用（保留索引）"
res/Se2.png,20254,.png,undefined,unused,"未引用（保留索引）"
res/Se3.png,25909,.png,undefined,unused,"未引用（保留索引）"
res/SeL.xml,10136,.xml,undefined,unused,"未引用（保留索引）"
res/Se_.xml,1000,.xml,undefined,unused,"未引用（保留索引）"
res/Ser.png,30147,.png,undefined,unused,"未引用（保留索引）"
res/Ses.png,30147,.png,undefined,unused,"未引用（保留索引）"
res/Set.png,26882,.png,undefined,unused,"未引用（保留索引）"
res/Sf3.xml,820,.xml,undefined,unused,"未引用（保留索引）"
res/SgW.xml,484,.xml,undefined,unused,"未引用（保留索引）"
res/Sgg.xml,920,.xml,undefined,unused,"未引用（保留索引）"
res/Sho.xml,696,.xml,undefined,unused,"未引用（保留索引）"
res/Shp.xml,5304,.xml,undefined,unused,"未引用（保留索引）"
res/Shv.xml,7176,.xml,undefined,unused,"未引用（保留索引）"
res/Shw.xml,736,.xml,undefined,unused,"未引用（保留索引）"
res/Si3.xml,6684,.xml,undefined,unused,"未引用（保留索引）"
res/SiF.png,2916,.png,undefined,unused,"未引用（保留索引）"
res/Si_.xml,3380,.xml,undefined,unused,"未引用（保留索引）"
res/Sil.png,788,.png,undefined,unused,"未引用（保留索引）"
res/Sk7.xml,2452,.xml,undefined,unused,"未引用（保留索引）"
res/Smy.webp,2342,.webp,undefined,unused,"未引用（保留索引）"
res/SnH.xml,1428,.xml,undefined,unused,"未引用（保留索引）"
res/Snp.ttf,814960,.ttf,undefined,unused,"未引用（保留索引）"
res/So9.xml,7104,.xml,undefined,unused,"未引用（保留索引）"
res/SoY.png,290,.png,undefined,unused,"未引用（保留索引）"
res/Soh.xml,3312,.xml,undefined,unused,"未引用（保留索引）"
res/Sox.xml,6344,.xml,undefined,unused,"未引用（保留索引）"
res/SrE.png,464,.png,undefined,unused,"未引用（保留索引）"
res/Srk.png,3197,.png,undefined,unused,"未引用（保留索引）"
res/Srl.xml,4072,.xml,undefined,unused,"未引用（保留索引）"
res/SsY.png,1071,.png,undefined,unused,"未引用（保留索引）"
res/Ssi.png,848,.png,undefined,unused,"未引用（保留索引）"
res/Sso.webp,16926,.webp,undefined,unused,"未引用（保留索引）"
res/StH.png,12632,.png,undefined,unused,"未引用（保留索引）"
res/StO.png,2950,.png,undefined,unused,"未引用（保留索引）"
res/StV.xml,1708,.xml,undefined,unused,"未引用（保留索引）"
res/Stc.png,13346,.png,undefined,unused,"未引用（保留索引）"
res/Stl.xml,464,.xml,undefined,unused,"未引用（保留索引）"
res/SuS.png,20110,.png,undefined,unused,"未引用（保留索引）"
res/SuT.xml,2532,.xml,undefined,unused,"未引用（保留索引）"
res/Suk.webp,8876,.webp,undefined,unused,"未引用（保留索引）"
res/Suu.xml,2932,.xml,undefined,unused,"未引用（保留索引）"
res/Sv9.xml,1200,.xml,undefined,unused,"未引用（保留索引）"
res/Swj.xml,324,.xml,undefined,unused,"未引用（保留索引）"
res/SxS.webp,2054,.webp,undefined,unused,"未引用（保留索引）"
res/Sxn.webp,14306,.webp,undefined,unused,"未引用（保留索引）"
res/Sxs.xml,1604,.xml,undefined,unused,"未引用（保留索引）"
res/SyC.xml,15868,.xml,undefined,unused,"未引用（保留索引）"
res/Syn.png,169,.png,undefined,unused,"未引用（保留索引）"
res/Szi.png,3006,.png,undefined,unused,"未引用（保留索引）"
res/T-7.xml,1684,.xml,undefined,unused,"未引用（保留索引）"
res/T-8.webp,938,.webp,undefined,unused,"未引用（保留索引）"
res/T-g.png,64336,.png,undefined,unused,"未引用（保留索引）"
res/T-h.png,416,.png,undefined,unused,"未引用（保留索引）"
res/T-r.xml,464,.xml,undefined,unused,"未引用（保留索引）"
res/T-u.png,2308,.png,undefined,unused,"未引用（保留索引）"
res/T0X.png,2984,.png,undefined,unused,"未引用（保留索引）"
res/T1N.webp,49002,.webp,undefined,unused,"未引用（保留索引）"
res/T1R.png,36970,.png,undefined,unused,"未引用（保留索引）"
res/T22.xml,752,.xml,undefined,unused,"未引用（保留索引）"
res/T2H.9.png,225,.png,undefined,unused,"未引用（保留索引）"
res/T2O.png,2120,.png,undefined,unused,"未引用（保留索引）"
res/T2X.png,19449,.png,undefined,unused,"未引用（保留索引）"
res/T3H.png,1495,.png,undefined,unused,"未引用（保留索引）"
res/T3P.png,3073,.png,undefined,unused,"未引用（保留索引）"
res/T3Q.png,4641,.png,undefined,unused,"未引用（保留索引）"
res/T57.png,67,.png,undefined,unused,"未引用（保留索引）"
res/T5P.png,306,.png,undefined,unused,"未引用（保留索引）"
res/T61.xml,1292,.xml,undefined,unused,"未引用（保留索引）"
res/T6K.png,1251,.png,undefined,unused,"未引用（保留索引）"
res/T7I.xml,448,.xml,undefined,unused,"未引用（保留索引）"
res/T7o.xml,2444,.xml,undefined,unused,"未引用（保留索引）"
res/T8x.xml,468,.xml,undefined,unused,"未引用（保留索引）"
res/T9i.webp,660,.webp,undefined,unused,"未引用（保留索引）"
res/TAl.png,521,.png,undefined,unused,"未引用（保留索引）"
res/TBU.png,436,.png,undefined,unused,"未引用（保留索引）"
res/TBq.png,6280,.png,undefined,unused,"未引用（保留索引）"
res/TCC.png,400,.png,undefined,unused,"未引用（保留索引）"
res/TCQ.xml,1712,.xml,undefined,unused,"未引用（保留索引）"
res/TD4.xml,2000,.xml,undefined,unused,"未引用（保留索引）"
res/TEQ.webp,360,.webp,undefined,unused,"未引用（保留索引）"
res/TEZ.png,457,.png,undefined,unused,"未引用（保留索引）"
res/TEd.xml,2796,.xml,undefined,unused,"未引用（保留索引）"
res/TFR.png,2625,.png,undefined,unused,"未引用（保留索引）"
res/TFa.9.png,187,.png,undefined,unused,"未引用（保留索引）"
res/TFh.xml,628,.xml,undefined,unused,"未引用（保留索引）"
res/TFu.xml,468,.xml,undefined,unused,"未引用（保留索引）"
res/TGx.png,5622,.png,undefined,unused,"未引用（保留索引）"
res/TJP.xml,1960,.xml,undefined,unused,"未引用（保留索引）"
res/TJa.xml,11932,.xml,undefined,unused,"未引用（保留索引）"
res/TJk.xml,2820,.xml,undefined,unused,"未引用（保留索引）"
res/TK5.xml,4880,.xml,undefined,unused,"未引用（保留索引）"
res/TKJ.xml,1304,.xml,undefined,unused,"未引用（保留索引）"
res/TKh.xml,8616,.xml,undefined,unused,"未引用（保留索引）"
res/TLA.png,69415,.png,undefined,unused,"未引用（保留索引）"
res/TMc.xml,6036,.xml,undefined,unused,"未引用（保留索引）"
res/TO3.xml,4184,.xml,undefined,unused,"未引用（保留索引）"
res/TOO.png,376,.png,undefined,unused,"未引用（保留索引）"
res/TOs.png,73660,.png,undefined,unused,"未引用（保留索引）"
res/TOw.xml,448,.xml,undefined,unused,"未引用（保留索引）"
res/TOx.xml,1412,.xml,undefined,unused,"未引用（保留索引）"
res/TP5.xml,3664,.xml,undefined,unused,"未引用（保留索引）"
res/TPR.webp,6088,.webp,undefined,unused,"未引用（保留索引）"
res/TPU.xml,1092,.xml,undefined,unused,"未引用（保留索引）"
res/TQK.png,1290,.png,undefined,unused,"未引用（保留索引）"
res/TQl.png,1079,.png,undefined,unused,"未引用（保留索引）"
res/TQp.png,321,.png,undefined,unused,"未引用（保留索引）"
res/TRJ.png,18407,.png,undefined,unused,"未引用（保留索引）"
res/TS3.png,32549,.png,undefined,unused,"未引用（保留索引）"
res/TTP.xml,3568,.xml,undefined,unused,"未引用（保留索引）"
res/TTZ.xml,576,.xml,undefined,unused,"未引用（保留索引）"
res/TTa.png,252,.png,undefined,unused,"未引用（保留索引）"
res/TTx.png,333,.png,undefined,unused,"未引用（保留索引）"
res/TWm.xml,10372,.xml,undefined,unused,"未引用（保留索引）"
res/TYR.png,3788,.png,undefined,unused,"未引用（保留索引）"
res/TYn.xml,2492,.xml,undefined,unused,"未引用（保留索引）"
res/TZ5.xml,15132,.xml,undefined,unused,"未引用（保留索引）"
res/TZO.webp,59286,.webp,undefined,unused,"未引用（保留索引）"
res/TZZ.png,123,.png,undefined,unused,"未引用（保留索引）"
res/T_B.xml,1728,.xml,undefined,unused,"未引用（保留索引）"
res/TaF.webp,10054,.webp,undefined,unused,"未引用（保留索引）"
res/TaR.png,12281,.png,undefined,unused,"未引用（保留索引）"
res/TaZ.xml,1672,.xml,undefined,unused,"未引用（保留索引）"
res/Tar.png,4431,.png,undefined,unused,"未引用（保留索引）"
res/Tax.png,4687,.png,undefined,unused,"未引用（保留索引）"
res/Taz.png,6020,.png,undefined,unused,"未引用（保留索引）"
res/TbP.png,1569,.png,undefined,unused,"未引用（保留索引）"
res/TbQ.png,452,.png,undefined,unused,"未引用（保留索引）"
res/Tbe.png,6985,.png,undefined,unused,"未引用（保留索引）"
res/Tbq.png,2476,.png,undefined,unused,"未引用（保留索引）"
res/Tbz.xml,1524,.xml,undefined,unused,"未引用（保留索引）"
res/Tc1.png,199895,.png,undefined,unused,"未引用（保留索引）"
res/Tca.xml,1660,.xml,undefined,unused,"未引用（保留索引）"
res/Td6.xml,456,.xml,undefined,unused,"未引用（保留索引）"
res/TdY.png,3460,.png,undefined,unused,"未引用（保留索引）"
res/Tdg.png,10616,.png,undefined,unused,"未引用（保留索引）"
res/Tdu.xml,2748,.xml,undefined,unused,"未引用（保留索引）"
res/TeD.png,1352,.png,undefined,unused,"未引用（保留索引）"
res/TeE.png,271,.png,undefined,unused,"未引用（保留索引）"
res/TeI.png,512,.png,undefined,unused,"未引用（保留索引）"
res/Teg.xml,4476,.xml,undefined,unused,"未引用（保留索引）"
res/TfA.xml,2688,.xml,undefined,unused,"未引用（保留索引）"
res/Tg3.png,11908,.png,undefined,unused,"未引用（保留索引）"
res/TgS.png,4861,.png,undefined,unused,"未引用（保留索引）"
res/Tgc.xml,868,.xml,undefined,unused,"未引用（保留索引）"
res/ThC.png,1491,.png,undefined,unused,"未引用（保留索引）"
res/Thb.xml,4524,.xml,undefined,unused,"未引用（保留索引）"
res/Ti2.xml,568,.xml,undefined,unused,"未引用（保留索引）"
res/Tin.png,611,.png,undefined,unused,"未引用（保留索引）"
res/Tj1.png,26949,.png,undefined,unused,"未引用（保留索引）"
res/TjH.xml,3100,.xml,undefined,unused,"未引用（保留索引）"
res/TjX.png,15437,.png,undefined,unused,"未引用（保留索引）"
res/Tjk.png,2564,.png,undefined,unused,"未引用（保留索引）"
res/Tkn.png,7772,.png,undefined,unused,"未引用（保留索引）"
res/Tl9.webp,4530,.webp,undefined,unused,"未引用（保留索引）"
res/Tl9.xml,516,.xml,undefined,unused,"未引用（保留索引）"
res/TlV.xml,448,.xml,undefined,unused,"未引用（保留索引）"
res/TlZ.9.png,327,.png,undefined,unused,"未引用（保留索引）"
res/Tlt.webp,6242,.webp,undefined,unused,"未引用（保留索引）"
res/TmL.xml,484,.xml,undefined,unused,"未引用（保留索引）"
res/TmX.webp,664,.webp,undefined,unused,"未引用（保留索引）"
res/TmY.webp,1234,.webp,undefined,unused,"未引用（保留索引）"
res/Tmo.png,1931,.png,undefined,unused,"未引用（保留索引）"
res/TnO.png,300,.png,undefined,unused,"未引用（保留索引）"
res/Tnh.webp,23276,.webp,undefined,unused,"未引用（保留索引）"
res/Tnh1.webp,15198,.webp,undefined,unused,"未引用（保留索引）"
res/Tnn.xml,1888,.xml,undefined,unused,"未引用（保留索引）"
res/TqS.png,479,.png,undefined,unused,"未引用（保留索引）"
res/Tqd.png,23769,.png,undefined,unused,"未引用（保留索引）"
res/Tqu.xml,1736,.xml,undefined,unused,"未引用（保留索引）"
res/Trn.png,309,.png,undefined,unused,"未引用（保留索引）"
res/Ts4.png,1664,.png,undefined,unused,"未引用（保留索引）"
res/Ts6.xml,684,.xml,undefined,unused,"未引用（保留索引）"
res/Tss.png,13656,.png,undefined,unused,"未引用（保留索引）"
res/Tsv.9.png,9369,.png,undefined,unused,"未引用（保留索引）"
res/TuN.xml,500,.xml,undefined,unused,"未引用（保留索引）"
res/TvE.png,14801,.png,undefined,unused,"未引用（保留索引）"
res/Tvx.webp,2448,.webp,undefined,unused,"未引用（保留索引）"
res/TyJ.xml,2480,.xml,undefined,unused,"未引用（保留索引）"
res/TyM.xml,3228,.xml,undefined,unused,"未引用（保留索引）"
res/TyU.png,1148,.png,undefined,unused,"未引用（保留索引）"
res/TyW.webp,1658,.webp,undefined,unused,"未引用（保留索引）"
res/TyX.xml,6496,.xml,undefined,unused,"未引用（保留索引）"
res/Tym.xml,420,.xml,undefined,unused,"未引用（保留索引）"
res/TzL.png,10397,.png,undefined,unused,"未引用（保留索引）"
res/TzY.xml,1344,.xml,undefined,unused,"未引用（保留索引）"
res/Tzi.png,10008,.png,undefined,unused,"未引用（保留索引）"
res/U-0.xml,3388,.xml,undefined,unused,"未引用（保留索引）"
res/U-F.png,2464,.png,undefined,unused,"未引用（保留索引）"
res/U-x.webp,33642,.webp,undefined,unused,"未引用（保留索引）"
res/U0C.xml,484,.xml,undefined,unused,"未引用（保留索引）"
res/U0I.xml,3456,.xml,undefined,unused,"未引用（保留索引）"
res/U0g.mp4,608330,.mp4,undefined,unused,"未引用（保留索引）"
res/U0k.webp,11950,.webp,undefined,unused,"未引用（保留索引）"
res/U11.xml,2968,.xml,undefined,unused,"未引用（保留索引）"
res/U1S.xml,608,.xml,undefined,unused,"未引用（保留索引）"
res/U2-.png,23063,.png,undefined,unused,"未引用（保留索引）"
res/U3g.xml,7064,.xml,undefined,unused,"未引用（保留索引）"
res/U3r.xml,1228,.xml,undefined,unused,"未引用（保留索引）"
res/U4F.webp,25532,.webp,undefined,unused,"未引用（保留索引）"
res/U4L.xml,696,.xml,undefined,unused,"未引用（保留索引）"
res/U5A.xml,680,.xml,undefined,unused,"未引用（保留索引）"
res/U5P.xml,9356,.xml,undefined,unused,"未引用（保留索引）"
res/U5h.xml,1440,.xml,undefined,unused,"未引用（保留索引）"
res/U5m.xml,860,.xml,undefined,unused,"未引用（保留索引）"
res/U5r.webp,4524,.webp,undefined,unused,"未引用（保留索引）"
res/U6w.xml,8892,.xml,undefined,unused,"未引用（保留索引）"
res/U7N.png,533,.png,undefined,unused,"未引用（保留索引）"
res/U7_.png,19232,.png,undefined,unused,"未引用（保留索引）"
res/U81.webp,26576,.webp,undefined,unused,"未引用（保留索引）"
res/U8M.xml,3960,.xml,undefined,unused,"未引用（保留索引）"
res/U8j.webp,2062,.webp,undefined,unused,"未引用（保留索引）"
res/U9L.png,102809,.png,undefined,unused,"未引用（保留索引）"
res/UA0.png,464,.png,undefined,unused,"未引用（保留索引）"
res/UCa.png,986,.png,undefined,unused,"未引用（保留索引）"
res/UCl.png,65365,.png,undefined,unused,"未引用（保留索引）"
res/UDe.png,1561,.png,undefined,unused,"未引用（保留索引）"
res/UEE.xml,2612,.xml,undefined,unused,"未引用（保留索引）"
res/UEV.png,287,.png,undefined,unused,"未引用（保留索引）"
res/UFA.png,2234,.png,undefined,unused,"未引用（保留索引）"
res/UFb.9.png,605,.png,undefined,unused,"未引用（保留索引）"
res/UFm.xml,3428,.xml,undefined,unused,"未引用（保留索引）"
res/UGc.webp,7138,.webp,undefined,unused,"未引用（保留索引）"
res/UH-.png,548,.png,undefined,unused,"未引用（保留索引）"
res/UHo.png,1747,.png,undefined,unused,"未引用（保留索引）"
res/UJB.xml,2736,.xml,undefined,unused,"未引用（保留索引）"
res/UJJ.png,5572,.png,undefined,unused,"未引用（保留索引）"
res/UJm.png,4737,.png,undefined,unused,"未引用（保留索引）"
res/UK_.png,217,.png,undefined,unused,"未引用（保留索引）"
res/UL8.png,1806,.png,undefined,unused,"未引用（保留索引）"
res/ULD.xml,1648,.xml,undefined,unused,"未引用（保留索引）"
res/ULk.xml,908,.xml,undefined,unused,"未引用（保留索引）"
res/UMX.png,67,.png,undefined,unused,"未引用（保留索引）"
res/UMZ.webp,5530,.webp,undefined,unused,"未引用（保留索引）"
res/UMt.png,1634,.png,undefined,unused,"未引用（保留索引）"
res/UNO.xml,3260,.xml,undefined,unused,"未引用（保留索引）"
res/UNv.webp,976,.webp,undefined,unused,"未引用（保留索引）"
res/UOT.xml,1056,.xml,undefined,unused,"未引用（保留索引）"
res/UOg.xml,448,.xml,undefined,unused,"未引用（保留索引）"
res/UOi.png,149576,.png,undefined,unused,"未引用（保留索引）"
res/UOk.png,342,.png,undefined,unused,"未引用（保留索引）"
res/UOn.png,2416,.png,undefined,unused,"未引用（保留索引）"
res/UPF.xml,3428,.xml,undefined,unused,"未引用（保留索引）"
res/UPw.xml,1772,.xml,undefined,unused,"未引用（保留索引）"
res/UPw1.xml,1052,.xml,undefined,unused,"未引用（保留索引）"
res/UQ0.webp,194,.webp,undefined,unused,"未引用（保留索引）"
res/UQK.xml,2012,.xml,undefined,unused,"未引用（保留索引）"
res/UQU.webp,3938,.webp,undefined,unused,"未引用（保留索引）"
res/UQi.xml,372,.xml,undefined,unused,"未引用（保留索引）"
res/USJ.xml,2816,.xml,undefined,unused,"未引用（保留索引）"
res/USU.xml,796,.xml,undefined,unused,"未引用（保留索引）"
res/USw.xml,9648,.xml,undefined,unused,"未引用（保留索引）"
res/UUw.xml,400,.xml,undefined,unused,"未引用（保留索引）"
res/UVY.xml,2464,.xml,undefined,unused,"未引用（保留索引）"
res/UWs.png,7124,.png,undefined,unused,"未引用（保留索引）"
res/UXB.xml,600,.xml,undefined,unused,"未引用（保留索引）"
res/UXN.png,10878,.png,undefined,unused,"未引用（保留索引）"
res/UXq.xml,1648,.xml,undefined,unused,"未引用（保留索引）"
res/UY5.xml,360,.xml,undefined,unused,"未引用（保留索引）"
res/UZw.xml,11932,.xml,undefined,unused,"未引用（保留索引）"
res/U_P.xml,10964,.xml,undefined,unused,"未引用（保留索引）"
res/U_d.webp,41456,.webp,undefined,unused,"未引用（保留索引）"
res/U_h.png,595,.png,undefined,unused,"未引用（保留索引）"
res/UaL.png,711,.png,undefined,unused,"未引用（保留索引）"
res/UaW.webp,23618,.webp,undefined,unused,"未引用（保留索引）"
res/Uao.png,241,.png,undefined,unused,"未引用（保留索引）"
res/Uas.xml,5096,.xml,undefined,unused,"未引用（保留索引）"
res/UbI.png,196,.png,undefined,unused,"未引用（保留索引）"
res/UcQ.png,211,.png,undefined,unused,"未引用（保留索引）"
res/Udm.png,11326,.png,undefined,unused,"未引用（保留索引）"
res/Uds.webp,7838,.webp,undefined,unused,"未引用（保留索引）"
res/UeB.png,74345,.png,undefined,unused,"未引用（保留索引）"
res/UeF.png,1247,.png,undefined,unused,"未引用（保留索引）"
res/UfB.png,906,.png,undefined,unused,"未引用（保留索引）"
res/Ufo.png,1364,.png,undefined,unused,"未引用（保留索引）"
res/UgF.xml,2708,.xml,undefined,unused,"未引用（保留索引）"
res/Ugl.webp,5728,.webp,undefined,unused,"未引用（保留索引）"
res/UiH.xml,2352,.xml,undefined,unused,"未引用（保留索引）"
res/UiP.xml,1160,.xml,undefined,unused,"未引用（保留索引）"
res/UjC.png,3364,.png,undefined,unused,"未引用（保留索引）"
res/Ujg.png,855,.png,undefined,unused,"未引用（保留索引）"
res/Uks.webp,11944,.webp,undefined,unused,"未引用（保留索引）"
res/UmV.webp,34142,.webp,undefined,unused,"未引用（保留索引）"
res/Umg.xml,1080,.xml,undefined,unused,"未引用（保留索引）"
res/UnP.png,237,.png,undefined,unused,"未引用（保留索引）"
res/UnT.webp,69548,.webp,undefined,unused,"未引用（保留索引）"
res/Une.xml,6276,.xml,undefined,unused,"未引用（保留索引）"
res/Uo-.png,5529,.png,undefined,unused,"未引用（保留索引）"
res/Uo9.png,543,.png,undefined,unused,"未引用（保留索引）"
res/UoA.png,2916,.png,undefined,unused,"未引用（保留索引）"
res/UoB.webp,1076,.webp,undefined,unused,"未引用（保留索引）"
res/UoN.webp,29872,.webp,undefined,unused,"未引用（保留索引）"
res/Uot.png,478,.png,undefined,unused,"未引用（保留索引）"
res/Up4.png,2913,.png,undefined,unused,"未引用（保留索引）"
res/Up7.xml,1180,.xml,undefined,unused,"未引用（保留索引）"
res/UpI.xml,828,.xml,undefined,unused,"未引用（保留索引）"
res/UpX.xml,5508,.xml,undefined,unused,"未引用（保留索引）"
res/UrI.png,4804,.png,undefined,unused,"未引用（保留索引）"
res/UrP.png,2427,.png,undefined,unused,"未引用（保留索引）"
res/Us1.xml,1984,.xml,undefined,unused,"未引用（保留索引）"
res/UsI.webp,24622,.webp,undefined,unused,"未引用（保留索引）"
res/UsT.webp,2194,.webp,undefined,unused,"未引用（保留索引）"
res/UsY.png,12554,.png,undefined,unused,"未引用（保留索引）"
res/Usi.xml,2676,.xml,undefined,unused,"未引用（保留索引）"
res/Usk.9.png,208,.png,undefined,unused,"未引用（保留索引）"
res/UtT.png,650,.png,undefined,unused,"未引用（保留索引）"
res/Uty.xml,2360,.xml,undefined,unused,"未引用（保留索引）"
res/Uu1.png,364,.png,undefined,unused,"未引用（保留索引）"
res/UuF.webp,65318,.webp,undefined,unused,"未引用（保留索引）"
res/Uux.png,2980,.png,undefined,unused,"未引用（保留索引）"
res/Uv5.png,2716,.png,undefined,unused,"未引用（保留索引）"
res/UvP.png,416,.png,undefined,unused,"未引用（保留索引）"
res/UvX.png,10785,.png,undefined,unused,"未引用（保留索引）"
res/Uvv.png,1620,.png,undefined,unused,"未引用（保留索引）"
res/UwF.png,699008,.png,undefined,unused,"未引用（保留索引）"
res/UwF.xml,5296,.xml,undefined,unused,"未引用（保留索引）"
res/Uwh.xml,628,.xml,undefined,unused,"未引用（保留索引）"
res/UxS.png,3936,.png,undefined,unused,"未引用（保留索引）"
res/Uxp.png,36042,.png,undefined,unused,"未引用（保留索引）"
res/Uy9.png,1836,.png,undefined,unused,"未引用（保留索引）"
res/UyA.xml,600,.xml,undefined,unused,"未引用（保留索引）"
res/UzF.webp,17120,.webp,undefined,unused,"未引用（保留索引）"
res/UzI.png,1368,.png,undefined,unused,"未引用（保留索引）"
res/Uzh.png,16843,.png,undefined,unused,"未引用（保留索引）"
res/Uzu.xml,528,.xml,undefined,unused,"未引用（保留索引）"
res/Uzv.png,458,.png,undefined,unused,"未引用（保留索引）"
res/V-H.png,12254,.png,undefined,unused,"未引用（保留索引）"
res/V-h.xml,2276,.xml,undefined,unused,"未引用（保留索引）"
res/V-m.9.png,198,.png,undefined,unused,"未引用（保留索引）"
res/V-z.9.png,189,.png,undefined,unused,"未引用（保留索引）"
res/V0r.png,1213,.png,undefined,unused,"未引用（保留索引）"
res/V1F.xml,524,.xml,undefined,unused,"未引用（保留索引）"
res/V1f.xml,1196,.xml,undefined,unused,"未引用（保留索引）"
res/V2L.png,4864,.png,undefined,unused,"未引用（保留索引）"
res/V2t.xml,3364,.xml,undefined,unused,"未引用（保留索引）"
res/V3F.xml,596,.xml,undefined,unused,"未引用（保留索引）"
res/V4-.png,1281,.png,undefined,unused,"未引用（保留索引）"
res/V49.png,946,.png,undefined,unused,"未引用（保留索引）"
res/V4g.webp,314,.webp,undefined,unused,"未引用（保留索引）"
res/V4u.png,607,.png,undefined,unused,"未引用（保留索引）"
res/V4y.xml,2252,.xml,undefined,unused,"未引用（保留索引）"
res/V5Q.png,32861,.png,undefined,unused,"未引用（保留索引）"
res/V5Z.png,272,.png,undefined,unused,"未引用（保留索引）"
res/V5b.webp,504,.webp,undefined,unused,"未引用（保留索引）"
res/V6N.webp,46454,.webp,undefined,unused,"未引用（保留索引）"
res/V7s.png,67,.png,undefined,unused,"未引用（保留索引）"
res/V8E.png,3364,.png,undefined,unused,"未引用（保留索引）"
res/V8O.xml,4952,.xml,undefined,unused,"未引用（保留索引）"
res/V8b.xml,3448,.xml,undefined,unused,"未引用（保留索引）"
res/V9S.xml,712,.xml,undefined,unused,"未引用（保留索引）"
res/V9j.png,356,.png,undefined,unused,"未引用（保留索引）"
res/VAZ.png,21929,.png,undefined,unused,"未引用（保留索引）"
res/VAe.png,4068,.png,undefined,unused,"未引用（保留索引）"
res/VBl.png,3197,.png,undefined,unused,"未引用（保留索引）"
res/VBn.png,686,.png,undefined,unused,"未引用（保留索引）"
res/VBs.xml,536,.xml,undefined,unused,"未引用（保留索引）"
res/VCL.png,30500,.png,undefined,unused,"未引用（保留索引）"
res/VDB.png,63538,.png,undefined,unused,"未引用（保留索引）"
res/VDE.xml,488,.xml,undefined,unused,"未引用（保留索引）"
res/VDF.png,67,.png,undefined,unused,"未引用（保留索引）"
res/VDN.png,4647,.png,undefined,unused,"未引用（保留索引）"
res/VDk.png,35322,.png,undefined,unused,"未引用（保留索引）"
res/VEZ.png,8524,.png,undefined,unused,"未引用（保留索引）"
res/VF-.webp,2050,.webp,undefined,unused,"未引用（保留索引）"
res/VFZ.png,6762,.png,undefined,unused,"未引用（保留索引）"
res/VHo.xml,1308,.xml,undefined,unused,"未引用（保留索引）"
res/VIE.webp,7282,.webp,undefined,unused,"未引用（保留索引）"
res/VIX.webp,11670,.webp,undefined,unused,"未引用（保留索引）"
res/VJK.xml,3572,.xml,undefined,unused,"未引用（保留索引）"
res/VJd.xml,1032,.xml,undefined,unused,"未引用（保留索引）"
res/VK2.png,2022,.png,undefined,unused,"未引用（保留索引）"
res/VK8.png,9406,.png,undefined,unused,"未引用（保留索引）"
res/VKN.xml,2048,.xml,undefined,unused,"未引用（保留索引）"
res/VKa.9.png,260,.png,undefined,unused,"未引用（保留索引）"
res/VKb.webp,15672,.webp,undefined,unused,"未引用（保留索引）"
res/VKr.png,3374,.png,undefined,unused,"未引用（保留索引）"
res/VL4.png,3317,.png,undefined,unused,"未引用（保留索引）"
res/VL5.png,3191,.png,undefined,unused,"未引用（保留索引）"
res/VL6.png,2752,.png,undefined,unused,"未引用（保留索引）"
res/VL7.png,3315,.png,undefined,unused,"未引用（保留索引）"
res/VLG.png,2645,.png,undefined,unused,"未引用（保留索引）"
res/VLQ.xml,2564,.xml,undefined,unused,"未引用（保留索引）"
res/VLt.xml,2284,.xml,undefined,unused,"未引用（保留索引）"
res/VM1.xml,5960,.xml,undefined,unused,"未引用（保留索引）"
res/VMN.xml,3508,.xml,undefined,unused,"未引用（保留索引）"
res/VMO.webp,206,.webp,undefined,unused,"未引用（保留索引）"
res/VMq.xml,1124,.xml,undefined,unused,"未引用（保留索引）"
res/VMs.webp,32538,.webp,undefined,unused,"未引用（保留索引）"
res/VNZ.png,571,.png,undefined,unused,"未引用（保留索引）"
res/VOq.xml,884,.xml,undefined,unused,"未引用（保留索引）"
res/VOw.xml,3348,.xml,undefined,unused,"未引用（保留索引）"
res/VOz.png,575,.png,undefined,unused,"未引用（保留索引）"
res/VPM.xml,1192,.xml,undefined,unused,"未引用（保留索引）"
res/VPZ.xml,2768,.xml,undefined,unused,"未引用（保留索引）"
res/VPb.webp,210,.webp,undefined,unused,"未引用（保留索引）"
res/VPn.png,1214,.png,undefined,unused,"未引用（保留索引）"
res/VPp.xml,6048,.xml,undefined,unused,"未引用（保留索引）"
res/VRT.png,16494,.png,undefined,unused,"未引用（保留索引）"
res/VRV.png,554,.png,undefined,unused,"未引用（保留索引）"
res/VSn.xml,2148,.xml,undefined,unused,"未引用（保留索引）"
res/VT6.png,375,.png,undefined,unused,"未引用（保留索引）"
res/VUd.png,4545,.png,undefined,unused,"未引用（保留索引）"
res/VVV.png,10111,.png,undefined,unused,"未引用（保留索引）"
res/VVc.ttf,1414784,.ttf,undefined,unused,"未引用（保留索引）"
res/VW1.png,415,.png,undefined,unused,"未引用（保留索引）"
res/VWb.xml,2968,.xml,undefined,unused,"未引用（保留索引）"
res/VWc.png,631,.png,undefined,unused,"未引用（保留索引）"
res/VXR.xml,9672,.xml,undefined,unused,"未引用（保留索引）"
res/VXw.xml,9012,.xml,undefined,unused,"未引用（保留索引）"
res/VYN.xml,4128,.xml,undefined,unused,"未引用（保留索引）"
res/VYQ.xml,592,.xml,undefined,unused,"未引用（保留索引）"
res/VYU.webp,33274,.webp,undefined,unused,"未引用（保留索引）"
res/VYZ.xml,2236,.xml,undefined,unused,"未引用（保留索引）"
res/VZS.xml,3524,.xml,undefined,unused,"未引用（保留索引）"
res/V_0.webp,2170,.webp,undefined,unused,"未引用（保留索引）"
res/V_D.xml,468,.xml,undefined,unused,"未引用（保留索引）"
res/VaS.xml,1084,.xml,undefined,unused,"未引用（保留索引）"
res/Vag.png,367,.png,undefined,unused,"未引用（保留索引）"
res/Vc2.xml,784,.xml,undefined,unused,"未引用（保留索引）"
res/Vck.webp,26350,.webp,undefined,unused,"未引用（保留索引）"
res/VeH.xml,2520,.xml,undefined,unused,"未引用（保留索引）"
res/VeI.png,1968,.png,undefined,unused,"未引用（保留索引）"
res/VeZ.webp,1924,.webp,undefined,unused,"未引用（保留索引）"
res/Vf0.xml,860,.xml,undefined,unused,"未引用（保留索引）"
res/VfF.png,498,.png,undefined,unused,"未引用（保留索引）"
res/VfP.xml,2124,.xml,undefined,unused,"未引用（保留索引）"
res/VfZ.xml,1552,.xml,undefined,unused,"未引用（保留索引）"
res/Vfb.webp,2228,.webp,undefined,unused,"未引用（保留索引）"
res/Vfb.xml,468,.xml,undefined,unused,"未引用（保留索引）"
res/Vfr.webp,318,.webp,undefined,unused,"未引用（保留索引）"
res/Vfy.xml,812,.xml,undefined,unused,"未引用（保留索引）"
res/Vfz.webp,82690,.webp,undefined,unused,"未引用（保留索引）"
res/Vg0.xml,1064,.xml,undefined,unused,"未引用（保留索引）"
res/Vg9.webp,214322,.webp,undefined,unused,"未引用（保留索引）"
res/Vh7.xml,2296,.xml,undefined,unused,"未引用（保留索引）"
res/Vhy.xml,3100,.xml,undefined,unused,"未引用（保留索引）"
res/Vj7.webp,26554,.webp,undefined,unused,"未引用（保留索引）"
res/VjS.png,4079,.png,undefined,unused,"未引用（保留索引）"
res/VjY.png,2628,.png,undefined,unused,"未引用（保留索引）"
res/Vk-.webp,64056,.webp,undefined,unused,"未引用（保留索引）"
res/Vk3.png,457,.png,undefined,unused,"未引用（保留索引）"
res/VkB.png,1304,.png,undefined,unused,"未引用（保留索引）"
res/Vkv.webp,224,.webp,undefined,unused,"未引用（保留索引）"
res/VlM.png,2074,.png,undefined,unused,"未引用（保留索引）"
res/VlQ.xml,304,.xml,undefined,unused,"未引用（保留索引）"
res/Vm4.png,233,.png,undefined,unused,"未引用（保留索引）"
res/Vm7.png,6301,.png,undefined,unused,"未引用（保留索引）"
res/VnE.webp,2342,.webp,undefined,unused,"未引用（保留索引）"
res/VnN.png,2404,.png,undefined,unused,"未引用（保留索引）"
res/Vni.xml,416,.xml,undefined,unused,"未引用（保留索引）"
res/Vnx.xml,468,.xml,undefined,unused,"未引用（保留索引）"
res/VoY.png,91734,.png,undefined,unused,"未引用（保留索引）"
res/Vow.png,4991,.png,undefined,unused,"未引用（保留索引）"
res/VpF.xml,1468,.xml,undefined,unused,"未引用（保留索引）"
res/VpK.png,124502,.png,undefined,unused,"未引用（保留索引）"
res/VpL.xml,668,.xml,undefined,unused,"未引用（保留索引）"
res/VqP.png,1208,.png,undefined,unused,"未引用（保留索引）"
res/Vr0.png,550,.png,undefined,unused,"未引用（保留索引）"
res/VsE.xml,1472,.xml,undefined,unused,"未引用（保留索引）"
res/Vsy.png,2106,.png,undefined,unused,"未引用（保留索引）"
res/Vsz.png,9188,.png,undefined,unused,"未引用（保留索引）"
res/Vt9.png,8904,.png,undefined,unused,"未引用（保留索引）"
res/Vtb.png,501,.png,undefined,unused,"未引用（保留索引）"
res/Vtj.xml,2084,.xml,undefined,unused,"未引用（保留索引）"
res/Vtt.png,1304,.png,undefined,unused,"未引用（保留索引）"
res/VuH.webp,502,.webp,undefined,unused,"未引用（保留索引）"
res/VuM.xml,2584,.xml,undefined,unused,"未引用（保留索引）"
res/Vuu.png,2843,.png,undefined,unused,"未引用（保留索引）"
res/Vv4.webp,312,.webp,undefined,unused,"未引用（保留索引）"
res/VvG.xml,516,.xml,undefined,unused,"未引用（保留索引）"
res/VvT.webp,213082,.webp,undefined,unused,"未引用（保留索引）"
res/VvY.png,1366,.png,undefined,unused,"未引用（保留索引）"
res/Vvi.xml,484,.xml,undefined,unused,"未引用（保留索引）"
res/VwH.webp,1040,.webp,undefined,unused,"未引用（保留索引）"
res/Vwt.xml,1524,.xml,undefined,unused,"未引用（保留索引）"
res/VxJ.png,1101,.png,undefined,unused,"未引用（保留索引）"
res/VxX.png,14725,.png,undefined,unused,"未引用（保留索引）"
res/Vxv.png,4398,.png,undefined,unused,"未引用（保留索引）"
res/VyB.png,930,.png,undefined,unused,"未引用（保留索引）"
res/Vyf.png,28488,.png,undefined,unused,"未引用（保留索引）"
res/Vz5.png,2928,.png,undefined,unused,"未引用（保留索引）"
res/Vzd.webp,2710,.webp,undefined,unused,"未引用（保留索引）"
res/Vzh.webp,514,.webp,undefined,unused,"未引用（保留索引）"
res/W-0.png,6841,.png,undefined,unused,"未引用（保留索引）"
res/W-J.png,4412,.png,undefined,unused,"未引用（保留索引）"
res/W-v.webp,5876,.webp,undefined,unused,"未引用（保留索引）"
res/W0C.xml,1252,.xml,undefined,unused,"未引用（保留索引）"
res/W0G.xml,448,.xml,undefined,unused,"未引用（保留索引）"
res/W0J.xml,576,.xml,undefined,unused,"未引用（保留索引）"
res/W0f.webp,698,.webp,undefined,unused,"未引用（保留索引）"
res/W0u.xml,552,.xml,undefined,unused,"未引用（保留索引）"
res/W26.png,13921,.png,undefined,unused,"未引用（保留索引）"
res/W2W.xml,628,.xml,undefined,unused,"未引用（保留索引）"
res/W2g.webp,9996,.webp,undefined,unused,"未引用（保留索引）"
res/W37.webp,410,.webp,undefined,unused,"未引用（保留索引）"
res/W3V.png,142986,.png,undefined,unused,"未引用（保留索引）"
res/W41.png,24456,.png,undefined,unused,"未引用（保留索引）"
res/W57.xml,484,.xml,undefined,unused,"未引用（保留索引）"
res/W58.xml,1300,.xml,undefined,unused,"未引用（保留索引）"
res/W5M.xml,920,.xml,undefined,unused,"未引用（保留索引）"
res/W5t.png,813,.png,undefined,unused,"未引用（保留索引）"
res/W6y.png,4528,.png,undefined,unused,"未引用（保留索引）"
res/W74.xml,2404,.xml,undefined,unused,"未引用（保留索引）"
res/W7s.xml,1932,.xml,undefined,unused,"未引用（保留索引）"
res/W9A.xml,1184,.xml,undefined,unused,"未引用（保留索引）"
res/WA0.png,39319,.png,undefined,unused,"未引用（保留索引）"
res/WAM.xml,2216,.xml,undefined,unused,"未引用（保留索引）"
res/WB5.png,3335,.png,undefined,unused,"未引用（保留索引）"
res/WB9.webp,356,.webp,undefined,unused,"未引用（保留索引）"
res/WBb.webp,7232,.webp,undefined,unused,"未引用（保留索引）"
res/WBr.png,3266,.png,undefined,unused,"未引用（保留索引）"
res/WCE.webp,554,.webp,undefined,unused,"未引用（保留索引）"
res/WCL.webp,2276,.webp,undefined,unused,"未引用（保留索引）"
res/WCV.png,816,.png,undefined,unused,"未引用（保留索引）"
res/WCW.xml,8212,.xml,undefined,unused,"未引用（保留索引）"
res/WCo.png,2536,.png,undefined,unused,"未引用（保留索引）"
res/WD9.png,3426,.png,undefined,unused,"未引用（保留索引）"
res/WDL.xml,4508,.xml,undefined,unused,"未引用（保留索引）"
res/WEh.png,259,.png,undefined,unused,"未引用（保留索引）"
res/WFh.png,12655,.png,undefined,unused,"未引用（保留索引）"
res/WGn.xml,724,.xml,undefined,unused,"未引用（保留索引）"
res/WGt.xml,3156,.xml,undefined,unused,"未引用（保留索引）"
res/WHa.png,52511,.png,undefined,unused,"未引用（保留索引）"
res/WI9.png,3896,.png,undefined,unused,"未引用（保留索引）"
res/WID.webp,260,.webp,undefined,unused,"未引用（保留索引）"
res/WJ8.png,1991,.png,undefined,unused,"未引用（保留索引）"
res/WJd.xml,632,.xml,undefined,unused,"未引用（保留索引）"
res/WJy.webp,27844,.webp,undefined,unused,"未引用（保留索引）"
res/WK8.webp,40802,.webp,undefined,unused,"未引用（保留索引）"
res/WKa.png,11256,.png,undefined,unused,"未引用（保留索引）"
res/WL7.png,572,.png,undefined,unused,"未引用（保留索引）"
res/WL9.webp,8442,.webp,undefined,unused,"未引用（保留索引）"
res/WLW.webp,1000,.webp,undefined,unused,"未引用（保留索引）"
res/WLw.xml,588,.xml,undefined,unused,"未引用（保留索引）"
res/WO3.xml,1028,.xml,undefined,unused,"未引用（保留索引）"
res/WOE.png,67,.png,undefined,unused,"未引用（保留索引）"
res/WP3.xml,564,.xml,undefined,unused,"未引用（保留索引）"
res/WPW.xml,3364,.xml,undefined,unused,"未引用（保留索引）"
res/WPl.xml,2116,.xml,undefined,unused,"未引用（保留索引）"
res/WQ-.png,2131,.png,undefined,unused,"未引用（保留索引）"
res/WQO.webp,1576,.webp,undefined,unused,"未引用（保留索引）"
res/WQd.png,1042,.png,undefined,unused,"未引用（保留索引）"
res/WQz.xml,2392,.xml,undefined,unused,"未引用（保留索引）"
res/WR-.png,5202,.png,undefined,unused,"未引用（保留索引）"
res/WSZ.xml,2488,.xml,undefined,unused,"未引用（保留索引）"
res/WSn.webp,734,.webp,undefined,unused,"未引用（保留索引）"
res/WTH.xml,12520,.xml,undefined,unused,"未引用（保留索引）"
res/WTb.xml,984,.xml,undefined,unused,"未引用（保留索引）"
res/WTe.png,9799,.png,undefined,unused,"未引用（保留索引）"
res/WTx.xml,932,.xml,undefined,unused,"未引用（保留索引）"
res/WUq.png,10198,.png,undefined,unused,"未引用（保留索引）"
res/WUu.webp,208264,.webp,undefined,unused,"未引用（保留索引）"
res/WVG.xml,448,.xml,undefined,unused,"未引用（保留索引）"
res/WV_.xml,9524,.xml,undefined,unused,"未引用（保留索引）"
res/WVs.png,35305,.png,undefined,unused,"未引用（保留索引）"
res/WWE.webp,8174,.webp,undefined,unused,"未引用（保留索引）"
res/WWV.webp,540,.webp,undefined,unused,"未引用（保留索引）"
res/WX2.png,27966,.png,undefined,unused,"未引用（保留索引）"
res/WXA.xml,872,.xml,undefined,unused,"未引用（保留索引）"
res/WXj.webp,4038,.webp,undefined,unused,"未引用（保留索引）"
res/WXk.png,4830,.png,undefined,unused,"未引用（保留索引）"
res/WYE.png,1704,.png,undefined,unused,"未引用（保留索引）"
res/WYN.xml,1720,.xml,undefined,unused,"未引用（保留索引）"
res/WZO.png,3668,.png,undefined,unused,"未引用（保留索引）"
res/WZe.xml,12592,.xml,undefined,unused,"未引用（保留索引）"
res/Wa2.xml,3976,.xml,undefined,unused,"未引用（保留索引）"
res/WcU.png,50925,.png,undefined,unused,"未引用（保留索引）"
res/WcV.png,17477,.png,undefined,unused,"未引用（保留索引）"
res/Wcy.png,5075,.png,undefined,unused,"未引用（保留索引）"
res/WdB.png,3337,.png,undefined,unused,"未引用（保留索引）"
res/WdM.png,751,.png,undefined,unused,"未引用（保留索引）"
res/Wef.xml,3536,.xml,undefined,unused,"未引用（保留索引）"
res/Wew.webp,584,.webp,undefined,unused,"未引用（保留索引）"
res/Wfz.png,24463,.png,undefined,unused,"未引用（保留索引）"
res/WgK.png,58429,.png,undefined,unused,"未引用（保留索引）"
res/WgS.webp,77414,.webp,undefined,unused,"未引用（保留索引）"
res/Wgc.webp,3334,.webp,undefined,unused,"未引用（保留索引）"
res/Wgc.xml,568,.xml,undefined,unused,"未引用（保留索引）"
res/Wh9.png,4566,.png,undefined,unused,"未引用（保留索引）"
res/Whk.xml,2332,.xml,undefined,unused,"未引用（保留索引）"
res/Wj4.xml,3568,.xml,undefined,unused,"未引用（保留索引）"
res/WjD.xml,2380,.xml,undefined,unused,"未引用（保留索引）"
res/WkC.xml,2092,.xml,undefined,unused,"未引用（保留索引）"
res/WkR.png,10856,.png,undefined,unused,"未引用（保留索引）"
res/Wlx.xml,1012,.xml,undefined,unused,"未引用（保留索引）"
res/Wm6.png,38884,.png,undefined,unused,"未引用（保留索引）"
res/WmP.xml,2524,.xml,undefined,unused,"未引用（保留索引）"
res/WnE.xml,1220,.xml,undefined,unused,"未引用（保留索引）"
res/WnG.png,562,.png,undefined,unused,"未引用（保留索引）"
res/Wnh.png,256,.png,undefined,unused,"未引用（保留索引）"
res/Wnh.xml,484,.xml,undefined,unused,"未引用（保留索引）"
res/WoU.png,805,.png,undefined,unused,"未引用（保留索引）"
res/Woc.xml,8216,.xml,undefined,unused,"未引用（保留索引）"
res/WpB.png,3111,.png,undefined,unused,"未引用（保留索引）"
res/WpG.xml,616,.xml,undefined,unused,"未引用（保留索引）"
res/WpY.png,211,.png,undefined,unused,"未引用（保留索引）"
res/Wpb.xml,14164,.xml,undefined,unused,"未引用（保留索引）"
res/Wqk.xml,576,.xml,undefined,unused,"未引用（保留索引）"
res/WrX.png,1550,.png,undefined,unused,"未引用（保留索引）"
res/WsB.xml,6200,.xml,undefined,unused,"未引用（保留索引）"
res/Wsf.png,3246,.png,undefined,unused,"未引用（保留索引）"
res/Wt9.png,596,.png,undefined,unused,"未引用（保留索引）"
res/WtU.xml,588,.xml,undefined,unused,"未引用（保留索引）"
res/WvV.png,1981,.png,undefined,unused,"未引用（保留索引）"
res/Wvi.png,2664,.png,undefined,unused,"未引用（保留索引）"
res/Wvk.xml,1760,.xml,undefined,unused,"未引用（保留索引）"
res/Ww3.png,13188,.png,undefined,unused,"未引用（保留索引）"
res/Wwb.png,45092,.png,undefined,unused,"未引用（保留索引）"
res/WxJ.webp,2898,.webp,undefined,unused,"未引用（保留索引）"
res/WxO.xml,2208,.xml,undefined,unused,"未引用（保留索引）"
res/Wy7.png,2785,.png,undefined,unused,"未引用（保留索引）"
res/WyK.webp,4466,.webp,undefined,unused,"未引用（保留索引）"
res/Wyi.xml,3700,.xml,undefined,unused,"未引用（保留索引）"
res/Wzt.png,2018,.png,undefined,unused,"未引用（保留索引）"
res/X-Q.xml,2308,.xml,undefined,unused,"未引用（保留索引）"
res/X06.png,60443,.png,undefined,unused,"未引用（保留索引）"
res/X0D.xml,704,.xml,undefined,unused,"未引用（保留索引）"
res/X0n.png,290,.png,undefined,unused,"未引用（保留索引）"
res/X1Y.xml,4668,.xml,undefined,unused,"未引用（保留索引）"
res/X1w.png,411,.png,undefined,unused,"未引用（保留索引）"
res/X3B.png,5868,.png,undefined,unused,"未引用（保留索引）"
res/X3N.xml,6284,.xml,undefined,unused,"未引用（保留索引）"
res/X3R.xml,356,.xml,undefined,unused,"未引用（保留索引）"
res/X3V.9.png,235,.png,undefined,unused,"未引用（保留索引）"
res/X4G.png,474,.png,undefined,unused,"未引用（保留索引）"
res/X4M.xml,1132,.xml,undefined,unused,"未引用（保留索引）"
res/X5d.png,420,.png,undefined,unused,"未引用（保留索引）"
res/X5i.webp,6162,.webp,undefined,unused,"未引用（保留索引）"
res/X6-.png,5612,.png,undefined,unused,"未引用（保留索引）"
res/X63.png,7337,.png,undefined,unused,"未引用（保留索引）"
res/X67.xml,6444,.xml,undefined,unused,"未引用（保留索引）"
res/X6S.xml,2984,.xml,undefined,unused,"未引用（保留索引）"
res/X6a.xml,2368,.xml,undefined,unused,"未引用（保留索引）"
res/X6q.xml,420,.xml,undefined,unused,"未引用（保留索引）"
res/X6v.png,45788,.png,undefined,unused,"未引用（保留索引）"
res/X6w.png,1494,.png,undefined,unused,"未引用（保留索引）"
res/X7Z.xml,3464,.xml,undefined,unused,"未引用（保留索引）"
res/X7p.png,1433,.png,undefined,unused,"未引用（保留索引）"
res/X8A.xml,1364,.xml,undefined,unused,"未引用（保留索引）"
res/X8d.png,23477,.png,undefined,unused,"未引用（保留索引）"
res/X8p.xml,1124,.xml,undefined,unused,"未引用（保留索引）"
res/X9E.xml,476,.xml,undefined,unused,"未引用（保留索引）"
res/X9u.9.png,4215,.png,undefined,unused,"未引用（保留索引）"
res/X9v.png,15213,.png,undefined,unused,"未引用（保留索引）"
res/XBZ.xml,2872,.xml,undefined,unused,"未引用（保留索引）"
res/XC6.xml,7044,.xml,undefined,unused,"未引用（保留索引）"
res/XCO.webp,690,.webp,undefined,unused,"未引用（保留索引）"
res/XCX.xml,464,.xml,undefined,unused,"未引用（保留索引）"
res/XDE.xml,1244,.xml,undefined,unused,"未引用（保留索引）"
res/XDF.png,1944,.png,undefined,unused,"未引用（保留索引）"
res/XDc.xml,912,.xml,undefined,unused,"未引用（保留索引）"
res/XDj.webp,8302,.webp,undefined,unused,"未引用（保留索引）"
res/XDs.png,1031,.png,undefined,unused,"未引用（保留索引）"
res/XEF.png,59814,.png,undefined,unused,"未引用（保留索引）"
res/XEg.png,1570,.png,undefined,unused,"未引用（保留索引）"
res/XFP.xml,13800,.xml,undefined,unused,"未引用（保留索引）"
res/XFQ.xml,912,.xml,undefined,unused,"未引用（保留索引）"
res/XFj.png,7186,.png,undefined,unused,"未引用（保留索引）"
res/XFu.png,1805,.png,undefined,unused,"未引用（保留索引）"
res/XGg.webp,5028,.webp,undefined,unused,"未引用（保留索引）"
res/XGm.xml,880,.xml,undefined,unused,"未引用（保留索引）"
res/XH3.xml,2336,.xml,undefined,unused,"未引用（保留索引）"
res/XH5.xml,600,.xml,undefined,unused,"未引用（保留索引）"
res/XHO.webp,30090,.webp,undefined,unused,"未引用（保留索引）"
res/XHi.xml,2328,.xml,undefined,unused,"未引用（保留索引）"
res/XI2.xml,884,.xml,undefined,unused,"未引用（保留索引）"
res/XIC.xml,1576,.xml,undefined,unused,"未引用（保留索引）"
res/XIE.xml,2684,.xml,undefined,unused,"未引用（保留索引）"
res/XIJ.png,16288,.png,undefined,unused,"未引用（保留索引）"
res/XIj.webp,16510,.webp,undefined,unused,"未引用（保留索引）"
res/XJN.webp,4119,.webp,undefined,unused,"未引用（保留索引）"
res/XKP.9.png,718,.png,undefined,unused,"未引用（保留索引）"
res/XKV.png,1252,.png,undefined,unused,"未引用（保留索引）"
res/XLj.png,66392,.png,undefined,unused,"未引用（保留索引）"
res/XMf.xml,124,.xml,undefined,unused,"未引用（保留索引）"
res/XMn.xml,1532,.xml,undefined,unused,"未引用（保留索引）"
res/XO1.png,11321,.png,undefined,unused,"未引用（保留索引）"
res/XOg.png,304,.png,undefined,unused,"未引用（保留索引）"
res/XOk.xml,420,.xml,undefined,unused,"未引用（保留索引）"
res/XP7.png,876,.png,undefined,unused,"未引用（保留索引）"
res/XPQ.webp,18840,.webp,undefined,unused,"未引用（保留索引）"
res/XPv.xml,1004,.xml,undefined,unused,"未引用（保留索引）"
res/XRd.png,5006,.png,undefined,unused,"未引用（保留索引）"
res/XRs.webp,1866,.webp,undefined,unused,"未引用（保留索引）"
res/XSW.xml,2072,.xml,undefined,unused,"未引用（保留索引）"
res/XSY.webp,7630,.webp,undefined,unused,"未引用（保留索引）"
res/XTN.webp,19798,.webp,undefined,unused,"未引用（保留索引）"
res/XTs.xml,608,.xml,undefined,unused,"未引用（保留索引）"
res/XUk.webp,418,.webp,undefined,unused,"未引用（保留索引）"
res/XVK.xml,4096,.xml,undefined,unused,"未引用（保留索引）"
res/XVR.xml,1756,.xml,undefined,unused,"未引用（保留索引）"
res/XVd.xml,5108,.xml,undefined,unused,"未引用（保留索引）"
res/XW2.png,15894,.png,undefined,unused,"未引用（保留索引）"
res/XW6.xml,2556,.xml,undefined,unused,"未引用（保留索引）"
res/XWC.xml,7376,.xml,undefined,unused,"未引用（保留索引）"
res/XWe.png,18907,.png,undefined,unused,"未引用（保留索引）"
res/XWt.xml,704,.xml,undefined,unused,"未引用（保留索引）"
res/XWx.png,19379,.png,undefined,unused,"未引用（保留索引）"
res/XX0.png,255,.png,undefined,unused,"未引用（保留索引）"
res/XYS.png,454,.png,undefined,unused,"未引用（保留索引）"
res/XYg.webp,24710,.webp,undefined,unused,"未引用（保留索引）"
res/XYs.png,1541,.png,undefined,unused,"未引用（保留索引）"
res/XYw.xml,592,.xml,undefined,unused,"未引用（保留索引）"
res/XZK.png,2968,.png,undefined,unused,"未引用（保留索引）"
res/XZZ.png,1844,.png,undefined,unused,"未引用（保留索引）"
res/XZc.xml,1072,.xml,undefined,unused,"未引用（保留索引）"
res/XZq.xml,964,.xml,undefined,unused,"未引用（保留索引）"
res/X_L.png,25256,.png,undefined,unused,"未引用（保留索引）"
res/X_V.xml,1420,.xml,undefined,unused,"未引用（保留索引）"
res/XaG.xml,4632,.xml,undefined,unused,"未引用（保留索引）"
res/Xa_.xml,872,.xml,undefined,unused,"未引用（保留索引）"
res/Xad.png,607,.png,undefined,unused,"未引用（保留索引）"
res/Xb9.png,361,.png,undefined,unused,"未引用（保留索引）"
res/XbK.png,33717,.png,undefined,unused,"未引用（保留索引）"
res/Xbv.png,565,.png,undefined,unused,"未引用（保留索引）"
res/Xcs.xml,916,.xml,undefined,unused,"未引用（保留索引）"
res/Xcx.webp,16576,.webp,undefined,unused,"未引用（保留索引）"
res/XdC.xml,3256,.xml,undefined,unused,"未引用（保留索引）"
res/XdN.png,27024,.png,undefined,unused,"未引用（保留索引）"
res/Xe8.png,54051,.png,undefined,unused,"未引用（保留索引）"
res/XeH.png,2892,.png,undefined,unused,"未引用（保留索引）"
res/XfT.png,16200,.png,undefined,unused,"未引用（保留索引）"
res/XfT.xml,1896,.xml,undefined,unused,"未引用（保留索引）"
res/Xfa.webp,16812,.webp,undefined,unused,"未引用（保留索引）"
res/XhL.png,78702,.png,undefined,unused,"未引用（保留索引）"
res/Xht.xml,604,.xml,undefined,unused,"未引用（保留索引）"
res/Xhu.png,1199,.png,undefined,unused,"未引用（保留索引）"
res/XiO.png,6920,.png,undefined,unused,"未引用（保留索引）"
res/Xim.png,5210,.png,undefined,unused,"未引用（保留索引）"
res/Xiy.webp,13374,.webp,undefined,unused,"未引用（保留索引）"
res/Xjd.webp,1452,.webp,undefined,unused,"未引用（保留索引）"
res/XkS.webp,526,.webp,undefined,unused,"未引用（保留索引）"
res/Xkr.png,2280,.png,undefined,unused,"未引用（保留索引）"
res/Xl-.png,1290,.png,undefined,unused,"未引用（保留索引）"
res/Xl0.xml,792,.xml,undefined,unused,"未引用（保留索引）"
res/XlQ.webp,41816,.webp,undefined,unused,"未引用（保留索引）"
res/Xlj.png,2279,.png,undefined,unused,"未引用（保留索引）"
res/Xlo.png,889,.png,undefined,unused,"未引用（保留索引）"
res/Xlu.xml,2000,.xml,undefined,unused,"未引用（保留索引）"
res/XnC.png,1651,.png,undefined,unused,"未引用（保留索引）"
res/XnK.png,9383,.png,undefined,unused,"未引用（保留索引）"
res/Xnk.png,15765,.png,undefined,unused,"未引用（保留索引）"
res/Xnk.xml,488,.xml,undefined,unused,"未引用（保留索引）"
res/Xnl.xml,3512,.xml,undefined,unused,"未引用（保留索引）"
res/Xnp.xml,368,.xml,undefined,unused,"未引用（保留索引）"
res/Xoa.xml,948,.xml,undefined,unused,"未引用（保留索引）"
res/Xoc.png,315,.png,undefined,unused,"未引用（保留索引）"
res/Xok.webp,5012,.webp,undefined,unused,"未引用（保留索引）"
res/Xp0.9.png,430,.png,undefined,unused,"未引用（保留索引）"
res/Xp1.xml,4748,.xml,undefined,unused,"未引用（保留索引）"
res/Xp7.png,1465,.png,undefined,unused,"未引用（保留索引）"
res/XpG.xml,1448,.xml,undefined,unused,"未引用（保留索引）"
res/XpQ.xml,588,.xml,undefined,unused,"未引用（保留索引）"
res/XpS.webp,590,.webp,undefined,unused,"未引用（保留索引）"
res/XpX.webp,30042,.webp,undefined,unused,"未引用（保留索引）"
res/Xpe.xml,1028,.xml,undefined,unused,"未引用（保留索引）"
res/Xq9.png,1905,.png,undefined,unused,"未引用（保留索引）"
res/XqM.webp,4916,.webp,undefined,unused,"未引用（保留索引）"
res/XrX.png,79115,.png,undefined,unused,"未引用（保留索引）"
res/Xrn.png,67,.png,undefined,unused,"未引用（保留索引）"
res/Xs1.xml,3688,.xml,undefined,unused,"未引用（保留索引）"
res/Xs3.9.png,225,.png,undefined,unused,"未引用（保留索引）"
res/Xs7.webp,4136,.webp,undefined,unused,"未引用（保留索引）"
res/Xsl.webp,1002,.webp,undefined,unused,"未引用（保留索引）"
res/Xsq.9.png,216,.png,undefined,unused,"未引用（保留索引）"
res/XtZ.xml,520,.xml,undefined,unused,"未引用（保留索引）"
res/Xu7.png,45210,.png,undefined,unused,"未引用（保留索引）"
res/XuI.xml,13820,.xml,undefined,unused,"未引用（保留索引）"
res/XuV.xml,1312,.xml,undefined,unused,"未引用（保留索引）"
res/Xuj.xml,2208,.xml,undefined,unused,"未引用（保留索引）"
res/XvN.xml,3932,.xml,undefined,unused,"未引用（保留索引）"
res/XvP.xml,2912,.xml,undefined,unused,"未引用（保留索引）"
res/XvP1.xml,484,.xml,undefined,unused,"未引用（保留索引）"
res/Xvf.webp,19244,.webp,undefined,unused,"未引用（保留索引）"
res/Xvl.xml,448,.xml,undefined,unused,"未引用（保留索引）"
res/Xvq.png,7072,.png,undefined,unused,"未引用（保留索引）"
res/Xwi.png,727,.png,undefined,unused,"未引用（保留索引）"
res/Xwk.webp,3108,.webp,undefined,unused,"未引用（保留索引）"
res/Xx8.xml,908,.xml,undefined,unused,"未引用（保留索引）"
res/XxE.xml,1028,.xml,undefined,unused,"未引用（保留索引）"
res/XxF.png,5124,.png,undefined,unused,"未引用（保留索引）"
res/XxT.png,27344,.png,undefined,unused,"未引用（保留索引）"
res/Xxi.png,7690,.png,undefined,unused,"未引用（保留索引）"
res/Xy5.png,5267,.png,undefined,unused,"未引用（保留索引）"
res/Xy8.png,1124,.png,undefined,unused,"未引用（保留索引）"
res/XyS.png,1501,.png,undefined,unused,"未引用（保留索引）"
res/Xyh.png,2615,.png,undefined,unused,"未引用（保留索引）"
res/Xyr.png,2664,.png,undefined,unused,"未引用（保留索引）"
res/Xyy.xml,5412,.xml,undefined,unused,"未引用（保留索引）"
res/Y-x.png,142,.png,undefined,unused,"未引用（保留索引）"
res/Y05.xml,2296,.xml,undefined,unused,"未引用（保留索引）"
res/Y0n.webp,526,.webp,undefined,unused,"未引用（保留索引）"
res/Y11.png,905,.png,undefined,unused,"未引用（保留索引）"
res/Y2K.xml,2220,.xml,undefined,unused,"未引用（保留索引）"
res/Y2j.xml,1716,.xml,undefined,unused,"未引用（保留索引）"
res/Y2j1.xml,5008,.xml,undefined,unused,"未引用（保留索引）"
res/Y2k.webp,5220,.webp,undefined,unused,"未引用（保留索引）"
res/Y3e.webp,368,.webp,undefined,unused,"未引用（保留索引）"
res/Y3r.xml,912,.xml,undefined,unused,"未引用（保留索引）"
res/Y4o.webp,24842,.webp,undefined,unused,"未引用（保留索引）"
res/Y5-.xml,872,.xml,undefined,unused,"未引用（保留索引）"
res/Y5H.png,8084,.png,undefined,unused,"未引用（保留索引）"
res/Y5b.webp,16964,.webp,undefined,unused,"未引用（保留索引）"
res/Y5c.png,1209,.png,undefined,unused,"未引用（保留索引）"
res/Y5r.webp,3746,.webp,undefined,unused,"未引用（保留索引）"
res/Y68.webp,154,.webp,undefined,unused,"未引用（保留索引）"
res/Y6r.png,722,.png,undefined,unused,"未引用（保留索引）"
res/Y7f.xml,4716,.xml,undefined,unused,"未引用（保留索引）"
res/Y7k.xml,576,.xml,undefined,unused,"未引用（保留索引）"
res/Y7r.png,1458,.png,undefined,unused,"未引用（保留索引）"
res/Y8a.xml,2868,.xml,undefined,unused,"未引用（保留索引）"
res/Y8k.png,16938,.png,undefined,unused,"未引用（保留索引）"
res/Y9F.webp,368,.webp,undefined,unused,"未引用（保留索引）"
res/YAh.xml,19652,.xml,undefined,unused,"未引用（保留索引）"
res/YAn.xml,352,.xml,undefined,unused,"未引用（保留索引）"
res/YAp.xml,420,.xml,undefined,unused,"未引用（保留索引）"
res/YBB.png,18291,.png,undefined,unused,"未引用（保留索引）"
res/YCC.webp,43784,.webp,undefined,unused,"未引用（保留索引）"
res/YCD.9.png,77,.png,undefined,unused,"未引用（保留索引）"
res/YCS.xml,15396,.xml,undefined,unused,"未引用（保留索引）"
res/YCb.png,443,.png,undefined,unused,"未引用（保留索引）"
res/YCp.png,32899,.png,undefined,unused,"未引用（保留索引）"
res/YCt.png,29581,.png,undefined,unused,"未引用（保留索引）"
res/YD6.png,1975,.png,undefined,unused,"未引用（保留索引）"
res/YDC.webp,12502,.webp,undefined,unused,"未引用（保留索引）"
res/YDb.xml,8496,.xml,undefined,unused,"未引用（保留索引）"
res/YDb1.xml,704,.xml,undefined,unused,"未引用（保留索引）"
res/YDf.png,14159,.png,undefined,unused,"未引用（保留索引）"
res/YEm.xml,2644,.xml,undefined,unused,"未引用（保留索引）"
res/YEv.png,1622,.png,undefined,unused,"未引用（保留索引）"
res/YF3.xml,1216,.xml,undefined,unused,"未引用（保留索引）"
res/YF4.xml,320,.xml,undefined,unused,"未引用（保留索引）"
res/YFE.png,547,.png,undefined,unused,"未引用（保留索引）"
res/YFM.webp,273162,.webp,undefined,unused,"未引用（保留索引）"
res/YFS.webp,3130,.webp,undefined,unused,"未引用（保留索引）"
res/YFn.xml,520,.xml,undefined,unused,"未引用（保留索引）"
res/YGl.xml,4572,.xml,undefined,unused,"未引用（保留索引）"
res/YHE.xml,2276,.xml,undefined,unused,"未引用（保留索引）"
res/YHe.xml,468,.xml,undefined,unused,"未引用（保留索引）"
res/YHj.9.png,7553,.png,undefined,unused,"未引用（保留索引）"
res/YHt.9.png,178,.png,undefined,unused,"未引用（保留索引）"
res/YI6.xml,488,.xml,undefined,unused,"未引用（保留索引）"
res/YIf.png,132226,.png,undefined,unused,"未引用（保留索引）"
res/YIh.xml,3844,.xml,undefined,unused,"未引用（保留索引）"
res/YIk.xml,520,.xml,undefined,unused,"未引用（保留索引）"
res/YIq.png,551,.png,undefined,unused,"未引用（保留索引）"
res/YIr.png,3128,.png,undefined,unused,"未引用（保留索引）"
res/YJ1.webp,438,.webp,undefined,unused,"未引用（保留索引）"
res/YJb.webp,14164,.webp,undefined,unused,"未引用（保留索引）"
res/YJe.xml,3160,.xml,undefined,unused,"未引用（保留索引）"
res/YJs.webp,16878,.webp,undefined,unused,"未引用（保留索引）"
res/YKI.xml,2524,.xml,undefined,unused,"未引用（保留索引）"
res/YL4.webp,55104,.webp,undefined,unused,"未引用（保留索引）"
res/YLj.xml,468,.xml,undefined,unused,"未引用（保留索引）"
res/YMO.png,284,.png,undefined,unused,"未引用（保留索引）"
res/YMg.png,2360,.png,undefined,unused,"未引用（保留索引）"
res/YMq.xml,468,.xml,undefined,unused,"未引用（保留索引）"
res/YNl.png,10121,.png,undefined,unused,"未引用（保留索引）"
res/YO1.png,405,.png,undefined,unused,"未引用（保留索引）"
res/YP-.webp,25038,.webp,undefined,unused,"未引用（保留索引）"
res/YP3.png,73671,.png,undefined,unused,"未引用（保留索引）"
res/YPT.webp,17126,.webp,undefined,unused,"未引用（保留索引）"
res/YPf.webp,5350,.webp,undefined,unused,"未引用（保留索引）"
res/YPl.xml,4964,.xml,undefined,unused,"未引用（保留索引）"
res/YPs.xml,704,.xml,undefined,unused,"未引用（保留索引）"
res/YQK.png,33593,.png,undefined,unused,"未引用（保留索引）"
res/YQZ.xml,452,.xml,undefined,unused,"未引用（保留索引）"
res/YR3.xml,3388,.xml,undefined,unused,"未引用（保留索引）"
res/YRc.png,498,.png,undefined,unused,"未引用（保留索引）"
res/YRv.png,4646,.png,undefined,unused,"未引用（保留索引）"
res/YS-.xml,484,.xml,undefined,unused,"未引用（保留索引）"
res/YSq.png,2070,.png,undefined,unused,"未引用（保留索引）"
res/YT2.xml,504,.xml,undefined,unused,"未引用（保留索引）"
res/YTp.png,65621,.png,undefined,unused,"未引用（保留索引）"
res/YTs.xml,2400,.xml,undefined,unused,"未引用（保留索引）"
res/YU2.xml,3520,.xml,undefined,unused,"未引用（保留索引）"
res/YU7.png,3789,.png,undefined,unused,"未引用（保留索引）"
res/YVS.webp,2804,.webp,undefined,unused,"未引用（保留索引）"
res/YVs.xml,1372,.xml,undefined,unused,"未引用（保留索引）"
res/YW1.png,22258,.png,undefined,unused,"未引用（保留索引）"
res/YWR.png,3993,.png,undefined,unused,"未引用（保留索引）"
res/YWS.xml,20492,.xml,undefined,unused,"未引用（保留索引）"
res/YWg.png,943,.png,undefined,unused,"未引用（保留索引）"
res/YWo.png,275,.png,undefined,unused,"未引用（保留索引）"
res/YYN.xml,488,.xml,undefined,unused,"未引用（保留索引）"
res/YYS.xml,3060,.xml,undefined,unused,"未引用（保留索引）"
res/YYd.png,975,.png,undefined,unused,"未引用（保留索引）"
res/YZE.png,918,.png,undefined,unused,"未引用（保留索引）"
res/Y_U.xml,468,.xml,undefined,unused,"未引用（保留索引）"
res/Y_z.xml,956,.xml,undefined,unused,"未引用（保留索引）"
res/Ya8.png,1955,.png,undefined,unused,"未引用（保留索引）"
res/Yb5.png,2434,.png,undefined,unused,"未引用（保留索引）"
res/YbA.png,34964,.png,undefined,unused,"未引用（保留索引）"
res/Yd9.webp,1184,.webp,undefined,unused,"未引用（保留索引）"
res/Ydi.xml,4476,.xml,undefined,unused,"未引用（保留索引）"
res/Ydr.webp,2598,.webp,undefined,unused,"未引用（保留索引）"
res/Ydv.webp,1422,.webp,undefined,unused,"未引用（保留索引）"
res/YeM.xml,848,.xml,undefined,unused,"未引用（保留索引）"
res/Yf4.png,295,.png,undefined,unused,"未引用（保留索引）"
res/Yfb.png,309,.png,undefined,unused,"未引用（保留索引）"
res/Yfc.xml,5396,.xml,undefined,unused,"未引用（保留索引）"
res/Yfe.xml,492,.xml,undefined,unused,"未引用（保留索引）"
res/Yg6.xml,968,.xml,undefined,unused,"未引用（保留索引）"
res/YgL.png,8089,.png,undefined,unused,"未引用（保留索引）"
res/Yhg.png,281,.png,undefined,unused,"未引用（保留索引）"
res/YiJ.png,873,.png,undefined,unused,"未引用（保留索引）"
res/YiO.png,273,.png,undefined,unused,"未引用（保留索引）"
res/YiU.png,3049,.png,undefined,unused,"未引用（保留索引）"
res/Yik.png,5188,.png,undefined,unused,"未引用（保留索引）"
res/YjT.xml,4544,.xml,undefined,unused,"未引用（保留索引）"
res/YjW.png,9627,.png,undefined,unused,"未引用（保留索引）"
res/YjZ.xml,2916,.xml,undefined,unused,"未引用（保留索引）"
res/Yk5.webp,2812,.webp,undefined,unused,"未引用（保留索引）"
res/Yka.png,5577,.png,undefined,unused,"未引用（保留索引）"
res/Ykk.webp,38412,.webp,undefined,unused,"未引用（保留索引）"
res/Yko.png,44125,.png,undefined,unused,"未引用（保留索引）"
res/YlG.png,553,.png,undefined,unused,"未引用（保留索引）"
res/YlP.png,20930,.png,undefined,unused,"未引用（保留索引）"
res/YlR.png,3244,.png,undefined,unused,"未引用（保留索引）"
res/Ylx.xml,2180,.xml,undefined,unused,"未引用（保留索引）"
res/Yn5.xml,4360,.xml,undefined,unused,"未引用（保留索引）"
res/Ynn.xml,2972,.xml,undefined,unused,"未引用（保留索引）"
res/Ynp.xml,3900,.xml,undefined,unused,"未引用（保留索引）"
res/Ynq.xml,2560,.xml,undefined,unused,"未引用（保留索引）"
res/Yo5.xml,8872,.xml,undefined,unused,"未引用（保留索引）"
res/YoB.webp,46788,.webp,undefined,unused,"未引用（保留索引）"
res/YoX.png,4153,.png,undefined,unused,"未引用（保留索引）"
res/Yp4.xml,876,.xml,undefined,unused,"未引用（保留索引）"
res/YpR.xml,6500,.xml,undefined,unused,"未引用（保留索引）"
res/Ypi.xml,568,.xml,undefined,unused,"未引用（保留索引）"
res/Yps.png,137,.png,undefined,unused,"未引用（保留索引）"
res/YqE.png,291,.png,undefined,unused,"未引用（保留索引）"
res/YqH.xml,3492,.xml,undefined,unused,"未引用（保留索引）"
res/Yrm.png,44995,.png,undefined,unused,"未引用（保留索引）"
res/Yrt.webp,7844,.webp,undefined,unused,"未引用（保留索引）"
res/YtP.webp,1824,.webp,undefined,unused,"未引用（保留索引）"
res/YtV.9.png,825,.png,undefined,unused,"未引用（保留索引）"
res/Yu4.webp,1238,.webp,undefined,unused,"未引用（保留索引）"
res/Yue.png,4576,.png,undefined,unused,"未引用（保留索引）"
res/Yw5.xml,488,.xml,undefined,unused,"未引用（保留索引）"
res/Yw6.xml,456,.xml,undefined,unused,"未引用（保留索引）"
res/YwN.9.png,774,.png,undefined,unused,"未引用（保留索引）"
res/Ywi.png,29883,.png,undefined,unused,"未引用（保留索引）"
res/Ywn.webp,30018,.webp,undefined,unused,"未引用（保留索引）"
res/Yya.xml,1220,.xml,undefined,unused,"未引用（保留索引）"
res/YzP.png,13672,.png,undefined,unused,"未引用（保留索引）"
res/Yzi.webp,2380,.webp,undefined,unused,"未引用（保留索引）"
res/Yzy.xml,2796,.xml,undefined,unused,"未引用（保留索引）"
res/Z-P.png,874,.png,undefined,unused,"未引用（保留索引）"
res/Z-Y.xml,688,.xml,undefined,unused,"未引用（保留索引）"
res/Z0Q.png,788,.png,undefined,unused,"未引用（保留索引）"
res/Z0Q.webp,11386,.webp,undefined,unused,"未引用（保留索引）"
res/Z11.png,2679,.png,undefined,unused,"未引用（保留索引）"
res/Z1M.png,374,.png,undefined,unused,"未引用（保留索引）"
res/Z1P.xml,748,.xml,undefined,unused,"未引用（保留索引）"
res/Z1j.png,227,.png,undefined,unused,"未引用（保留索引）"
res/Z3e.png,5385,.png,undefined,unused,"未引用（保留索引）"
res/Z40.xml,424,.xml,undefined,unused,"未引用（保留索引）"
res/Z47.png,865,.png,undefined,unused,"未引用（保留索引）"
res/Z66.webp,12894,.webp,undefined,unused,"未引用（保留索引）"
res/Z6K.xml,884,.xml,undefined,unused,"未引用（保留索引）"
res/Z6v.xml,8440,.xml,undefined,unused,"未引用（保留索引）"
res/Z7V.xml,2876,.xml,undefined,unused,"未引用（保留索引）"
res/Z7e.xml,484,.xml,undefined,unused,"未引用（保留索引）"
res/Z86.webp,780,.webp,undefined,unused,"未引用（保留索引）"
res/Z9G.xml,2576,.xml,undefined,unused,"未引用（保留索引）"
res/Z9H.png,37146,.png,undefined,unused,"未引用（保留索引）"
res/ZAH.png,38639,.png,undefined,unused,"未引用（保留索引）"
res/ZAJ.xml,516,.xml,undefined,unused,"未引用（保留索引）"
res/ZAL.png,46957,.png,undefined,unused,"未引用（保留索引）"
res/ZB3.png,1173,.png,undefined,unused,"未引用（保留索引）"
res/ZBG.png,6043,.png,undefined,unused,"未引用（保留索引）"
res/ZBH.xml,8720,.xml,undefined,unused,"未引用（保留索引）"
res/ZBm.xml,2660,.xml,undefined,unused,"未引用（保留索引）"
res/ZBr.png,4067,.png,undefined,unused,"未引用（保留索引）"
res/ZCB.webp,54612,.webp,undefined,unused,"未引用（保留索引）"
res/ZCd.webp,36164,.webp,undefined,unused,"未引用（保留索引）"
res/ZDk.xml,2352,.xml,undefined,unused,"未引用（保留索引）"
res/ZDt.xml,468,.xml,undefined,unused,"未引用（保留索引）"
res/ZED.xml,3524,.xml,undefined,unused,"未引用（保留索引）"
res/ZEG.png,561532,.png,undefined,unused,"未引用（保留索引）"
res/ZEJ.png,7489,.png,undefined,unused,"未引用（保留索引）"
res/ZEL.png,233,.png,undefined,unused,"未引用（保留索引）"
res/ZER.xml,3780,.xml,undefined,unused,"未引用（保留索引）"
res/ZEr.png,64587,.png,undefined,unused,"未引用（保留索引）"
res/ZF7.xml,528,.xml,undefined,unused,"未引用（保留索引）"
res/ZFu.webp,1956,.webp,undefined,unused,"未引用（保留索引）"
res/ZG7.png,6135,.png,undefined,unused,"未引用（保留索引）"
res/ZGQ.xml,596,.xml,undefined,unused,"未引用（保留索引）"
res/ZGZ.xml,1132,.xml,undefined,unused,"未引用（保留索引）"
res/ZHi.xml,468,.xml,undefined,unused,"未引用（保留索引）"
res/ZId.xml,1868,.xml,undefined,unused,"未引用（保留索引）"
res/ZIi.xml,3584,.xml,undefined,unused,"未引用（保留索引）"
res/ZJF.png,4298,.png,undefined,unused,"未引用（保留索引）"
res/ZJL.xml,6720,.xml,undefined,unused,"未引用（保留索引）"
res/ZJf.xml,628,.xml,undefined,unused,"未引用（保留索引）"
res/ZK0.png,16306,.png,undefined,unused,"未引用（保留索引）"
res/ZK6.png,21947,.png,undefined,unused,"未引用（保留索引）"
res/ZKZ.webp,1062,.webp,undefined,unused,"未引用（保留索引）"
res/ZKs.png,2368,.png,undefined,unused,"未引用（保留索引）"
res/ZKs1.png,7679,.png,undefined,unused,"未引用（保留索引）"
res/ZL-.png,3699,.png,undefined,unused,"未引用（保留索引）"
res/ZLo.xml,3944,.xml,undefined,unused,"未引用（保留索引）"
res/ZM6.xml,3100,.xml,undefined,unused,"未引用（保留索引）"
res/ZNK.png,6433,.png,undefined,unused,"未引用（保留索引）"
res/ZNR.png,9288,.png,undefined,unused,"未引用（保留索引）"
res/ZOP.xml,468,.xml,undefined,unused,"未引用（保留索引）"
res/ZOr.xml,1180,.xml,undefined,unused,"未引用（保留索引）"
res/ZPc.png,545,.png,undefined,unused,"未引用（保留索引）"
res/ZPp.webp,310,.webp,undefined,unused,"未引用（保留索引）"
res/ZPu.xml,1084,.xml,undefined,unused,"未引用（保留索引）"
res/ZQ1.xml,600,.xml,undefined,unused,"未引用（保留索引）"
res/ZQJ.png,40856,.png,undefined,unused,"未引用（保留索引）"
res/ZRK.xml,4516,.xml,undefined,unused,"未引用（保留索引）"
res/ZRR.webp,2762,.webp,undefined,unused,"未引用（保留索引）"
res/ZS0.webp,4910,.webp,undefined,unused,"未引用（保留索引）"
res/ZSD.xml,8820,.xml,undefined,unused,"未引用（保留索引）"
res/ZSJ.png,54560,.png,undefined,unused,"未引用（保留索引）"
res/ZSf.webp,11598,.webp,undefined,unused,"未引用（保留索引）"
res/ZT5.xml,16152,.xml,undefined,unused,"未引用（保留索引）"
res/ZT7.png,9333,.png,undefined,unused,"未引用（保留索引）"
res/ZTJ.xml,5152,.xml,undefined,unused,"未引用（保留索引）"
res/ZTM.xml,1076,.xml,undefined,unused,"未引用（保留索引）"
res/ZUf.png,21748,.png,undefined,unused,"未引用（保留索引）"
res/ZVw.webp,2118,.webp,undefined,unused,"未引用（保留索引）"
res/ZW-.png,3857,.png,undefined,unused,"未引用（保留索引）"
res/ZW8.xml,788,.xml,undefined,unused,"未引用（保留索引）"
res/ZWy.xml,744,.xml,undefined,unused,"未引用（保留索引）"
res/ZXY.png,36774,.png,undefined,unused,"未引用（保留索引）"
res/ZXy.xml,1988,.xml,undefined,unused,"未引用（保留索引）"
res/ZYD.png,26225,.png,undefined,unused,"未引用（保留索引）"
res/ZYX.png,188,.png,undefined,unused,"未引用（保留索引）"
res/ZZL.png,4056,.png,undefined,unused,"未引用（保留索引）"
res/ZZa.webp,1094,.webp,undefined,unused,"未引用（保留索引）"
res/ZZg.png,2566,.png,undefined,unused,"未引用（保留索引）"
res/ZZi.png,2468,.png,undefined,unused,"未引用（保留索引）"
res/ZZk.png,2768,.png,undefined,unused,"未引用（保留索引）"
res/ZZl.png,2729,.png,undefined,unused,"未引用（保留索引）"
res/ZZm.png,2661,.png,undefined,unused,"未引用（保留索引）"
res/ZZn.png,2848,.png,undefined,unused,"未引用（保留索引）"
res/ZZp.png,2442,.png,undefined,unused,"未引用（保留索引）"
res/ZZr.png,2754,.png,undefined,unused,"未引用（保留索引）"
res/Z_u.webp,2430,.webp,undefined,unused,"未引用（保留索引）"
res/Za9.xml,320,.xml,undefined,unused,"未引用（保留索引）"
res/ZaH.xml,4708,.xml,undefined,unused,"未引用（保留索引）"
res/Zad.webp,1822,.webp,undefined,unused,"未引用（保留索引）"
res/ZbC.png,778,.png,undefined,unused,"未引用（保留索引）"
res/Zbh.xml,1032,.xml,undefined,unused,"未引用（保留索引）"
res/Zd0.xml,3296,.xml,undefined,unused,"未引用（保留索引）"
res/ZeI.xml,8224,.xml,undefined,unused,"未引用（保留索引）"
res/ZeZ.png,3988,.png,undefined,unused,"未引用（保留索引）"
res/Zea.xml,2440,.xml,undefined,unused,"未引用（保留索引）"
res/Zey.png,3165,.png,undefined,unused,"未引用（保留索引）"
res/Zf6.xml,1708,.xml,undefined,unused,"未引用（保留索引）"
res/ZfK.png,45528,.png,undefined,unused,"未引用（保留索引）"
res/ZfT.png,486,.png,undefined,unused,"未引用（保留索引）"
res/ZfY.webp,8482,.webp,undefined,unused,"未引用（保留索引）"
res/ZgH.webp,13154,.webp,undefined,unused,"未引用（保留索引）"
res/Zgw.png,2956,.png,undefined,unused,"未引用（保留索引）"
res/ZhR.png,91388,.png,undefined,unused,"未引用（保留索引）"
res/ZiK.xml,1944,.xml,undefined,unused,"未引用（保留索引）"
res/ZiV.9.png,107505,.png,undefined,unused,"未引用（保留索引）"
res/Zjn.xml,1016,.xml,undefined,unused,"未引用（保留索引）"
res/Zjx.webp,8398,.webp,undefined,unused,"未引用（保留索引）"
res/Zk0.xml,4252,.xml,undefined,unused,"未引用（保留索引）"
res/Zk2.png,13813,.png,undefined,unused,"未引用（保留索引）"
res/ZkC.xml,8916,.xml,undefined,unused,"未引用（保留索引）"
res/ZkF.xml,3460,.xml,undefined,unused,"未引用（保留索引）"
res/Zkt.png,8825,.png,undefined,unused,"未引用（保留索引）"
res/Zkz.xml,1500,.xml,undefined,unused,"未引用（保留索引）"
res/ZlN.xml,840,.xml,undefined,unused,"未引用（保留索引）"
res/ZlZ.webp,8786,.webp,undefined,unused,"未引用（保留索引）"
res/Zlg.xml,852,.xml,undefined,unused,"未引用（保留索引）"
res/ZmG.xml,1568,.xml,undefined,unused,"未引用（保留索引）"
res/Zmp.xml,4612,.xml,undefined,unused,"未引用（保留索引）"
res/Zoo.png,4323,.png,undefined,unused,"未引用（保留索引）"
res/Zot.xml,1824,.xml,undefined,unused,"未引用（保留索引）"
res/Zp0.png,231,.png,undefined,unused,"未引用（保留索引）"
res/Zpe.png,1770,.png,undefined,unused,"未引用（保留索引）"
res/Zqe.xml,564,.xml,undefined,unused,"未引用（保留索引）"
res/Zql.png,762,.png,undefined,unused,"未引用（保留索引）"
res/Zr7.xml,604,.xml,undefined,unused,"未引用（保留索引）"
res/ZrF.xml,468,.xml,undefined,unused,"未引用（保留索引）"
res/ZrP.xml,2060,.xml,undefined,unused,"未引用（保留索引）"
res/Zrq.xml,4972,.xml,undefined,unused,"未引用（保留索引）"
res/Zse.xml,848,.xml,undefined,unused,"未引用（保留索引）"
res/ZtU.png,2219,.png,undefined,unused,"未引用（保留索引）"
res/Ztf.xml,14620,.xml,undefined,unused,"未引用（保留索引）"
res/Ztn.png,41370,.png,undefined,unused,"未引用（保留索引）"
res/ZuC.png,5199,.png,undefined,unused,"未引用（保留索引）"
res/Zuu.png,474,.png,undefined,unused,"未引用（保留索引）"
res/Zv5.png,14944,.png,undefined,unused,"未引用（保留索引）"
res/Zv8.png,6243,.png,undefined,unused,"未引用（保留索引）"
res/ZvR.xml,2484,.xml,undefined,unused,"未引用（保留索引）"
res/ZvY.png,1092,.png,undefined,unused,"未引用（保留索引）"
res/Zvz.xml,4072,.xml,undefined,unused,"未引用（保留索引）"
res/ZwJ.xml,448,.xml,undefined,unused,"未引用（保留索引）"
res/ZwM.png,633,.png,undefined,unused,"未引用（保留索引）"
res/ZwR.xml,5648,.xml,undefined,unused,"未引用（保留索引）"
res/Zwn.webp,4250,.webp,undefined,unused,"未引用（保留索引）"
res/Zx7.xml,1700,.xml,undefined,unused,"未引用（保留索引）"
res/Zyr.png,14518,.png,undefined,unused,"未引用（保留索引）"
res/Zyw.png,3421,.png,undefined,unused,"未引用（保留索引）"
res/Zz7.png,1029,.png,undefined,unused,"未引用（保留索引）"
res/ZzV.png,234,.png,undefined,unused,"未引用（保留索引）"
res/Zzd.webp,810,.webp,undefined,unused,"未引用（保留索引）"
res/_-Q.xml,932,.xml,undefined,unused,"未引用（保留索引）"
res/_-W.xml,7392,.xml,undefined,unused,"未引用（保留索引）"
res/_0c.xml,2248,.xml,undefined,unused,"未引用（保留索引）"
res/_0x.png,3074,.png,undefined,unused,"未引用（保留索引）"
res/_0x1.png,1996,.png,undefined,unused,"未引用（保留索引）"
res/_14.xml,600,.xml,undefined,unused,"未引用（保留索引）"
res/_2-.xml,448,.xml,undefined,unused,"未引用（保留索引）"
res/_2K.png,1664,.png,undefined,unused,"未引用（保留索引）"
res/_2q.webp,490,.webp,undefined,unused,"未引用（保留索引）"
res/_2u.png,9344,.png,undefined,unused,"未引用（保留索引）"
res/_2v.png,2360,.png,undefined,unused,"未引用（保留索引）"
res/_3Y.webp,660,.webp,undefined,unused,"未引用（保留索引）"
res/_3c.png,38239,.png,undefined,unused,"未引用（保留索引）"
res/_45.png,3374,.png,undefined,unused,"未引用（保留索引）"
res/_4L.xml,8204,.xml,undefined,unused,"未引用（保留索引）"
res/_4Y.xml,1352,.xml,undefined,unused,"未引用（保留索引）"
res/_4c.xml,9440,.xml,undefined,unused,"未引用（保留索引）"
res/_4n.webp,708,.webp,undefined,unused,"未引用（保留索引）"
res/_5K.webp,102956,.webp,undefined,unused,"未引用（保留索引）"
res/_5W.xml,416,.xml,undefined,unused,"未引用（保留索引）"
res/_5w.xml,2848,.xml,undefined,unused,"未引用（保留索引）"
res/_68.9.png,244,.png,undefined,unused,"未引用（保留索引）"
res/_6U.xml,2180,.xml,undefined,unused,"未引用（保留索引）"
res/_6Y.xml,2988,.xml,undefined,unused,"未引用（保留索引）"
res/_7-.xml,492,.xml,undefined,unused,"未引用（保留索引）"
res/_7Y.png,563,.png,undefined,unused,"未引用（保留索引）"
res/_8o.webp,514,.webp,undefined,unused,"未引用（保留索引）"
res/_8u.png,3726,.png,undefined,unused,"未引用（保留索引）"
res/_8w.png,516,.png,undefined,unused,"未引用（保留索引）"
res/_9d.9.png,219,.png,undefined,unused,"未引用（保留索引）"
res/_9h.png,444,.png,undefined,unused,"未引用（保留索引）"
res/_9k.xml,1428,.xml,undefined,unused,"未引用（保留索引）"
res/_A1.png,2499,.png,undefined,unused,"未引用（保留索引）"
res/_A7.xml,5288,.xml,undefined,unused,"未引用（保留索引）"
res/_AF.png,580,.png,undefined,unused,"未引用（保留索引）"
res/_AN.xml,1184,.xml,undefined,unused,"未引用（保留索引）"
res/_AW.webp,8896,.webp,undefined,unused,"未引用（保留索引）"
res/_Ah.png,2776,.png,undefined,unused,"未引用（保留索引）"
res/_Ak.webp,68160,.webp,undefined,unused,"未引用（保留索引）"
res/_An.png,5704,.png,undefined,unused,"未引用（保留索引）"
res/_Aq.xml,5028,.xml,undefined,unused,"未引用（保留索引）"
res/_Au.png,7216,.png,undefined,unused,"未引用（保留索引）"
res/_B5.png,2000,.png,undefined,unused,"未引用（保留索引）"
res/_BP.png,1350,.png,undefined,unused,"未引用（保留索引）"
res/_DM.webp,17320,.webp,undefined,unused,"未引用（保留索引）"
res/_Dh.png,28916,.png,undefined,unused,"未引用（保留索引）"
res/_E5.png,1490,.png,undefined,unused,"未引用（保留索引）"
res/_EK.webp,17720,.webp,undefined,unused,"未引用（保留索引）"
res/_FD.xml,1836,.xml,undefined,unused,"未引用（保留索引）"
res/_G2.xml,576,.xml,undefined,unused,"未引用（保留索引）"
res/_Gn.png,20917,.png,undefined,unused,"未引用（保留索引）"
res/_In.xml,3796,.xml,undefined,unused,"未引用（保留索引）"
res/_Jt.webp,27968,.webp,undefined,unused,"未引用（保留索引）"
res/_L-.png,11710,.png,undefined,unused,"未引用（保留索引）"
res/_LJ.png,188,.png,undefined,unused,"未引用（保留索引）"
res/_M7.xml,3308,.xml,undefined,unused,"未引用（保留索引）"
res/_MX.xml,5676,.xml,undefined,unused,"未引用（保留索引）"
res/_NI.png,379,.png,undefined,unused,"未引用（保留索引）"
res/_NQ.png,284,.png,undefined,unused,"未引用（保留索引）"
res/_No.png,10232,.png,undefined,unused,"未引用（保留索引）"
res/_Nz.png,8861,.png,undefined,unused,"未引用（保留索引）"
res/_P-.xml,1736,.xml,undefined,unused,"未引用（保留索引）"
res/_PV.xml,1484,.xml,undefined,unused,"未引用（保留索引）"
res/_Pj.png,691,.png,undefined,unused,"未引用（保留索引）"
res/_Pl.xml,7016,.xml,undefined,unused,"未引用（保留索引）"
res/_Pp.png,138205,.png,undefined,unused,"未引用（保留索引）"
res/_Pz.webp,8312,.webp,undefined,unused,"未引用（保留索引）"
res/_QL.png,82648,.png,undefined,unused,"未引用（保留索引）"
res/_QN.xml,7700,.xml,undefined,unused,"未引用（保留索引）"
res/_Rc.xml,7120,.xml,undefined,unused,"未引用（保留索引）"
res/_T1.xml,1840,.xml,undefined,unused,"未引用（保留索引）"
res/_T8.png,39350,.png,undefined,unused,"未引用（保留索引）"
res/_UG.webp,7232,.webp,undefined,unused,"未引用（保留索引）"
res/_Uc.png,3047,.png,undefined,unused,"未引用（保留索引）"
res/_Ut.png,258,.png,undefined,unused,"未引用（保留索引）"
res/_Vc.png,1248,.png,undefined,unused,"未引用（保留索引）"
res/_Vp.png,6918,.png,undefined,unused,"未引用（保留索引）"
res/_Vu.png,15324,.png,undefined,unused,"未引用（保留索引）"
res/_Vx.png,1712,.png,undefined,unused,"未引用（保留索引）"
res/_XE.png,1300,.png,undefined,unused,"未引用（保留索引）"
res/_Xd.xml,5540,.xml,undefined,unused,"未引用（保留索引）"
res/_Y1.png,10033,.png,undefined,unused,"未引用（保留索引）"
res/_YA.xml,6488,.xml,undefined,unused,"未引用（保留索引）"
res/_YY.xml,1512,.xml,undefined,unused,"未引用（保留索引）"
res/_YZ.png,12133,.png,undefined,unused,"未引用（保留索引）"
res/_ZT.xml,3172,.xml,undefined,unused,"未引用（保留索引）"
res/_Zf.webp,896,.webp,undefined,unused,"未引用（保留索引）"
res/_Zh.webp,41328,.webp,undefined,unused,"未引用（保留索引）"
res/__N.png,851,.png,undefined,unused,"未引用（保留索引）"
res/_bd.png,3984,.png,undefined,unused,"未引用（保留索引）"
res/_bp.xml,1964,.xml,undefined,unused,"未引用（保留索引）"
res/_c2.xml,2688,.xml,undefined,unused,"未引用（保留索引）"
res/_cP.webp,8420,.webp,undefined,unused,"未引用（保留索引）"
res/_cV.xml,2612,.xml,undefined,unused,"未引用（保留索引）"
res/_cY.webp,4780,.webp,undefined,unused,"未引用（保留索引）"
res/_ce.xml,592,.xml,undefined,unused,"未引用（保留索引）"
res/_cp.png,2537,.png,undefined,unused,"未引用（保留索引）"
res/_d3.xml,1464,.xml,undefined,unused,"未引用（保留索引）"
res/_dF.png,2744,.png,undefined,unused,"未引用（保留索引）"
res/_dH.xml,872,.xml,undefined,unused,"未引用（保留索引）"
res/_dP.xml,2148,.xml,undefined,unused,"未引用（保留索引）"
res/_dU.xml,2940,.xml,undefined,unused,"未引用（保留索引）"
res/_dw.webp,41554,.webp,undefined,unused,"未引用（保留索引）"
res/_dw.xml,428,.xml,undefined,unused,"未引用（保留索引）"
res/_ed.xml,2976,.xml,undefined,unused,"未引用（保留索引）"
res/_fu.xml,3712,.xml,undefined,unused,"未引用（保留索引）"
res/_g1.png,547,.png,undefined,unused,"未引用（保留索引）"
res/_gq.png,1081,.png,undefined,unused,"未引用（保留索引）"
res/_hF.webp,320,.webp,undefined,unused,"未引用（保留索引）"
res/_hO.webp,8654,.webp,undefined,unused,"未引用（保留索引）"
res/_hk.xml,8964,.xml,undefined,unused,"未引用（保留索引）"
res/_i0.png,3372,.png,undefined,unused,"未引用（保留索引）"
res/_i8.png,442,.png,undefined,unused,"未引用（保留索引）"
res/_j0.xml,704,.xml,undefined,unused,"未引用（保留索引）"
res/_jd.xml,2640,.xml,undefined,unused,"未引用（保留索引）"
res/_jo.png,1307,.png,undefined,unused,"未引用（保留索引）"
res/_k0.webp,454,.webp,undefined,unused,"未引用（保留索引）"
res/_kE.xml,6620,.xml,undefined,unused,"未引用（保留索引）"
res/_lL.webp,4918,.webp,undefined,unused,"未引用（保留索引）"
res/_lj.xml,1656,.xml,undefined,unused,"未引用（保留索引）"
res/_mT.webp,3400,.webp,undefined,unused,"未引用（保留索引）"
res/_ml.webp,458,.webp,undefined,unused,"未引用（保留索引）"
res/_nG.png,446,.png,undefined,unused,"未引用（保留索引）"
res/_nP.webp,698,.webp,undefined,unused,"未引用（保留索引）"
res/_nW.xml,6732,.xml,undefined,unused,"未引用（保留索引）"
res/_nY.png,918,.png,undefined,unused,"未引用（保留索引）"
res/_ny.png,75571,.png,undefined,unused,"未引用（保留索引）"
res/_oA.webp,214390,.webp,undefined,unused,"未引用（保留索引）"
res/_os.png,1864,.png,undefined,unused,"未引用（保留索引）"
res/_p_.png,468,.png,undefined,unused,"未引用（保留索引）"
res/_ps.png,11253,.png,undefined,unused,"未引用（保留索引）"
res/_pw.png,598,.png,undefined,unused,"未引用（保留索引）"
res/_qO.png,622,.png,undefined,unused,"未引用（保留索引）"
res/_qP.xml,808,.xml,undefined,unused,"未引用（保留索引）"
res/_qT.xml,4264,.xml,undefined,unused,"未引用（保留索引）"
res/_s6.xml,3972,.xml,undefined,unused,"未引用（保留索引）"
res/_uG.webp,476,.webp,undefined,unused,"未引用（保留索引）"
res/_uz.png,2676,.png,undefined,unused,"未引用（保留索引）"
res/_v1.xml,2044,.xml,undefined,unused,"未引用（保留索引）"
res/_vC.xml,464,.xml,undefined,unused,"未引用（保留索引）"
res/_vX.png,423,.png,undefined,unused,"未引用（保留索引）"
res/_vf.png,2284,.png,undefined,unused,"未引用（保留索引）"
res/_vo.xml,1052,.xml,undefined,unused,"未引用（保留索引）"
res/_x1.xml,704,.xml,undefined,unused,"未引用（保留索引）"
res/_xK.xml,448,.xml,undefined,unused,"未引用（保留索引）"
res/_xL.xml,448,.xml,undefined,unused,"未引用（保留索引）"
res/_xY.xml,4736,.xml,undefined,unused,"未引用（保留索引）"
res/_xZ.webp,107228,.webp,undefined,unused,"未引用（保留索引）"
res/_z1.xml,18832,.xml,undefined,unused,"未引用（保留索引）"
res/_zI.xml,1204,.xml,undefined,unused,"未引用（保留索引）"
res/_zS.xml,1088,.xml,undefined,unused,"未引用（保留索引）"
res/_zX.png,185,.png,undefined,unused,"未引用（保留索引）"
res/_zn.png,7640,.png,undefined,unused,"未引用（保留索引）"
res/a0b.png,262,.png,undefined,unused,"未引用（保留索引）"
res/a0v.webp,11378,.webp,undefined,unused,"未引用（保留索引）"
res/a1b.xml,1032,.xml,undefined,unused,"未引用（保留索引）"
res/a2T.xml,952,.xml,undefined,unused,"未引用（保留索引）"
res/a2i.png,370,.png,undefined,unused,"未引用（保留索引）"
res/a2i.webp,24266,.webp,undefined,unused,"未引用（保留索引）"
res/a4G.xml,468,.xml,undefined,unused,"未引用（保留索引）"
res/a5h.webp,5190,.webp,undefined,unused,"未引用（保留索引）"
res/a6j.png,17382,.png,undefined,unused,"未引用（保留索引）"
res/a6m.png,753,.png,undefined,unused,"未引用（保留索引）"
res/a8Z.png,82045,.png,undefined,unused,"未引用（保留索引）"
res/a9K.webp,62982,.webp,undefined,unused,"未引用（保留索引）"
res/a9T.xml,5068,.xml,undefined,unused,"未引用（保留索引）"
res/aA6.png,4670,.png,undefined,unused,"未引用（保留索引）"
res/aAU.xml,612,.xml,undefined,unused,"未引用（保留索引）"
res/aAp.png,276,.png,undefined,unused,"未引用（保留索引）"
res/aBe.xml,2408,.xml,undefined,unused,"未引用（保留索引）"
res/aBh.png,535,.png,undefined,unused,"未引用（保留索引）"
res/aCc.png,476,.png,undefined,unused,"未引用（保留索引）"
res/aCt.xml,1148,.xml,undefined,unused,"未引用（保留索引）"
res/aD0.webp,2164,.webp,undefined,unused,"未引用（保留索引）"
res/aDJ.png,18157,.png,undefined,unused,"未引用（保留索引）"
res/aDg.xml,1964,.xml,undefined,unused,"未引用（保留索引）"
res/aDv.png,1704,.png,undefined,unused,"未引用（保留索引）"
res/aDw.xml,716,.xml,undefined,unused,"未引用（保留索引）"
res/aEF.xml,2920,.xml,undefined,unused,"未引用（保留索引）"
res/aEX.xml,3756,.xml,undefined,unused,"未引用（保留索引）"
res/aEc.xml,6292,.xml,undefined,unused,"未引用（保留索引）"
res/aF5.png,37817,.png,undefined,unused,"未引用（保留索引）"
res/aFf.png,261,.png,undefined,unused,"未引用（保留索引）"
res/aFz.webp,25864,.webp,undefined,unused,"未引用（保留索引）"
res/aG7.xml,3528,.xml,undefined,unused,"未引用（保留索引）"
res/aGP.xml,448,.xml,undefined,unused,"未引用（保留索引）"
res/aGZ.png,887,.png,undefined,unused,"未引用（保留索引）"
res/aHc.xml,600,.xml,undefined,unused,"未引用（保留索引）"
res/aHz.png,7180,.png,undefined,unused,"未引用（保留索引）"
res/aIN.webp,14002,.webp,undefined,unused,"未引用（保留索引）"
res/aJx.webp,41176,.webp,undefined,unused,"未引用（保留索引）"
res/aKp.xml,1236,.xml,undefined,unused,"未引用（保留索引）"
res/aMC.png,46626,.png,undefined,unused,"未引用（保留索引）"
res/aMS.png,3056,.png,undefined,unused,"未引用（保留索引）"
res/aNZ.webp,6146,.webp,undefined,unused,"未引用（保留索引）"
res/aNd.webp,3078,.webp,undefined,unused,"未引用（保留索引）"
res/aOF.xml,372,.xml,undefined,unused,"未引用（保留索引）"
res/aOh.webp,620,.webp,undefined,unused,"未引用（保留索引）"
res/aOv.xml,704,.xml,undefined,unused,"未引用（保留索引）"
res/aP9.xml,2188,.xml,undefined,unused,"未引用（保留索引）"
res/aPf.xml,628,.xml,undefined,unused,"未引用（保留索引）"
res/aQ8.webp,816,.webp,undefined,unused,"未引用（保留索引）"
res/aQB.png,22032,.png,undefined,unused,"未引用（保留索引）"
res/aQW.png,9001,.png,undefined,unused,"未引用（保留索引）"
res/aRh.png,2933,.png,undefined,unused,"未引用（保留索引）"
res/aRv.xml,984,.xml,undefined,unused,"未引用（保留索引）"
res/aSG.xml,3440,.xml,undefined,unused,"未引用（保留索引）"
res/aSn.png,2718,.png,undefined,unused,"未引用（保留索引）"
res/aUL.png,537,.png,undefined,unused,"未引用（保留索引）"
res/aUl.xml,736,.xml,undefined,unused,"未引用（保留索引）"
res/aV2.png,5772,.png,undefined,unused,"未引用（保留索引）"
res/aVK.webp,121136,.webp,undefined,unused,"未引用（保留索引）"
res/aVc.png,487,.png,undefined,unused,"未引用（保留索引）"
res/aW1.png,3172,.png,undefined,unused,"未引用（保留索引）"
res/aWE.webp,3738,.webp,undefined,unused,"未引用（保留索引）"
res/aWS.xml,4440,.xml,undefined,unused,"未引用（保留索引）"
res/aWg.xml,3512,.xml,undefined,unused,"未引用（保留索引）"
res/aXb.png,35465,.png,undefined,unused,"未引用（保留索引）"
res/aXp.xml,14016,.xml,undefined,unused,"未引用（保留索引）"
res/aYF.xml,484,.xml,undefined,unused,"未引用（保留索引）"
res/aYW.xml,3260,.xml,undefined,unused,"未引用（保留索引）"
res/aYp.png,8178,.png,undefined,unused,"未引用（保留索引）"
res/aYw.webp,3522,.webp,undefined,unused,"未引用（保留索引）"
res/aZJ.xml,5636,.xml,undefined,unused,"未引用（保留索引）"
res/a_0.png,7769,.png,undefined,unused,"未引用（保留索引）"
res/a_E.webp,316,.webp,undefined,unused,"未引用（保留索引）"
res/a_i.png,610,.png,undefined,unused,"未引用（保留索引）"
res/aaC.xml,1576,.xml,undefined,unused,"未引用（保留索引）"
res/abT.png,8141,.png,undefined,unused,"未引用（保留索引）"
res/abo.webp,562,.webp,undefined,unused,"未引用（保留索引）"
res/abv.xml,7496,.xml,undefined,unused,"未引用（保留索引）"
res/ac6.xml,880,.xml,undefined,unused,"未引用（保留索引）"
res/acm.xml,704,.xml,undefined,unused,"未引用（保留索引）"
res/adW.webp,13682,.webp,undefined,unused,"未引用（保留索引）"
res/adg.png,35776,.png,undefined,unused,"未引用（保留索引）"
res/aeU.png,1614,.png,undefined,unused,"未引用（保留索引）"
res/ae_.png,1358,.png,undefined,unused,"未引用（保留索引）"
res/aej.png,676,.png,undefined,unused,"未引用（保留索引）"
res/aew.xml,1568,.xml,undefined,unused,"未引用（保留索引）"
res/afY.png,7350,.png,undefined,unused,"未引用（保留索引）"
res/afZ.png,7770,.png,undefined,unused,"未引用（保留索引）"
res/afn.png,6127,.png,undefined,unused,"未引用（保留索引）"
res/agS.xml,468,.xml,undefined,unused,"未引用（保留索引）"
res/age.xml,10392,.xml,undefined,unused,"未引用（保留索引）"
res/ah5.xml,1596,.xml,undefined,unused,"未引用（保留索引）"
res/ah6.xml,752,.xml,undefined,unused,"未引用（保留索引）"
res/ahK.png,7337,.png,undefined,unused,"未引用（保留索引）"
res/ahL.xml,23252,.xml,undefined,unused,"未引用（保留索引）"
res/ahO.png,50090,.png,undefined,unused,"未引用（保留索引）"
res/ahU.xml,2904,.xml,undefined,unused,"未引用（保留索引）"
res/ahg.xml,1664,.xml,undefined,unused,"未引用（保留索引）"
res/ai-.xml,1116,.xml,undefined,unused,"未引用（保留索引）"
res/ai6.webp,4046,.webp,undefined,unused,"未引用（保留索引）"
res/aiN.webp,43128,.webp,undefined,unused,"未引用（保留索引）"
res/ajB.xml,8784,.xml,undefined,unused,"未引用（保留索引）"
res/ajC.png,2282,.png,undefined,unused,"未引用（保留索引）"
res/ajE.png,4342,.png,undefined,unused,"未引用（保留索引）"
res/ajz.xml,400,.xml,undefined,unused,"未引用（保留索引）"
res/ak3.png,1255,.png,undefined,unused,"未引用（保留索引）"
res/ak31.png,436,.png,undefined,unused,"未引用（保留索引）"
res/ak6.png,43310,.png,undefined,unused,"未引用（保留索引）"
res/akN.xml,19008,.xml,undefined,unused,"未引用（保留索引）"
res/akU.png,7973,.png,undefined,unused,"未引用（保留索引）"
res/akb.xml,2772,.xml,undefined,unused,"未引用（保留索引）"
res/ams.xml,984,.xml,undefined,unused,"未引用（保留索引）"
res/amv.xml,484,.xml,undefined,unused,"未引用（保留索引）"
res/anm.png,264,.png,undefined,unused,"未引用（保留索引）"
res/apA.xml,1036,.xml,undefined,unused,"未引用（保留索引）"
res/apI.ttf,220600,.ttf,undefined,unused,"未引用（保留索引）"
res/apK.png,12154,.png,undefined,unused,"未引用（保留索引）"
res/apw.webp,44746,.webp,undefined,unused,"未引用（保留索引）"
res/arA.webp,732,.webp,undefined,unused,"未引用（保留索引）"
res/arK.png,88281,.png,undefined,unused,"未引用（保留索引）"
res/asP.xml,3516,.xml,undefined,unused,"未引用（保留索引）"
res/asd.png,9919,.png,undefined,unused,"未引用（保留索引）"
res/atK.png,8462,.png,undefined,unused,"未引用（保留索引）"
res/auJ.png,217207,.png,undefined,unused,"未引用（保留索引）"
res/auQ.xml,9896,.xml,undefined,unused,"未引用（保留索引）"
res/aup.9.png,229,.png,undefined,unused,"未引用（保留索引）"
res/avk.png,4177,.png,undefined,unused,"未引用（保留索引）"
res/awc.png,2039,.png,undefined,unused,"未引用（保留索引）"
res/axv.xml,464,.xml,undefined,unused,"未引用（保留索引）"
res/ay1.png,72823,.png,undefined,unused,"未引用（保留索引）"
res/ay2.png,5898,.png,undefined,unused,"未引用（保留索引）"
res/ayf.webp,790,.webp,undefined,unused,"未引用（保留索引）"
res/az2.9.png,11237,.png,undefined,unused,"未引用（保留索引）"
res/azi.webp,12778,.webp,undefined,unused,"未引用（保留索引）"
res/b-4.xml,1660,.xml,undefined,unused,"未引用（保留索引）"
res/b-p.png,707,.png,undefined,unused,"未引用（保留索引）"
res/b07.xml,3604,.xml,undefined,unused,"未引用（保留索引）"
res/b0a.xml,908,.xml,undefined,unused,"未引用（保留索引）"
res/b0e.png,46890,.png,undefined,unused,"未引用（保留索引）"
res/b1Z.xml,3364,.xml,undefined,unused,"未引用（保留索引）"
res/b1g.png,2342,.png,undefined,unused,"未引用（保留索引）"
res/b2-.xml,1136,.xml,undefined,unused,"未引用（保留索引）"
res/b2n.png,25262,.png,undefined,unused,"未引用（保留索引）"
res/b3J.xml,3208,.xml,undefined,unused,"未引用（保留索引）"
res/b3l.png,2693,.png,undefined,unused,"未引用（保留索引）"
res/b4A.xml,2972,.xml,undefined,unused,"未引用（保留索引）"
res/b4S.xml,1148,.xml,undefined,unused,"未引用（保留索引）"
res/b4Y.webp,1172,.webp,undefined,unused,"未引用（保留索引）"
res/b54.xml,5224,.xml,undefined,unused,"未引用（保留索引）"
res/b5C.webp,15676,.webp,undefined,unused,"未引用（保留索引）"
res/b6M.png,2059,.png,undefined,unused,"未引用（保留索引）"
res/b79.png,2945,.png,undefined,unused,"未引用（保留索引）"
res/b7r.png,3073,.png,undefined,unused,"未引用（保留索引）"
res/b81.png,2316,.png,undefined,unused,"未引用（保留索引）"
res/b8E.xml,860,.xml,undefined,unused,"未引用（保留索引）"
res/b90.xml,1020,.xml,undefined,unused,"未引用（保留索引）"
res/b9B.png,412,.png,undefined,unused,"未引用（保留索引）"
res/b9K.xml,492,.xml,undefined,unused,"未引用（保留索引）"
res/b9L.webp,21848,.webp,undefined,unused,"未引用（保留索引）"
res/b9c.xml,2412,.xml,undefined,unused,"未引用（保留索引）"
res/bAm.png,1441,.png,undefined,unused,"未引用（保留索引）"
res/bBU.png,607,.png,undefined,unused,"未引用（保留索引）"
res/bC1.9.png,776,.png,undefined,unused,"未引用（保留索引）"
res/bCe.xml,132,.xml,undefined,unused,"未引用（保留索引）"
res/bCi.png,4607,.png,undefined,unused,"未引用（保留索引）"
res/bD5.xml,2772,.xml,undefined,unused,"未引用（保留索引）"
res/bD7.xml,4616,.xml,undefined,unused,"未引用（保留索引）"
res/bD8.webp,310,.webp,undefined,unused,"未引用（保留索引）"
res/bDX.xml,5820,.xml,undefined,unused,"未引用（保留索引）"
res/bDb.png,50901,.png,undefined,unused,"未引用（保留索引）"
res/bEh.xml,456,.xml,undefined,unused,"未引用（保留索引）"
res/bFV.xml,1948,.xml,undefined,unused,"未引用（保留索引）"
res/bFf.xml,3556,.xml,undefined,unused,"未引用（保留索引）"
res/bGS.png,1353,.png,undefined,unused,"未引用（保留索引）"
res/bGd.webp,2734,.webp,undefined,unused,"未引用（保留索引）"
res/bGx.png,34865,.png,undefined,unused,"未引用（保留索引）"
res/bH-.png,5393,.png,undefined,unused,"未引用（保留索引）"
res/bH0.png,8014,.png,undefined,unused,"未引用（保留索引）"
res/bH1.png,6272,.png,undefined,unused,"未引用（保留索引）"
res/bH3.png,8212,.png,undefined,unused,"未引用（保留索引）"
res/bH4.png,6205,.png,undefined,unused,"未引用（保留索引）"
res/bH5.png,7257,.png,undefined,unused,"未引用（保留索引）"
res/bH7.png,5548,.png,undefined,unused,"未引用（保留索引）"
res/bH9.xml,536,.xml,undefined,unused,"未引用（保留索引）"
res/bHM.webp,4216,.webp,undefined,unused,"未引用（保留索引）"
res/bHQ.png,114830,.png,undefined,unused,"未引用（保留索引）"
res/bHu.xml,772,.xml,undefined,unused,"未引用（保留索引）"
res/bIO.png,4114,.png,undefined,unused,"未引用（保留索引）"
res/bJc.xml,2480,.xml,undefined,unused,"未引用（保留索引）"
res/bJj.png,3978,.png,undefined,unused,"未引用（保留索引）"
res/bK9.9.png,776,.png,undefined,unused,"未引用（保留索引）"
res/bKw.xml,5768,.xml,undefined,unused,"未引用（保留索引）"
res/bLL.xml,532,.xml,undefined,unused,"未引用（保留索引）"
res/bLQ.xml,1896,.xml,undefined,unused,"未引用（保留索引）"
res/bMC.9.png,1238,.png,undefined,unused,"未引用（保留索引）"
res/bMM.webp,2436,.webp,undefined,unused,"未引用（保留索引）"
res/bN2.webp,3994,.webp,undefined,unused,"未引用（保留索引）"
res/bNZ.xml,812,.xml,undefined,unused,"未引用（保留索引）"
res/bPE.xml,860,.xml,undefined,unused,"未引用（保留索引）"
res/bPI.xml,2612,.xml,undefined,unused,"未引用（保留索引）"
res/bPY.xml,1160,.xml,undefined,unused,"未引用（保留索引）"
res/bR8.png,323,.png,undefined,unused,"未引用（保留索引）"
res/bRY.xml,912,.xml,undefined,unused,"未引用（保留索引）"
res/bSD.webp,4296,.webp,undefined,unused,"未引用（保留索引）"
res/bSk.png,1285,.png,undefined,unused,"未引用（保留索引）"
res/bSt.png,2193,.png,undefined,unused,"未引用（保留索引）"
res/bT3.xml,1888,.xml,undefined,unused,"未引用（保留索引）"
res/bTd.png,5863,.png,undefined,unused,"未引用（保留索引）"
res/bTw.webp,33316,.webp,undefined,unused,"未引用（保留索引）"
res/bTy.png,31381,.png,undefined,unused,"未引用（保留索引）"
res/bUL.webp,1602,.webp,undefined,unused,"未引用（保留索引）"
res/bVN.xml,6328,.xml,undefined,unused,"未引用（保留索引）"
res/bVP.webp,5164,.webp,undefined,unused,"未引用（保留索引）"
res/bVW.webp,5372,.webp,undefined,unused,"未引用（保留索引）"
res/bWN.png,228,.png,undefined,unused,"未引用（保留索引）"
res/bWn.png,67,.png,undefined,unused,"未引用（保留索引）"
res/bXX.webp,7170,.webp,undefined,unused,"未引用（保留索引）"
res/bXt.png,4247,.png,undefined,unused,"未引用（保留索引）"
res/bY5.webp,4106,.webp,undefined,unused,"未引用（保留索引）"
res/bZA.xml,1344,.xml,undefined,unused,"未引用（保留索引）"
res/bZC.png,525,.png,undefined,unused,"未引用（保留索引）"
res/b_3.webp,3430,.webp,undefined,unused,"未引用（保留索引）"
res/b_t.xml,3752,.xml,undefined,unused,"未引用（保留索引）"
res/baU.png,15948,.png,undefined,unused,"未引用（保留索引）"
res/bbd.png,39953,.png,undefined,unused,"未引用（保留索引）"
res/bbo.xml,1172,.xml,undefined,unused,"未引用（保留索引）"
res/bbu.xml,576,.xml,undefined,unused,"未引用（保留索引）"
res/bcH.png,1048,.png,undefined,unused,"未引用（保留索引）"
res/bdS.xml,584,.xml,undefined,unused,"未引用（保留索引）"
res/bdj.webp,3704,.webp,undefined,unused,"未引用（保留索引）"
res/bdu.png,12895,.png,undefined,unused,"未引用（保留索引）"
res/beA.webp,7612,.webp,undefined,unused,"未引用（保留索引）"
res/beX.png,10316,.png,undefined,unused,"未引用（保留索引）"
res/be_.webp,292016,.webp,undefined,unused,"未引用（保留索引）"
res/bg7.xml,408,.xml,undefined,unused,"未引用（保留索引）"
res/bgC.webp,1320,.webp,undefined,unused,"未引用（保留索引）"
res/bgK.png,4017,.png,undefined,unused,"未引用（保留索引）"
res/bgt.webp,624,.webp,undefined,unused,"未引用（保留索引）"
res/bh-.xml,1896,.xml,undefined,unused,"未引用（保留索引）"
res/bh8.png,1853,.png,undefined,unused,"未引用（保留索引）"
res/bj-.xml,776,.xml,undefined,unused,"未引用（保留索引）"
res/bkG.png,1962,.png,undefined,unused,"未引用（保留索引）"
res/blN.webp,23502,.webp,undefined,unused,"未引用（保留索引）"
res/ble.xml,740,.xml,undefined,unused,"未引用（保留索引）"
res/bli.png,853,.png,undefined,unused,"未引用（保留索引）"
res/blk.xml,1828,.xml,undefined,unused,"未引用（保留索引）"
res/blv.png,2301,.png,undefined,unused,"未引用（保留索引）"
res/bmT.png,1638,.png,undefined,unused,"未引用（保留索引）"
res/bmV.xml,1896,.xml,undefined,unused,"未引用（保留索引）"
res/bmZ.png,26331,.png,undefined,unused,"未引用（保留索引）"
res/bma.png,432,.png,undefined,unused,"未引用（保留索引）"
res/bme.webp,984,.webp,undefined,unused,"未引用（保留索引）"
res/bnj.webp,1684,.webp,undefined,unused,"未引用（保留索引）"
res/bnl.png,5296,.png,undefined,unused,"未引用（保留索引）"
res/bnq.png,1035,.png,undefined,unused,"未引用（保留索引）"
res/bny.xml,400,.xml,undefined,unused,"未引用（保留索引）"
res/boS.png,4491,.png,undefined,unused,"未引用（保留索引）"
res/box.xml,564,.xml,undefined,unused,"未引用（保留索引）"
res/bp5.png,19173,.png,undefined,unused,"未引用（保留索引）"
res/bpN.png,15815,.png,undefined,unused,"未引用（保留索引）"
res/bqB.9.png,1347,.png,undefined,unused,"未引用（保留索引）"
res/bqV.png,375,.png,undefined,unused,"未引用（保留索引）"
res/bqW.webp,524,.webp,undefined,unused,"未引用（保留索引）"
res/bqZ.png,95,.png,undefined,unused,"未引用（保留索引）"
res/bqw.png,7178,.png,undefined,unused,"未引用（保留索引）"
res/bqw.xml,520,.xml,undefined,unused,"未引用（保留索引）"
res/brX.png,2105,.png,undefined,unused,"未引用（保留索引）"
res/brb.webp,11602,.webp,undefined,unused,"未引用（保留索引）"
res/bsR.webp,3732,.webp,undefined,unused,"未引用（保留索引）"
res/bsg.png,83176,.png,undefined,unused,"未引用（保留索引）"
res/bsm.png,894,.png,undefined,unused,"未引用（保留索引）"
res/btT.png,3248,.png,undefined,unused,"未引用（保留索引）"
res/bta.xml,2628,.xml,undefined,unused,"未引用（保留索引）"
res/bur.xml,6448,.xml,undefined,unused,"未引用（保留索引）"
res/buv.9.png,186,.png,undefined,unused,"未引用（保留索引）"
res/bvt.png,3248,.png,undefined,unused,"未引用（保留索引）"
res/bwP.png,16372,.png,undefined,unused,"未引用（保留索引）"
res/bwg.xml,484,.xml,undefined,unused,"未引用（保留索引）"
res/bwl.webp,90,.webp,undefined,unused,"未引用（保留索引）"
res/bxB.xml,1000,.xml,undefined,unused,"未引用（保留索引）"
res/by9.webp,5648,.webp,undefined,unused,"未引用（保留索引）"
res/byt.xml,872,.xml,undefined,unused,"未引用（保留索引）"
res/bz7.xml,680,.xml,undefined,unused,"未引用（保留索引）"
res/bzg.xml,1964,.xml,undefined,unused,"未引用（保留索引）"
res/c-G.png,3115,.png,undefined,unused,"未引用（保留索引）"
res/c-S.xml,4496,.xml,undefined,unused,"未引用（保留索引）"
res/c-s.png,126094,.png,undefined,unused,"未引用（保留索引）"
res/c02.webp,1188,.webp,undefined,unused,"未引用（保留索引）"
res/c021.webp,21194,.webp,undefined,unused,"未引用（保留索引）"
res/c0U.png,743,.png,undefined,unused,"未引用（保留索引）"
res/c0W.png,2027,.png,undefined,unused,"未引用（保留索引）"
res/c0_.xml,1036,.xml,undefined,unused,"未引用（保留索引）"
res/c1G.xml,264,.xml,undefined,unused,"未引用（保留索引）"
res/c1Q.webp,504,.webp,undefined,unused,"未引用（保留索引）"
res/c1z.png,895,.png,undefined,unused,"未引用（保留索引）"
res/c3W.png,3055,.png,undefined,unused,"未引用（保留索引）"
res/c3k.webp,33012,.webp,undefined,unused,"未引用（保留索引）"
res/c3s.png,750,.png,undefined,unused,"未引用（保留索引）"
res/c3t.png,7408,.png,undefined,unused,"未引用（保留索引）"
res/c3w.xml,2196,.xml,undefined,unused,"未引用（保留索引）"
res/c4l.png,276,.png,undefined,unused,"未引用（保留索引）"
res/c4o.xml,616,.xml,undefined,unused,"未引用（保留索引）"
res/c51.png,491,.png,undefined,unused,"未引用（保留索引）"
res/c66.png,250,.png,undefined,unused,"未引用（保留索引）"
res/c7T.png,147,.png,undefined,unused,"未引用（保留索引）"
res/c7c.png,2307,.png,undefined,unused,"未引用（保留索引）"
res/c7r.png,3053,.png,undefined,unused,"未引用（保留索引）"
res/c8M.png,2411,.png,undefined,unused,"未引用（保留索引）"
res/c9D.xml,4492,.xml,undefined,unused,"未引用（保留索引）"
res/c9L.xml,880,.xml,undefined,unused,"未引用（保留索引）"
res/c9c.png,905,.png,undefined,unused,"未引用（保留索引）"
res/c9n.png,21254,.png,undefined,unused,"未引用（保留索引）"
res/cAd.png,15663,.png,undefined,unused,"未引用（保留索引）"
res/cAn.xml,2016,.xml,undefined,unused,"未引用（保留索引）"
res/cAn1.xml,888,.xml,undefined,unused,"未引用（保留索引）"
res/cCS.xml,12808,.xml,undefined,unused,"未引用（保留索引）"
res/cCj.png,416,.png,undefined,unused,"未引用（保留索引）"
res/cDm.png,95210,.png,undefined,unused,"未引用（保留索引）"
res/cDs.png,535,.png,undefined,unused,"未引用（保留索引）"
res/cE3.xml,792,.xml,undefined,unused,"未引用（保留索引）"
res/cE7.xml,23544,.xml,undefined,unused,"未引用（保留索引）"
res/cEI.xml,2124,.xml,undefined,unused,"未引用（保留索引）"
res/cEQ.webp,1698,.webp,undefined,unused,"未引用（保留索引）"
res/cEt.png,1151,.png,undefined,unused,"未引用（保留索引）"
res/cF7.xml,7756,.xml,undefined,unused,"未引用（保留索引）"
res/cFH.png,27628,.png,undefined,unused,"未引用（保留索引）"
res/cFc.webp,1796,.webp,undefined,unused,"未引用（保留索引）"
res/cHC.webp,10848,.webp,undefined,unused,"未引用（保留索引）"
res/cHd.xml,564,.xml,undefined,unused,"未引用（保留索引）"
res/cIg.xml,484,.xml,undefined,unused,"未引用（保留索引）"
res/cJN.xml,792,.xml,undefined,unused,"未引用（保留索引）"
res/cJO.xml,3504,.xml,undefined,unused,"未引用（保留索引）"
res/cJP.png,2143,.png,undefined,unused,"未引用（保留索引）"
res/cKR.webp,9258,.webp,undefined,unused,"未引用（保留索引）"
res/cLN.png,501,.png,undefined,unused,"未引用（保留索引）"
res/cLa.png,98164,.png,undefined,unused,"未引用（保留索引）"
res/cLj.xml,576,.xml,undefined,unused,"未引用（保留索引）"
res/cMH.9.png,417,.png,undefined,unused,"未引用（保留索引）"
res/cMK.xml,2660,.xml,undefined,unused,"未引用（保留索引）"
res/cNG.xml,8208,.xml,undefined,unused,"未引用（保留索引）"
res/cNS.xml,336,.xml,undefined,unused,"未引用（保留索引）"
res/cOp.png,934,.png,undefined,unused,"未引用（保留索引）"
res/cQL.png,250,.png,undefined,unused,"未引用（保留索引）"
res/cQa.png,2027,.png,undefined,unused,"未引用（保留索引）"
res/cQd.xml,6388,.xml,undefined,unused,"未引用（保留索引）"
res/cQq.xml,488,.xml,undefined,unused,"未引用（保留索引）"
res/cS_.png,21906,.png,undefined,unused,"未引用（保留索引）"
res/cT-.xml,9840,.xml,undefined,unused,"未引用（保留索引）"
res/cTb.png,11096,.png,undefined,unused,"未引用（保留索引）"
res/cTb.xml,3784,.xml,undefined,unused,"未引用（保留索引）"
res/cV1.webp,904,.webp,undefined,unused,"未引用（保留索引）"
res/cV3.png,327,.png,undefined,unused,"未引用（保留索引）"
res/cVN.xml,564,.xml,undefined,unused,"未引用（保留索引）"
res/cW4.xml,2720,.xml,undefined,unused,"未引用（保留索引）"
res/cW_.png,1113,.png,undefined,unused,"未引用（保留索引）"
res/cWf.png,1664,.png,undefined,unused,"未引用（保留索引）"
res/cWn.webp,4400,.webp,undefined,unused,"未引用（保留索引）"
res/cYW.xml,6732,.xml,undefined,unused,"未引用（保留索引）"
res/cZL.png,11754,.png,undefined,unused,"未引用（保留索引）"
res/c_O.png,1640,.png,undefined,unused,"未引用（保留索引）"
res/c_W.webp,1280,.webp,undefined,unused,"未引用（保留索引）"
res/c__.webp,200,.webp,undefined,unused,"未引用（保留索引）"
res/c_f.xml,1780,.xml,undefined,unused,"未引用（保留索引）"
res/c_k.png,5865,.png,undefined,unused,"未引用（保留索引）"
res/caH.png,79123,.png,undefined,unused,"未引用（保留索引）"
res/caZ.9.png,286,.png,undefined,unused,"未引用（保留索引）"
res/cb8.png,7275,.png,undefined,unused,"未引用（保留索引）"
res/cc9.png,503,.png,undefined,unused,"未引用（保留索引）"
res/cc9.webp,117724,.webp,undefined,unused,"未引用（保留索引）"
res/ccJ.webp,35772,.webp,undefined,unused,"未引用（保留索引）"
res/ccQ.xml,468,.xml,undefined,unused,"未引用（保留索引）"
res/ccs.png,1902,.png,undefined,unused,"未引用（保留索引）"
res/cd-.png,1054,.png,undefined,unused,"未引用（保留索引）"
res/cdO.xml,5256,.xml,undefined,unused,"未引用（保留索引）"
res/cdv.png,1144,.png,undefined,unused,"未引用（保留索引）"
res/ce-.png,5737,.png,undefined,unused,"未引用（保留索引）"
res/ceJ.png,27398,.png,undefined,unused,"未引用（保留索引）"
res/ces.xml,2144,.xml,undefined,unused,"未引用（保留索引）"
res/cfC.png,2820,.png,undefined,unused,"未引用（保留索引）"
res/cfF.png,57991,.png,undefined,unused,"未引用（保留索引）"
res/cfR.webp,3440,.webp,undefined,unused,"未引用（保留索引）"
res/cfV.png,1271,.png,undefined,unused,"未引用（保留索引）"
res/cfZ.png,5106,.png,undefined,unused,"未引用（保留索引）"
res/cff.xml,872,.xml,undefined,unused,"未引用（保留索引）"
res/cg3.xml,1628,.xml,undefined,unused,"未引用（保留索引）"
res/cgQ.png,4009,.png,undefined,unused,"未引用（保留索引）"
res/chL.webp,43584,.webp,undefined,unused,"未引用（保留索引）"
res/chT.xml,2420,.xml,undefined,unused,"未引用（保留索引）"
res/chX.xml,2492,.xml,undefined,unused,"未引用（保留索引）"
res/chh.png,1294,.png,undefined,unused,"未引用（保留索引）"
res/chs.xml,1844,.xml,undefined,unused,"未引用（保留索引）"
res/chw.9.png,352,.png,undefined,unused,"未引用（保留索引）"
res/ci-.png,3233,.png,undefined,unused,"未引用（保留索引）"
res/ci8.png,38103,.png,undefined,unused,"未引用（保留索引）"
res/cj5.png,3658,.png,undefined,unused,"未引用（保留索引）"
res/cjA.xml,2028,.xml,undefined,unused,"未引用（保留索引）"
res/ckK.png,181922,.png,undefined,unused,"未引用（保留索引）"
res/ckX.webp,19560,.webp,undefined,unused,"未引用（保留索引）"
res/ckn.xml,1432,.xml,undefined,unused,"未引用（保留索引）"
res/ckv.png,7131,.png,undefined,unused,"未引用（保留索引）"
res/ckv.webp,708,.webp,undefined,unused,"未引用（保留索引）"
res/cl9.xml,5572,.xml,undefined,unused,"未引用（保留索引）"
res/clS.xml,3424,.xml,undefined,unused,"未引用（保留索引）"
res/cmQ.png,1843,.png,undefined,unused,"未引用（保留索引）"
res/cnB.png,55254,.png,undefined,unused,"未引用（保留索引）"
res/cns.xml,616,.xml,undefined,unused,"未引用（保留索引）"
res/cns1.xml,788,.xml,undefined,unused,"未引用（保留索引）"
res/coR.xml,2592,.xml,undefined,unused,"未引用（保留索引）"
res/color-night-v8/material_timepicker_button_stroke.xml,376,.xml,undefined,unused,"未引用（保留索引）"
res/color-night-v8/material_timepicker_clockface.xml,376,.xml,undefined,unused,"未引用（保留索引）"
res/color-night-v8/material_timepicker_modebutton_tint.xml,340,.xml,undefined,unused,"未引用（保留索引）"
res/color-v23/abc_btn_colored_borderless_text_material.xml,500,.xml,undefined,unused,"未引用（保留索引）"
res/color-v23/abc_btn_colored_text_material.xml,500,.xml,undefined,unused,"未引用（保留索引）"
res/color-v23/abc_color_highlight_material.xml,544,.xml,undefined,unused,"未引用（保留索引）"
res/color-v23/abc_tint_btn_checkable.xml,624,.xml,undefined,unused,"未引用（保留索引）"
res/color-v23/abc_tint_default.xml,1120,.xml,undefined,unused,"未引用（保留索引）"
res/color-v23/abc_tint_edittext.xml,668,.xml,undefined,unused,"未引用（保留索引）"
res/color-v23/abc_tint_seek_thumb.xml,500,.xml,undefined,unused,"未引用（保留索引）"
res/color-v23/abc_tint_spinner.xml,668,.xml,undefined,unused,"未引用（保留索引）"
res/color-v23/abc_tint_switch_track.xml,664,.xml,undefined,unused,"未引用（保留索引）"
res/color/abc_background_cache_hint_selector_material_dark.xml,468,.xml,undefined,unused,"未引用（保留索引）"
res/color/abc_background_cache_hint_selector_material_light.xml,468,.xml,undefined,unused,"未引用（保留索引）"
res/color/abc_hint_foreground_material_dark.xml,564,.xml,undefined,unused,"未引用（保留索引）"
res/color/abc_hint_foreground_material_light.xml,564,.xml,undefined,unused,"未引用（保留索引）"
res/color/abc_primary_text_disable_only_material_dark.xml,464,.xml,undefined,unused,"未引用（保留索引）"
res/color/abc_primary_text_disable_only_material_light.xml,464,.xml,undefined,unused,"未引用（保留索引）"
res/color/abc_primary_text_material_dark.xml,464,.xml,undefined,unused,"未引用（保留索引）"
res/color/abc_primary_text_material_light.xml,464,.xml,undefined,unused,"未引用（保留索引）"
res/color/abc_search_url_text.xml,588,.xml,undefined,unused,"未引用（保留索引）"
res/color/abc_secondary_text_material_dark.xml,464,.xml,undefined,unused,"未引用（保留索引）"
res/color/abc_secondary_text_material_light.xml,464,.xml,undefined,unused,"未引用（保留索引）"
res/color/checkbox_themeable_attribute_color.xml,464,.xml,undefined,unused,"未引用（保留索引）"
res/color/color_employ_count.xml,464,.xml,undefined,unused,"未引用（保留索引）"
res/color/color_gemstone_time.xml,464,.xml,undefined,unused,"未引用（保留索引）"
res/color/design_box_stroke_color.xml,712,.xml,undefined,unused,"未引用（保留索引）"
res/color/design_error.xml,464,.xml,undefined,unused,"未引用（保留索引）"
res/color/design_icon_tint.xml,376,.xml,undefined,unused,"未引用（保留索引）"
res/color/dracula_bottom_toolbar_apply.xml,464,.xml,undefined,unused,"未引用（保留索引）"
res/color/dracula_bottom_toolbar_preview.xml,464,.xml,undefined,unused,"未引用（保留索引）"
res/color/dracula_preview_bottom_toolbar_apply.xml,464,.xml,undefined,unused,"未引用（保留索引）"
res/color/material_cursor_color.xml,340,.xml,undefined,unused,"未引用（保留索引）"
res/color/material_on_background_disabled.xml,376,.xml,undefined,unused,"未引用（保留索引）"
res/color/material_on_background_emphasis_high_type.xml,376,.xml,undefined,unused,"未引用（保留索引）"
res/color/material_on_background_emphasis_medium.xml,376,.xml,undefined,unused,"未引用（保留索引）"
res/color/material_on_primary_disabled.xml,376,.xml,undefined,unused,"未引用（保留索引）"
res/color/material_on_primary_emphasis_high_type.xml,376,.xml,undefined,unused,"未引用（保留索引）"
res/color/material_on_primary_emphasis_medium.xml,376,.xml,undefined,unused,"未引用（保留索引）"
res/color/material_on_surface_disabled.xml,376,.xml,undefined,unused,"未引用（保留索引）"
res/color/material_on_surface_emphasis_high_type.xml,376,.xml,undefined,unused,"未引用（保留索引）"
res/color/material_on_surface_emphasis_medium.xml,376,.xml,undefined,unused,"未引用（保留索引）"
res/color/material_on_surface_stroke.xml,376,.xml,undefined,unused,"未引用（保留索引）"
res/color/material_slider_active_tick_marks_color.xml,520,.xml,undefined,unused,"未引用（保留索引）"
res/color/material_slider_active_track_color.xml,500,.xml,undefined,unused,"未引用（保留索引）"
res/color/material_slider_halo_color.xml,500,.xml,undefined,unused,"未引用（保留索引）"
res/color/material_slider_inactive_tick_marks_color.xml,520,.xml,undefined,unused,"未引用（保留索引）"
res/color/material_slider_inactive_track_color.xml,520,.xml,undefined,unused,"未引用（保留索引）"
res/color/material_slider_thumb_color.xml,500,.xml,undefined,unused,"未引用（保留索引）"
res/color/material_timepicker_button_background.xml,500,.xml,undefined,unused,"未引用（保留索引）"
res/color/material_timepicker_button_stroke.xml,376,.xml,undefined,unused,"未引用（保留索引）"
res/color/material_timepicker_clock_text_color.xml,464,.xml,undefined,unused,"未引用（保留索引）"
res/color/material_timepicker_clockface.xml,376,.xml,undefined,unused,"未引用（保留索引）"
res/color/material_timepicker_modebutton_tint.xml,376,.xml,undefined,unused,"未引用（保留索引）"
res/color/mtrl_btn_bg_color_selector.xml,500,.xml,undefined,unused,"未引用（保留索引）"
res/color/mtrl_btn_ripple_color.xml,948,.xml,undefined,unused,"未引用（保留索引）"
res/color/mtrl_btn_stroke_color_selector.xml,520,.xml,undefined,unused,"未引用（保留索引）"
res/color/mtrl_btn_text_btn_bg_color_selector.xml,520,.xml,undefined,unused,"未引用（保留索引）"
res/color/mtrl_btn_text_btn_ripple_color.xml,948,.xml,undefined,unused,"未引用（保留索引）"
res/color/mtrl_btn_text_color_selector.xml,500,.xml,undefined,unused,"未引用（保留索引）"
res/color/mtrl_calendar_item_stroke_color.xml,808,.xml,undefined,unused,"未引用（保留索引）"
res/color/mtrl_calendar_selected_range.xml,376,.xml,undefined,unused,"未引用（保留索引）"
res/color/mtrl_card_view_foreground.xml,788,.xml,undefined,unused,"未引用（保留索引）"
res/color/mtrl_card_view_ripple.xml,768,.xml,undefined,unused,"未引用（保留索引）"
res/color/mtrl_chip_background_color.xml,848,.xml,undefined,unused,"未引用（保留索引）"
res/color/mtrl_chip_close_icon_tint.xml,1092,.xml,undefined,unused,"未引用（保留索引）"
res/color/mtrl_chip_surface_color.xml,340,.xml,undefined,unused,"未引用（保留索引）"
res/color/mtrl_chip_text_color.xml,520,.xml,undefined,unused,"未引用（保留索引）"
res/color/mtrl_choice_chip_background_color.xml,848,.xml,undefined,unused,"未引用（保留索引）"
res/color/mtrl_choice_chip_ripple_color.xml,948,.xml,undefined,unused,"未引用（保留索引）"
res/color/mtrl_choice_chip_text_color.xml,808,.xml,undefined,unused,"未引用（保留索引）"
res/color/mtrl_error.xml,464,.xml,undefined,unused,"未引用（保留索引）"
res/color/mtrl_fab_bg_color_selector.xml,500,.xml,undefined,unused,"未引用（保留索引）"
res/color/mtrl_fab_icon_text_color_selector.xml,500,.xml,undefined,unused,"未引用（保留索引）"
res/color/mtrl_fab_ripple_color.xml,948,.xml,undefined,unused,"未引用（保留索引）"
res/color/mtrl_filled_background_color.xml,808,.xml,undefined,unused,"未引用（保留索引）"
res/color/mtrl_filled_icon_tint.xml,644,.xml,undefined,unused,"未引用（保留索引）"
res/color/mtrl_filled_stroke_color.xml,788,.xml,undefined,unused,"未引用（保留索引）"
res/color/mtrl_indicator_text_color.xml,520,.xml,undefined,unused,"未引用（保留索引）"
res/color/mtrl_navigation_bar_colored_item_tint.xml,520,.xml,undefined,unused,"未引用（保留索引）"
res/color/mtrl_navigation_bar_colored_ripple_color.xml,948,.xml,undefined,unused,"未引用（保留索引）"
res/color/mtrl_navigation_bar_item_tint.xml,520,.xml,undefined,unused,"未引用（保留索引）"
res/color/mtrl_navigation_bar_ripple_color.xml,1672,.xml,undefined,unused,"未引用（保留索引）"
res/color/mtrl_navigation_item_background_color.xml,644,.xml,undefined,unused,"未引用（保留索引）"
res/color/mtrl_navigation_item_icon_tint.xml,624,.xml,undefined,unused,"未引用（保留索引）"
res/color/mtrl_navigation_item_text_color.xml,624,.xml,undefined,unused,"未引用（保留索引）"
res/color/mtrl_on_primary_text_btn_text_color_selector.xml,500,.xml,undefined,unused,"未引用（保留索引）"
res/color/mtrl_on_surface_ripple_color.xml,808,.xml,undefined,unused,"未引用（保留索引）"
res/color/mtrl_outlined_icon_tint.xml,644,.xml,undefined,unused,"未引用（保留索引）"
res/color/mtrl_outlined_stroke_color.xml,788,.xml,undefined,unused,"未引用（保留索引）"
res/color/mtrl_popupmenu_overlay_color.xml,376,.xml,undefined,unused,"未引用（保留索引）"
res/color/mtrl_tabs_colored_ripple_color.xml,948,.xml,undefined,unused,"未引用（保留索引）"
res/color/mtrl_tabs_icon_color_selector.xml,500,.xml,undefined,unused,"未引用（保留索引）"
res/color/mtrl_tabs_icon_color_selector_colored.xml,500,.xml,undefined,unused,"未引用（保留索引）"
res/color/mtrl_tabs_legacy_text_color_selector.xml,464,.xml,undefined,unused,"未引用（保留索引）"
res/color/mtrl_tabs_ripple_color.xml,1672,.xml,undefined,unused,"未引用（保留索引）"
res/color/mtrl_text_btn_text_color_selector.xml,888,.xml,undefined,unused,"未引用（保留索引）"
res/color/order_tab_text.xml,464,.xml,undefined,unused,"未引用（保留索引）"
res/color/radiobutton_themeable_attribute_color.xml,464,.xml,undefined,unused,"未引用（保留索引）"
res/color/rank_tab_text.xml,464,.xml,undefined,unused,"未引用（保留索引）"
res/color/select_quantity_text_color.xml,464,.xml,undefined,unused,"未引用（保留索引）"
res/color/selector_address_title.xml,464,.xml,undefined,unused,"未引用（保留索引）"
res/color/selector_ape_tab.xml,464,.xml,undefined,unused,"未引用（保留索引）"
res/color/selector_boring_ape_brand_tab.xml,464,.xml,undefined,unused,"未引用（保留索引）"
res/color/selector_boring_ape_tab.xml,464,.xml,undefined,unused,"未引用（保留索引）"
res/color/selector_boring_ape_tab2.xml,464,.xml,undefined,unused,"未引用（保留索引）"
res/color/selector_brown_and_light_brown.xml,464,.xml,undefined,unused,"未引用（保留索引）"
res/color/selector_brown_and_orange.xml,464,.xml,undefined,unused,"未引用（保留索引）"
res/color/selector_cart_inventory.xml,464,.xml,undefined,unused,"未引用（保留索引）"
res/color/selector_cart_title.xml,464,.xml,undefined,unused,"未引用（保留索引）"
res/color/selector_choose_sell_print.xml,464,.xml,undefined,unused,"未引用（保留索引）"
res/color/selector_color_super_link_conntections.xml,464,.xml,undefined,unused,"未引用（保留索引）"
res/color/selector_digital_card_price.xml,464,.xml,undefined,unused,"未引用（保留索引）"
res/color/selector_grey_and_black.xml,464,.xml,undefined,unused,"未引用（保留索引）"
res/color/selector_light_brown_and_primary.xml,464,.xml,undefined,unused,"未引用（保留索引）"
res/color/selector_logs_title.xml,464,.xml,undefined,unused,"未引用（保留索引）"
res/color/selector_lucky_bag_tab.xml,464,.xml,undefined,unused,"未引用（保留索引）"
res/color/selector_medal_trade.xml,464,.xml,undefined,unused,"未引用（保留索引）"
res/color/selector_mine_bidding_tab.xml,464,.xml,undefined,unused,"未引用（保留索引）"
res/color/selector_my_prints_tab.xml,464,.xml,undefined,unused,"未引用（保留索引）"
res/color/selector_orange_and_light_brown.xml,464,.xml,undefined,unused,"未引用（保留索引）"
res/color/selector_search_hint_text.xml,464,.xml,undefined,unused,"未引用（保留索引）"
res/color/selector_search_text.xml,464,.xml,undefined,unused,"未引用（保留索引）"
res/color/selector_sport_tab.xml,464,.xml,undefined,unused,"未引用（保留索引）"
res/color/selector_sport_tab_count.xml,464,.xml,undefined,unused,"未引用（保留索引）"
res/color/selector_tab_text.xml,464,.xml,undefined,unused,"未引用（保留索引）"
res/color/selector_tiger_mouth_help_btn.xml,484,.xml,undefined,unused,"未引用（保留索引）"
res/color/switch_thumb_material_dark.xml,464,.xml,undefined,unused,"未引用（保留索引）"
res/color/switch_thumb_material_light.xml,464,.xml,undefined,unused,"未引用（保留索引）"
res/color/tab_text.xml,464,.xml,undefined,unused,"未引用（保留索引）"
res/color/test_mtrl_calendar_day.xml,340,.xml,undefined,unused,"未引用（保留索引）"
res/color/test_mtrl_calendar_day_selected.xml,340,.xml,undefined,unused,"未引用（保留索引）"
res/color/tug_record_tab_selector.xml,484,.xml,undefined,unused,"未引用（保留索引）"
res/color/ysf_bot_logistic_text_color_selector.xml,464,.xml,undefined,unused,"未引用（保留索引）"
res/color/ysf_bot_logistic_time_color_selector.xml,464,.xml,undefined,unused,"未引用（保留索引）"
res/color/ysf_btn_circle_text_color.xml,464,.xml,undefined,unused,"未引用（保留索引）"
res/color/ysf_btn_common_text_color_selector.xml,464,.xml,undefined,unused,"未引用（保留索引）"
res/color/ysf_button_color_state_list.xml,588,.xml,undefined,unused,"未引用（保留索引）"
res/color/ysf_evaluation_dialog_select_text_selector.xml,464,.xml,undefined,unused,"未引用（保留索引）"
res/color/ysf_evaluator_label_color.xml,464,.xml,undefined,unused,"未引用（保留索引）"
res/color/ysf_robot_evaluate_text_selector.xml,464,.xml,undefined,unused,"未引用（保留索引）"
res/color/ysf_tab_text_color.xml,464,.xml,undefined,unused,"未引用（保留索引）"
res/color/ysf_title_bar_text_color_dark_selector.xml,464,.xml,undefined,unused,"未引用（保留索引）"
res/color/ysf_title_bar_text_color_light_selector.xml,464,.xml,undefined,unused,"未引用（保留索引）"
res/color/zhihu_bottom_toolbar_apply.xml,464,.xml,undefined,unused,"未引用（保留索引）"
res/color/zhihu_bottom_toolbar_preview.xml,464,.xml,undefined,unused,"未引用（保留索引）"
res/color/zhihu_preview_bottom_toolbar_apply.xml,464,.xml,undefined,unused,"未引用（保留索引）"
res/cou.png,41770,.png,undefined,unused,"未引用（保留索引）"
res/cp8.png,567,.png,undefined,unused,"未引用（保留索引）"
res/cpJ.png,5296,.png,undefined,unused,"未引用（保留索引）"
res/cpN.webp,1982,.webp,undefined,unused,"未引用（保留索引）"
res/cpm.xml,848,.xml,undefined,unused,"未引用（保留索引）"
res/cqC.xml,468,.xml,undefined,unused,"未引用（保留索引）"
res/crD.xml,572,.xml,undefined,unused,"未引用（保留索引）"
res/crp.png,45220,.png,undefined,unused,"未引用（保留索引）"
res/cru.xml,668,.xml,undefined,unused,"未引用（保留索引）"
res/cs4.xml,508,.xml,undefined,unused,"未引用（保留索引）"
res/csG.webp,2186,.webp,undefined,unused,"未引用（保留索引）"
res/csH.xml,1336,.xml,undefined,unused,"未引用（保留索引）"
res/csJ.xml,472,.xml,undefined,unused,"未引用（保留索引）"
res/csT.webp,14434,.webp,undefined,unused,"未引用（保留索引）"
res/csp.xml,5916,.xml,undefined,unused,"未引用（保留索引）"
res/ct8.xml,1468,.xml,undefined,unused,"未引用（保留索引）"
res/cth.png,7036,.png,undefined,unused,"未引用（保留索引）"
res/cuJ.png,3822,.png,undefined,unused,"未引用（保留索引）"
res/cvC.xml,11988,.xml,undefined,unused,"未引用（保留索引）"
res/cvf.png,1608,.png,undefined,unused,"未引用（保留索引）"
res/cvn.xml,3384,.xml,undefined,unused,"未引用（保留索引）"
res/cw1.xml,424,.xml,undefined,unused,"未引用（保留索引）"
res/cw7.xml,600,.xml,undefined,unused,"未引用（保留索引）"
res/cwB.png,21907,.png,undefined,unused,"未引用（保留索引）"
res/cwr.xml,592,.xml,undefined,unused,"未引用（保留索引）"
res/cx2.webp,14008,.webp,undefined,unused,"未引用（保留索引）"
res/cx8.webp,568,.webp,undefined,unused,"未引用（保留索引）"
res/cxj.xml,704,.xml,undefined,unused,"未引用（保留索引）"
res/cyG.xml,2908,.xml,undefined,unused,"未引用（保留索引）"
res/cy_.png,450,.png,undefined,unused,"未引用（保留索引）"
res/cye.xml,972,.xml,undefined,unused,"未引用（保留索引）"
res/cz1.xml,4556,.xml,undefined,unused,"未引用（保留索引）"
res/cz9.png,563,.png,undefined,unused,"未引用（保留索引）"
res/czn.xml,4856,.xml,undefined,unused,"未引用（保留索引）"
res/d-n.xml,500,.xml,undefined,unused,"未引用（保留索引）"
res/d04.png,2954,.png,undefined,unused,"未引用（保留索引）"
res/d0T.webp,914,.webp,undefined,unused,"未引用（保留索引）"
res/d0g.webp,2220,.webp,undefined,unused,"未引用（保留索引）"
res/d1K.xml,440,.xml,undefined,unused,"未引用（保留索引）"
res/d1V.9.png,208,.png,undefined,unused,"未引用（保留索引）"
res/d2C.xml,4640,.xml,undefined,unused,"未引用（保留索引）"
res/d2W.xml,484,.xml,undefined,unused,"未引用（保留索引）"
res/d2a.xml,848,.xml,undefined,unused,"未引用（保留索引）"
res/d2b.webp,342,.webp,undefined,unused,"未引用（保留索引）"
res/d2j.png,7065,.png,undefined,unused,"未引用（保留索引）"
res/d3M.webp,2450,.webp,undefined,unused,"未引用（保留索引）"
res/d3Y.xml,592,.xml,undefined,unused,"未引用（保留索引）"
res/d4O.png,3635,.png,undefined,unused,"未引用（保留索引）"
res/d5J.xml,2524,.xml,undefined,unused,"未引用（保留索引）"
res/d5U.webp,6186,.webp,undefined,unused,"未引用（保留索引）"
res/d5j.png,220,.png,undefined,unused,"未引用（保留索引）"
res/d70.webp,364,.webp,undefined,unused,"未引用（保留索引）"
res/d7W.xml,576,.xml,undefined,unused,"未引用（保留索引）"
res/d8-.png,382,.png,undefined,unused,"未引用（保留索引）"
res/d8Z.xml,2300,.xml,undefined,unused,"未引用（保留索引）"
res/d8i.xml,448,.xml,undefined,unused,"未引用（保留索引）"
res/d9-.png,54930,.png,undefined,unused,"未引用（保留索引）"
res/d9d.xml,8508,.xml,undefined,unused,"未引用（保留索引）"
res/d9v.png,29639,.png,undefined,unused,"未引用（保留索引）"
res/dA-.png,67,.png,undefined,unused,"未引用（保留索引）"
res/dAE.webp,68424,.webp,undefined,unused,"未引用（保留索引）"
res/dAY.xml,448,.xml,undefined,unused,"未引用（保留索引）"
res/dBB.png,22958,.png,undefined,unused,"未引用（保留索引）"
res/dCD.png,18902,.png,undefined,unused,"未引用（保留索引）"
res/dCM.webp,6886,.webp,undefined,unused,"未引用（保留索引）"
res/dD-.xml,484,.xml,undefined,unused,"未引用（保留索引）"
res/dDR.xml,880,.xml,undefined,unused,"未引用（保留索引）"
res/dDc.webp,508,.webp,undefined,unused,"未引用（保留索引）"
res/dEF.webp,178,.webp,undefined,unused,"未引用（保留索引）"
res/dF2.png,39781,.png,undefined,unused,"未引用（保留索引）"
res/dFU.xml,548,.xml,undefined,unused,"未引用（保留索引）"
res/dGZ.png,53074,.png,undefined,unused,"未引用（保留索引）"
res/dH3.png,1379,.png,undefined,unused,"未引用（保留索引）"
res/dHh.9.png,221,.png,undefined,unused,"未引用（保留索引）"
res/dI-.xml,536,.xml,undefined,unused,"未引用（保留索引）"
res/dJF.webp,200,.webp,undefined,unused,"未引用（保留索引）"
res/dJH.xml,3204,.xml,undefined,unused,"未引用（保留索引）"
res/dJK.png,276,.png,undefined,unused,"未引用（保留索引）"
res/dJp.xml,704,.xml,undefined,unused,"未引用（保留索引）"
res/dKH.webp,236,.webp,undefined,unused,"未引用（保留索引）"
res/dKN.png,22439,.png,undefined,unused,"未引用（保留索引）"
res/dKm.xml,484,.xml,undefined,unused,"未引用（保留索引）"
res/dKx.png,541,.png,undefined,unused,"未引用（保留索引）"
res/dLn.xml,500,.xml,undefined,unused,"未引用（保留索引）"
res/dM5.png,97918,.png,undefined,unused,"未引用（保留索引）"
res/dMD.webp,3856,.webp,undefined,unused,"未引用（保留索引）"
res/dME.png,3046,.png,undefined,unused,"未引用（保留索引）"
res/dMK.png,5224,.png,undefined,unused,"未引用（保留索引）"
res/dMP.xml,408,.xml,undefined,unused,"未引用（保留索引）"
res/dMw.png,511,.png,undefined,unused,"未引用（保留索引）"
res/dNC.webp,336,.webp,undefined,unused,"未引用（保留索引）"
res/dNT.png,164271,.png,undefined,unused,"未引用（保留索引）"
res/dOA.webp,7232,.webp,undefined,unused,"未引用（保留索引）"
res/dOD.webp,128,.webp,undefined,unused,"未引用（保留索引）"
res/dOl.xml,7668,.xml,undefined,unused,"未引用（保留索引）"
res/dOo.webp,1106,.webp,undefined,unused,"未引用（保留索引）"
res/dP8.png,879,.png,undefined,unused,"未引用（保留索引）"
res/dPA.webp,298,.webp,undefined,unused,"未引用（保留索引）"
res/dPD.png,12931,.png,undefined,unused,"未引用（保留索引）"
res/dPg.webp,3840,.webp,undefined,unused,"未引用（保留索引）"
res/dQV.xml,11192,.xml,undefined,unused,"未引用（保留索引）"
res/dQl.xml,704,.xml,undefined,unused,"未引用（保留索引）"
res/dR-.png,11681,.png,undefined,unused,"未引用（保留索引）"
res/dR9.xml,9916,.xml,undefined,unused,"未引用（保留索引）"
res/dRK.webp,3968,.webp,undefined,unused,"未引用（保留索引）"
res/dRO.xml,1452,.xml,undefined,unused,"未引用（保留索引）"
res/dRf.webp,16234,.webp,undefined,unused,"未引用（保留索引）"
res/dRr.xml,468,.xml,undefined,unused,"未引用（保留索引）"
res/dRw.xml,1304,.xml,undefined,unused,"未引用（保留索引）"
res/dS5.png,2000,.png,undefined,unused,"未引用（保留索引）"
res/dSU.png,23374,.png,undefined,unused,"未引用（保留索引）"
res/dSz.png,610,.png,undefined,unused,"未引用（保留索引）"
res/dT2.xml,3636,.xml,undefined,unused,"未引用（保留索引）"
res/dTF.xml,3540,.xml,undefined,unused,"未引用（保留索引）"
res/dTG.xml,4784,.xml,undefined,unused,"未引用（保留索引）"
res/dV4.xml,816,.xml,undefined,unused,"未引用（保留索引）"
res/dVy.xml,576,.xml,undefined,unused,"未引用（保留索引）"
res/dWF.png,2156,.png,undefined,unused,"未引用（保留索引）"
res/dWW.xml,704,.xml,undefined,unused,"未引用（保留索引）"
res/dWu.webp,4282,.webp,undefined,unused,"未引用（保留索引）"
res/dXU.webp,41894,.webp,undefined,unused,"未引用（保留索引）"
res/dXr.xml,2332,.xml,undefined,unused,"未引用（保留索引）"
res/dYT.xml,840,.xml,undefined,unused,"未引用（保留索引）"
res/dYV.png,16912,.png,undefined,unused,"未引用（保留索引）"
res/dZV.webp,308,.webp,undefined,unused,"未引用（保留索引）"
res/d_8.png,2198,.png,undefined,unused,"未引用（保留索引）"
res/d_t.png,1619,.png,undefined,unused,"未引用（保留索引）"
res/d_u.xml,2108,.xml,undefined,unused,"未引用（保留索引）"
res/d_x.xml,696,.xml,undefined,unused,"未引用（保留索引）"
res/da-.png,2387,.png,undefined,unused,"未引用（保留索引）"
res/daZ.png,1634,.png,undefined,unused,"未引用（保留索引）"
res/dap.png,376,.png,undefined,unused,"未引用（保留索引）"
res/day.png,1578,.png,undefined,unused,"未引用（保留索引）"
res/dcC.xml,2400,.xml,undefined,unused,"未引用（保留索引）"
res/dcL.png,10801,.png,undefined,unused,"未引用（保留索引）"
res/dcU.wav,17202,.wav,undefined,unused,"未引用（保留索引）"
res/dcY.xml,1524,.xml,undefined,unused,"未引用（保留索引）"
res/dd1.webp,15438,.webp,undefined,unused,"未引用（保留索引）"
res/ddA.xml,1580,.xml,undefined,unused,"未引用（保留索引）"
res/deB.xml,3600,.xml,undefined,unused,"未引用（保留索引）"
res/der.webp,6572,.webp,undefined,unused,"未引用（保留索引）"
res/df-.png,7334,.png,undefined,unused,"未引用（保留索引）"
res/dfN.png,1464,.png,undefined,unused,"未引用（保留索引）"
res/dfb.xml,2428,.xml,undefined,unused,"未引用（保留索引）"
res/dgP.xml,4228,.xml,undefined,unused,"未引用（保留索引）"
res/dgk.png,1628,.png,undefined,unused,"未引用（保留索引）"
res/dhS.png,1344,.png,undefined,unused,"未引用（保留索引）"
res/di-.png,2127,.png,undefined,unused,"未引用（保留索引）"
res/did.webp,84454,.webp,undefined,unused,"未引用（保留索引）"
res/djB.webp,22398,.webp,undefined,unused,"未引用（保留索引）"
res/djQ.webp,626,.webp,undefined,unused,"未引用（保留索引）"
res/dk5.xml,2464,.xml,undefined,unused,"未引用（保留索引）"
res/dkB.xml,992,.xml,undefined,unused,"未引用（保留索引）"
res/dkD.webp,21200,.webp,undefined,unused,"未引用（保留索引）"
res/dk_.png,8769,.png,undefined,unused,"未引用（保留索引）"
res/dla.xml,3752,.xml,undefined,unused,"未引用（保留索引）"
res/dmJ.xml,2456,.xml,undefined,unused,"未引用（保留索引）"
res/dnN.xml,448,.xml,undefined,unused,"未引用（保留索引）"
res/do7.webp,2312,.webp,undefined,unused,"未引用（保留索引）"
res/dos.xml,704,.xml,undefined,unused,"未引用（保留索引）"
res/dot.xml,516,.xml,undefined,unused,"未引用（保留索引）"
res/dpN.xml,1128,.xml,undefined,unused,"未引用（保留索引）"
res/dpQ.webp,7582,.webp,undefined,unused,"未引用（保留索引）"
res/dpl.png,5331,.png,undefined,unused,"未引用（保留索引）"
res/dqu.xml,1852,.xml,undefined,unused,"未引用（保留索引）"
res/drE.png,6495,.png,undefined,unused,"未引用（保留索引）"
res/drT.png,1382,.png,undefined,unused,"未引用（保留索引）"
res/drb.webp,11824,.webp,undefined,unused,"未引用（保留索引）"
res/drz.png,12161,.png,undefined,unused,"未引用（保留索引）"
res/ds7.webp,2438,.webp,undefined,unused,"未引用（保留索引）"
res/dsU.xml,2752,.xml,undefined,unused,"未引用（保留索引）"
res/dsc.xml,488,.xml,undefined,unused,"未引用（保留索引）"
res/dte.xml,2872,.xml,undefined,unused,"未引用（保留索引）"
res/dtn.png,38905,.png,undefined,unused,"未引用（保留索引）"
res/duC.png,415,.png,undefined,unused,"未引用（保留索引）"
res/dud.xml,7732,.xml,undefined,unused,"未引用（保留索引）"
res/dv0.png,10501,.png,undefined,unused,"未引用（保留索引）"
res/dvO.9.png,210,.png,undefined,unused,"未引用（保留索引）"
res/dvU.png,6653,.png,undefined,unused,"未引用（保留索引）"
res/dw5.webp,308,.webp,undefined,unused,"未引用（保留索引）"
res/dww.png,267,.png,undefined,unused,"未引用（保留索引）"
res/dx-.webp,212,.webp,undefined,unused,"未引用（保留索引）"
res/dxE.xml,1804,.xml,undefined,unused,"未引用（保留索引）"
res/dxK.xml,484,.xml,undefined,unused,"未引用（保留索引）"
res/dxd.png,3229,.png,undefined,unused,"未引用（保留索引）"
res/dxw.xml,1012,.xml,undefined,unused,"未引用（保留索引）"
res/dy6.xml,3900,.xml,undefined,unused,"未引用（保留索引）"
res/dyl.png,4836,.png,undefined,unused,"未引用（保留索引）"
res/dz8.webp,174,.webp,undefined,unused,"未引用（保留索引）"
res/dzL.xml,2724,.xml,undefined,unused,"未引用（保留索引）"
res/dzU.png,347,.png,undefined,unused,"未引用（保留索引）"
res/dzd.webp,3324,.webp,undefined,unused,"未引用（保留索引）"
res/e-6.webp,530,.webp,undefined,unused,"未引用（保留索引）"
res/e-f.png,66694,.png,undefined,unused,"未引用（保留索引）"
res/e-r.png,247,.png,undefined,unused,"未引用（保留索引）"
res/e0W.xml,536,.xml,undefined,unused,"未引用（保留索引）"
res/e0j.png,67,.png,undefined,unused,"未引用（保留索引）"
res/e0w.webp,824,.webp,undefined,unused,"未引用（保留索引）"
res/e1M.xml,2964,.xml,undefined,unused,"未引用（保留索引）"
res/e1c.xml,3472,.xml,undefined,unused,"未引用（保留索引）"
res/e1q.webp,86962,.webp,undefined,unused,"未引用（保留索引）"
res/e2A.png,628,.png,undefined,unused,"未引用（保留索引）"
res/e3B.png,216,.png,undefined,unused,"未引用（保留索引）"
res/e3W.png,260,.png,undefined,unused,"未引用（保留索引）"
res/e3c.xml,532,.xml,undefined,unused,"未引用（保留索引）"
res/e3e.webp,500,.webp,undefined,unused,"未引用（保留索引）"
res/e3w.xml,2880,.xml,undefined,unused,"未引用（保留索引）"
res/e3x.webp,852,.webp,undefined,unused,"未引用（保留索引）"
res/e4r.9.png,196,.png,undefined,unused,"未引用（保留索引）"
res/e53.png,2371,.png,undefined,unused,"未引用（保留索引）"
res/e57.webp,570,.webp,undefined,unused,"未引用（保留索引）"
res/e5F.webp,11714,.webp,undefined,unused,"未引用（保留索引）"
res/e6-.webp,7514,.webp,undefined,unused,"未引用（保留索引）"
res/e6b.xml,3804,.xml,undefined,unused,"未引用（保留索引）"
res/e71.png,1415,.png,undefined,unused,"未引用（保留索引）"
res/e7n.png,17189,.png,undefined,unused,"未引用（保留索引）"
res/e7s.xml,2164,.xml,undefined,unused,"未引用（保留索引）"
res/e84.webp,480,.webp,undefined,unused,"未引用（保留索引）"
res/e8G.webp,1634,.webp,undefined,unused,"未引用（保留索引）"
res/e8s.xml,468,.xml,undefined,unused,"未引用（保留索引）"
res/e97.png,484,.png,undefined,unused,"未引用（保留索引）"
res/e9P.xml,6708,.xml,undefined,unused,"未引用（保留索引）"
res/e9Z.png,4000,.png,undefined,unused,"未引用（保留索引）"
res/e9h.xml,1232,.xml,undefined,unused,"未引用（保留索引）"
res/eAb.9.png,1975,.png,undefined,unused,"未引用（保留索引）"
res/eAx.png,1867,.png,undefined,unused,"未引用（保留索引）"
res/eB9.png,525,.png,undefined,unused,"未引用（保留索引）"
res/eBI.png,1258,.png,undefined,unused,"未引用（保留索引）"
res/eBL.png,5991,.png,undefined,unused,"未引用（保留索引）"
res/eBM.xml,2928,.xml,undefined,unused,"未引用（保留索引）"
res/eBm.webp,962,.webp,undefined,unused,"未引用（保留索引）"
res/eBp.9.png,1544,.png,undefined,unused,"未引用（保留索引）"
res/eCQ.png,10449,.png,undefined,unused,"未引用（保留索引）"
res/eD5.png,67,.png,undefined,unused,"未引用（保留索引）"
res/eDQ.xml,5260,.xml,undefined,unused,"未引用（保留索引）"
res/eEB.png,46832,.png,undefined,unused,"未引用（保留索引）"
res/eEF.webp,60670,.webp,undefined,unused,"未引用（保留索引）"
res/eER.png,954,.png,undefined,unused,"未引用（保留索引）"
res/eF4.png,3286,.png,undefined,unused,"未引用（保留索引）"
res/eFT.png,1407,.png,undefined,unused,"未引用（保留索引）"
res/eFm.webp,760,.webp,undefined,unused,"未引用（保留索引）"
res/eFx.webp,178,.webp,undefined,unused,"未引用（保留索引）"
res/eG3.xml,5204,.xml,undefined,unused,"未引用（保留索引）"
res/eGR.webp,11316,.webp,undefined,unused,"未引用（保留索引）"
res/eGY.xml,2884,.xml,undefined,unused,"未引用（保留索引）"
res/eGs.xml,6664,.xml,undefined,unused,"未引用（保留索引）"
res/eHW.otf,28640,.otf,undefined,unused,"未引用（保留索引）"
res/eI6.png,760,.png,undefined,unused,"未引用（保留索引）"
res/eIV.webp,626,.webp,undefined,unused,"未引用（保留索引）"
res/eIi.xml,752,.xml,undefined,unused,"未引用（保留索引）"
res/eJI.xml,744,.xml,undefined,unused,"未引用（保留索引）"
res/eJJ.xml,484,.xml,undefined,unused,"未引用（保留索引）"
res/eKL.xml,448,.xml,undefined,unused,"未引用（保留索引）"
res/eKS.9.png,223,.png,undefined,unused,"未引用（保留索引）"
res/eKX.webp,672,.webp,undefined,unused,"未引用（保留索引）"
res/eKt.png,415,.png,undefined,unused,"未引用（保留索引）"
res/eKw.xml,756,.xml,undefined,unused,"未引用（保留索引）"
res/eKx.webp,136,.webp,undefined,unused,"未引用（保留索引）"
res/eKy.xml,752,.xml,undefined,unused,"未引用（保留索引）"
res/eL0.webp,652,.webp,undefined,unused,"未引用（保留索引）"
res/eLQ.webp,578,.webp,undefined,unused,"未引用（保留索引）"
res/eLT.png,264,.png,undefined,unused,"未引用（保留索引）"
res/eL_.webp,308,.webp,undefined,unused,"未引用（保留索引）"
res/eLj.xml,1776,.xml,undefined,unused,"未引用（保留索引）"
res/eLk.png,4227,.png,undefined,unused,"未引用（保留索引）"
res/eLk.xml,936,.xml,undefined,unused,"未引用（保留索引）"
res/eLl.webp,46216,.webp,undefined,unused,"未引用（保留索引）"
res/eM2.webp,12310,.webp,undefined,unused,"未引用（保留索引）"
res/eM2.xml,1264,.xml,undefined,unused,"未引用（保留索引）"
res/eNJ.xml,628,.xml,undefined,unused,"未引用（保留索引）"
res/eNR.png,2801,.png,undefined,unused,"未引用（保留索引）"
res/eNc.xml,808,.xml,undefined,unused,"未引用（保留索引）"
res/eNe.png,2173,.png,undefined,unused,"未引用（保留索引）"
res/eOZ.png,13676,.png,undefined,unused,"未引用（保留索引）"
res/eOj.png,1811,.png,undefined,unused,"未引用（保留索引）"
res/eOt.xml,372,.xml,undefined,unused,"未引用（保留索引）"
res/eQO.png,2314,.png,undefined,unused,"未引用（保留索引）"
res/eQe.png,12623,.png,undefined,unused,"未引用（保留索引）"
res/eQh.png,416,.png,undefined,unused,"未引用（保留索引）"
res/eRB.xml,1140,.xml,undefined,unused,"未引用（保留索引）"
res/eRr.webp,77860,.webp,undefined,unused,"未引用（保留索引）"
res/eS2.png,11377,.png,undefined,unused,"未引用（保留索引）"
res/eST.png,2869,.png,undefined,unused,"未引用（保留索引）"
res/eSw.xml,1528,.xml,undefined,unused,"未引用（保留索引）"
res/eT9.png,4378,.png,undefined,unused,"未引用（保留索引）"
res/eTD.webp,1480,.webp,undefined,unused,"未引用（保留索引）"
res/eTE.webp,520,.webp,undefined,unused,"未引用（保留索引）"
res/eTE.xml,1988,.xml,undefined,unused,"未引用（保留索引）"
res/eU9.webp,394,.webp,undefined,unused,"未引用（保留索引）"
res/eUQ.xml,508,.xml,undefined,unused,"未引用（保留索引）"
res/eUh.xml,704,.xml,undefined,unused,"未引用（保留索引）"
res/eUq.webp,1868,.webp,undefined,unused,"未引用（保留索引）"
res/eV-.png,207,.png,undefined,unused,"未引用（保留索引）"
res/eV1.xml,3812,.xml,undefined,unused,"未引用（保留索引）"
res/eVj.webp,48928,.webp,undefined,unused,"未引用（保留索引）"
res/eWC.webp,121456,.webp,undefined,unused,"未引用（保留索引）"
res/eWU.png,536,.png,undefined,unused,"未引用（保留索引）"
res/eWq.png,10110,.png,undefined,unused,"未引用（保留索引）"
res/eXA.xml,6548,.xml,undefined,unused,"未引用（保留索引）"
res/eXi.xml,2036,.xml,undefined,unused,"未引用（保留索引）"
res/eXx.webp,1344,.webp,undefined,unused,"未引用（保留索引）"
res/eYI.webp,63866,.webp,undefined,unused,"未引用（保留索引）"
res/eYP.xml,2176,.xml,undefined,unused,"未引用（保留索引）"
res/eYa.xml,1012,.xml,undefined,unused,"未引用（保留索引）"
res/eZR.xml,2144,.xml,undefined,unused,"未引用（保留索引）"
res/e_5.webp,510,.webp,undefined,unused,"未引用（保留索引）"
res/e_5.xml,1940,.xml,undefined,unused,"未引用（保留索引）"
res/e_i.xml,2344,.xml,undefined,unused,"未引用（保留索引）"
res/ea0.png,2278,.png,undefined,unused,"未引用（保留索引）"
res/eaH.9.png,671,.png,undefined,unused,"未引用（保留索引）"
res/eaI.png,4546,.png,undefined,unused,"未引用（保留索引）"
res/eaa.xml,4964,.xml,undefined,unused,"未引用（保留索引）"
res/eaj.png,161,.png,undefined,unused,"未引用（保留索引）"
res/ebP.xml,468,.xml,undefined,unused,"未引用（保留索引）"
res/ebx.png,5182,.png,undefined,unused,"未引用（保留索引）"
res/ec4.png,221,.png,undefined,unused,"未引用（保留索引）"
res/ecl.xml,976,.xml,undefined,unused,"未引用（保留索引）"
res/ecx.xml,3064,.xml,undefined,unused,"未引用（保留索引）"
res/ed5.xml,2392,.xml,undefined,unused,"未引用（保留索引）"
res/edF.xml,748,.xml,undefined,unused,"未引用（保留索引）"
res/ee9.png,214,.png,undefined,unused,"未引用（保留索引）"
res/eeW.png,342,.png,undefined,unused,"未引用（保留索引）"
res/eel.png,159328,.png,undefined,unused,"未引用（保留索引）"
res/efE.png,256,.png,undefined,unused,"未引用（保留索引）"
res/eff.xml,928,.xml,undefined,unused,"未引用（保留索引）"
res/efv.webp,89876,.webp,undefined,unused,"未引用（保留索引）"
res/ega.png,745,.png,undefined,unused,"未引用（保留索引）"
res/ege.png,427,.png,undefined,unused,"未引用（保留索引）"
res/egr.webp,88980,.webp,undefined,unused,"未引用（保留索引）"
res/ehN.xml,704,.xml,undefined,unused,"未引用（保留索引）"
res/ehR.xml,628,.xml,undefined,unused,"未引用（保留索引）"
res/ehg.xml,2204,.xml,undefined,unused,"未引用（保留索引）"
res/ehy.xml,2720,.xml,undefined,unused,"未引用（保留索引）"
res/ei8.png,3998,.png,undefined,unused,"未引用（保留索引）"
res/eid.xml,484,.xml,undefined,unused,"未引用（保留索引）"
res/eis.9.png,167,.png,undefined,unused,"未引用（保留索引）"
res/ejD.webp,3678,.webp,undefined,unused,"未引用（保留索引）"
res/ejP.xml,328,.xml,undefined,unused,"未引用（保留索引）"
res/ejq.xml,1748,.xml,undefined,unused,"未引用（保留索引）"
res/ekS.png,604,.png,undefined,unused,"未引用（保留索引）"
res/ekY.xml,6628,.xml,undefined,unused,"未引用（保留索引）"
res/el4.xml,1768,.xml,undefined,unused,"未引用（保留索引）"
res/eli.webp,158,.webp,undefined,unused,"未引用（保留索引）"
res/elj.xml,2160,.xml,undefined,unused,"未引用（保留索引）"
res/em2.xml,104,.xml,undefined,unused,"未引用（保留索引）"
res/emE.xml,1460,.xml,undefined,unused,"未引用（保留索引）"
res/emb.webp,402,.webp,undefined,unused,"未引用（保留索引）"
res/emt.webp,45080,.webp,undefined,unused,"未引用（保留索引）"
res/eoU.webp,54858,.webp,undefined,unused,"未引用（保留索引）"
res/epC.png,9039,.png,undefined,unused,"未引用（保留索引）"
res/eqW.png,286,.png,undefined,unused,"未引用（保留索引）"
res/eqX.xml,808,.xml,undefined,unused,"未引用（保留索引）"
res/eqq.xml,4168,.xml,undefined,unused,"未引用（保留索引）"
res/eqs.png,22034,.png,undefined,unused,"未引用（保留索引）"
res/er5.xml,2100,.xml,undefined,unused,"未引用（保留索引）"
res/er7.png,26923,.png,undefined,unused,"未引用（保留索引）"
res/erL.webp,5860,.webp,undefined,unused,"未引用（保留索引）"
res/erM.xml,1008,.xml,undefined,unused,"未引用（保留索引）"
res/ers.png,5181,.png,undefined,unused,"未引用（保留索引）"
res/est.xml,1852,.xml,undefined,unused,"未引用（保留索引）"
res/et8.png,4381,.png,undefined,unused,"未引用（保留索引）"
res/etE.png,1747,.png,undefined,unused,"未引用（保留索引）"
res/etG.otf,24516,.otf,undefined,unused,"未引用（保留索引）"
res/etX.xml,3592,.xml,undefined,unused,"未引用（保留索引）"
res/etZ.png,129712,.png,undefined,unused,"未引用（保留索引）"
res/etw.png,67,.png,undefined,unused,"未引用（保留索引）"
res/euP.png,749,.png,undefined,unused,"未引用（保留索引）"
res/euS.png,603,.png,undefined,unused,"未引用（保留索引）"
res/eup.png,16473,.png,undefined,unused,"未引用（保留索引）"
res/ev3.xml,704,.xml,undefined,unused,"未引用（保留索引）"
res/evO.xml,352,.xml,undefined,unused,"未引用（保留索引）"
res/evs.xml,592,.xml,undefined,unused,"未引用（保留索引）"
res/ew7.xml,1748,.xml,undefined,unused,"未引用（保留索引）"
res/ewE.png,1225,.png,undefined,unused,"未引用（保留索引）"
res/ex0.xml,484,.xml,undefined,unused,"未引用（保留索引）"
res/ex_.xml,1740,.xml,undefined,unused,"未引用（保留索引）"
res/exz.webp,3776,.webp,undefined,unused,"未引用（保留索引）"
res/ey0.xml,2092,.xml,undefined,unused,"未引用（保留索引）"
res/ey2.png,433,.png,undefined,unused,"未引用（保留索引）"
res/ey9.png,137717,.png,undefined,unused,"未引用（保留索引）"
res/eyO.xml,8324,.xml,undefined,unused,"未引用（保留索引）"
res/eyO1.xml,704,.xml,undefined,unused,"未引用（保留索引）"
res/ez3.png,1036,.png,undefined,unused,"未引用（保留索引）"
res/ezB.png,9148,.png,undefined,unused,"未引用（保留索引）"
res/ezP.xml,2920,.xml,undefined,unused,"未引用（保留索引）"
res/ezd.png,267,.png,undefined,unused,"未引用（保留索引）"
res/f-I.png,2487,.png,undefined,unused,"未引用（保留索引）"
res/f-O.png,4541,.png,undefined,unused,"未引用（保留索引）"
res/f0Z.webp,7918,.webp,undefined,unused,"未引用（保留索引）"
res/f0Z.xml,6764,.xml,undefined,unused,"未引用（保留索引）"
res/f1N.png,673,.png,undefined,unused,"未引用（保留索引）"
res/f1k.xml,484,.xml,undefined,unused,"未引用（保留索引）"
res/f1w.png,10456,.png,undefined,unused,"未引用（保留索引）"
res/f2Z.png,18551,.png,undefined,unused,"未引用（保留索引）"
res/f2e.png,6004,.png,undefined,unused,"未引用（保留索引）"
res/f3J.webp,3696,.webp,undefined,unused,"未引用（保留索引）"
res/f3M.png,3007,.png,undefined,unused,"未引用（保留索引）"
res/f3N.xml,484,.xml,undefined,unused,"未引用（保留索引）"
res/f3W.xml,2680,.xml,undefined,unused,"未引用（保留索引）"
res/f3Y.webp,860,.webp,undefined,unused,"未引用（保留索引）"
res/f3_.xml,6452,.xml,undefined,unused,"未引用（保留索引）"
res/f3b.xml,1708,.xml,undefined,unused,"未引用（保留索引）"
res/f3w.png,9881,.png,undefined,unused,"未引用（保留索引）"
res/f4J.png,666,.png,undefined,unused,"未引用（保留索引）"
res/f4w.png,11092,.png,undefined,unused,"未引用（保留索引）"
res/f5Q.png,4483,.png,undefined,unused,"未引用（保留索引）"
res/f5c.png,563,.png,undefined,unused,"未引用（保留索引）"
res/f7i.png,14984,.png,undefined,unused,"未引用（保留索引）"
res/f7y.xml,2396,.xml,undefined,unused,"未引用（保留索引）"
res/f8b.png,2395,.png,undefined,unused,"未引用（保留索引）"
res/f9a.xml,448,.xml,undefined,unused,"未引用（保留索引）"
res/f9e.png,785,.png,undefined,unused,"未引用（保留索引）"
res/fAM.webp,1170,.webp,undefined,unused,"未引用（保留索引）"
res/fAj.xml,5152,.xml,undefined,unused,"未引用（保留索引）"
res/fAq.xml,668,.xml,undefined,unused,"未引用（保留索引）"
res/fBF.png,2835,.png,undefined,unused,"未引用（保留索引）"
res/fCj.png,1840,.png,undefined,unused,"未引用（保留索引）"
res/fCn.webp,48526,.webp,undefined,unused,"未引用（保留索引）"
res/fD8.xml,22240,.xml,undefined,unused,"未引用（保留索引）"
res/fDP.png,598,.png,undefined,unused,"未引用（保留索引）"
res/fDT.9.png,217,.png,undefined,unused,"未引用（保留索引）"
res/fDk.png,77398,.png,undefined,unused,"未引用（保留索引）"
res/fDy.png,4108,.png,undefined,unused,"未引用（保留索引）"
res/fEK.xml,9812,.xml,undefined,unused,"未引用（保留索引）"
res/fEi.png,33426,.png,undefined,unused,"未引用（保留索引）"
res/fEi.xml,2588,.xml,undefined,unused,"未引用（保留索引）"
res/fEm.webp,1762,.webp,undefined,unused,"未引用（保留索引）"
res/fEt.xml,3428,.xml,undefined,unused,"未引用（保留索引）"
res/fEw.xml,2156,.xml,undefined,unused,"未引用（保留索引）"
res/fFL.webp,34314,.webp,undefined,unused,"未引用（保留索引）"
res/fGT.xml,2152,.xml,undefined,unused,"未引用（保留索引）"
res/fGj.xml,592,.xml,undefined,unused,"未引用（保留索引）"
res/fH2.png,2516,.png,undefined,unused,"未引用（保留索引）"
res/fHE.png,247,.png,undefined,unused,"未引用（保留索引）"
res/fHP.png,277,.png,undefined,unused,"未引用（保留索引）"
res/fHk.png,2836,.png,undefined,unused,"未引用（保留索引）"
res/fHv.png,1325,.png,undefined,unused,"未引用（保留索引）"
res/fKL.webp,2792,.webp,undefined,unused,"未引用（保留索引）"
res/fKd.png,3118,.png,undefined,unused,"未引用（保留索引）"
res/fLC.xml,776,.xml,undefined,unused,"未引用（保留索引）"
res/fLD.xml,1352,.xml,undefined,unused,"未引用（保留索引）"
res/fMi.png,114,.png,undefined,unused,"未引用（保留索引）"
res/fMq.xml,744,.xml,undefined,unused,"未引用（保留索引）"
res/fN7.xml,1732,.xml,undefined,unused,"未引用（保留索引）"
res/fNB.webp,19644,.webp,undefined,unused,"未引用（保留索引）"
res/fNn.xml,3100,.xml,undefined,unused,"未引用（保留索引）"
res/fOB.png,1384,.png,undefined,unused,"未引用（保留索引）"
res/fON.xml,2220,.xml,undefined,unused,"未引用（保留索引）"
res/fOl.png,3598,.png,undefined,unused,"未引用（保留索引）"
res/fOx.png,12848,.png,undefined,unused,"未引用（保留索引）"
res/fPa.png,6580,.png,undefined,unused,"未引用（保留索引）"
res/fPz.xml,612,.xml,undefined,unused,"未引用（保留索引）"
res/fQD.xml,2684,.xml,undefined,unused,"未引用（保留索引）"
res/fQL.webp,776,.webp,undefined,unused,"未引用（保留索引）"
res/fQq.png,646,.png,undefined,unused,"未引用（保留索引）"
res/fQr.xml,552,.xml,undefined,unused,"未引用（保留索引）"
res/fRG.png,1166,.png,undefined,unused,"未引用（保留索引）"
res/fRG.xml,2436,.xml,undefined,unused,"未引用（保留索引）"
res/fSB.xml,27236,.xml,undefined,unused,"未引用（保留索引）"
res/fSl.png,13955,.png,undefined,unused,"未引用（保留索引）"
res/fTK.webp,14866,.webp,undefined,unused,"未引用（保留索引）"
res/fTp.xml,2488,.xml,undefined,unused,"未引用（保留索引）"
res/fTz.xml,1084,.xml,undefined,unused,"未引用（保留索引）"
res/fUi.xml,636,.xml,undefined,unused,"未引用（保留索引）"
res/fWA.webp,328,.webp,undefined,unused,"未引用（保留索引）"
res/fWE.png,1081,.png,undefined,unused,"未引用（保留索引）"
res/fWb.png,2302,.png,undefined,unused,"未引用（保留索引）"
res/fX1.xml,4668,.xml,undefined,unused,"未引用（保留索引）"
res/fYA.png,2074,.png,undefined,unused,"未引用（保留索引）"
res/fYX.webp,396,.webp,undefined,unused,"未引用（保留索引）"
res/fYf.xml,1028,.xml,undefined,unused,"未引用（保留索引）"
res/fZt.9.png,237,.png,undefined,unused,"未引用（保留索引）"
res/f_1.webp,1672,.webp,undefined,unused,"未引用（保留索引）"
res/f_A.png,9298,.png,undefined,unused,"未引用（保留索引）"
res/f_j.png,112,.png,undefined,unused,"未引用（保留索引）"
res/faS.xml,1256,.xml,undefined,unused,"未引用（保留索引）"
res/faU.png,42237,.png,undefined,unused,"未引用（保留索引）"
res/fcK.png,8382,.png,undefined,unused,"未引用（保留索引）"
res/fcb.xml,404,.xml,undefined,unused,"未引用（保留索引）"
res/fdm.xml,788,.xml,undefined,unused,"未引用（保留索引）"
res/fdz.png,13524,.png,undefined,unused,"未引用（保留索引）"
res/feB.png,7906,.png,undefined,unused,"未引用（保留索引）"
res/feR.png,596,.png,undefined,unused,"未引用（保留索引）"
res/fei.webp,380,.webp,undefined,unused,"未引用（保留索引）"
res/few.xml,3628,.xml,undefined,unused,"未引用（保留索引）"
res/ff8.xml,12928,.xml,undefined,unused,"未引用（保留索引）"
res/fgT.png,2514,.png,undefined,unused,"未引用（保留索引）"
res/fgz.xml,2948,.xml,undefined,unused,"未引用（保留索引）"
res/fhU.png,18412,.png,undefined,unused,"未引用（保留索引）"
res/fiO.png,1324,.png,undefined,unused,"未引用（保留索引）"
res/fiS.png,67,.png,undefined,unused,"未引用（保留索引）"
res/fif.png,6204,.png,undefined,unused,"未引用（保留索引）"
res/fjT.webp,342,.webp,undefined,unused,"未引用（保留索引）"
res/fjq.png,543,.png,undefined,unused,"未引用（保留索引）"
res/fjs.webp,12696,.webp,undefined,unused,"未引用（保留索引）"
res/fjy.png,2877,.png,undefined,unused,"未引用（保留索引）"
res/fkC.png,394,.png,undefined,unused,"未引用（保留索引）"
res/fkD.xml,2684,.xml,undefined,unused,"未引用（保留索引）"
res/fkQ.webp,426,.webp,undefined,unused,"未引用（保留索引）"
res/fkk.png,5692,.png,undefined,unused,"未引用（保留索引）"
res/fl9.webp,348,.webp,undefined,unused,"未引用（保留索引）"
res/flT.png,5108,.png,undefined,unused,"未引用（保留索引）"
res/flo.png,3195,.png,undefined,unused,"未引用（保留索引）"
res/fmO.png,234,.png,undefined,unused,"未引用（保留索引）"
res/fmv.webp,135972,.webp,undefined,unused,"未引用（保留索引）"
res/fn7.png,16675,.png,undefined,unused,"未引用（保留索引）"
res/fnb.xml,1456,.xml,undefined,unused,"未引用（保留索引）"
res/fnd.png,18917,.png,undefined,unused,"未引用（保留索引）"
res/foC.xml,1044,.xml,undefined,unused,"未引用（保留索引）"
res/fpM.xml,1964,.xml,undefined,unused,"未引用（保留索引）"
res/fpm.xml,1952,.xml,undefined,unused,"未引用（保留索引）"
res/fpr.png,2630,.png,undefined,unused,"未引用（保留索引）"
res/fqv.png,7455,.png,undefined,unused,"未引用（保留索引）"
res/fr2.png,8556,.png,undefined,unused,"未引用（保留索引）"
res/frK.png,2665,.png,undefined,unused,"未引用（保留索引）"
res/frU.webp,8068,.webp,undefined,unused,"未引用（保留索引）"
res/frd.png,5025,.png,undefined,unused,"未引用（保留索引）"
res/fre.xml,484,.xml,undefined,unused,"未引用（保留索引）"
res/frv.9.png,267,.png,undefined,unused,"未引用（保留索引）"
res/fs8.png,16433,.png,undefined,unused,"未引用（保留索引）"
res/fs9.png,5114,.png,undefined,unused,"未引用（保留索引）"
res/fsi.png,4404,.png,undefined,unused,"未引用（保留索引）"
res/fsr.xml,596,.xml,undefined,unused,"未引用（保留索引）"
res/fss.otf,0,.otf,undefined,unused,"未引用（保留索引）"
res/ftc.xml,968,.xml,undefined,unused,"未引用（保留索引）"
res/fu5.xml,10800,.xml,undefined,unused,"未引用（保留索引）"
res/fuK.xml,480,.xml,undefined,unused,"未引用（保留索引）"
res/fuT.png,3019,.png,undefined,unused,"未引用（保留索引）"
res/fub.webp,3556,.webp,undefined,unused,"未引用（保留索引）"
res/fvA.png,283,.png,undefined,unused,"未引用（保留索引）"
res/fvH.xml,484,.xml,undefined,unused,"未引用（保留索引）"
res/fvR.9.png,212,.png,undefined,unused,"未引用（保留索引）"
res/fvV.xml,724,.xml,undefined,unused,"未引用（保留索引）"
res/fwJ.webp,4022,.webp,undefined,unused,"未引用（保留索引）"
res/fxC.xml,448,.xml,undefined,unused,"未引用（保留索引）"
res/fxG.png,335,.png,undefined,unused,"未引用（保留索引）"
res/fxq.xml,3712,.xml,undefined,unused,"未引用（保留索引）"
res/fy1.png,2304,.png,undefined,unused,"未引用（保留索引）"
res/fyz.xml,2332,.xml,undefined,unused,"未引用（保留索引）"
res/fzA.xml,1092,.xml,undefined,unused,"未引用（保留索引）"
res/fzk.png,608,.png,undefined,unused,"未引用（保留索引）"
res/fzs.xml,1412,.xml,undefined,unused,"未引用（保留索引）"
res/g-Q.png,9422,.png,undefined,unused,"未引用（保留索引）"
res/g-b.png,465,.png,undefined,unused,"未引用（保留索引）"
res/g-n.png,846,.png,undefined,unused,"未引用（保留索引）"
res/g0-.webp,5444,.webp,undefined,unused,"未引用（保留索引）"
res/g0N.webp,6764,.webp,undefined,unused,"未引用（保留索引）"
res/g0d.xml,1524,.xml,undefined,unused,"未引用（保留索引）"
res/g1g.xml,420,.xml,undefined,unused,"未引用（保留索引）"
res/g1s.webp,3688,.webp,undefined,unused,"未引用（保留索引）"
res/g2P.webp,6716,.webp,undefined,unused,"未引用（保留索引）"
res/g2V.webp,1556,.webp,undefined,unused,"未引用（保留索引）"
res/g3o.png,12850,.png,undefined,unused,"未引用（保留索引）"
res/g3u.webp,7110,.webp,undefined,unused,"未引用（保留索引）"
res/g3y.png,430,.png,undefined,unused,"未引用（保留索引）"
res/g4o.webp,27470,.webp,undefined,unused,"未引用（保留索引）"
res/g4z.xml,3296,.xml,undefined,unused,"未引用（保留索引）"
res/g6q.png,501,.png,undefined,unused,"未引用（保留索引）"
res/g73.png,12645,.png,undefined,unused,"未引用（保留索引）"
res/g76.png,39381,.png,undefined,unused,"未引用（保留索引）"
res/g77.xml,4532,.xml,undefined,unused,"未引用（保留索引）"
res/g7a.png,607,.png,undefined,unused,"未引用（保留索引）"
res/g7j.xml,1304,.xml,undefined,unused,"未引用（保留索引）"
res/g7x.png,4620,.png,undefined,unused,"未引用（保留索引）"
res/g8c.png,1816,.png,undefined,unused,"未引用（保留索引）"
res/g8d.png,2625,.png,undefined,unused,"未引用（保留索引）"
res/g8f.webp,3300,.webp,undefined,unused,"未引用（保留索引）"
res/g9J.xml,2908,.xml,undefined,unused,"未引用（保留索引）"
res/g9T.xml,576,.xml,undefined,unused,"未引用（保留索引）"
res/g9T1.xml,416,.xml,undefined,unused,"未引用（保留索引）"
res/g9h.xml,644,.xml,undefined,unused,"未引用（保留索引）"
res/g9q.xml,2428,.xml,undefined,unused,"未引用（保留索引）"
res/gA2.webp,3036,.webp,undefined,unused,"未引用（保留索引）"
res/gAG.png,35147,.png,undefined,unused,"未引用（保留索引）"
res/gAg.png,16614,.png,undefined,unused,"未引用（保留索引）"
res/gAg.xml,816,.xml,undefined,unused,"未引用（保留索引）"
res/gAl.xml,3968,.xml,undefined,unused,"未引用（保留索引）"
res/gAt.png,1106,.png,undefined,unused,"未引用（保留索引）"
res/gAu.xml,2580,.xml,undefined,unused,"未引用（保留索引）"
res/gB9.xml,1624,.xml,undefined,unused,"未引用（保留索引）"
res/gBm.xml,2312,.xml,undefined,unused,"未引用（保留索引）"
res/gBy.png,18263,.png,undefined,unused,"未引用（保留索引）"
res/gC1.webp,55534,.webp,undefined,unused,"未引用（保留索引）"
res/gC6.xml,1668,.xml,undefined,unused,"未引用（保留索引）"
res/gCY.xml,756,.xml,undefined,unused,"未引用（保留索引）"
res/gD4.png,7897,.png,undefined,unused,"未引用（保留索引）"
res/gDG.xml,1656,.xml,undefined,unused,"未引用（保留索引）"
res/gDG1.xml,1288,.xml,undefined,unused,"未引用（保留索引）"
res/gDe.xml,448,.xml,undefined,unused,"未引用（保留索引）"
res/gE-.png,1627,.png,undefined,unused,"未引用（保留索引）"
res/gEA.png,554,.png,undefined,unused,"未引用（保留索引）"
res/gED.webp,3678,.webp,undefined,unused,"未引用（保留索引）"
res/gEw.xml,2560,.xml,undefined,unused,"未引用（保留索引）"
res/gF-.xml,488,.xml,undefined,unused,"未引用（保留索引）"
res/gFD.png,10300,.png,undefined,unused,"未引用（保留索引）"
res/gGN.png,801,.png,undefined,unused,"未引用（保留索引）"
res/gGY.xml,448,.xml,undefined,unused,"未引用（保留索引）"
res/gGZ.9.png,214,.png,undefined,unused,"未引用（保留索引）"
res/gH4.xml,1104,.xml,undefined,unused,"未引用（保留索引）"
res/gHm.xml,5716,.xml,undefined,unused,"未引用（保留索引）"
res/gIb.webp,4524,.webp,undefined,unused,"未引用（保留索引）"
res/gIc.png,57303,.png,undefined,unused,"未引用（保留索引）"
res/gJ7.xml,2180,.xml,undefined,unused,"未引用（保留索引）"
res/gJI.webp,7126,.webp,undefined,unused,"未引用（保留索引）"
res/gJi.png,2625,.png,undefined,unused,"未引用（保留索引）"
res/gJu.png,4885,.png,undefined,unused,"未引用（保留索引）"
res/gJz.xml,2204,.xml,undefined,unused,"未引用（保留索引）"
res/gKj.xml,2100,.xml,undefined,unused,"未引用（保留索引）"
res/gKl.xml,576,.xml,undefined,unused,"未引用（保留索引）"
res/gLh.png,2253,.png,undefined,unused,"未引用（保留索引）"
res/gLp.9.png,199,.png,undefined,unused,"未引用（保留索引）"
res/gM2.xml,1216,.xml,undefined,unused,"未引用（保留索引）"
res/gND.xml,1676,.xml,undefined,unused,"未引用（保留索引）"
res/gNQ.png,6831,.png,undefined,unused,"未引用（保留索引）"
res/gNg.png,34687,.png,undefined,unused,"未引用（保留索引）"
res/gO5.webp,7354,.webp,undefined,unused,"未引用（保留索引）"
res/gOx.xml,11640,.xml,undefined,unused,"未引用（保留索引）"
res/gQC.webp,14342,.webp,undefined,unused,"未引用（保留索引）"
res/gQF.png,4655,.png,undefined,unused,"未引用（保留索引）"
res/gQn.xml,2708,.xml,undefined,unused,"未引用（保留索引）"
res/gQu.png,789,.png,undefined,unused,"未引用（保留索引）"
res/gRT.xml,448,.xml,undefined,unused,"未引用（保留索引）"
res/gRU.png,504,.png,undefined,unused,"未引用（保留索引）"
res/gR_.xml,6376,.xml,undefined,unused,"未引用（保留索引）"
res/gS5.png,407,.png,undefined,unused,"未引用（保留索引）"
res/gSd.png,2267,.png,undefined,unused,"未引用（保留索引）"
res/gTI.xml,388,.xml,undefined,unused,"未引用（保留索引）"
res/gU7.xml,848,.xml,undefined,unused,"未引用（保留索引）"
res/gUC.xml,2028,.xml,undefined,unused,"未引用（保留索引）"
res/gUQ.png,4688,.png,undefined,unused,"未引用（保留索引）"
res/gV3.png,17945,.png,undefined,unused,"未引用（保留索引）"
res/gVM.png,268,.png,undefined,unused,"未引用（保留索引）"
res/gVN.png,387,.png,undefined,unused,"未引用（保留索引）"
res/gVP.png,228,.png,undefined,unused,"未引用（保留索引）"
res/gVP1.png,150,.png,undefined,unused,"未引用（保留索引）"
res/gVQ.9.png,1098,.png,undefined,unused,"未引用（保留索引）"
res/gVq.xml,600,.xml,undefined,unused,"未引用（保留索引）"
res/gW6.png,707,.png,undefined,unused,"未引用（保留索引）"
res/gWI.png,641,.png,undefined,unused,"未引用（保留索引）"
res/gWT.xml,2452,.xml,undefined,unused,"未引用（保留索引）"
res/gWq.xml,1824,.xml,undefined,unused,"未引用（保留索引）"
res/gWx.png,67,.png,undefined,unused,"未引用（保留索引）"
res/gXL.webp,110,.webp,undefined,unused,"未引用（保留索引）"
res/gXo.xml,500,.xml,undefined,unused,"未引用（保留索引）"
res/gY4.xml,588,.xml,undefined,unused,"未引用（保留索引）"
res/gYW.xml,9920,.xml,undefined,unused,"未引用（保留索引）"
res/gZW.xml,688,.xml,undefined,unused,"未引用（保留索引）"
res/gZw.xml,4472,.xml,undefined,unused,"未引用（保留索引）"
res/g_L.webp,16176,.webp,undefined,unused,"未引用（保留索引）"
res/g_P.webp,30176,.webp,undefined,unused,"未引用（保留索引）"
res/g_e.webp,30932,.webp,undefined,unused,"未引用（保留索引）"
res/gaN.png,307,.png,undefined,unused,"未引用（保留索引）"
res/gb0.webp,1860,.webp,undefined,unused,"未引用（保留索引）"
res/gbm.xml,14880,.xml,undefined,unused,"未引用（保留索引）"
res/gbu.xml,704,.xml,undefined,unused,"未引用（保留索引）"
res/gcr.xml,3036,.xml,undefined,unused,"未引用（保留索引）"
res/gd1.xml,3000,.xml,undefined,unused,"未引用（保留索引）"
res/gd5.jpg,11191,.jpg,undefined,unused,"未引用（保留索引）"
res/geA.png,2893,.png,undefined,unused,"未引用（保留索引）"
res/geO.png,1639,.png,undefined,unused,"未引用（保留索引）"
res/gfQ.png,192665,.png,undefined,unused,"未引用（保留索引）"
res/gfZ.png,206,.png,undefined,unused,"未引用（保留索引）"
res/gg4.png,9871,.png,undefined,unused,"未引用（保留索引）"
res/ggP.png,9921,.png,undefined,unused,"未引用（保留索引）"
res/ggy.png,9972,.png,undefined,unused,"未引用（保留索引）"
res/gh0.png,604,.png,undefined,unused,"未引用（保留索引）"
res/ghS.xml,1416,.xml,undefined,unused,"未引用（保留索引）"
res/ghg.png,921,.png,undefined,unused,"未引用（保留索引）"
res/gi0.png,67,.png,undefined,unused,"未引用（保留索引）"
res/giH.xml,21536,.xml,undefined,unused,"未引用（保留索引）"
res/gii.xml,908,.xml,undefined,unused,"未引用（保留索引）"
res/gj4.xml,3512,.xml,undefined,unused,"未引用（保留索引）"
res/gjL.png,3055,.png,undefined,unused,"未引用（保留索引）"
res/gjP.xml,516,.xml,undefined,unused,"未引用（保留索引）"
res/gjZ.webp,4522,.webp,undefined,unused,"未引用（保留索引）"
res/gjd.xml,5000,.xml,undefined,unused,"未引用（保留索引）"
res/gkJ.xml,104,.xml,undefined,unused,"未引用（保留索引）"
res/glj.xml,656,.xml,undefined,unused,"未引用（保留索引）"
res/gls.xml,680,.xml,undefined,unused,"未引用（保留索引）"
res/gm0.xml,5288,.xml,undefined,unused,"未引用（保留索引）"
res/gm4.png,215,.png,undefined,unused,"未引用（保留索引）"
res/gnR.webp,27628,.webp,undefined,unused,"未引用（保留索引）"
res/gnZ.webp,11418,.webp,undefined,unused,"未引用（保留索引）"
res/gnv.png,584,.png,undefined,unused,"未引用（保留索引）"
res/goe.png,2915,.png,undefined,unused,"未引用（保留索引）"
res/got.xml,2476,.xml,undefined,unused,"未引用（保留索引）"
res/goy.xml,1168,.xml,undefined,unused,"未引用（保留索引）"
res/gqZ.png,2183,.png,undefined,unused,"未引用（保留索引）"
res/gqp.xml,536,.xml,undefined,unused,"未引用（保留索引）"
res/grb.webp,59374,.webp,undefined,unused,"未引用（保留索引）"
res/grl.xml,824,.xml,undefined,unused,"未引用（保留索引）"
res/grm.xml,2712,.xml,undefined,unused,"未引用（保留索引）"
res/gsM.webp,44558,.webp,undefined,unused,"未引用（保留索引）"
res/gsU.png,8417,.png,undefined,unused,"未引用（保留索引）"
res/gsg.xml,464,.xml,undefined,unused,"未引用（保留索引）"
res/gsh.png,551,.png,undefined,unused,"未引用（保留索引）"
res/gso.xml,1812,.xml,undefined,unused,"未引用（保留索引）"
res/gsq.png,41932,.png,undefined,unused,"未引用（保留索引）"
res/gsy.png,1262,.png,undefined,unused,"未引用（保留索引）"
res/gsz.png,1107,.png,undefined,unused,"未引用（保留索引）"
res/gt1.xml,3056,.xml,undefined,unused,"未引用（保留索引）"
res/gtx.webp,88194,.webp,undefined,unused,"未引用（保留索引）"
res/gty.xml,1712,.xml,undefined,unused,"未引用（保留索引）"
res/guB.png,394,.png,undefined,unused,"未引用（保留索引）"
res/guF.png,443,.png,undefined,unused,"未引用（保留索引）"
res/gul.xml,1660,.xml,undefined,unused,"未引用（保留索引）"
res/guy.webp,31024,.webp,undefined,unused,"未引用（保留索引）"
res/gvJ.png,5255,.png,undefined,unused,"未引用（保留索引）"
res/gvW.png,858,.png,undefined,unused,"未引用（保留索引）"
res/gvY.png,225,.png,undefined,unused,"未引用（保留索引）"
res/gvi.xml,500,.xml,undefined,unused,"未引用（保留索引）"
res/gw1.xml,748,.xml,undefined,unused,"未引用（保留索引）"
res/gw2.webp,28018,.webp,undefined,unused,"未引用（保留索引）"
res/gxl.xml,1028,.xml,undefined,unused,"未引用（保留索引）"
res/gyO.webp,1672,.webp,undefined,unused,"未引用（保留索引）"
res/gzD.webp,33898,.webp,undefined,unused,"未引用（保留索引）"
res/gzb.webp,14538,.webp,undefined,unused,"未引用（保留索引）"
res/gzx.png,5253,.png,undefined,unused,"未引用（保留索引）"
res/gzz.png,5905,.png,undefined,unused,"未引用（保留索引）"
res/h--.png,152,.png,undefined,unused,"未引用（保留索引）"
res/h-4.xml,4568,.xml,undefined,unused,"未引用（保留索引）"
res/h-5.xml,2568,.xml,undefined,unused,"未引用（保留索引）"
res/h-V.xml,2580,.xml,undefined,unused,"未引用（保留索引）"
res/h-d.png,285,.png,undefined,unused,"未引用（保留索引）"
res/h-f.png,99188,.png,undefined,unused,"未引用（保留索引）"
res/h-g.png,6650,.png,undefined,unused,"未引用（保留索引）"
res/h-j.xml,2024,.xml,undefined,unused,"未引用（保留索引）"
res/h0H.9.png,190,.png,undefined,unused,"未引用（保留索引）"
res/h0f.xml,800,.xml,undefined,unused,"未引用（保留索引）"
res/h0l.xml,3356,.xml,undefined,unused,"未引用（保留索引）"
res/h2-.webp,312,.webp,undefined,unused,"未引用（保留索引）"
res/h2b.png,1013,.png,undefined,unused,"未引用（保留索引）"
res/h33.xml,7768,.xml,undefined,unused,"未引用（保留索引）"
res/h3r.png,2292,.png,undefined,unused,"未引用（保留索引）"
res/h4J.xml,2364,.xml,undefined,unused,"未引用（保留索引）"
res/h4S.xml,1464,.xml,undefined,unused,"未引用（保留索引）"
res/h4U.xml,920,.xml,undefined,unused,"未引用（保留索引）"
res/h5T.webp,1120,.webp,undefined,unused,"未引用（保留索引）"
res/h5h.xml,468,.xml,undefined,unused,"未引用（保留索引）"
res/h68.xml,2204,.xml,undefined,unused,"未引用（保留索引）"
res/h7H.png,1471,.png,undefined,unused,"未引用（保留索引）"
res/h8I.webp,272,.webp,undefined,unused,"未引用（保留索引）"
res/h8I.xml,4800,.xml,undefined,unused,"未引用（保留索引）"
res/h8U.png,8227,.png,undefined,unused,"未引用（保留索引）"
res/h8b.png,557,.png,undefined,unused,"未引用（保留索引）"
res/h8n.xml,700,.xml,undefined,unused,"未引用（保留索引）"
res/h94.webp,2888,.webp,undefined,unused,"未引用（保留索引）"
res/h9g.xml,19496,.xml,undefined,unused,"未引用（保留索引）"
res/h9k.webp,2722,.webp,undefined,unused,"未引用（保留索引）"
res/hAY.png,4421,.png,undefined,unused,"未引用（保留索引）"
res/hAi.png,4436,.png,undefined,unused,"未引用（保留索引）"
res/hAk.png,3129,.png,undefined,unused,"未引用（保留索引）"
res/hBU.xml,13352,.xml,undefined,unused,"未引用（保留索引）"
res/hBX.xml,468,.xml,undefined,unused,"未引用（保留索引）"
res/hBc.xml,448,.xml,undefined,unused,"未引用（保留索引）"
res/hBg.png,1760,.png,undefined,unused,"未引用（保留索引）"
res/hCY.xml,4108,.xml,undefined,unused,"未引用（保留索引）"
res/hCu.xml,2528,.xml,undefined,unused,"未引用（保留索引）"
res/hE4.xml,11868,.xml,undefined,unused,"未引用（保留索引）"
res/hET.xml,464,.xml,undefined,unused,"未引用（保留索引）"
res/hEc.png,2525,.png,undefined,unused,"未引用（保留索引）"
res/hEe.png,924,.png,undefined,unused,"未引用（保留索引）"
res/hFN.png,51717,.png,undefined,unused,"未引用（保留索引）"
res/hFR.png,5027,.png,undefined,unused,"未引用（保留索引）"
res/hFb.webp,18802,.webp,undefined,unused,"未引用（保留索引）"
res/hFd.png,3438,.png,undefined,unused,"未引用（保留索引）"
res/hFq.9.png,1552,.png,undefined,unused,"未引用（保留索引）"
res/hG_.png,3295,.png,undefined,unused,"未引用（保留索引）"
res/hGa.xml,1080,.xml,undefined,unused,"未引用（保留索引）"
res/hHR.png,3030,.png,undefined,unused,"未引用（保留索引）"
res/hHi.webp,3478,.webp,undefined,unused,"未引用（保留索引）"
res/hIB.xml,468,.xml,undefined,unused,"未引用（保留索引）"
res/hIC.png,9963,.png,undefined,unused,"未引用（保留索引）"
res/hI_.png,183,.png,undefined,unused,"未引用（保留索引）"
res/hJB.png,6193,.png,undefined,unused,"未引用（保留索引）"
res/hK-.xml,588,.xml,undefined,unused,"未引用（保留索引）"
res/hK9.xml,944,.xml,undefined,unused,"未引用（保留索引）"
res/hKC.png,7469,.png,undefined,unused,"未引用（保留索引）"
res/hKC1.png,8208,.png,undefined,unused,"未引用（保留索引）"
res/hKU.xml,956,.xml,undefined,unused,"未引用（保留索引）"
res/hKc.xml,5164,.xml,undefined,unused,"未引用（保留索引）"
res/hL8.png,7087,.png,undefined,unused,"未引用（保留索引）"
res/hLe.png,5137,.png,undefined,unused,"未引用（保留索引）"
res/hMo.png,101,.png,undefined,unused,"未引用（保留索引）"
res/hMp.xml,1924,.xml,undefined,unused,"未引用（保留索引）"
res/hN8.xml,3148,.xml,undefined,unused,"未引用（保留索引）"
res/hOd.png,6206,.png,undefined,unused,"未引用（保留索引）"
res/hOl.xml,5876,.xml,undefined,unused,"未引用（保留索引）"
res/hPV.9.png,149443,.png,undefined,unused,"未引用（保留索引）"
res/hPr.webp,2408,.webp,undefined,unused,"未引用（保留索引）"
res/hQ-.png,20898,.png,undefined,unused,"未引用（保留索引）"
res/hQJ.png,67,.png,undefined,unused,"未引用（保留索引）"
res/hQS.xml,3228,.xml,undefined,unused,"未引用（保留索引）"
res/hQ_.xml,1448,.xml,undefined,unused,"未引用（保留索引）"
res/hQk.png,4981,.png,undefined,unused,"未引用（保留索引）"
res/hQq.png,8050,.png,undefined,unused,"未引用（保留索引）"
res/hRD.png,986,.png,undefined,unused,"未引用（保留索引）"
res/hRI.webp,4436,.webp,undefined,unused,"未引用（保留索引）"
res/hSW.png,431,.png,undefined,unused,"未引用（保留索引）"
res/hSw.xml,3840,.xml,undefined,unused,"未引用（保留索引）"
res/hTr.png,12343,.png,undefined,unused,"未引用（保留索引）"
res/hTv.9.png,917,.png,undefined,unused,"未引用（保留索引）"
res/hTv.png,17894,.png,undefined,unused,"未引用（保留索引）"
res/hTz.png,634,.png,undefined,unused,"未引用（保留索引）"
res/hU4.xml,924,.xml,undefined,unused,"未引用（保留索引）"
res/hUB.png,9937,.png,undefined,unused,"未引用（保留索引）"
res/hU_.png,254,.png,undefined,unused,"未引用（保留索引）"
res/hUm.png,4138,.png,undefined,unused,"未引用（保留索引）"
res/hVT.png,1642,.png,undefined,unused,"未引用（保留索引）"
res/hWU.png,33623,.png,undefined,unused,"未引用（保留索引）"
res/hWq.xml,4212,.xml,undefined,unused,"未引用（保留索引）"
res/hXj.xml,612,.xml,undefined,unused,"未引用（保留索引）"
res/hYf.xml,11772,.xml,undefined,unused,"未引用（保留索引）"
res/hYm.xml,2060,.xml,undefined,unused,"未引用（保留索引）"
res/hZ3.xml,24980,.xml,undefined,unused,"未引用（保留索引）"
res/hZ4.png,1017,.png,undefined,unused,"未引用（保留索引）"
res/hZE.xml,1804,.xml,undefined,unused,"未引用（保留索引）"
res/hZP.xml,1176,.xml,undefined,unused,"未引用（保留索引）"
res/hZ_.xml,448,.xml,undefined,unused,"未引用（保留索引）"
res/h_L.xml,8940,.xml,undefined,unused,"未引用（保留索引）"
res/haG.png,148821,.png,undefined,unused,"未引用（保留索引）"
res/haX.xml,612,.xml,undefined,unused,"未引用（保留索引）"
res/hag.xml,940,.xml,undefined,unused,"未引用（保留索引）"
res/hb8.png,2006,.png,undefined,unused,"未引用（保留索引）"
res/hc3.png,3265,.png,undefined,unused,"未引用（保留索引）"
res/hcG.png,8124,.png,undefined,unused,"未引用（保留索引）"
res/heE.png,308,.png,undefined,unused,"未引用（保留索引）"
res/hf4.png,5441,.png,undefined,unused,"未引用（保留索引）"
res/hgD.png,769,.png,undefined,unused,"未引用（保留索引）"
res/hge.webp,77428,.webp,undefined,unused,"未引用（保留索引）"
res/hhq.png,947,.png,undefined,unused,"未引用（保留索引）"
res/hip.png,18898,.png,undefined,unused,"未引用（保留索引）"
res/hjT.9.png,215,.png,undefined,unused,"未引用（保留索引）"
res/hk8.xml,668,.xml,undefined,unused,"未引用（保留索引）"
res/hkG.png,376,.png,undefined,unused,"未引用（保留索引）"
res/hkx.png,3596,.png,undefined,unused,"未引用（保留索引）"
res/hlO.xml,1880,.xml,undefined,unused,"未引用（保留索引）"
res/hlW.png,12220,.png,undefined,unused,"未引用（保留索引）"
res/hld.xml,2404,.xml,undefined,unused,"未引用（保留索引）"
res/hlo.png,1668,.png,undefined,unused,"未引用（保留索引）"
res/hmW.xml,2004,.xml,undefined,unused,"未引用（保留索引）"
res/hnA.png,3382,.png,undefined,unused,"未引用（保留索引）"
res/hnO.webp,806,.webp,undefined,unused,"未引用（保留索引）"
res/ho6.png,12678,.png,undefined,unused,"未引用（保留索引）"
res/hoa.png,1380,.png,undefined,unused,"未引用（保留索引）"
res/hok.9.png,1262,.png,undefined,unused,"未引用（保留索引）"
res/how.xml,8184,.xml,undefined,unused,"未引用（保留索引）"
res/hoy.webp,838,.webp,undefined,unused,"未引用（保留索引）"
res/hp2.png,10271,.png,undefined,unused,"未引用（保留索引）"
res/hpj.xml,1736,.xml,undefined,unused,"未引用（保留索引）"
res/hq3.xml,448,.xml,undefined,unused,"未引用（保留索引）"
res/hq8.xml,704,.xml,undefined,unused,"未引用（保留索引）"
res/hq_.xml,532,.xml,undefined,unused,"未引用（保留索引）"
res/hqj.xml,600,.xml,undefined,unused,"未引用（保留索引）"
res/hr2.png,1033,.png,undefined,unused,"未引用（保留索引）"
res/hr7.png,271,.png,undefined,unused,"未引用（保留索引）"
res/hr9.xml,4400,.xml,undefined,unused,"未引用（保留索引）"
res/hs3.png,27116,.png,undefined,unused,"未引用（保留索引）"
res/hs4.webp,8982,.webp,undefined,unused,"未引用（保留索引）"
res/hs6.png,803,.png,undefined,unused,"未引用（保留索引）"
res/hs8.xml,1172,.xml,undefined,unused,"未引用（保留索引）"
res/hsV.9.png,29729,.png,undefined,unused,"未引用（保留索引）"
res/ht6.png,49702,.png,undefined,unused,"未引用（保留索引）"
res/huD.xml,692,.xml,undefined,unused,"未引用（保留索引）"
res/huQ.png,730,.png,undefined,unused,"未引用（保留索引）"
res/huV.webp,21416,.webp,undefined,unused,"未引用（保留索引）"
res/hum.png,939,.png,undefined,unused,"未引用（保留索引）"
res/hv4.xml,3828,.xml,undefined,unused,"未引用（保留索引）"
res/hvQ.xml,696,.xml,undefined,unused,"未引用（保留索引）"
res/hw0.png,126754,.png,undefined,unused,"未引用（保留索引）"
res/hxF.png,3895,.png,undefined,unused,"未引用（保留索引）"
res/hxW.png,4759,.png,undefined,unused,"未引用（保留索引）"
res/hxa.png,112,.png,undefined,unused,"未引用（保留索引）"
res/hxa1.png,1199,.png,undefined,unused,"未引用（保留索引）"
res/hym.png,1247,.png,undefined,unused,"未引用（保留索引）"
res/hzT.xml,988,.xml,undefined,unused,"未引用（保留索引）"
res/hzr.webp,35060,.webp,undefined,unused,"未引用（保留索引）"
res/i-p.xml,564,.xml,undefined,unused,"未引用（保留索引）"
res/i-u.xml,488,.xml,undefined,unused,"未引用（保留索引）"
res/i01.png,7639,.png,undefined,unused,"未引用（保留索引）"
res/i0d.xml,464,.xml,undefined,unused,"未引用（保留索引）"
res/i0h.xml,6812,.xml,undefined,unused,"未引用（保留索引）"
res/i1S.xml,1372,.xml,undefined,unused,"未引用（保留索引）"
res/i1v.png,147,.png,undefined,unused,"未引用（保留索引）"
res/i2f.png,544,.png,undefined,unused,"未引用（保留索引）"
res/i2v.webp,24320,.webp,undefined,unused,"未引用（保留索引）"
res/i35.png,731,.png,undefined,unused,"未引用（保留索引）"
res/i3O.xml,704,.xml,undefined,unused,"未引用（保留索引）"
res/i3V.png,105,.png,undefined,unused,"未引用（保留索引）"
res/i42.png,185,.png,undefined,unused,"未引用（保留索引）"
res/i4d.png,1650,.png,undefined,unused,"未引用（保留索引）"
res/i4z.xml,1136,.xml,undefined,unused,"未引用（保留索引）"
res/i68.webp,1670,.webp,undefined,unused,"未引用（保留索引）"
res/i6V.png,822687,.png,undefined,unused,"未引用（保留索引）"
res/i72.xml,2756,.xml,undefined,unused,"未引用（保留索引）"
res/i7F.xml,468,.xml,undefined,unused,"未引用（保留索引）"
res/i8H.xml,500,.xml,undefined,unused,"未引用（保留索引）"
res/i9J.9.png,14387,.png,undefined,unused,"未引用（保留索引）"
res/i9U.png,8393,.png,undefined,unused,"未引用（保留索引）"
res/iAb.xml,2512,.xml,undefined,unused,"未引用（保留索引）"
res/iAp.xml,3504,.xml,undefined,unused,"未引用（保留索引）"
res/iAr.xml,788,.xml,undefined,unused,"未引用（保留索引）"
res/iBJ.png,3897,.png,undefined,unused,"未引用（保留索引）"
res/iBN.9.png,2840,.png,undefined,unused,"未引用（保留索引）"
res/iBm.xml,2344,.xml,undefined,unused,"未引用（保留索引）"
res/iBn.png,645,.png,undefined,unused,"未引用（保留索引）"
res/iC4.png,466,.png,undefined,unused,"未引用（保留索引）"
res/iCW.xml,1392,.xml,undefined,unused,"未引用（保留索引）"
res/iDl.webp,518,.webp,undefined,unused,"未引用（保留索引）"
res/iE1.xml,1496,.xml,undefined,unused,"未引用（保留索引）"
res/iEg.png,7136,.png,undefined,unused,"未引用（保留索引）"
res/iEv.png,1097,.png,undefined,unused,"未引用（保留索引）"
res/iFv.xml,2940,.xml,undefined,unused,"未引用（保留索引）"
res/iG5.png,6357,.png,undefined,unused,"未引用（保留索引）"
res/iGC.png,5164,.png,undefined,unused,"未引用（保留索引）"
res/iGQ.png,3668,.png,undefined,unused,"未引用（保留索引）"
res/iHC.webp,728,.webp,undefined,unused,"未引用（保留索引）"
res/iHZ.png,564,.png,undefined,unused,"未引用（保留索引）"
res/iHa.png,176830,.png,undefined,unused,"未引用（保留索引）"
res/iHb.png,286,.png,undefined,unused,"未引用（保留索引）"
res/iIP.png,5677,.png,undefined,unused,"未引用（保留索引）"
res/iJ4.png,6927,.png,undefined,unused,"未引用（保留索引）"
res/iK1.png,19256,.png,undefined,unused,"未引用（保留索引）"
res/iKh.xml,600,.xml,undefined,unused,"未引用（保留索引）"
res/iLS.xml,440,.xml,undefined,unused,"未引用（保留索引）"
res/iLU.webp,1654,.webp,undefined,unused,"未引用（保留索引）"
res/iMu.png,2417,.png,undefined,unused,"未引用（保留索引）"
res/iMv.png,12392,.png,undefined,unused,"未引用（保留索引）"
res/iOB.webp,4602,.webp,undefined,unused,"未引用（保留索引）"
res/iOV.png,3046,.png,undefined,unused,"未引用（保留索引）"
res/iP7.png,4994,.png,undefined,unused,"未引用（保留索引）"
res/iPE.png,199,.png,undefined,unused,"未引用（保留索引）"
res/iPN.xml,4320,.xml,undefined,unused,"未引用（保留索引）"
res/iRf.webp,44282,.webp,undefined,unused,"未引用（保留索引）"
res/iSD.xml,448,.xml,undefined,unused,"未引用（保留索引）"
res/iSW.png,2173,.png,undefined,unused,"未引用（保留索引）"
res/iS_.webp,2146,.webp,undefined,unused,"未引用（保留索引）"
res/iSn.xml,588,.xml,undefined,unused,"未引用（保留索引）"
res/iSt.png,411,.png,undefined,unused,"未引用（保留索引）"
res/iT7.webp,92718,.webp,undefined,unused,"未引用（保留索引）"
res/iTQ.png,477,.png,undefined,unused,"未引用（保留索引）"
res/iU0.xml,536,.xml,undefined,unused,"未引用（保留索引）"
res/iU8.xml,3044,.xml,undefined,unused,"未引用（保留索引）"
res/iUS.xml,2828,.xml,undefined,unused,"未引用（保留索引）"
res/iVV.xml,592,.xml,undefined,unused,"未引用（保留索引）"
res/iVu.xml,1300,.xml,undefined,unused,"未引用（保留索引）"
res/iW_.png,1506,.png,undefined,unused,"未引用（保留索引）"
res/iWw.xml,2960,.xml,undefined,unused,"未引用（保留索引）"
res/iXA.png,664,.png,undefined,unused,"未引用（保留索引）"
res/iXG.png,847,.png,undefined,unused,"未引用（保留索引）"
res/iXf.png,1210,.png,undefined,unused,"未引用（保留索引）"
res/iYt.webp,68328,.webp,undefined,unused,"未引用（保留索引）"
res/i_U.png,398,.png,undefined,unused,"未引用（保留索引）"
res/i_V.png,512,.png,undefined,unused,"未引用（保留索引）"
res/i_W.png,280,.png,undefined,unused,"未引用（保留索引）"
res/iaD.xml,484,.xml,undefined,unused,"未引用（保留索引）"
res/ibB.xml,1176,.xml,undefined,unused,"未引用（保留索引）"
res/ibC.png,2631,.png,undefined,unused,"未引用（保留索引）"
res/ibM.png,3590,.png,undefined,unused,"未引用（保留索引）"
res/ibM.webp,2364,.webp,undefined,unused,"未引用（保留索引）"
res/ibT.webp,3584,.webp,undefined,unused,"未引用（保留索引）"
res/ibf.png,646,.png,undefined,unused,"未引用（保留索引）"
res/icA.xml,1560,.xml,undefined,unused,"未引用（保留索引）"
res/icA1.xml,488,.xml,undefined,unused,"未引用（保留索引）"
res/id7.xml,6748,.xml,undefined,unused,"未引用（保留索引）"
res/ieA.xml,1648,.xml,undefined,unused,"未引用（保留索引）"
res/ieD.png,29285,.png,undefined,unused,"未引用（保留索引）"
res/ieD.xml,5296,.xml,undefined,unused,"未引用（保留索引）"
res/ieS.png,11287,.png,undefined,unused,"未引用（保留索引）"
res/iem.png,711,.png,undefined,unused,"未引用（保留索引）"
res/iep.png,67441,.png,undefined,unused,"未引用（保留索引）"
res/ifE.xml,1028,.xml,undefined,unused,"未引用（保留索引）"
res/ifK.webp,19552,.webp,undefined,unused,"未引用（保留索引）"
res/ifS.webp,730,.webp,undefined,unused,"未引用（保留索引）"
res/ifh.webp,11994,.webp,undefined,unused,"未引用（保留索引）"
res/ifm.png,29349,.png,undefined,unused,"未引用（保留索引）"
res/ifp.png,4979,.png,undefined,unused,"未引用（保留索引）"
res/igG.png,1291,.png,undefined,unused,"未引用（保留索引）"
res/igN.xml,476,.xml,undefined,unused,"未引用（保留索引）"
res/igb.png,307,.png,undefined,unused,"未引用（保留索引）"
res/igb.webp,3574,.webp,undefined,unused,"未引用（保留索引）"
res/ihC.png,6377,.png,undefined,unused,"未引用（保留索引）"
res/ihC.xml,14952,.xml,undefined,unused,"未引用（保留索引）"
res/ihl.xml,1012,.xml,undefined,unused,"未引用（保留索引）"
res/iiB.9.png,178,.png,undefined,unused,"未引用（保留索引）"
res/iiX.xml,3664,.xml,undefined,unused,"未引用（保留索引）"
res/iia.png,772689,.png,undefined,unused,"未引用（保留索引）"
res/iim.png,1740,.png,undefined,unused,"未引用（保留索引）"
res/ij6.png,10194,.png,undefined,unused,"未引用（保留索引）"
res/ijK.xml,1400,.xml,undefined,unused,"未引用（保留索引）"
res/ijY.png,298,.png,undefined,unused,"未引用（保留索引）"
res/ikh.webp,33206,.webp,undefined,unused,"未引用（保留索引）"
res/ikn.webp,17536,.webp,undefined,unused,"未引用（保留索引）"
res/ilx.webp,8980,.webp,undefined,unused,"未引用（保留索引）"
res/inH.png,1152,.png,undefined,unused,"未引用（保留索引）"
res/ioH.png,3009,.png,undefined,unused,"未引用（保留索引）"
res/ipL.png,2595,.png,undefined,unused,"未引用（保留索引）"
res/ipg.webp,16730,.webp,undefined,unused,"未引用（保留索引）"
res/iph.png,542,.png,undefined,unused,"未引用（保留索引）"
res/iqD.xml,704,.xml,undefined,unused,"未引用（保留索引）"
res/iqG.png,1403,.png,undefined,unused,"未引用（保留索引）"
res/is5.png,15327,.png,undefined,unused,"未引用（保留索引）"
res/isH.webp,13026,.webp,undefined,unused,"未引用（保留索引）"
res/iu5.png,49385,.png,undefined,unused,"未引用（保留索引）"
res/iun.webp,544,.webp,undefined,unused,"未引用（保留索引）"
res/iux.png,310,.png,undefined,unused,"未引用（保留索引）"
res/iv-.xml,4880,.xml,undefined,unused,"未引用（保留索引）"
res/iv0.xml,680,.xml,undefined,unused,"未引用（保留索引）"
res/iv6.xml,444,.xml,undefined,unused,"未引用（保留索引）"
res/ivB.png,144,.png,undefined,unused,"未引用（保留索引）"
res/ivo.xml,444,.xml,undefined,unused,"未引用（保留索引）"
res/ivy.png,8970,.png,undefined,unused,"未引用（保留索引）"
res/iw8.xml,796,.xml,undefined,unused,"未引用（保留索引）"
res/iwR.xml,2224,.xml,undefined,unused,"未引用（保留索引）"
res/iwg.png,3767,.png,undefined,unused,"未引用（保留索引）"
res/iwn.xml,624,.xml,undefined,unused,"未引用（保留索引）"
res/ix-.xml,488,.xml,undefined,unused,"未引用（保留索引）"
res/ix3.webp,820,.webp,undefined,unused,"未引用（保留索引）"
res/iyN.webp,1542,.webp,undefined,unused,"未引用（保留索引）"
res/iyR.png,1855,.png,undefined,unused,"未引用（保留索引）"
res/iyZ.xml,4976,.xml,undefined,unused,"未引用（保留索引）"
res/iz3.png,1848,.png,undefined,unused,"未引用（保留索引）"
res/izC.webp,21668,.webp,undefined,unused,"未引用（保留索引）"
res/izQ.webp,4340,.webp,undefined,unused,"未引用（保留索引）"
res/izm.xml,2228,.xml,undefined,unused,"未引用（保留索引）"
res/izr.xml,1352,.xml,undefined,unused,"未引用（保留索引）"
res/j--.png,1514,.png,undefined,unused,"未引用（保留索引）"
res/j-P.xml,480,.xml,undefined,unused,"未引用（保留索引）"
res/j-S.png,24850,.png,undefined,unused,"未引用（保留索引）"
res/j-e.9.png,184,.png,undefined,unused,"未引用（保留索引）"
res/j-o.9.png,345,.png,undefined,unused,"未引用（保留索引）"
res/j-o.xml,2000,.xml,undefined,unused,"未引用（保留索引）"
res/j-s.png,195,.png,undefined,unused,"未引用（保留索引）"
res/j08.xml,1456,.xml,undefined,unused,"未引用（保留索引）"
res/j0V.webp,2698,.webp,undefined,unused,"未引用（保留索引）"
res/j10.xml,676,.xml,undefined,unused,"未引用（保留索引）"
res/j11.webp,544,.webp,undefined,unused,"未引用（保留索引）"
res/j1N.xml,1012,.xml,undefined,unused,"未引用（保留索引）"
res/j1j.xml,532,.xml,undefined,unused,"未引用（保留索引）"
res/j1z.png,346,.png,undefined,unused,"未引用（保留索引）"
res/j1z1.png,5057,.png,undefined,unused,"未引用（保留索引）"
res/j20.png,198,.png,undefined,unused,"未引用（保留索引）"
res/j21.webp,2844,.webp,undefined,unused,"未引用（保留索引）"
res/j22.webp,538,.webp,undefined,unused,"未引用（保留索引）"
res/j24.png,258,.png,undefined,unused,"未引用（保留索引）"
res/j2I.webp,5962,.webp,undefined,unused,"未引用（保留索引）"
res/j2s.png,1628,.png,undefined,unused,"未引用（保留索引）"
res/j33.webp,500,.webp,undefined,unused,"未引用（保留索引）"
res/j34.xml,2148,.xml,undefined,unused,"未引用（保留索引）"
res/j3H.png,12565,.png,undefined,unused,"未引用（保留索引）"
res/j3a.webp,1478,.webp,undefined,unused,"未引用（保留索引）"
res/j44.webp,456,.webp,undefined,unused,"未引用（保留索引）"
res/j4o.xml,2688,.xml,undefined,unused,"未引用（保留索引）"
res/j50.webp,158732,.webp,undefined,unused,"未引用（保留索引）"
res/j54.xml,1716,.xml,undefined,unused,"未引用（保留索引）"
res/j55.webp,424,.webp,undefined,unused,"未引用（保留索引）"
res/j59.webp,3580,.webp,undefined,unused,"未引用（保留索引）"
res/j5K.webp,19530,.webp,undefined,unused,"未引用（保留索引）"
res/j66.webp,472,.webp,undefined,unused,"未引用（保留索引）"
res/j6N.png,1910,.png,undefined,unused,"未引用（保留索引）"
res/j6j.xml,2748,.xml,undefined,unused,"未引用（保留索引）"
res/j77.webp,498,.webp,undefined,unused,"未引用（保留索引）"
res/j7W.png,1308,.png,undefined,unused,"未引用（保留索引）"
res/j84.png,3441,.png,undefined,unused,"未引用（保留索引）"
res/j88.webp,534,.webp,undefined,unused,"未引用（保留索引）"
res/j8k.xml,2056,.xml,undefined,unused,"未引用（保留索引）"
res/j92.9.png,194,.png,undefined,unused,"未引用（保留索引）"
res/j9_.xml,2728,.xml,undefined,unused,"未引用（保留索引）"
res/jAJ.xml,484,.xml,undefined,unused,"未引用（保留索引）"
res/jAs.png,11961,.png,undefined,unused,"未引用（保留索引）"
res/jBO.png,15223,.png,undefined,unused,"未引用（保留索引）"
res/jBV.xml,564,.xml,undefined,unused,"未引用（保留索引）"
res/jC3.png,340,.png,undefined,unused,"未引用（保留索引）"
res/jCB.webp,3122,.webp,undefined,unused,"未引用（保留索引）"
res/jCi.png,40333,.png,undefined,unused,"未引用（保留索引）"
res/jDq.png,294,.png,undefined,unused,"未引用（保留索引）"
res/jEq.webp,19500,.webp,undefined,unused,"未引用（保留索引）"
res/jFI.png,67,.png,undefined,unused,"未引用（保留索引）"
res/jG3.webp,4840,.webp,undefined,unused,"未引用（保留索引）"
res/jHA.png,4256,.png,undefined,unused,"未引用（保留索引）"
res/jHP.png,797,.png,undefined,unused,"未引用（保留索引）"
res/jHS.webp,78252,.webp,undefined,unused,"未引用（保留索引）"
res/jHb.xml,1276,.xml,undefined,unused,"未引用（保留索引）"
res/jI1.xml,6648,.xml,undefined,unused,"未引用（保留索引）"
res/jIH.xml,464,.xml,undefined,unused,"未引用（保留索引）"
res/jIL.png,7115,.png,undefined,unused,"未引用（保留索引）"
res/jIW.png,733,.png,undefined,unused,"未引用（保留索引）"
res/jJ8.xml,2316,.xml,undefined,unused,"未引用（保留索引）"
res/jKE.webp,8224,.webp,undefined,unused,"未引用（保留索引）"
res/jKL.png,18700,.png,undefined,unused,"未引用（保留索引）"
res/jKR.9.png,212,.png,undefined,unused,"未引用（保留索引）"
res/jKy.png,10580,.png,undefined,unused,"未引用（保留索引）"
res/jKy1.png,774,.png,undefined,unused,"未引用（保留索引）"
res/jMk.png,2281,.png,undefined,unused,"未引用（保留索引）"
res/jNF.xml,2412,.xml,undefined,unused,"未引用（保留索引）"
res/jOH.png,2889,.png,undefined,unused,"未引用（保留索引）"
res/jOP.png,36774,.png,undefined,unused,"未引用（保留索引）"
res/jOS.png,625,.png,undefined,unused,"未引用（保留索引）"
res/jP3.png,16916,.png,undefined,unused,"未引用（保留索引）"
res/jPD.xml,3096,.xml,undefined,unused,"未引用（保留索引）"
res/jPG.xml,5848,.xml,undefined,unused,"未引用（保留索引）"
res/jPH.webp,7876,.webp,undefined,unused,"未引用（保留索引）"
res/jPd.png,6943,.png,undefined,unused,"未引用（保留索引）"
res/jPs.xml,2160,.xml,undefined,unused,"未引用（保留索引）"
res/jQw.webp,402,.webp,undefined,unused,"未引用（保留索引）"
res/jR2.png,2656,.png,undefined,unused,"未引用（保留索引）"
res/jRI.png,1326,.png,undefined,unused,"未引用（保留索引）"
res/jRm.9.png,2493,.png,undefined,unused,"未引用（保留索引）"
res/jRt.png,1132,.png,undefined,unused,"未引用（保留索引）"
res/jRt.xml,396,.xml,undefined,unused,"未引用（保留索引）"
res/jS9.png,257,.png,undefined,unused,"未引用（保留索引）"
res/jUQ.xml,3264,.xml,undefined,unused,"未引用（保留索引）"
res/jUW.xml,1884,.xml,undefined,unused,"未引用（保留索引）"
res/jUX.xml,1308,.xml,undefined,unused,"未引用（保留索引）"
res/jUl.xml,3108,.xml,undefined,unused,"未引用（保留索引）"
res/jVB.xml,468,.xml,undefined,unused,"未引用（保留索引）"
res/jVC.xml,3020,.xml,undefined,unused,"未引用（保留索引）"
res/jVX.xml,564,.xml,undefined,unused,"未引用（保留索引）"
res/jVw.webp,2450,.webp,undefined,unused,"未引用（保留索引）"
res/jW9.png,2838,.png,undefined,unused,"未引用（保留索引）"
res/jWO.png,1638,.png,undefined,unused,"未引用（保留索引）"
res/jWQ.xml,2812,.xml,undefined,unused,"未引用（保留索引）"
res/jWY.xml,3028,.xml,undefined,unused,"未引用（保留索引）"
res/jWb.xml,3796,.xml,undefined,unused,"未引用（保留索引）"
res/jXR.png,3592,.png,undefined,unused,"未引用（保留索引）"
res/jXW.png,1616,.png,undefined,unused,"未引用（保留索引）"
res/jXb.9.png,5124,.png,undefined,unused,"未引用（保留索引）"
res/jY1.xml,1224,.xml,undefined,unused,"未引用（保留索引）"
res/jYG.xml,1080,.xml,undefined,unused,"未引用（保留索引）"
res/jYV.xml,7060,.xml,undefined,unused,"未引用（保留索引）"
res/jZw.xml,448,.xml,undefined,unused,"未引用（保留索引）"
res/j_7.xml,872,.xml,undefined,unused,"未引用（保留索引）"
res/j_L.xml,488,.xml,undefined,unused,"未引用（保留索引）"
res/j_m.webp,43330,.webp,undefined,unused,"未引用（保留索引）"
res/j_v.png,2873,.png,undefined,unused,"未引用（保留索引）"
res/ja2.xml,816,.xml,undefined,unused,"未引用（保留索引）"
res/jak.webp,4974,.webp,undefined,unused,"未引用（保留索引）"
res/jb-.png,47913,.png,undefined,unused,"未引用（保留索引）"
res/jb3.png,10920,.png,undefined,unused,"未引用（保留索引）"
res/jbX.png,10990,.png,undefined,unused,"未引用（保留索引）"
res/jbe.webp,12740,.webp,undefined,unused,"未引用（保留索引）"
res/jbl.xml,3732,.xml,undefined,unused,"未引用（保留索引）"
res/jcL.xml,1288,.xml,undefined,unused,"未引用（保留索引）"
res/jcU.xml,676,.xml,undefined,unused,"未引用（保留索引）"
res/jcY.png,1826,.png,undefined,unused,"未引用（保留索引）"
res/jdO.png,46570,.png,undefined,unused,"未引用（保留索引）"
res/jdv.png,1408,.png,undefined,unused,"未引用（保留索引）"
res/je5.png,18239,.png,undefined,unused,"未引用（保留索引）"
res/je7.png,718,.png,undefined,unused,"未引用（保留索引）"
res/jeW.xml,5584,.xml,undefined,unused,"未引用（保留索引）"
res/jgP.png,1371,.png,undefined,unused,"未引用（保留索引）"
res/jgo.xml,5024,.xml,undefined,unused,"未引用（保留索引）"
res/jgr.png,556,.png,undefined,unused,"未引用（保留索引）"
res/jh0.png,5693,.png,undefined,unused,"未引用（保留索引）"
res/jh5.png,13729,.png,undefined,unused,"未引用（保留索引）"
res/jhA.9.png,618,.png,undefined,unused,"未引用（保留索引）"
res/jhX.xml,8124,.xml,undefined,unused,"未引用（保留索引）"
res/jhe.png,1101,.png,undefined,unused,"未引用（保留索引）"
res/jhf.webp,58514,.webp,undefined,unused,"未引用（保留索引）"
res/jhw.xml,9608,.xml,undefined,unused,"未引用（保留索引）"
res/jhy.xml,980,.xml,undefined,unused,"未引用（保留索引）"
res/jib.png,7343,.png,undefined,unused,"未引用（保留索引）"
res/jj4.xml,536,.xml,undefined,unused,"未引用（保留索引）"
res/jjo.png,4451,.png,undefined,unused,"未引用（保留索引）"
res/jkF.xml,1876,.xml,undefined,unused,"未引用（保留索引）"
res/jkQ.xml,15380,.xml,undefined,unused,"未引用（保留索引）"
res/jlc.xml,688,.xml,undefined,unused,"未引用（保留索引）"
res/jmt.webp,28378,.webp,undefined,unused,"未引用（保留索引）"
res/jnC.webp,136848,.webp,undefined,unused,"未引用（保留索引）"
res/jnS.webp,1742,.webp,undefined,unused,"未引用（保留索引）"
res/jnY.xml,576,.xml,undefined,unused,"未引用（保留索引）"
res/jo0.xml,500,.xml,undefined,unused,"未引用（保留索引）"
res/jo8.xml,576,.xml,undefined,unused,"未引用（保留索引）"
res/joU.png,50628,.png,undefined,unused,"未引用（保留索引）"
res/joX.xml,7748,.xml,undefined,unused,"未引用（保留索引）"
res/jox.png,3022,.png,undefined,unused,"未引用（保留索引）"
res/jpi.png,14176,.png,undefined,unused,"未引用（保留索引）"
res/jrV.png,2427,.png,undefined,unused,"未引用（保留索引）"
res/jrZ.png,1892,.png,undefined,unused,"未引用（保留索引）"
res/jrh.webp,338,.webp,undefined,unused,"未引用（保留索引）"
res/jtC.webp,21882,.webp,undefined,unused,"未引用（保留索引）"
res/jtK.png,1496,.png,undefined,unused,"未引用（保留索引）"
res/ju5.webp,1926,.webp,undefined,unused,"未引用（保留索引）"
res/juc.png,352,.png,undefined,unused,"未引用（保留索引）"
res/juf.png,640,.png,undefined,unused,"未引用（保留索引）"
res/jvf.xml,516,.xml,undefined,unused,"未引用（保留索引）"
res/jvt.png,60802,.png,undefined,unused,"未引用（保留索引）"
res/jvu.png,10573,.png,undefined,unused,"未引用（保留索引）"
res/jvv.webp,370,.webp,undefined,unused,"未引用（保留索引）"
res/jvx.xml,1000,.xml,undefined,unused,"未引用（保留索引）"
res/jwN.xml,3668,.xml,undefined,unused,"未引用（保留索引）"
res/jwO.xml,468,.xml,undefined,unused,"未引用（保留索引）"
res/jwZ.xml,832,.xml,undefined,unused,"未引用（保留索引）"
res/jwj.xml,1804,.xml,undefined,unused,"未引用（保留索引）"
res/jwj1.xml,448,.xml,undefined,unused,"未引用（保留索引）"
res/jwq.xml,476,.xml,undefined,unused,"未引用（保留索引）"
res/jx4.webp,638,.webp,undefined,unused,"未引用（保留索引）"
res/jxH.xml,5868,.xml,undefined,unused,"未引用（保留索引）"
res/jy4.xml,464,.xml,undefined,unused,"未引用（保留索引）"
res/jyD.xml,564,.xml,undefined,unused,"未引用（保留索引）"
res/jyj.png,4198,.png,undefined,unused,"未引用（保留索引）"
res/jyj.xml,6124,.xml,undefined,unused,"未引用（保留索引）"
res/jz2.png,184,.png,undefined,unused,"未引用（保留索引）"
res/jzh.png,5323,.png,undefined,unused,"未引用（保留索引）"
res/jzk.xml,1524,.xml,undefined,unused,"未引用（保留索引）"
res/k-U.xml,104,.xml,undefined,unused,"未引用（保留索引）"
res/k0l.png,55525,.png,undefined,unused,"未引用（保留索引）"
res/k1E.xml,672,.xml,undefined,unused,"未引用（保留索引）"
res/k1P.xml,3480,.xml,undefined,unused,"未引用（保留索引）"
res/k29.xml,500,.xml,undefined,unused,"未引用（保留索引）"
res/k2W.png,414,.png,undefined,unused,"未引用（保留索引）"
res/k2e.webp,225426,.webp,undefined,unused,"未引用（保留索引）"
res/k35.png,9066,.png,undefined,unused,"未引用（保留索引）"
res/k3j.webp,34500,.webp,undefined,unused,"未引用（保留索引）"
res/k3s.xml,4852,.xml,undefined,unused,"未引用（保留索引）"
res/k4J.9.png,1819,.png,undefined,unused,"未引用（保留索引）"
res/k4P.png,42714,.png,undefined,unused,"未引用（保留索引）"
res/k4f.xml,2596,.xml,undefined,unused,"未引用（保留索引）"
res/k5s.png,3316,.png,undefined,unused,"未引用（保留索引）"
res/k5z.xml,3328,.xml,undefined,unused,"未引用（保留索引）"
res/k61.png,105,.png,undefined,unused,"未引用（保留索引）"
res/k6V.png,2008,.png,undefined,unused,"未引用（保留索引）"
res/k6x.webp,1592,.webp,undefined,unused,"未引用（保留索引）"
res/k7p.xml,12304,.xml,undefined,unused,"未引用（保留索引）"
res/k81.webp,7502,.webp,undefined,unused,"未引用（保留索引）"
res/k8C.xml,6564,.xml,undefined,unused,"未引用（保留索引）"
res/k8f.png,13446,.png,undefined,unused,"未引用（保留索引）"
res/k9b.webp,7510,.webp,undefined,unused,"未引用（保留索引）"
res/k9b.xml,2548,.xml,undefined,unused,"未引用（保留索引）"
res/k9k.png,374,.png,undefined,unused,"未引用（保留索引）"
res/k9w.png,4831,.png,undefined,unused,"未引用（保留索引）"
res/kAA.png,10696,.png,undefined,unused,"未引用（保留索引）"
res/kAK.xml,1112,.xml,undefined,unused,"未引用（保留索引）"
res/kBA.webp,26054,.webp,undefined,unused,"未引用（保留索引）"
res/kBE.xml,1120,.xml,undefined,unused,"未引用（保留索引）"
res/kBg.png,2903,.png,undefined,unused,"未引用（保留索引）"
res/kBl.xml,1560,.xml,undefined,unused,"未引用（保留索引）"
res/kDK.png,199,.png,undefined,unused,"未引用（保留索引）"
res/kDQ.9.png,1435,.png,undefined,unused,"未引用（保留索引）"
res/kDa.webp,41876,.webp,undefined,unused,"未引用（保留索引）"
res/kDd.webp,2860,.webp,undefined,unused,"未引用（保留索引）"
res/kEU.xml,3524,.xml,undefined,unused,"未引用（保留索引）"
res/kEs.xml,3408,.xml,undefined,unused,"未引用（保留索引）"
res/kFa.png,1545,.png,undefined,unused,"未引用（保留索引）"
res/kFy.xml,2496,.xml,undefined,unused,"未引用（保留索引）"
res/kGf.png,8159,.png,undefined,unused,"未引用（保留索引）"
res/kI4.xml,576,.xml,undefined,unused,"未引用（保留索引）"
res/kIE.xml,484,.xml,undefined,unused,"未引用（保留索引）"
res/kIG.xml,1292,.xml,undefined,unused,"未引用（保留索引）"
res/kIs.png,67,.png,undefined,unused,"未引用（保留索引）"
res/kJ4.png,498,.png,undefined,unused,"未引用（保留索引）"
res/kJ8.xml,520,.xml,undefined,unused,"未引用（保留索引）"
res/kK1.png,3480,.png,undefined,unused,"未引用（保留索引）"
res/kK3.9.png,178,.png,undefined,unused,"未引用（保留索引）"
res/kK6.xml,9104,.xml,undefined,unused,"未引用（保留索引）"
res/kLJ.xml,2376,.xml,undefined,unused,"未引用（保留索引）"
res/kLX.png,7031,.png,undefined,unused,"未引用（保留索引）"
res/kLY.png,1630,.png,undefined,unused,"未引用（保留索引）"
res/kLc.webp,33866,.webp,undefined,unused,"未引用（保留索引）"
res/kLm.xml,400,.xml,undefined,unused,"未引用（保留索引）"
res/kLs.png,30584,.png,undefined,unused,"未引用（保留索引）"
res/kLt.xml,1896,.xml,undefined,unused,"未引用（保留索引）"
res/kM-.xml,1696,.xml,undefined,unused,"未引用（保留索引）"
res/kMq.png,4125,.png,undefined,unused,"未引用（保留索引）"
res/kNF.webp,11468,.webp,undefined,unused,"未引用（保留索引）"
res/kOC.png,88893,.png,undefined,unused,"未引用（保留索引）"
res/kOg.png,11654,.png,undefined,unused,"未引用（保留索引）"
res/kOm.png,412,.png,undefined,unused,"未引用（保留索引）"
res/kOt.png,549,.png,undefined,unused,"未引用（保留索引）"
res/kPM.png,1500,.png,undefined,unused,"未引用（保留索引）"
res/kPR.xml,484,.xml,undefined,unused,"未引用（保留索引）"
res/kPT.webp,4008,.webp,undefined,unused,"未引用（保留索引）"
res/kPn.xml,3904,.xml,undefined,unused,"未引用（保留索引）"
res/kSD.png,904,.png,undefined,unused,"未引用（保留索引）"
res/kSi.webp,424,.webp,undefined,unused,"未引用（保留索引）"
res/kSy.png,168,.png,undefined,unused,"未引用（保留索引）"
res/kTM.png,1135,.png,undefined,unused,"未引用（保留索引）"
res/kTl.png,48995,.png,undefined,unused,"未引用（保留索引）"
res/kTy.webp,1400,.webp,undefined,unused,"未引用（保留索引）"
res/kUS.xml,3020,.xml,undefined,unused,"未引用（保留索引）"
res/kU_.png,12565,.png,undefined,unused,"未引用（保留索引）"
res/kUv.xml,468,.xml,undefined,unused,"未引用（保留索引）"
res/kVu.png,3014,.png,undefined,unused,"未引用（保留索引）"
res/kVu.webp,1534,.webp,undefined,unused,"未引用（保留索引）"
res/kWU.png,10280,.png,undefined,unused,"未引用（保留索引）"
res/kX0.xml,2992,.xml,undefined,unused,"未引用（保留索引）"
res/kXH.png,2866,.png,undefined,unused,"未引用（保留索引）"
res/kXJ.png,2582,.png,undefined,unused,"未引用（保留索引）"
res/kXc.webp,9646,.webp,undefined,unused,"未引用（保留索引）"
res/kXq.xml,1528,.xml,undefined,unused,"未引用（保留索引）"
res/kYq.xml,664,.xml,undefined,unused,"未引用（保留索引）"
res/kYy.xml,1072,.xml,undefined,unused,"未引用（保留索引）"
res/kYz.webp,686,.webp,undefined,unused,"未引用（保留索引）"
res/kZx.png,1767,.png,undefined,unused,"未引用（保留索引）"
res/k_4.png,403,.png,undefined,unused,"未引用（保留索引）"
res/k_Y.xml,3148,.xml,undefined,unused,"未引用（保留索引）"
res/kaA.xml,9472,.xml,undefined,unused,"未引用（保留索引）"
res/kah.xml,688,.xml,undefined,unused,"未引用（保留索引）"
res/kbE.xml,5688,.xml,undefined,unused,"未引用（保留索引）"
res/kcG.xml,724,.xml,undefined,unused,"未引用（保留索引）"
res/kcM.xml,520,.xml,undefined,unused,"未引用（保留索引）"
res/kd2.xml,5044,.xml,undefined,unused,"未引用（保留索引）"
res/kdL.xml,552,.xml,undefined,unused,"未引用（保留索引）"
res/ke4.9.png,8275,.png,undefined,unused,"未引用（保留索引）"
res/kfT.xml,3472,.xml,undefined,unused,"未引用（保留索引）"
res/kfY.png,157,.png,undefined,unused,"未引用（保留索引）"
res/kfi.png,1620,.png,undefined,unused,"未引用（保留索引）"
res/kgN.webp,3622,.webp,undefined,unused,"未引用（保留索引）"
res/kgU.png,74511,.png,undefined,unused,"未引用（保留索引）"
res/khB.xml,1216,.xml,undefined,unused,"未引用（保留索引）"
res/khU.png,3532,.png,undefined,unused,"未引用（保留索引）"
res/kho.png,272,.png,undefined,unused,"未引用（保留索引）"
res/kiw.png,109862,.png,undefined,unused,"未引用（保留索引）"
res/kjB.xml,440,.xml,undefined,unused,"未引用（保留索引）"
res/kjs.webp,1418,.webp,undefined,unused,"未引用（保留索引）"
res/kkZ.webp,1482,.webp,undefined,unused,"未引用（保留索引）"
res/kkl.png,50072,.png,undefined,unused,"未引用（保留索引）"
res/kkq.xml,892,.xml,undefined,unused,"未引用（保留索引）"
res/klE.xml,704,.xml,undefined,unused,"未引用（保留索引）"
res/kli.png,3039,.png,undefined,unused,"未引用（保留索引）"
res/kmr.webp,664,.webp,undefined,unused,"未引用（保留索引）"
res/kni.png,338,.png,undefined,unused,"未引用（保留索引）"
res/knm.png,6568,.png,undefined,unused,"未引用（保留索引）"
res/knz.png,4447,.png,undefined,unused,"未引用（保留索引）"
res/ko3.xml,536,.xml,undefined,unused,"未引用（保留索引）"
res/koj.xml,484,.xml,undefined,unused,"未引用（保留索引）"
res/kpT.png,2442,.png,undefined,unused,"未引用（保留索引）"
res/kpU.png,2768,.png,undefined,unused,"未引用（保留索引）"
res/kpV.png,2754,.png,undefined,unused,"未引用（保留索引）"
res/kpW.png,2661,.png,undefined,unused,"未引用（保留索引）"
res/kpX.png,2729,.png,undefined,unused,"未引用（保留索引）"
res/kpY.png,2566,.png,undefined,unused,"未引用（保留索引）"
res/kpZ.png,2848,.png,undefined,unused,"未引用（保留索引）"
res/kpa.png,2468,.png,undefined,unused,"未引用（保留索引）"
res/kqI.xml,872,.xml,undefined,unused,"未引用（保留索引）"
res/krE.png,152,.png,undefined,unused,"未引用（保留索引）"
res/krr.xml,1396,.xml,undefined,unused,"未引用（保留索引）"
res/ks8.xml,2448,.xml,undefined,unused,"未引用（保留索引）"
res/ksZ.png,8228,.png,undefined,unused,"未引用（保留索引）"
res/ksn.png,8674,.png,undefined,unused,"未引用（保留索引）"
res/ktK.png,4036,.png,undefined,unused,"未引用（保留索引）"
res/kto.xml,2244,.xml,undefined,unused,"未引用（保留索引）"
res/ku0.webp,536,.webp,undefined,unused,"未引用（保留索引）"
res/kuI.xml,3480,.xml,undefined,unused,"未引用（保留索引）"
res/kuw.xml,484,.xml,undefined,unused,"未引用（保留索引）"
res/kvb.xml,10020,.xml,undefined,unused,"未引用（保留索引）"
res/kvw.xml,1600,.xml,undefined,unused,"未引用（保留索引）"
res/kw1.png,3071,.png,undefined,unused,"未引用（保留索引）"
res/kwC.xml,4252,.xml,undefined,unused,"未引用（保留索引）"
res/kww.xml,7892,.xml,undefined,unused,"未引用（保留索引）"
res/kxO.webp,4524,.webp,undefined,unused,"未引用（保留索引）"
res/ky0.png,265,.png,undefined,unused,"未引用（保留索引）"
res/kyO.webp,498,.webp,undefined,unused,"未引用（保留索引）"
res/kzV.xml,448,.xml,undefined,unused,"未引用（保留索引）"
res/kzt.png,1198,.png,undefined,unused,"未引用（保留索引）"
res/l-j.png,1248,.png,undefined,unused,"未引用（保留索引）"
res/l-m.png,957,.png,undefined,unused,"未引用（保留索引）"
res/l0h.xml,748,.xml,undefined,unused,"未引用（保留索引）"
res/l12.png,13181,.png,undefined,unused,"未引用（保留索引）"
res/l1l.xml,1908,.xml,undefined,unused,"未引用（保留索引）"
res/l20.webp,32480,.webp,undefined,unused,"未引用（保留索引）"
res/l2F.webp,414,.webp,undefined,unused,"未引用（保留索引）"
res/l2s.png,5943,.png,undefined,unused,"未引用（保留索引）"
res/l2y.xml,264,.xml,undefined,unused,"未引用（保留索引）"
res/l3C.png,4225,.png,undefined,unused,"未引用（保留索引）"
res/l3d.webp,326,.webp,undefined,unused,"未引用（保留索引）"
res/l4w.xml,1988,.xml,undefined,unused,"未引用（保留索引）"
res/l5w.png,334,.png,undefined,unused,"未引用（保留索引）"
res/l6-.webp,0,.webp,undefined,unused,"未引用（保留索引）"
res/l7I.xml,2384,.xml,undefined,unused,"未引用（保留索引）"
res/l7v.png,333,.png,undefined,unused,"未引用（保留索引）"
res/l8Y.webp,1876,.webp,undefined,unused,"未引用（保留索引）"
res/l8Z.xml,468,.xml,undefined,unused,"未引用（保留索引）"
res/l9N.png,9660,.png,undefined,unused,"未引用（保留索引）"
res/l9P.xml,916,.xml,undefined,unused,"未引用（保留索引）"
res/lAt.png,67,.png,undefined,unused,"未引用（保留索引）"
res/lBH.png,74178,.png,undefined,unused,"未引用（保留索引）"
res/lBI.png,20984,.png,undefined,unused,"未引用（保留索引）"
res/lBT.png,2467,.png,undefined,unused,"未引用（保留索引）"
res/lBU.png,5895,.png,undefined,unused,"未引用（保留索引）"
res/lBV.png,5663,.png,undefined,unused,"未引用（保留索引）"
res/lBb.png,5765,.png,undefined,unused,"未引用（保留索引）"
res/lBs.webp,219270,.webp,undefined,unused,"未引用（保留索引）"
res/lCi.webp,25476,.webp,undefined,unused,"未引用（保留索引）"
res/lD4.png,27284,.png,undefined,unused,"未引用（保留索引）"
res/lDF.png,2680,.png,undefined,unused,"未引用（保留索引）"
res/lDJ.webp,6528,.webp,undefined,unused,"未引用（保留索引）"
res/lD_.xml,912,.xml,undefined,unused,"未引用（保留索引）"
res/lD_1.xml,688,.xml,undefined,unused,"未引用（保留索引）"
res/lDi.xml,916,.xml,undefined,unused,"未引用（保留索引）"
res/lDr.webp,26564,.webp,undefined,unused,"未引用（保留索引）"
res/lDx.png,49215,.png,undefined,unused,"未引用（保留索引）"
res/lDy.xml,2528,.xml,undefined,unused,"未引用（保留索引）"
res/lEE.xml,2060,.xml,undefined,unused,"未引用（保留索引）"
res/lEY.png,19400,.png,undefined,unused,"未引用（保留索引）"
res/lEd.png,1064,.png,undefined,unused,"未引用（保留索引）"
res/lEx.png,65541,.png,undefined,unused,"未引用（保留索引）"
res/lEy.xml,364,.xml,undefined,unused,"未引用（保留索引）"
res/lF2.xml,1808,.xml,undefined,unused,"未引用（保留索引）"
res/lGS.png,375,.png,undefined,unused,"未引用（保留索引）"
res/lGb.xml,360,.xml,undefined,unused,"未引用（保留索引）"
res/lGb1.xml,464,.xml,undefined,unused,"未引用（保留索引）"
res/lGf.webp,25022,.webp,undefined,unused,"未引用（保留索引）"
res/lGy.xml,464,.xml,undefined,unused,"未引用（保留索引）"
res/lHT.png,13955,.png,undefined,unused,"未引用（保留索引）"
res/lHY.png,7615,.png,undefined,unused,"未引用（保留索引）"
res/lHZ.png,7407,.png,undefined,unused,"未引用（保留索引）"
res/lHa.xml,576,.xml,undefined,unused,"未引用（保留索引）"
res/lHe.png,8499,.png,undefined,unused,"未引用（保留索引）"
res/lHf.png,8499,.png,undefined,unused,"未引用（保留索引）"
res/lHi.png,8950,.png,undefined,unused,"未引用（保留索引）"
res/lHs.png,3464,.png,undefined,unused,"未引用（保留索引）"
res/lI8.xml,1604,.xml,undefined,unused,"未引用（保留索引）"
res/lIO.9.png,233,.png,undefined,unused,"未引用（保留索引）"
res/lIl.webp,646,.webp,undefined,unused,"未引用（保留索引）"
res/lJD.webp,17628,.webp,undefined,unused,"未引用（保留索引）"
res/lJl.xml,592,.xml,undefined,unused,"未引用（保留索引）"
res/lJy.xml,1764,.xml,undefined,unused,"未引用（保留索引）"
res/lJz.xml,312,.xml,undefined,unused,"未引用（保留索引）"
res/lK9.mp4,222098,.mp4,undefined,unused,"未引用（保留索引）"
res/lKM.png,15047,.png,undefined,unused,"未引用（保留索引）"
res/lKN.xml,104,.xml,undefined,unused,"未引用（保留索引）"
res/lKa.png,615,.png,undefined,unused,"未引用（保留索引）"
res/lKl.xml,1148,.xml,undefined,unused,"未引用（保留索引）"
res/lMN.png,567,.png,undefined,unused,"未引用（保留索引）"
res/lMZ.xml,632,.xml,undefined,unused,"未引用（保留索引）"
res/lMl.xml,4336,.xml,undefined,unused,"未引用（保留索引）"
res/lMm.png,12368,.png,undefined,unused,"未引用（保留索引）"
res/lMu.webp,384,.webp,undefined,unused,"未引用（保留索引）"
res/lNc.webp,27640,.webp,undefined,unused,"未引用（保留索引）"
res/lO_.xml,1716,.xml,undefined,unused,"未引用（保留索引）"
res/lOn.xml,816,.xml,undefined,unused,"未引用（保留索引）"
res/lPV.png,5918,.png,undefined,unused,"未引用（保留索引）"
res/lPn.webp,568,.webp,undefined,unused,"未引用（保留索引）"
res/lQ-.png,902,.png,undefined,unused,"未引用（保留索引）"
res/lQU.webp,2236,.webp,undefined,unused,"未引用（保留索引）"
res/lR-.xml,580,.xml,undefined,unused,"未引用（保留索引）"
res/lRH.xml,516,.xml,undefined,unused,"未引用（保留索引）"
res/lRR.png,595,.png,undefined,unused,"未引用（保留索引）"
res/lR_.png,4264,.png,undefined,unused,"未引用（保留索引）"
res/lRq.webp,498,.webp,undefined,unused,"未引用（保留索引）"
res/lSX.webp,4894,.webp,undefined,unused,"未引用（保留索引）"
res/lSZ.xml,21940,.xml,undefined,unused,"未引用（保留索引）"
res/lTL.png,5091,.png,undefined,unused,"未引用（保留索引）"
res/lU2.xml,700,.xml,undefined,unused,"未引用（保留索引）"
res/lU9.webp,218,.webp,undefined,unused,"未引用（保留索引）"
res/lUW.xml,700,.xml,undefined,unused,"未引用（保留索引）"
res/lVa.webp,234,.webp,undefined,unused,"未引用（保留索引）"
res/lVh.xml,612,.xml,undefined,unused,"未引用（保留索引）"
res/lVq.png,603,.png,undefined,unused,"未引用（保留索引）"
res/lVw.png,9472,.png,undefined,unused,"未引用（保留索引）"
res/lW5.xml,336,.xml,undefined,unused,"未引用（保留索引）"
res/lWD.webp,266,.webp,undefined,unused,"未引用（保留索引）"
res/lWO.png,386,.png,undefined,unused,"未引用（保留索引）"
res/lXK.png,3010,.png,undefined,unused,"未引用（保留索引）"
res/lXP.xml,876,.xml,undefined,unused,"未引用（保留索引）"
res/lXV.xml,4668,.xml,undefined,unused,"未引用（保留索引）"
res/lYF.webp,4612,.webp,undefined,unused,"未引用（保留索引）"
res/lY_.xml,6032,.xml,undefined,unused,"未引用（保留索引）"
res/lYy.webp,19186,.webp,undefined,unused,"未引用（保留索引）"
res/lZU.webp,1820,.webp,undefined,unused,"未引用（保留索引）"
res/lZf.xml,484,.xml,undefined,unused,"未引用（保留索引）"
res/lZi.ttf,34360,.ttf,undefined,unused,"未引用（保留索引）"
res/lZy.xml,5416,.xml,undefined,unused,"未引用（保留索引）"
res/lZy1.xml,6496,.xml,undefined,unused,"未引用（保留索引）"
res/lZz.png,555,.png,undefined,unused,"未引用（保留索引）"
res/l_Y.webp,2806,.webp,undefined,unused,"未引用（保留索引）"
res/la3.webp,142,.webp,undefined,unused,"未引用（保留索引）"
res/laH.png,29189,.png,undefined,unused,"未引用（保留索引）"
res/laQ.xml,9724,.xml,undefined,unused,"未引用（保留索引）"
res/lbU.webp,176,.webp,undefined,unused,"未引用（保留索引）"
res/lbr.webp,27866,.webp,undefined,unused,"未引用（保留索引）"
res/lbz.png,5562,.png,undefined,unused,"未引用（保留索引）"
res/lcN.png,1379,.png,undefined,unused,"未引用（保留索引）"
res/lcd.webp,26616,.webp,undefined,unused,"未引用（保留索引）"
res/ld9.xml,1900,.xml,undefined,unused,"未引用（保留索引）"
res/ldD.9.png,345,.png,undefined,unused,"未引用（保留索引）"
res/ldH.xml,576,.xml,undefined,unused,"未引用（保留索引）"
res/le1.png,631,.png,undefined,unused,"未引用（保留索引）"
res/lfA.png,690,.png,undefined,unused,"未引用（保留索引）"
res/lfR.png,120580,.png,undefined,unused,"未引用（保留索引）"
res/lfX.xml,616,.xml,undefined,unused,"未引用（保留索引）"
res/lfy.xml,1944,.xml,undefined,unused,"未引用（保留索引）"
res/lhO.png,22579,.png,undefined,unused,"未引用（保留索引）"
res/lhR.9.png,1238,.png,undefined,unused,"未引用（保留索引）"
res/lhl.png,242002,.png,undefined,unused,"未引用（保留索引）"
res/lhq.png,4204,.png,undefined,unused,"未引用（保留索引）"
res/liA.xml,1140,.xml,undefined,unused,"未引用（保留索引）"
res/liY.png,2637,.png,undefined,unused,"未引用（保留索引）"
res/ljZ.png,3444,.png,undefined,unused,"未引用（保留索引）"
res/ljw.xml,1556,.xml,undefined,unused,"未引用（保留索引）"
res/lkp.xml,6288,.xml,undefined,unused,"未引用（保留索引）"
res/lky.webp,5536,.webp,undefined,unused,"未引用（保留索引）"
res/llB.png,4654,.png,undefined,unused,"未引用（保留索引）"
res/llW.xml,1064,.xml,undefined,unused,"未引用（保留索引）"
res/llz.png,254,.png,undefined,unused,"未引用（保留索引）"
res/lm9.png,1924,.png,undefined,unused,"未引用（保留索引）"
res/lmc.xml,1156,.xml,undefined,unused,"未引用（保留索引）"
res/lnl.png,2877,.png,undefined,unused,"未引用（保留索引）"
res/lnq.xml,9076,.xml,undefined,unused,"未引用（保留索引）"
res/lo_.png,624,.png,undefined,unused,"未引用（保留索引）"
res/loe.png,20164,.png,undefined,unused,"未引用（保留索引）"
res/loh.xml,724,.xml,undefined,unused,"未引用（保留索引）"
res/lon.9.png,77,.png,undefined,unused,"未引用（保留索引）"
res/lou.xml,7380,.xml,undefined,unused,"未引用（保留索引）"
res/lov.xml,5560,.xml,undefined,unused,"未引用（保留索引）"
res/lp0.xml,2020,.xml,undefined,unused,"未引用（保留索引）"
res/lpK.xml,4228,.xml,undefined,unused,"未引用（保留索引）"
res/lpd.png,1449,.png,undefined,unused,"未引用（保留索引）"
res/lpv.png,27052,.png,undefined,unused,"未引用（保留索引）"
res/lq2.png,314,.png,undefined,unused,"未引用（保留索引）"
res/lqX.webp,0,.webp,undefined,unused,"未引用（保留索引）"
res/lqt.webp,67286,.webp,undefined,unused,"未引用（保留索引）"
res/lrR.png,489,.png,undefined,unused,"未引用（保留索引）"
res/lsN.xml,448,.xml,undefined,unused,"未引用（保留索引）"
res/lsj.xml,6460,.xml,undefined,unused,"未引用（保留索引）"
res/ltk.png,32302,.png,undefined,unused,"未引用（保留索引）"
res/lvd.png,2569,.png,undefined,unused,"未引用（保留索引）"
res/lvd.xml,792,.xml,undefined,unused,"未引用（保留索引）"
res/lw-.xml,484,.xml,undefined,unused,"未引用（保留索引）"
res/lw6.webp,364,.webp,undefined,unused,"未引用（保留索引）"
res/lw7.png,1016,.png,undefined,unused,"未引用（保留索引）"
res/lwC.xml,448,.xml,undefined,unused,"未引用（保留索引）"
res/lwp.png,25824,.png,undefined,unused,"未引用（保留索引）"
res/lwz.png,20772,.png,undefined,unused,"未引用（保留索引）"
res/lxZ.png,394,.png,undefined,unused,"未引用（保留索引）"
res/lx_.xml,2208,.xml,undefined,unused,"未引用（保留索引）"
res/lxn.webp,390,.webp,undefined,unused,"未引用（保留索引）"
res/lxs.webp,216,.webp,undefined,unused,"未引用（保留索引）"
res/ly8.webp,398,.webp,undefined,unused,"未引用（保留索引）"
res/lyR.xml,5504,.xml,undefined,unused,"未引用（保留索引）"
res/lyU.xml,4692,.xml,undefined,unused,"未引用（保留索引）"
res/lyW.xml,364,.xml,undefined,unused,"未引用（保留索引）"
res/lys.xml,4676,.xml,undefined,unused,"未引用（保留索引）"
res/lz4.png,8773,.png,undefined,unused,"未引用（保留索引）"
res/lzZ.webp,426,.webp,undefined,unused,"未引用（保留索引）"
res/lzm.xml,1264,.xml,undefined,unused,"未引用（保留索引）"
res/lzu.xml,1672,.xml,undefined,unused,"未引用（保留索引）"
res/m-2.9.png,693,.png,undefined,unused,"未引用（保留索引）"
res/m-5.png,13515,.png,undefined,unused,"未引用（保留索引）"
res/m-5.xml,2636,.xml,undefined,unused,"未引用（保留索引）"
res/m-M.webp,12272,.webp,undefined,unused,"未引用（保留索引）"
res/m-N.xml,952,.xml,undefined,unused,"未引用（保留索引）"
res/m-U.xml,1848,.xml,undefined,unused,"未引用（保留索引）"
res/m01.xml,476,.xml,undefined,unused,"未引用（保留索引）"
res/m06.xml,2320,.xml,undefined,unused,"未引用（保留索引）"
res/m0C.png,15776,.png,undefined,unused,"未引用（保留索引）"
res/m1K.png,12631,.png,undefined,unused,"未引用（保留索引）"
res/m1p.xml,4596,.xml,undefined,unused,"未引用（保留索引）"
res/m21.xml,848,.xml,undefined,unused,"未引用（保留索引）"
res/m2H.png,1074,.png,undefined,unused,"未引用（保留索引）"
res/m2e.png,6728,.png,undefined,unused,"未引用（保留索引）"
res/m2w.webp,536,.webp,undefined,unused,"未引用（保留索引）"
res/m3W.webp,33420,.webp,undefined,unused,"未引用（保留索引）"
res/m3p.png,236,.png,undefined,unused,"未引用（保留索引）"
res/m5B.png,3564,.png,undefined,unused,"未引用（保留索引）"
res/m5L.png,6851,.png,undefined,unused,"未引用（保留索引）"
res/m5k.png,708,.png,undefined,unused,"未引用（保留索引）"
res/m6X.xml,2476,.xml,undefined,unused,"未引用（保留索引）"
res/m71.xml,640,.xml,undefined,unused,"未引用（保留索引）"
res/m7d.xml,1684,.xml,undefined,unused,"未引用（保留索引）"
res/m7j.webp,212,.webp,undefined,unused,"未引用（保留索引）"
res/m9F.webp,50840,.webp,undefined,unused,"未引用（保留索引）"
res/m9V.9.png,205,.png,undefined,unused,"未引用（保留索引）"
res/m9i.png,2450,.png,undefined,unused,"未引用（保留索引）"
res/mAC.png,2930,.png,undefined,unused,"未引用（保留索引）"
res/mAP.webp,7256,.webp,undefined,unused,"未引用（保留索引）"
res/mAR.png,2054,.png,undefined,unused,"未引用（保留索引）"
res/mAV.png,296,.png,undefined,unused,"未引用（保留索引）"
res/mAk.xml,8156,.xml,undefined,unused,"未引用（保留索引）"
res/mBP.xml,780,.xml,undefined,unused,"未引用（保留索引）"
res/mBa.xml,2100,.xml,undefined,unused,"未引用（保留索引）"
res/mC1.png,2977,.png,undefined,unused,"未引用（保留索引）"
res/mC6.webp,41518,.webp,undefined,unused,"未引用（保留索引）"
res/mCA.webp,1244,.webp,undefined,unused,"未引用（保留索引）"
res/mCr.xml,1848,.xml,undefined,unused,"未引用（保留索引）"
res/mCz.xml,484,.xml,undefined,unused,"未引用（保留索引）"
res/mDa.xml,2972,.xml,undefined,unused,"未引用（保留索引）"
res/mDq.webp,2254,.webp,undefined,unused,"未引用（保留索引）"
res/mDq.xml,3060,.xml,undefined,unused,"未引用（保留索引）"
res/mE9.png,9553,.png,undefined,unused,"未引用（保留索引）"
res/mEl.png,822,.png,undefined,unused,"未引用（保留索引）"
res/mFO.webp,7728,.webp,undefined,unused,"未引用（保留索引）"
res/mFw.png,1395,.png,undefined,unused,"未引用（保留索引）"
res/mGM.xml,704,.xml,undefined,unused,"未引用（保留索引）"
res/mGZ.xml,1192,.xml,undefined,unused,"未引用（保留索引）"
res/mGr.xml,1072,.xml,undefined,unused,"未引用（保留索引）"
res/mH3.xml,5428,.xml,undefined,unused,"未引用（保留索引）"
res/mH9.xml,1932,.xml,undefined,unused,"未引用（保留索引）"
res/mIV.xml,2028,.xml,undefined,unused,"未引用（保留索引）"
res/mJ7.xml,7056,.xml,undefined,unused,"未引用（保留索引）"
res/mJE.webp,43254,.webp,undefined,unused,"未引用（保留索引）"
res/mJH.webp,54826,.webp,undefined,unused,"未引用（保留索引）"
res/mJX.png,11519,.png,undefined,unused,"未引用（保留索引）"
res/mJp.xml,952,.xml,undefined,unused,"未引用（保留索引）"
res/mKT.png,2131,.png,undefined,unused,"未引用（保留索引）"
res/mKs.xml,2924,.xml,undefined,unused,"未引用（保留索引）"
res/mKy.png,8788,.png,undefined,unused,"未引用（保留索引）"
res/mLH.xml,1768,.xml,undefined,unused,"未引用（保留索引）"
res/mLJ.png,236,.png,undefined,unused,"未引用（保留索引）"
res/mLL.png,6582,.png,undefined,unused,"未引用（保留索引）"
res/mLL.xml,7060,.xml,undefined,unused,"未引用（保留索引）"
res/mLo.png,6739,.png,undefined,unused,"未引用（保留索引）"
res/mLw.webp,2700,.webp,undefined,unused,"未引用（保留索引）"
res/mMJ.png,18925,.png,undefined,unused,"未引用（保留索引）"
res/mMR.xml,2316,.xml,undefined,unused,"未引用（保留索引）"
res/mMj.xml,484,.xml,undefined,unused,"未引用（保留索引）"
res/mNu.xml,436,.xml,undefined,unused,"未引用（保留索引）"
res/mPL.xml,996,.xml,undefined,unused,"未引用（保留索引）"
res/mQL.webp,972,.webp,undefined,unused,"未引用（保留索引）"
res/mQo.png,67,.png,undefined,unused,"未引用（保留索引）"
res/mQz.webp,626,.webp,undefined,unused,"未引用（保留索引）"
res/mR6.xml,448,.xml,undefined,unused,"未引用（保留索引）"
res/mRq.png,1243,.png,undefined,unused,"未引用（保留索引）"
res/mSF.xml,4700,.xml,undefined,unused,"未引用（保留索引）"
res/mSM.xml,592,.xml,undefined,unused,"未引用（保留索引）"
res/mST.webp,4444,.webp,undefined,unused,"未引用（保留索引）"
res/mTB.9.png,272,.png,undefined,unused,"未引用（保留索引）"
res/mTl.webp,7066,.webp,undefined,unused,"未引用（保留索引）"
res/mUf.png,508,.png,undefined,unused,"未引用（保留索引）"
res/mUu.png,196,.png,undefined,unused,"未引用（保留索引）"
res/mVE.xml,692,.xml,undefined,unused,"未引用（保留索引）"
res/mXD.xml,1612,.xml,undefined,unused,"未引用（保留索引）"
res/mXd.xml,448,.xml,undefined,unused,"未引用（保留索引）"
res/mXs.png,1925,.png,undefined,unused,"未引用（保留索引）"
res/mXz.xml,2796,.xml,undefined,unused,"未引用（保留索引）"
res/mYM.xml,1064,.xml,undefined,unused,"未引用（保留索引）"
res/mZA.png,2684,.png,undefined,unused,"未引用（保留索引）"
res/mZQ.xml,5372,.xml,undefined,unused,"未引用（保留索引）"
res/mZd.otf,57600,.otf,undefined,unused,"未引用（保留索引）"
res/mZh.xml,420,.xml,undefined,unused,"未引用（保留索引）"
res/m_8.webp,12402,.webp,undefined,unused,"未引用（保留索引）"
res/m_g.xml,3356,.xml,undefined,unused,"未引用（保留索引）"
res/m_q.png,4517,.png,undefined,unused,"未引用（保留索引）"
res/m_t.webp,11368,.webp,undefined,unused,"未引用（保留索引）"
res/ma_.xml,10108,.xml,undefined,unused,"未引用（保留索引）"
res/man.xml,464,.xml,undefined,unused,"未引用（保留索引）"
res/mbP.webp,364,.webp,undefined,unused,"未引用（保留索引）"
res/mbf.xml,484,.xml,undefined,unused,"未引用（保留索引）"
res/mbi.9.png,3700,.png,undefined,unused,"未引用（保留索引）"
res/mcK.png,17557,.png,undefined,unused,"未引用（保留索引）"
res/mdL.xml,4388,.xml,undefined,unused,"未引用（保留索引）"
res/mdL1.xml,1524,.xml,undefined,unused,"未引用（保留索引）"
res/mdM.xml,1524,.xml,undefined,unused,"未引用（保留索引）"
res/mdV.png,6597,.png,undefined,unused,"未引用（保留索引）"
res/mdY.xml,1992,.xml,undefined,unused,"未引用（保留索引）"
res/me6.xml,3780,.xml,undefined,unused,"未引用（保留索引）"
res/meZ.ttf,37964,.ttf,undefined,unused,"未引用（保留索引）"
res/mfD.xml,1600,.xml,undefined,unused,"未引用（保留索引）"
res/mfU.png,964,.png,undefined,unused,"未引用（保留索引）"
res/mge.png,4053,.png,undefined,unused,"未引用（保留索引）"
res/mgf.xml,1396,.xml,undefined,unused,"未引用（保留索引）"
res/mh1.png,439,.png,undefined,unused,"未引用（保留索引）"
res/mh5.xml,1924,.xml,undefined,unused,"未引用（保留索引）"
res/mhU.otf,1066892,.otf,undefined,unused,"未引用（保留索引）"
res/mhW.png,15951,.png,undefined,unused,"未引用（保留索引）"
res/mi7.xml,860,.xml,undefined,unused,"未引用（保留索引）"
res/miE.xml,408,.xml,undefined,unused,"未引用（保留索引）"
res/miT.png,6479,.png,undefined,unused,"未引用（保留索引）"
res/miU.png,840,.png,undefined,unused,"未引用（保留索引）"
res/mkA.webp,13110,.webp,undefined,unused,"未引用（保留索引）"
res/mkf.png,46346,.png,undefined,unused,"未引用（保留索引）"
res/ml3.xml,3576,.xml,undefined,unused,"未引用（保留索引）"
res/mlC.xml,832,.xml,undefined,unused,"未引用（保留索引）"
res/mlx.xml,516,.xml,undefined,unused,"未引用（保留索引）"
res/mmE.webp,2670,.webp,undefined,unused,"未引用（保留索引）"
res/mmJ.png,13700,.png,undefined,unused,"未引用（保留索引）"
res/mo2.9.png,821,.png,undefined,unused,"未引用（保留索引）"
res/mp4.png,1996,.png,undefined,unused,"未引用（保留索引）"
res/mpa.webp,4862,.webp,undefined,unused,"未引用（保留索引）"
res/mqX.xml,2180,.xml,undefined,unused,"未引用（保留索引）"
res/mqi.png,2235,.png,undefined,unused,"未引用（保留索引）"
res/mqo.xml,448,.xml,undefined,unused,"未引用（保留索引）"
res/mrC.png,2261,.png,undefined,unused,"未引用（保留索引）"
res/msE.xml,8224,.xml,undefined,unused,"未引用（保留索引）"
res/msG.webp,54034,.webp,undefined,unused,"未引用（保留索引）"
res/msW.xml,2572,.xml,undefined,unused,"未引用（保留索引）"
res/mtL.xml,484,.xml,undefined,unused,"未引用（保留索引）"
res/mtw.webp,28764,.webp,undefined,unused,"未引用（保留索引）"
res/mum.xml,3924,.xml,undefined,unused,"未引用（保留索引）"
res/mv3.xml,488,.xml,undefined,unused,"未引用（保留索引）"
res/mvO.png,461,.png,undefined,unused,"未引用（保留索引）"
res/mvs.png,29850,.png,undefined,unused,"未引用（保留索引）"
res/mvv.png,18197,.png,undefined,unused,"未引用（保留索引）"
res/mw9.png,1638,.png,undefined,unused,"未引用（保留索引）"
res/mwx.png,61539,.png,undefined,unused,"未引用（保留索引）"
res/mx2.xml,592,.xml,undefined,unused,"未引用（保留索引）"
res/mx7.9.png,1959,.png,undefined,unused,"未引用（保留索引）"
res/my6.png,11774,.png,undefined,unused,"未引用（保留索引）"
res/myB.png,6480,.png,undefined,unused,"未引用（保留索引）"
res/myz.xml,2232,.xml,undefined,unused,"未引用（保留索引）"
res/n-4.xml,596,.xml,undefined,unused,"未引用（保留索引）"
res/n-A.png,2983,.png,undefined,unused,"未引用（保留索引）"
res/n-d.xml,4820,.xml,undefined,unused,"未引用（保留索引）"
res/n-g.png,5676,.png,undefined,unused,"未引用（保留索引）"
res/n07.png,391,.png,undefined,unused,"未引用（保留索引）"
res/n0L.xml,580,.xml,undefined,unused,"未引用（保留索引）"
res/n1T.png,70834,.png,undefined,unused,"未引用（保留索引）"
res/n1n.xml,2100,.xml,undefined,unused,"未引用（保留索引）"
res/n28.xml,1204,.xml,undefined,unused,"未引用（保留索引）"
res/n2H.png,827,.png,undefined,unused,"未引用（保留索引）"
res/n2S.xml,416,.xml,undefined,unused,"未引用（保留索引）"
res/n4U.png,8692,.png,undefined,unused,"未引用（保留索引）"
res/n4X.xml,1444,.xml,undefined,unused,"未引用（保留索引）"
res/n4_.xml,1080,.xml,undefined,unused,"未引用（保留索引）"
res/n53.webp,44658,.webp,undefined,unused,"未引用（保留索引）"
res/n55.png,444,.png,undefined,unused,"未引用（保留索引）"
res/n5D.png,1167,.png,undefined,unused,"未引用（保留索引）"
res/n5f.webp,11426,.webp,undefined,unused,"未引用（保留索引）"
res/n5l.xml,2352,.xml,undefined,unused,"未引用（保留索引）"
res/n6F.xml,2000,.xml,undefined,unused,"未引用（保留索引）"
res/n6S.xml,120,.xml,undefined,unused,"未引用（保留索引）"
res/n6Y.xml,704,.xml,undefined,unused,"未引用（保留索引）"
res/n6k.xml,3372,.xml,undefined,unused,"未引用（保留索引）"
res/n7X.xml,19876,.xml,undefined,unused,"未引用（保留索引）"
res/n8F.webp,13866,.webp,undefined,unused,"未引用（保留索引）"
res/n8I.png,727,.png,undefined,unused,"未引用（保留索引）"
res/n8Z.xml,1424,.xml,undefined,unused,"未引用（保留索引）"
res/n8k.png,7166,.png,undefined,unused,"未引用（保留索引）"
res/n97.9.png,187,.png,undefined,unused,"未引用（保留索引）"
res/nBH.png,3166,.png,undefined,unused,"未引用（保留索引）"
res/nBN.xml,1224,.xml,undefined,unused,"未引用（保留索引）"
res/nBQ.png,7605,.png,undefined,unused,"未引用（保留索引）"
res/nC5.png,178,.png,undefined,unused,"未引用（保留索引）"
res/nCZ.png,1074,.png,undefined,unused,"未引用（保留索引）"
res/nDd.png,19263,.png,undefined,unused,"未引用（保留索引）"
res/nDk.xml,3356,.xml,undefined,unused,"未引用（保留索引）"
res/nE0.xml,5052,.xml,undefined,unused,"未引用（保留索引）"
res/nEV.webp,40626,.webp,undefined,unused,"未引用（保留索引）"
res/nEi.png,2441,.png,undefined,unused,"未引用（保留索引）"
res/nEi.xml,696,.xml,undefined,unused,"未引用（保留索引）"
res/nEy.png,743,.png,undefined,unused,"未引用（保留索引）"
res/nFO.xml,3204,.xml,undefined,unused,"未引用（保留索引）"
res/nFt.png,31160,.png,undefined,unused,"未引用（保留索引）"
res/nGL.png,2227,.png,undefined,unused,"未引用（保留索引）"
res/nGX.png,416,.png,undefined,unused,"未引用（保留索引）"
res/nGf.png,31368,.png,undefined,unused,"未引用（保留索引）"
res/nH2.png,3814,.png,undefined,unused,"未引用（保留索引）"
res/nHA.xml,824,.xml,undefined,unused,"未引用（保留索引）"
res/nI-.webp,3510,.webp,undefined,unused,"未引用（保留索引）"
res/nJT.xml,480,.xml,undefined,unused,"未引用（保留索引）"
res/nJX.png,1550,.png,undefined,unused,"未引用（保留索引）"
res/nK8.png,443,.png,undefined,unused,"未引用（保留索引）"
res/nLf.xml,848,.xml,undefined,unused,"未引用（保留索引）"
res/nMB.png,1031,.png,undefined,unused,"未引用（保留索引）"
res/nMc.png,1247,.png,undefined,unused,"未引用（保留索引）"
res/nMg.png,339,.png,undefined,unused,"未引用（保留索引）"
res/nMk.xml,2884,.xml,undefined,unused,"未引用（保留索引）"
res/nNd.webp,3740,.webp,undefined,unused,"未引用（保留索引）"
res/nNg.png,67,.png,undefined,unused,"未引用（保留索引）"
res/nO-.xml,5756,.xml,undefined,unused,"未引用（保留索引）"
res/nO_.png,16036,.png,undefined,unused,"未引用（保留索引）"
res/nOt.png,3155,.png,undefined,unused,"未引用（保留索引）"
res/nPe.png,8369,.png,undefined,unused,"未引用（保留索引）"
res/nPf.png,2335,.png,undefined,unused,"未引用（保留索引）"
res/nPf.xml,11632,.xml,undefined,unused,"未引用（保留索引）"
res/nPm.xml,1740,.xml,undefined,unused,"未引用（保留索引）"
res/nQ5.xml,656,.xml,undefined,unused,"未引用（保留索引）"
res/nQB.xml,1012,.xml,undefined,unused,"未引用（保留索引）"
res/nQH.xml,468,.xml,undefined,unused,"未引用（保留索引）"
res/nQW.png,5448,.png,undefined,unused,"未引用（保留索引）"
res/nQv.webp,48906,.webp,undefined,unused,"未引用（保留索引）"
res/nQy.png,692,.png,undefined,unused,"未引用（保留索引）"
res/nRd.png,92303,.png,undefined,unused,"未引用（保留索引）"
res/nS2.png,1280,.png,undefined,unused,"未引用（保留索引）"
res/nSH.xml,624,.xml,undefined,unused,"未引用（保留索引）"
res/nSg.png,215,.png,undefined,unused,"未引用（保留索引）"
res/nSg.webp,3800,.webp,undefined,unused,"未引用（保留索引）"
res/nSw.png,13268,.png,undefined,unused,"未引用（保留索引）"
res/nTo.png,5604,.png,undefined,unused,"未引用（保留索引）"
res/nUP.xml,3852,.xml,undefined,unused,"未引用（保留索引）"
res/nV8.png,624655,.png,undefined,unused,"未引用（保留索引）"
res/nVJ.xml,1172,.xml,undefined,unused,"未引用（保留索引）"
res/nVf.xml,1080,.xml,undefined,unused,"未引用（保留索引）"
res/nVs.xml,2948,.xml,undefined,unused,"未引用（保留索引）"
res/nVu.png,2314,.png,undefined,unused,"未引用（保留索引）"
res/nVy.png,4335,.png,undefined,unused,"未引用（保留索引）"
res/nWt.png,1597,.png,undefined,unused,"未引用（保留索引）"
res/nX8.png,1987,.png,undefined,unused,"未引用（保留索引）"
res/nXS.xml,720,.xml,undefined,unused,"未引用（保留索引）"
res/nYO.xml,1032,.xml,undefined,unused,"未引用（保留索引）"
res/nYR.xml,468,.xml,undefined,unused,"未引用（保留索引）"
res/nZ7.webp,1772,.webp,undefined,unused,"未引用（保留索引）"
res/nZG.xml,1944,.xml,undefined,unused,"未引用（保留索引）"
res/nZV.png,71539,.png,undefined,unused,"未引用（保留索引）"
res/nZt.xml,3140,.xml,undefined,unused,"未引用（保留索引）"
res/nZw.webp,19126,.webp,undefined,unused,"未引用（保留索引）"
res/n_K.xml,612,.xml,undefined,unused,"未引用（保留索引）"
res/n_x.png,324,.png,undefined,unused,"未引用（保留索引）"
res/nab.png,5911,.png,undefined,unused,"未引用（保留索引）"
res/nal.png,433,.png,undefined,unused,"未引用（保留索引）"
res/nao.xml,448,.xml,undefined,unused,"未引用（保留索引）"
res/nb2.png,38921,.png,undefined,unused,"未引用（保留索引）"
res/nb4.webp,5600,.webp,undefined,unused,"未引用（保留索引）"
res/nbR.png,1361,.png,undefined,unused,"未引用（保留索引）"
res/nbi.png,11428,.png,undefined,unused,"未引用（保留索引）"
res/ncJ.xml,1040,.xml,undefined,unused,"未引用（保留索引）"
res/nd5.png,536,.png,undefined,unused,"未引用（保留索引）"
res/nd7.png,585,.png,undefined,unused,"未引用（保留索引）"
res/ne0.png,19265,.png,undefined,unused,"未引用（保留索引）"
res/neA.xml,484,.xml,undefined,unused,"未引用（保留索引）"
res/neE.png,18757,.png,undefined,unused,"未引用（保留索引）"
res/nf8.webp,6266,.webp,undefined,unused,"未引用（保留索引）"
res/nfX.png,382,.png,undefined,unused,"未引用（保留索引）"
res/ng1.xml,2148,.xml,undefined,unused,"未引用（保留索引）"
res/ng3.xml,5148,.xml,undefined,unused,"未引用（保留索引）"
res/ng6.xml,704,.xml,undefined,unused,"未引用（保留索引）"
res/ng8.png,579,.png,undefined,unused,"未引用（保留索引）"
res/ngD.webp,5780,.webp,undefined,unused,"未引用（保留索引）"
res/ngM.xml,644,.xml,undefined,unused,"未引用（保留索引）"
res/ngy.png,10129,.png,undefined,unused,"未引用（保留索引）"
res/ngz.xml,1000,.xml,undefined,unused,"未引用（保留索引）"
res/nh-.webp,5878,.webp,undefined,unused,"未引用（保留索引）"
res/ni1.webp,5494,.webp,undefined,unused,"未引用（保留索引）"
res/nkH.webp,5828,.webp,undefined,unused,"未引用（保留索引）"
res/nk_.png,6473,.png,undefined,unused,"未引用（保留索引）"
res/nkm.png,2040,.png,undefined,unused,"未引用（保留索引）"
res/nlM.png,19806,.png,undefined,unused,"未引用（保留索引）"
res/nlQ.xml,1304,.xml,undefined,unused,"未引用（保留索引）"
res/nlW.png,2274,.png,undefined,unused,"未引用（保留索引）"
res/nlh.png,3514,.png,undefined,unused,"未引用（保留索引）"
res/nly.webp,5556,.webp,undefined,unused,"未引用（保留索引）"
res/nly.xml,516,.xml,undefined,unused,"未引用（保留索引）"
res/nm5.webp,5580,.webp,undefined,unused,"未引用（保留索引）"
res/nmT.xml,5004,.xml,undefined,unused,"未引用（保留索引）"
res/nmd.png,2394,.png,undefined,unused,"未引用（保留索引）"
res/nn9.xml,440,.xml,undefined,unused,"未引用（保留索引）"
res/nnn.webp,2350,.webp,undefined,unused,"未引用（保留索引）"
res/nnq.png,12894,.png,undefined,unused,"未引用（保留索引）"
res/nnu.xml,4108,.xml,undefined,unused,"未引用（保留索引）"
res/npj.png,2597,.png,undefined,unused,"未引用（保留索引）"
res/nqO.png,462,.png,undefined,unused,"未引用（保留索引）"
res/nqc.xml,2044,.xml,undefined,unused,"未引用（保留索引）"
res/nrA.xml,3580,.xml,undefined,unused,"未引用（保留索引）"
res/ns2.png,396,.png,undefined,unused,"未引用（保留索引）"
res/nsW.png,264,.png,undefined,unused,"未引用（保留索引）"
res/ntU.png,442,.png,undefined,unused,"未引用（保留索引）"
res/ntl.xml,904,.xml,undefined,unused,"未引用（保留索引）"
res/nu-.xml,592,.xml,undefined,unused,"未引用（保留索引）"
res/nuk.png,21469,.png,undefined,unused,"未引用（保留索引）"
res/nve.png,3797,.png,undefined,unused,"未引用（保留索引）"
res/nvm.png,312,.png,undefined,unused,"未引用（保留索引）"
res/nw0.png,883,.png,undefined,unused,"未引用（保留索引）"
res/nw9.webp,38898,.webp,undefined,unused,"未引用（保留索引）"
res/nx2.xml,3568,.xml,undefined,unused,"未引用（保留索引）"
res/nxA.xml,2464,.xml,undefined,unused,"未引用（保留索引）"
res/ny2.webp,228,.webp,undefined,unused,"未引用（保留索引）"
res/nyc.png,1250,.png,undefined,unused,"未引用（保留索引）"
res/nyy.png,19917,.png,undefined,unused,"未引用（保留索引）"
res/nzX.xml,588,.xml,undefined,unused,"未引用（保留索引）"
res/o-k.png,17294,.png,undefined,unused,"未引用（保留索引）"
res/o-p.xml,1916,.xml,undefined,unused,"未引用（保留索引）"
res/o01.png,19083,.png,undefined,unused,"未引用（保留索引）"
res/o0U.png,7856,.png,undefined,unused,"未引用（保留索引）"
res/o0Y.xml,872,.xml,undefined,unused,"未引用（保留索引）"
res/o0w.png,10687,.png,undefined,unused,"未引用（保留索引）"
res/o11.xml,548,.xml,undefined,unused,"未引用（保留索引）"
res/o16.xml,2508,.xml,undefined,unused,"未引用（保留索引）"
res/o1F.webp,4654,.webp,undefined,unused,"未引用（保留索引）"
res/o1U.xml,796,.xml,undefined,unused,"未引用（保留索引）"
res/o1f.xml,644,.xml,undefined,unused,"未引用（保留索引）"
res/o1w.webp,1148,.webp,undefined,unused,"未引用（保留索引）"
res/o3Z.xml,484,.xml,undefined,unused,"未引用（保留索引）"
res/o4K.png,160,.png,undefined,unused,"未引用（保留索引）"
res/o4g.png,6377,.png,undefined,unused,"未引用（保留索引）"
res/o4u.png,6298,.png,undefined,unused,"未引用（保留索引）"
res/o5F.png,407,.png,undefined,unused,"未引用（保留索引）"
res/o5u.png,4926,.png,undefined,unused,"未引用（保留索引）"
res/o68.xml,6540,.xml,undefined,unused,"未引用（保留索引）"
res/o6Q.png,2820,.png,undefined,unused,"未引用（保留索引）"
res/o6t.png,34777,.png,undefined,unused,"未引用（保留索引）"
res/o7l.png,545,.png,undefined,unused,"未引用（保留索引）"
res/o8b.xml,488,.xml,undefined,unused,"未引用（保留索引）"
res/o8m.webp,1294,.webp,undefined,unused,"未引用（保留索引）"
res/o92.png,84735,.png,undefined,unused,"未引用（保留索引）"
res/o9V.png,1539,.png,undefined,unused,"未引用（保留索引）"
res/o9a.9.png,2214,.png,undefined,unused,"未引用（保留索引）"
res/o9a.xml,588,.xml,undefined,unused,"未引用（保留索引）"
res/o9x.png,17816,.png,undefined,unused,"未引用（保留索引）"
res/oA9.9.png,718,.png,undefined,unused,"未引用（保留索引）"
res/oAd.xml,9472,.xml,undefined,unused,"未引用（保留索引）"
res/oBG.png,2060,.png,undefined,unused,"未引用（保留索引）"
res/oBJ.xml,5804,.xml,undefined,unused,"未引用（保留索引）"
res/oCr.xml,4900,.xml,undefined,unused,"未引用（保留索引）"
res/oDG.xml,3316,.xml,undefined,unused,"未引用（保留索引）"
res/oDK.png,6135,.png,undefined,unused,"未引用（保留索引）"
res/oDp.xml,1132,.xml,undefined,unused,"未引用（保留索引）"
res/oDt.xml,1640,.xml,undefined,unused,"未引用（保留索引）"
res/oEP.xml,500,.xml,undefined,unused,"未引用（保留索引）"
res/oF4.png,1336,.png,undefined,unused,"未引用（保留索引）"
res/oFZ.png,3536,.png,undefined,unused,"未引用（保留索引）"
res/oH7.png,25368,.png,undefined,unused,"未引用（保留索引）"
res/oHG.xml,3076,.xml,undefined,unused,"未引用（保留索引）"
res/oIO.png,1511,.png,undefined,unused,"未引用（保留索引）"
res/oIh.xml,1324,.xml,undefined,unused,"未引用（保留索引）"
res/oIk.png,629,.png,undefined,unused,"未引用（保留索引）"
res/oJ7.webp,1370,.webp,undefined,unused,"未引用（保留索引）"
res/oJE.png,1412,.png,undefined,unused,"未引用（保留索引）"
res/oJV.xml,8880,.xml,undefined,unused,"未引用（保留索引）"
res/oK4.xml,2604,.xml,undefined,unused,"未引用（保留索引）"
res/oK7.png,1985,.png,undefined,unused,"未引用（保留索引）"
res/oKU.xml,2776,.xml,undefined,unused,"未引用（保留索引）"
res/oL3.png,627,.png,undefined,unused,"未引用（保留索引）"
res/oLL.png,1682,.png,undefined,unused,"未引用（保留索引）"
res/oLT.webp,63582,.webp,undefined,unused,"未引用（保留索引）"
res/oMl.png,4567,.png,undefined,unused,"未引用（保留索引）"
res/oNC.xml,1572,.xml,undefined,unused,"未引用（保留索引）"
res/oOw.xml,1288,.xml,undefined,unused,"未引用（保留索引）"
res/oP1.png,2823,.png,undefined,unused,"未引用（保留索引）"
res/oPO.xml,3912,.xml,undefined,unused,"未引用（保留索引）"
res/oPd.xml,5920,.xml,undefined,unused,"未引用（保留索引）"
res/oQA.xml,908,.xml,undefined,unused,"未引用（保留索引）"
res/oQD.xml,3712,.xml,undefined,unused,"未引用（保留索引）"
res/oR-.png,1297,.png,undefined,unused,"未引用（保留索引）"
res/oRR.png,32225,.png,undefined,unused,"未引用（保留索引）"
res/oRY.png,700,.png,undefined,unused,"未引用（保留索引）"
res/oR_.xml,468,.xml,undefined,unused,"未引用（保留索引）"
res/oRt.9.png,754,.png,undefined,unused,"未引用（保留索引）"
res/oRu.png,8363,.png,undefined,unused,"未引用（保留索引）"
res/oSJ.xml,2652,.xml,undefined,unused,"未引用（保留索引）"
res/oSM.png,926,.png,undefined,unused,"未引用（保留索引）"
res/oSS.png,6962,.png,undefined,unused,"未引用（保留索引）"
res/oTI.xml,7172,.xml,undefined,unused,"未引用（保留索引）"
res/oTi.webp,41252,.webp,undefined,unused,"未引用（保留索引）"
res/oTu.png,99982,.png,undefined,unused,"未引用（保留索引）"
res/oUZ.webp,66408,.webp,undefined,unused,"未引用（保留索引）"
res/oUc.xml,2504,.xml,undefined,unused,"未引用（保留索引）"
res/oUh.9.png,61136,.png,undefined,unused,"未引用（保留索引）"
res/oV2.png,3053,.png,undefined,unused,"未引用（保留索引）"
res/oVJ.xml,448,.xml,undefined,unused,"未引用（保留索引）"
res/oVL.webp,13810,.webp,undefined,unused,"未引用（保留索引）"
res/oWn.xml,5632,.xml,undefined,unused,"未引用（保留索引）"
res/oWu.xml,3876,.xml,undefined,unused,"未引用（保留索引）"
res/oX8.xml,1072,.xml,undefined,unused,"未引用（保留索引）"
res/oZh.ttf,948892,.ttf,undefined,unused,"未引用（保留索引）"
res/oZu.xml,1120,.xml,undefined,unused,"未引用（保留索引）"
res/o_M.webp,902,.webp,undefined,unused,"未引用（保留索引）"
res/o_V.png,48464,.png,undefined,unused,"未引用（保留索引）"
res/oaH.png,314,.png,undefined,unused,"未引用（保留索引）"
res/oaq.xml,1024,.xml,undefined,unused,"未引用（保留索引）"
res/ob2.png,24017,.png,undefined,unused,"未引用（保留索引）"
res/ob5.webp,4254,.webp,undefined,unused,"未引用（保留索引）"
res/obj.xml,11176,.xml,undefined,unused,"未引用（保留索引）"
res/obl.xml,448,.xml,undefined,unused,"未引用（保留索引）"
res/ocT.xml,468,.xml,undefined,unused,"未引用（保留索引）"
res/ocU.xml,2056,.xml,undefined,unused,"未引用（保留索引）"
res/ocZ.xml,484,.xml,undefined,unused,"未引用（保留索引）"
res/ocd.xml,852,.xml,undefined,unused,"未引用（保留索引）"
res/od6.xml,2368,.xml,undefined,unused,"未引用（保留索引）"
res/odX.xml,1392,.xml,undefined,unused,"未引用（保留索引）"
res/odk.webp,66816,.webp,undefined,unused,"未引用（保留索引）"
res/odm.webp,2914,.webp,undefined,unused,"未引用（保留索引）"
res/odo.png,514,.png,undefined,unused,"未引用（保留索引）"
res/oeF.png,1697,.png,undefined,unused,"未引用（保留索引）"
res/oeH.9.png,896,.png,undefined,unused,"未引用（保留索引）"
res/oeI.png,8728,.png,undefined,unused,"未引用（保留索引）"
res/ofA.png,249,.png,undefined,unused,"未引用（保留索引）"
res/og8.xml,2016,.xml,undefined,unused,"未引用（保留索引）"
res/ohB.png,860,.png,undefined,unused,"未引用（保留索引）"
res/oi1.png,673,.png,undefined,unused,"未引用（保留索引）"
res/oiG.xml,600,.xml,undefined,unused,"未引用（保留索引）"
res/oii.png,2187,.png,undefined,unused,"未引用（保留索引）"
res/ojE.xml,1316,.xml,undefined,unused,"未引用（保留索引）"
res/ojL.webp,20244,.webp,undefined,unused,"未引用（保留索引）"
res/ojj.png,3871,.png,undefined,unused,"未引用（保留索引）"
res/ok3.webp,474,.webp,undefined,unused,"未引用（保留索引）"
res/okM.png,12238,.png,undefined,unused,"未引用（保留索引）"
res/oky.png,532,.png,undefined,unused,"未引用（保留索引）"
res/olI.png,767,.png,undefined,unused,"未引用（保留索引）"
res/olr.png,1202,.png,undefined,unused,"未引用（保留索引）"
res/omR.png,1905,.png,undefined,unused,"未引用（保留索引）"
res/ome.png,5042,.png,undefined,unused,"未引用（保留索引）"
res/onC.xml,2780,.xml,undefined,unused,"未引用（保留索引）"
res/onr.png,6473,.png,undefined,unused,"未引用（保留索引）"
res/ooY.png,17182,.png,undefined,unused,"未引用（保留索引）"
res/opO.xml,3240,.xml,undefined,unused,"未引用（保留索引）"
res/opi.png,3802,.png,undefined,unused,"未引用（保留索引）"
res/oqX.xml,1632,.xml,undefined,unused,"未引用（保留索引）"
res/or7.xml,3164,.xml,undefined,unused,"未引用（保留索引）"
res/orA.png,358,.png,undefined,unused,"未引用（保留索引）"
res/osM.png,95213,.png,undefined,unused,"未引用（保留索引）"
res/ot_.png,215,.png,undefined,unused,"未引用（保留索引）"
res/otl.png,12718,.png,undefined,unused,"未引用（保留索引）"
res/otr.webp,356,.webp,undefined,unused,"未引用（保留索引）"
res/ott.webp,13546,.webp,undefined,unused,"未引用（保留索引）"
res/otv.xml,2064,.xml,undefined,unused,"未引用（保留索引）"
res/ouI.xml,488,.xml,undefined,unused,"未引用（保留索引）"
res/oua.webp,1452,.webp,undefined,unused,"未引用（保留索引）"
res/oul.xml,628,.xml,undefined,unused,"未引用（保留索引）"
res/ovC.xml,2188,.xml,undefined,unused,"未引用（保留索引）"
res/ovN.xml,8064,.xml,undefined,unused,"未引用（保留索引）"
res/ovW.png,141,.png,undefined,unused,"未引用（保留索引）"
res/ovp.webp,3510,.webp,undefined,unused,"未引用（保留索引）"
res/ovu.9.png,6028,.png,undefined,unused,"未引用（保留索引）"
res/owC.png,7086,.png,undefined,unused,"未引用（保留索引）"
res/owi.webp,14974,.webp,undefined,unused,"未引用（保留索引）"
res/oxc.png,873,.png,undefined,unused,"未引用（保留索引）"
res/oya.xml,10800,.xml,undefined,unused,"未引用（保留索引）"
res/ozQ.webp,4866,.webp,undefined,unused,"未引用（保留索引）"
res/ozd.xml,464,.xml,undefined,unused,"未引用（保留索引）"
res/ozn.webp,1148,.webp,undefined,unused,"未引用（保留索引）"
res/ozz.xml,19628,.xml,undefined,unused,"未引用（保留索引）"
res/p1Z.xml,4416,.xml,undefined,unused,"未引用（保留索引）"
res/p1f.png,391,.png,undefined,unused,"未引用（保留索引）"
res/p25.xml,504,.xml,undefined,unused,"未引用（保留索引）"
res/p27.xml,7668,.xml,undefined,unused,"未引用（保留索引）"
res/p2q.xml,448,.xml,undefined,unused,"未引用（保留索引）"
res/p3Q.webp,1120,.webp,undefined,unused,"未引用（保留索引）"
res/p3b.xml,4848,.xml,undefined,unused,"未引用（保留索引）"
res/p3m.webp,5372,.webp,undefined,unused,"未引用（保留索引）"
res/p42.xml,2200,.xml,undefined,unused,"未引用（保留索引）"
res/p4D.webp,2398,.webp,undefined,unused,"未引用（保留索引）"
res/p4T.xml,1056,.xml,undefined,unused,"未引用（保留索引）"
res/p5x.xml,1324,.xml,undefined,unused,"未引用（保留索引）"
res/p5y.xml,468,.xml,undefined,unused,"未引用（保留索引）"
res/p6N.webp,4166,.webp,undefined,unused,"未引用（保留索引）"
res/p6O.webp,32190,.webp,undefined,unused,"未引用（保留索引）"
res/p6e.png,449,.png,undefined,unused,"未引用（保留索引）"
res/p6e.webp,1930,.webp,undefined,unused,"未引用（保留索引）"
res/p7U.xml,792,.xml,undefined,unused,"未引用（保留索引）"
res/p8C.xml,660,.xml,undefined,unused,"未引用（保留索引）"
res/p8l.png,632,.png,undefined,unused,"未引用（保留索引）"
res/p8z.xml,1656,.xml,undefined,unused,"未引用（保留索引）"
res/p9M.xml,5004,.xml,undefined,unused,"未引用（保留索引）"
res/p9a.png,573,.png,undefined,unused,"未引用（保留索引）"
res/pA5.png,524,.png,undefined,unused,"未引用（保留索引）"
res/pB3.png,2029,.png,undefined,unused,"未引用（保留索引）"
res/pBW.png,1549,.png,undefined,unused,"未引用（保留索引）"
res/pBX.png,5785,.png,undefined,unused,"未引用（保留索引）"
res/pB_.9.png,31988,.png,undefined,unused,"未引用（保留索引）"
res/pBl.png,6979,.png,undefined,unused,"未引用（保留索引）"
res/pBn.xml,9704,.xml,undefined,unused,"未引用（保留索引）"
res/pCO.xml,576,.xml,undefined,unused,"未引用（保留索引）"
res/pEP.webp,174,.webp,undefined,unused,"未引用（保留索引）"
res/pET.png,451,.png,undefined,unused,"未引用（保留索引）"
res/pF0.png,1813,.png,undefined,unused,"未引用（保留索引）"
res/pFE.png,44580,.png,undefined,unused,"未引用（保留索引）"
res/pFF.png,590,.png,undefined,unused,"未引用（保留索引）"
res/pFc.9.png,395,.png,undefined,unused,"未引用（保留索引）"
res/pFk.png,2801,.png,undefined,unused,"未引用（保留索引）"
res/pFr.xml,5680,.xml,undefined,unused,"未引用（保留索引）"
res/pGL.xml,1024,.xml,undefined,unused,"未引用（保留索引）"
res/pGP.xml,1172,.xml,undefined,unused,"未引用（保留索引）"
res/pGh.xml,7160,.xml,undefined,unused,"未引用（保留索引）"
res/pHJ.webp,12476,.webp,undefined,unused,"未引用（保留索引）"
res/pHO.png,10129,.png,undefined,unused,"未引用（保留索引）"
res/pHU.xml,3092,.xml,undefined,unused,"未引用（保留索引）"
res/pJ9.xml,4488,.xml,undefined,unused,"未引用（保留索引）"
res/pJC.png,230797,.png,undefined,unused,"未引用（保留索引）"
res/pKC.png,752,.png,undefined,unused,"未引用（保留索引）"
res/pKL.png,2816,.png,undefined,unused,"未引用（保留索引）"
res/pKM.png,2873,.png,undefined,unused,"未引用（保留索引）"
res/pKR.png,137,.png,undefined,unused,"未引用（保留索引）"
res/pL2.png,67,.png,undefined,unused,"未引用（保留索引）"
res/pLE.png,66611,.png,undefined,unused,"未引用（保留索引）"
res/pLv.xml,6124,.xml,undefined,unused,"未引用（保留索引）"
res/pMy.png,7021,.png,undefined,unused,"未引用（保留索引）"
res/pN_.png,3491,.png,undefined,unused,"未引用（保留索引）"
res/pNm.png,8526,.png,undefined,unused,"未引用（保留索引）"
res/pNs.png,5024,.png,undefined,unused,"未引用（保留索引）"
res/pO1.xml,1772,.xml,undefined,unused,"未引用（保留索引）"
res/pOR.xml,944,.xml,undefined,unused,"未引用（保留索引）"
res/pOT.xml,2052,.xml,undefined,unused,"未引用（保留索引）"
res/pPJ.png,2828,.png,undefined,unused,"未引用（保留索引）"
res/pPL.png,16095,.png,undefined,unused,"未引用（保留索引）"
res/pPN.png,429,.png,undefined,unused,"未引用（保留索引）"
res/pPO.png,336,.png,undefined,unused,"未引用（保留索引）"
res/pPY.webp,846,.webp,undefined,unused,"未引用（保留索引）"
res/pR3.png,212,.png,undefined,unused,"未引用（保留索引）"
res/pR4.png,201,.png,undefined,unused,"未引用（保留索引）"
res/pRO.xml,2676,.xml,undefined,unused,"未引用（保留索引）"
res/pRn.png,2051,.png,undefined,unused,"未引用（保留索引）"
res/pSC.xml,2820,.xml,undefined,unused,"未引用（保留索引）"
res/pTC.png,530,.png,undefined,unused,"未引用（保留索引）"
res/pTK.png,4018,.png,undefined,unused,"未引用（保留索引）"
res/pTc.webp,15316,.webp,undefined,unused,"未引用（保留索引）"
res/pVL.webp,6128,.webp,undefined,unused,"未引用（保留索引）"
res/pVT.xml,1224,.xml,undefined,unused,"未引用（保留索引）"
res/pWA.xml,5180,.xml,undefined,unused,"未引用（保留索引）"
res/pWW.webp,5972,.webp,undefined,unused,"未引用（保留索引）"
res/pWe.png,229,.png,undefined,unused,"未引用（保留索引）"
res/pWl.png,15869,.png,undefined,unused,"未引用（保留索引）"
res/pXL.xml,4116,.xml,undefined,unused,"未引用（保留索引）"
res/pXe.png,5482,.png,undefined,unused,"未引用（保留索引）"
res/pY_.png,4490,.png,undefined,unused,"未引用（保留索引）"
res/pZ1.xml,2016,.xml,undefined,unused,"未引用（保留索引）"
res/pZg.xml,1084,.xml,undefined,unused,"未引用（保留索引）"
res/pZx.xml,3732,.xml,undefined,unused,"未引用（保留索引）"
res/p_B.xml,488,.xml,undefined,unused,"未引用（保留索引）"
res/p_u.png,1370,.png,undefined,unused,"未引用（保留索引）"
res/pbS.xml,4732,.xml,undefined,unused,"未引用（保留索引）"
res/pcp.xml,500,.xml,undefined,unused,"未引用（保留索引）"
res/pd3.png,36774,.png,undefined,unused,"未引用（保留索引）"
res/pdd.xml,6408,.xml,undefined,unused,"未引用（保留索引）"
res/pef.xml,3764,.xml,undefined,unused,"未引用（保留索引）"
res/pel.xml,484,.xml,undefined,unused,"未引用（保留索引）"
res/pf7.png,1534,.png,undefined,unused,"未引用（保留索引）"
res/pfE.webp,1636,.webp,undefined,unused,"未引用（保留索引）"
res/pfJ.png,647,.png,undefined,unused,"未引用（保留索引）"
res/pfp.xml,704,.xml,undefined,unused,"未引用（保留索引）"
res/pgX.png,1900,.png,undefined,unused,"未引用（保留索引）"
res/pgw.webp,6096,.webp,undefined,unused,"未引用（保留索引）"
res/phH.webp,1980,.webp,undefined,unused,"未引用（保留索引）"
res/pho.xml,840,.xml,undefined,unused,"未引用（保留索引）"
res/piR.png,12880,.png,undefined,unused,"未引用（保留索引）"
res/pi_.png,17419,.png,undefined,unused,"未引用（保留索引）"
res/pjK.xml,5164,.xml,undefined,unused,"未引用（保留索引）"
res/pjg.png,1418,.png,undefined,unused,"未引用（保留索引）"
res/pjx.webp,8632,.webp,undefined,unused,"未引用（保留索引）"
res/pkZ.png,8832,.png,undefined,unused,"未引用（保留索引）"
res/plu.png,11861,.png,undefined,unused,"未引用（保留索引）"
res/pmw.xml,3604,.xml,undefined,unused,"未引用（保留索引）"
res/pn_.webp,24686,.webp,undefined,unused,"未引用（保留索引）"
res/pnu.xml,468,.xml,undefined,unused,"未引用（保留索引）"
res/poE.xml,2108,.xml,undefined,unused,"未引用（保留索引）"
res/poM.png,3680,.png,undefined,unused,"未引用（保留索引）"
res/poQ.png,2208,.png,undefined,unused,"未引用（保留索引）"
res/ppq.png,2145,.png,undefined,unused,"未引用（保留索引）"
res/pqd.png,67,.png,undefined,unused,"未引用（保留索引）"
res/pr2.webp,2264,.webp,undefined,unused,"未引用（保留索引）"
res/pr4.xml,956,.xml,undefined,unused,"未引用（保留索引）"
res/ps-.png,2567,.png,undefined,unused,"未引用（保留索引）"
res/psH.png,815,.png,undefined,unused,"未引用（保留索引）"
res/psW.png,2113,.png,undefined,unused,"未引用（保留索引）"
res/pt3.webp,0,.webp,undefined,unused,"未引用（保留索引）"
res/pt4.png,4371,.png,undefined,unused,"未引用（保留索引）"
res/ptw.xml,1528,.xml,undefined,unused,"未引用（保留索引）"
res/pv9.xml,1216,.xml,undefined,unused,"未引用（保留索引）"
res/pvR.xml,728,.xml,undefined,unused,"未引用（保留索引）"
res/pvj.png,6718,.png,undefined,unused,"未引用（保留索引）"
res/pw4.png,32903,.png,undefined,unused,"未引用（保留索引）"
res/pwR.png,570,.png,undefined,unused,"未引用（保留索引）"
res/pwo.png,9674,.png,undefined,unused,"未引用（保留索引）"
res/pxN.xml,448,.xml,undefined,unused,"未引用（保留索引）"
res/pxa.xml,6060,.xml,undefined,unused,"未引用（保留索引）"
res/pxd.webp,6632,.webp,undefined,unused,"未引用（保留索引）"
res/pxg.png,728,.png,undefined,unused,"未引用（保留索引）"
res/pxv.xml,700,.xml,undefined,unused,"未引用（保留索引）"
res/q-F.xml,5872,.xml,undefined,unused,"未引用（保留索引）"
res/q-L.xml,9208,.xml,undefined,unused,"未引用（保留索引）"
res/q-S.png,670,.png,undefined,unused,"未引用（保留索引）"
res/q-U.png,1492,.png,undefined,unused,"未引用（保留索引）"
res/q-e.png,3963,.png,undefined,unused,"未引用（保留索引）"
res/q0y.xml,1072,.xml,undefined,unused,"未引用（保留索引）"
res/q1I.xml,2124,.xml,undefined,unused,"未引用（保留索引）"
res/q1N.xml,15664,.xml,undefined,unused,"未引用（保留索引）"
res/q1V.png,19460,.png,undefined,unused,"未引用（保留索引）"
res/q2D.xml,1376,.xml,undefined,unused,"未引用（保留索引）"
res/q2E.png,2996,.png,undefined,unused,"未引用（保留索引）"
res/q2v.xml,600,.xml,undefined,unused,"未引用（保留索引）"
res/q2z.webp,8924,.webp,undefined,unused,"未引用（保留索引）"
res/q3I.webp,15736,.webp,undefined,unused,"未引用（保留索引）"
res/q3i.png,34443,.png,undefined,unused,"未引用（保留索引）"
res/q3j.png,36152,.png,undefined,unused,"未引用（保留索引）"
res/q3k.png,3590,.png,undefined,unused,"未引用（保留索引）"
res/q3l.png,23989,.png,undefined,unused,"未引用（保留索引）"
res/q3m.png,1795,.png,undefined,unused,"未引用（保留索引）"
res/q3n.png,19519,.png,undefined,unused,"未引用（保留索引）"
res/q3p.png,1173,.png,undefined,unused,"未引用（保留索引）"
res/q5-.png,7151,.png,undefined,unused,"未引用（保留索引）"
res/q63.xml,1180,.xml,undefined,unused,"未引用（保留索引）"
res/q6G.xml,2688,.xml,undefined,unused,"未引用（保留索引）"
res/q6P.png,694,.png,undefined,unused,"未引用（保留索引）"
res/q7y.png,1441,.png,undefined,unused,"未引用（保留索引）"
res/q7z.xml,488,.xml,undefined,unused,"未引用（保留索引）"
res/q89.webp,25454,.webp,undefined,unused,"未引用（保留索引）"
res/q8h.xml,2252,.xml,undefined,unused,"未引用（保留索引）"
res/q93.png,8927,.png,undefined,unused,"未引用（保留索引）"
res/qA1.xml,484,.xml,undefined,unused,"未引用（保留索引）"
res/qA4.xml,2172,.xml,undefined,unused,"未引用（保留索引）"
res/qAS.png,1890,.png,undefined,unused,"未引用（保留索引）"
res/qAX.xml,20880,.xml,undefined,unused,"未引用（保留索引）"
res/qAp.webp,39402,.webp,undefined,unused,"未引用（保留索引）"
res/qBX.png,121038,.png,undefined,unused,"未引用（保留索引）"
res/qBp.png,3380,.png,undefined,unused,"未引用（保留索引）"
res/qDc.png,363,.png,undefined,unused,"未引用（保留索引）"
res/qDd.xml,960,.xml,undefined,unused,"未引用（保留索引）"
res/qDw.png,91328,.png,undefined,unused,"未引用（保留索引）"
res/qEk.xml,2816,.xml,undefined,unused,"未引用（保留索引）"
res/qEn.xml,3320,.xml,undefined,unused,"未引用（保留索引）"
res/qFX.xml,756,.xml,undefined,unused,"未引用（保留索引）"
res/qG9.xml,488,.xml,undefined,unused,"未引用（保留索引）"
res/qGB.png,271,.png,undefined,unused,"未引用（保留索引）"
res/qGY.xml,3016,.xml,undefined,unused,"未引用（保留索引）"
res/qH5.png,732,.png,undefined,unused,"未引用（保留索引）"
res/qHF.png,11990,.png,undefined,unused,"未引用（保留索引）"
res/qHu.png,13004,.png,undefined,unused,"未引用（保留索引）"
res/qIE.png,4093,.png,undefined,unused,"未引用（保留索引）"
res/qIH.png,288,.png,undefined,unused,"未引用（保留索引）"
res/qIK.xml,1756,.xml,undefined,unused,"未引用（保留索引）"
res/qJ6.xml,576,.xml,undefined,unused,"未引用（保留索引）"
res/qJJ.xml,448,.xml,undefined,unused,"未引用（保留索引）"
res/qJJ1.xml,484,.xml,undefined,unused,"未引用（保留索引）"
res/qJ_.png,10789,.png,undefined,unused,"未引用（保留索引）"
res/qKW.png,83,.png,undefined,unused,"未引用（保留索引）"
res/qKh.xml,364,.xml,undefined,unused,"未引用（保留索引）"
res/qKs.9.png,1091,.png,undefined,unused,"未引用（保留索引）"
res/qL1.png,4353,.png,undefined,unused,"未引用（保留索引）"
res/qLT.png,10239,.png,undefined,unused,"未引用（保留索引）"
res/qLl.png,39318,.png,undefined,unused,"未引用（保留索引）"
res/qLp.xml,616,.xml,undefined,unused,"未引用（保留索引）"
res/qM0.png,5473,.png,undefined,unused,"未引用（保留索引）"
res/qMU.9.png,1963,.png,undefined,unused,"未引用（保留索引）"
res/qMY.png,846,.png,undefined,unused,"未引用（保留索引）"
res/qMZ.png,5284,.png,undefined,unused,"未引用（保留索引）"
res/qMe.png,5384,.png,undefined,unused,"未引用（保留索引）"
res/qMg.xml,4148,.xml,undefined,unused,"未引用（保留索引）"
res/qN5.png,1312,.png,undefined,unused,"未引用（保留索引）"
res/qO5.png,13343,.png,undefined,unused,"未引用（保留索引）"
res/qOk.xml,4972,.xml,undefined,unused,"未引用（保留索引）"
res/qQB.xml,532,.xml,undefined,unused,"未引用（保留索引）"
res/qQF.xml,1300,.xml,undefined,unused,"未引用（保留索引）"
res/qQM.xml,844,.xml,undefined,unused,"未引用（保留索引）"
res/qQM1.xml,396,.xml,undefined,unused,"未引用（保留索引）"
res/qQN.xml,2176,.xml,undefined,unused,"未引用（保留索引）"
res/qQT.png,454,.png,undefined,unused,"未引用（保留索引）"
res/qQW.png,396,.png,undefined,unused,"未引用（保留索引）"
res/qQd.png,4525,.png,undefined,unused,"未引用（保留索引）"
res/qSb.xml,396,.xml,undefined,unused,"未引用（保留索引）"
res/qTB.xml,2020,.xml,undefined,unused,"未引用（保留索引）"
res/qTN.xml,1940,.xml,undefined,unused,"未引用（保留索引）"
res/qTZ.png,2756,.png,undefined,unused,"未引用（保留索引）"
res/qTm.xml,884,.xml,undefined,unused,"未引用（保留索引）"
res/qVG.xml,2348,.xml,undefined,unused,"未引用（保留索引）"
res/qV_.png,2733,.png,undefined,unused,"未引用（保留索引）"
res/qW2.png,2035,.png,undefined,unused,"未引用（保留索引）"
res/qWG.png,10237,.png,undefined,unused,"未引用（保留索引）"
res/qWU.webp,4258,.webp,undefined,unused,"未引用（保留索引）"
res/qX-.webp,80518,.webp,undefined,unused,"未引用（保留索引）"
res/qXG.png,19913,.png,undefined,unused,"未引用（保留索引）"
res/qXR.xml,4996,.xml,undefined,unused,"未引用（保留索引）"
res/qXT.xml,2648,.xml,undefined,unused,"未引用（保留索引）"
res/qY1.webp,364,.webp,undefined,unused,"未引用（保留索引）"
res/qZG.png,2859,.png,undefined,unused,"未引用（保留索引）"
res/q_9.xml,7912,.xml,undefined,unused,"未引用（保留索引）"
res/q_V.png,958,.png,undefined,unused,"未引用（保留索引）"
res/q_r.webp,1054,.webp,undefined,unused,"未引用（保留索引）"
res/qaz.webp,602,.webp,undefined,unused,"未引用（保留索引）"
res/qbz.png,280,.png,undefined,unused,"未引用（保留索引）"
res/qcG.png,380,.png,undefined,unused,"未引用（保留索引）"
res/qcR.png,960,.png,undefined,unused,"未引用（保留索引）"
res/qcq.xml,5832,.xml,undefined,unused,"未引用（保留索引）"
res/qeS.png,454,.png,undefined,unused,"未引用（保留索引）"
res/qep.webp,9978,.webp,undefined,unused,"未引用（保留索引）"
res/qf8.png,7920,.png,undefined,unused,"未引用（保留索引）"
res/qfl.png,950,.png,undefined,unused,"未引用（保留索引）"
res/qgF.xml,5988,.xml,undefined,unused,"未引用（保留索引）"
res/qgX.png,18623,.png,undefined,unused,"未引用（保留索引）"
res/qh6.png,489,.png,undefined,unused,"未引用（保留索引）"
res/qhQ.png,261,.png,undefined,unused,"未引用（保留索引）"
res/qiT.png,4710,.png,undefined,unused,"未引用（保留索引）"
res/qj6.png,64194,.png,undefined,unused,"未引用（保留索引）"
res/qja.png,6641,.png,undefined,unused,"未引用（保留索引）"
res/qjb.9.png,2190,.png,undefined,unused,"未引用（保留索引）"
res/qjd.xml,516,.xml,undefined,unused,"未引用（保留索引）"
res/qjl.xml,564,.xml,undefined,unused,"未引用（保留索引）"
res/qk-.webp,1098,.webp,undefined,unused,"未引用（保留索引）"
res/qkL.xml,3932,.xml,undefined,unused,"未引用（保留索引）"
res/qlF.png,2631,.png,undefined,unused,"未引用（保留索引）"
res/qlm.xml,592,.xml,undefined,unused,"未引用（保留索引）"
res/qln.xml,876,.xml,undefined,unused,"未引用（保留索引）"
res/qnC.xml,1216,.xml,undefined,unused,"未引用（保留索引）"
res/qo6.xml,2132,.xml,undefined,unused,"未引用（保留索引）"
res/qpC.xml,1552,.xml,undefined,unused,"未引用（保留索引）"
res/qpG.png,859,.png,undefined,unused,"未引用（保留索引）"
res/qpv.png,1833,.png,undefined,unused,"未引用（保留索引）"
res/qqK.xml,1636,.xml,undefined,unused,"未引用（保留索引）"
res/qqV.xml,7992,.xml,undefined,unused,"未引用（保留索引）"
res/qqp.xml,3732,.xml,undefined,unused,"未引用（保留索引）"
res/qrB.png,1541,.png,undefined,unused,"未引用（保留索引）"
res/qr_.png,215,.png,undefined,unused,"未引用（保留索引）"
res/qre.9.png,813,.png,undefined,unused,"未引用（保留索引）"
res/qrm.xml,484,.xml,undefined,unused,"未引用（保留索引）"
res/qro.png,10032,.png,undefined,unused,"未引用（保留索引）"
res/qrv.xml,448,.xml,undefined,unused,"未引用（保留索引）"
res/qs2.xml,2552,.xml,undefined,unused,"未引用（保留索引）"
res/qsP.9.png,2879,.png,undefined,unused,"未引用（保留索引）"
res/qs_.png,606,.png,undefined,unused,"未引用（保留索引）"
res/qsc.png,67,.png,undefined,unused,"未引用（保留索引）"
res/qsm.xml,2704,.xml,undefined,unused,"未引用（保留索引）"
res/qtD.xml,5920,.xml,undefined,unused,"未引用（保留索引）"
res/qtM.xml,3220,.xml,undefined,unused,"未引用（保留索引）"
res/qth.png,1119,.png,undefined,unused,"未引用（保留索引）"
res/que.png,3532,.png,undefined,unused,"未引用（保留索引）"
res/qul.png,461,.png,undefined,unused,"未引用（保留索引）"
res/qv1.png,1047,.png,undefined,unused,"未引用（保留索引）"
res/qvW.xml,464,.xml,undefined,unused,"未引用（保留索引）"
res/qv_.xml,760,.xml,undefined,unused,"未引用（保留索引）"
res/qw0.png,1564,.png,undefined,unused,"未引用（保留索引）"
res/qxW.webp,4876,.webp,undefined,unused,"未引用（保留索引）"
res/qxb.webp,2870,.webp,undefined,unused,"未引用（保留索引）"
res/qxd.png,3912,.png,undefined,unused,"未引用（保留索引）"
res/qy7.xml,4620,.xml,undefined,unused,"未引用（保留索引）"
res/qzB.png,1982,.png,undefined,unused,"未引用（保留索引）"
res/qzM.xml,484,.xml,undefined,unused,"未引用（保留索引）"
res/qzT.png,3324,.png,undefined,unused,"未引用（保留索引）"
res/r-7.png,13920,.png,undefined,unused,"未引用（保留索引）"
res/r-t.xml,440,.xml,undefined,unused,"未引用（保留索引）"
res/r0N.xml,872,.xml,undefined,unused,"未引用（保留索引）"
res/r0Z.png,4221,.png,undefined,unused,"未引用（保留索引）"
res/r0d.png,1123,.png,undefined,unused,"未引用（保留索引）"
res/r0o.webp,51254,.webp,undefined,unused,"未引用（保留索引）"
res/r0u.xml,400,.xml,undefined,unused,"未引用（保留索引）"
res/r0u1.xml,484,.xml,undefined,unused,"未引用（保留索引）"
res/r1D.xml,6740,.xml,undefined,unused,"未引用（保留索引）"
res/r1E.xml,7992,.xml,undefined,unused,"未引用（保留索引）"
res/r1H.xml,1380,.xml,undefined,unused,"未引用（保留索引）"
res/r1_.xml,3060,.xml,undefined,unused,"未引用（保留索引）"
res/r1t.png,175379,.png,undefined,unused,"未引用（保留索引）"
res/r2C.xml,1272,.xml,undefined,unused,"未引用（保留索引）"
res/r2f.png,8466,.png,undefined,unused,"未引用（保留索引）"
res/r33.xml,6724,.xml,undefined,unused,"未引用（保留索引）"
res/r3X.9.png,153565,.png,undefined,unused,"未引用（保留索引）"
res/r45.xml,10716,.xml,undefined,unused,"未引用（保留索引）"
res/r4M.png,381,.png,undefined,unused,"未引用（保留索引）"
res/r4n.xml,448,.xml,undefined,unused,"未引用（保留索引）"
res/r4p.png,2010,.png,undefined,unused,"未引用（保留索引）"
res/r5-.xml,5028,.xml,undefined,unused,"未引用（保留索引）"
res/r50.xml,604,.xml,undefined,unused,"未引用（保留索引）"
res/r51.webp,7978,.webp,undefined,unused,"未引用（保留索引）"
res/r59.webp,776,.webp,undefined,unused,"未引用（保留索引）"
res/r5v.xml,552,.xml,undefined,unused,"未引用（保留索引）"
res/r6P.webp,836,.webp,undefined,unused,"未引用（保留索引）"
res/r6_.png,107578,.png,undefined,unused,"未引用（保留索引）"
res/r7R.webp,2004,.webp,undefined,unused,"未引用（保留索引）"
res/r7b.xml,940,.xml,undefined,unused,"未引用（保留索引）"
res/r7j.webp,61968,.webp,undefined,unused,"未引用（保留索引）"
res/r7q.webp,14340,.webp,undefined,unused,"未引用（保留索引）"
res/r7z.xml,6400,.xml,undefined,unused,"未引用（保留索引）"
res/r8O.png,2194,.png,undefined,unused,"未引用（保留索引）"
res/r8X.xml,448,.xml,undefined,unused,"未引用（保留索引）"
res/r8x.xml,352,.xml,undefined,unused,"未引用（保留索引）"
res/r9D.xml,448,.xml,undefined,unused,"未引用（保留索引）"
res/r9O.xml,1072,.xml,undefined,unused,"未引用（保留索引）"
res/r9X.xml,2460,.xml,undefined,unused,"未引用（保留索引）"
res/rB9.png,3573,.png,undefined,unused,"未引用（保留索引）"
res/rBJ.xml,748,.xml,undefined,unused,"未引用（保留索引）"
res/rBp.png,412,.png,undefined,unused,"未引用（保留索引）"
res/rDU.webp,456,.webp,undefined,unused,"未引用（保留索引）"
res/rDp.xml,9164,.xml,undefined,unused,"未引用（保留索引）"
res/rE-.xml,444,.xml,undefined,unused,"未引用（保留索引）"
res/rE1.png,470,.png,undefined,unused,"未引用（保留索引）"
res/rEK.png,1933,.png,undefined,unused,"未引用（保留索引）"
res/rEN.png,1047,.png,undefined,unused,"未引用（保留索引）"
res/rEY.xml,688,.xml,undefined,unused,"未引用（保留索引）"
res/rEf.png,1362,.png,undefined,unused,"未引用（保留索引）"
res/rEh.png,32154,.png,undefined,unused,"未引用（保留索引）"
res/rF3.png,2289,.png,undefined,unused,"未引用（保留索引）"
res/rF7.png,775,.png,undefined,unused,"未引用（保留索引）"
res/rFY.xml,484,.xml,undefined,unused,"未引用（保留索引）"
res/rFZ.xml,1344,.xml,undefined,unused,"未引用（保留索引）"
res/rFi.png,1717,.png,undefined,unused,"未引用（保留索引）"
res/rGB.webp,11146,.webp,undefined,unused,"未引用（保留索引）"
res/rGQ.png,6489,.png,undefined,unused,"未引用（保留索引）"
res/rGb.xml,600,.xml,undefined,unused,"未引用（保留索引）"
res/rGp.xml,5568,.xml,undefined,unused,"未引用（保留索引）"
res/rHC.xml,2416,.xml,undefined,unused,"未引用（保留索引）"
res/rIR.xml,1368,.xml,undefined,unused,"未引用（保留索引）"
res/rIy.9.png,448,.png,undefined,unused,"未引用（保留索引）"
res/rJ7.png,411,.png,undefined,unused,"未引用（保留索引）"
res/rJi.xml,4160,.xml,undefined,unused,"未引用（保留索引）"
res/rJt.xml,732,.xml,undefined,unused,"未引用（保留索引）"
res/rJt1.xml,2664,.xml,undefined,unused,"未引用（保留索引）"
res/rL3.xml,1808,.xml,undefined,unused,"未引用（保留索引）"
res/rLQ.png,1749,.png,undefined,unused,"未引用（保留索引）"
res/rM5.9.png,5768,.png,undefined,unused,"未引用（保留索引）"
res/rMT.xml,808,.xml,undefined,unused,"未引用（保留索引）"
res/rNF.png,1656,.png,undefined,unused,"未引用（保留索引）"
res/rNt.png,25944,.png,undefined,unused,"未引用（保留索引）"
res/rO2.png,1524,.png,undefined,unused,"未引用（保留索引）"
res/rO3.png,779,.png,undefined,unused,"未引用（保留索引）"
res/rO_.png,24668,.png,undefined,unused,"未引用（保留索引）"
res/rOe.webp,588,.webp,undefined,unused,"未引用（保留索引）"
res/rOs.png,1326,.png,undefined,unused,"未引用（保留索引）"
res/rPT.png,4556,.png,undefined,unused,"未引用（保留索引）"
res/rPy.png,708,.png,undefined,unused,"未引用（保留索引）"
res/rQA.xml,860,.xml,undefined,unused,"未引用（保留索引）"
res/rQb.xml,704,.xml,undefined,unused,"未引用（保留索引）"
res/rQh.png,3207,.png,undefined,unused,"未引用（保留索引）"
res/rR5.png,2321,.png,undefined,unused,"未引用（保留索引）"
res/rRF.png,67,.png,undefined,unused,"未引用（保留索引）"
res/rS5.png,66699,.png,undefined,unused,"未引用（保留索引）"
res/rSE.webp,5048,.webp,undefined,unused,"未引用（保留索引）"
res/rSW.xml,492,.xml,undefined,unused,"未引用（保留索引）"
res/rSf.webp,354,.webp,undefined,unused,"未引用（保留索引）"
res/rSo.xml,4300,.xml,undefined,unused,"未引用（保留索引）"
res/rTJ.webp,14200,.webp,undefined,unused,"未引用（保留索引）"
res/rTS.xml,1136,.xml,undefined,unused,"未引用（保留索引）"
res/rTk.webp,466,.webp,undefined,unused,"未引用（保留索引）"
res/rU3.xml,3280,.xml,undefined,unused,"未引用（保留索引）"
res/rUU.png,19062,.png,undefined,unused,"未引用（保留索引）"
res/rUc.png,2730,.png,undefined,unused,"未引用（保留索引）"
res/rUx.png,4641,.png,undefined,unused,"未引用（保留索引）"
res/rVP.png,54287,.png,undefined,unused,"未引用（保留索引）"
res/rVW.xml,2168,.xml,undefined,unused,"未引用（保留索引）"
res/rVZ.webp,29412,.webp,undefined,unused,"未引用（保留索引）"
res/rVp.webp,2584,.webp,undefined,unused,"未引用（保留索引）"
res/rWr.webp,3764,.webp,undefined,unused,"未引用（保留索引）"
res/rWy.xml,576,.xml,undefined,unused,"未引用（保留索引）"
res/rXe.webp,9246,.webp,undefined,unused,"未引用（保留索引）"
res/rXl.xml,1080,.xml,undefined,unused,"未引用（保留索引）"
res/rXo.xml,728,.xml,undefined,unused,"未引用（保留索引）"
res/rYE.webp,338,.webp,undefined,unused,"未引用（保留索引）"
res/rYK.png,733,.png,undefined,unused,"未引用（保留索引）"
res/rYK.xml,3308,.xml,undefined,unused,"未引用（保留索引）"
res/rYT.xml,592,.xml,undefined,unused,"未引用（保留索引）"
res/rYb.xml,880,.xml,undefined,unused,"未引用（保留索引）"
res/rZ5.xml,2736,.xml,undefined,unused,"未引用（保留索引）"
res/rZj.webp,120,.webp,undefined,unused,"未引用（保留索引）"
res/r_D.webp,6344,.webp,undefined,unused,"未引用（保留索引）"
res/r_L.png,3875,.png,undefined,unused,"未引用（保留索引）"
res/r_U.xml,484,.xml,undefined,unused,"未引用（保留索引）"
res/r_e.png,112,.png,undefined,unused,"未引用（保留索引）"
res/raF.png,6093,.png,undefined,unused,"未引用（保留索引）"
res/raw.png,1380,.png,undefined,unused,"未引用（保留索引）"
res/rax.xml,4164,.xml,undefined,unused,"未引用（保留索引）"
res/rbU.9.png,525,.png,undefined,unused,"未引用（保留索引）"
res/rbb.png,150,.png,undefined,unused,"未引用（保留索引）"
res/rbi.xml,696,.xml,undefined,unused,"未引用（保留索引）"
res/rbk.xml,2608,.xml,undefined,unused,"未引用（保留索引）"
res/rcS.png,12812,.png,undefined,unused,"未引用（保留索引）"
res/rck.png,36628,.png,undefined,unused,"未引用（保留索引）"
res/rdO.xml,1008,.xml,undefined,unused,"未引用（保留索引）"
res/ref.xml,520,.xml,undefined,unused,"未引用（保留索引）"
res/reg.png,5340,.png,undefined,unused,"未引用（保留索引）"
res/req.webp,1264,.webp,undefined,unused,"未引用（保留索引）"
res/rf1.webp,10722,.webp,undefined,unused,"未引用（保留索引）"
res/rf2.xml,1932,.xml,undefined,unused,"未引用（保留索引）"
res/rfH.png,27128,.png,undefined,unused,"未引用（保留索引）"
res/rfo.xml,1504,.xml,undefined,unused,"未引用（保留索引）"
res/rg4.png,11859,.png,undefined,unused,"未引用（保留索引）"
res/rgB.xml,932,.xml,undefined,unused,"未引用（保留索引）"
res/rgk.png,17224,.png,undefined,unused,"未引用（保留索引）"
res/rgp.png,58428,.png,undefined,unused,"未引用（保留索引）"
res/rhQ.webp,30706,.webp,undefined,unused,"未引用（保留索引）"
res/ri7.png,251,.png,undefined,unused,"未引用（保留索引）"
res/ril.png,626,.png,undefined,unused,"未引用（保留索引）"
res/rir.xml,712,.xml,undefined,unused,"未引用（保留索引）"
res/rk6.xml,488,.xml,undefined,unused,"未引用（保留索引）"
res/rkE.xml,6508,.xml,undefined,unused,"未引用（保留索引）"
res/rkq.xml,704,.xml,undefined,unused,"未引用（保留索引）"
res/rlN.jpg,2125,.jpg,undefined,unused,"未引用（保留索引）"
res/rlU.xml,2744,.xml,undefined,unused,"未引用（保留索引）"
res/rlY.webp,864,.webp,undefined,unused,"未引用（保留索引）"
res/rm7.xml,500,.xml,undefined,unused,"未引用（保留索引）"
res/rmv.png,1738,.png,undefined,unused,"未引用（保留索引）"
res/rn2.png,3327,.png,undefined,unused,"未引用（保留索引）"
res/rnC.png,7977,.png,undefined,unused,"未引用（保留索引）"
res/rnI.png,51966,.png,undefined,unused,"未引用（保留索引）"
res/rnP.png,145,.png,undefined,unused,"未引用（保留索引）"
res/rnj.xml,724,.xml,undefined,unused,"未引用（保留索引）"
res/ro0.xml,592,.xml,undefined,unused,"未引用（保留索引）"
res/roG.png,1102,.png,undefined,unused,"未引用（保留索引）"
res/roc.png,1696,.png,undefined,unused,"未引用（保留索引）"
res/roz.xml,1288,.xml,undefined,unused,"未引用（保留索引）"
res/rp1.xml,7848,.xml,undefined,unused,"未引用（保留索引）"
res/rpx.xml,1372,.xml,undefined,unused,"未引用（保留索引）"
res/rq3.png,5297,.png,undefined,unused,"未引用（保留索引）"
res/rr4.xml,6348,.xml,undefined,unused,"未引用（保留索引）"
res/rrD.xml,1708,.xml,undefined,unused,"未引用（保留索引）"
res/rrL.png,2600,.png,undefined,unused,"未引用（保留索引）"
res/rrm.xml,3868,.xml,undefined,unused,"未引用（保留索引）"
res/rsQ.xml,852,.xml,undefined,unused,"未引用（保留索引）"
res/rse.png,4469,.png,undefined,unused,"未引用（保留索引）"
res/rtB.xml,552,.xml,undefined,unused,"未引用（保留索引）"
res/rtN.xml,576,.xml,undefined,unused,"未引用（保留索引）"
res/rto.xml,2420,.xml,undefined,unused,"未引用（保留索引）"
res/rtz.xml,5976,.xml,undefined,unused,"未引用（保留索引）"
res/rvH.xml,2780,.xml,undefined,unused,"未引用（保留索引）"
res/rvd.xml,1988,.xml,undefined,unused,"未引用（保留索引）"
res/rw5.png,1743,.png,undefined,unused,"未引用（保留索引）"
res/rwC.webp,19494,.webp,undefined,unused,"未引用（保留索引）"
res/rwn.png,4265,.png,undefined,unused,"未引用（保留索引）"
res/rx2.png,8455,.png,undefined,unused,"未引用（保留索引）"
res/rx4.xml,928,.xml,undefined,unused,"未引用（保留索引）"
res/ryf.png,16974,.png,undefined,unused,"未引用（保留索引）"
res/rzN.png,1046,.png,undefined,unused,"未引用（保留索引）"
res/rzQ.xml,948,.xml,undefined,unused,"未引用（保留索引）"
res/rz_.png,17165,.png,undefined,unused,"未引用（保留索引）"
res/s--.xml,464,.xml,undefined,unused,"未引用（保留索引）"
res/s-2.png,9561,.png,undefined,unused,"未引用（保留索引）"
res/s-5.png,4129,.png,undefined,unused,"未引用（保留索引）"
res/s0b.png,1401,.png,undefined,unused,"未引用（保留索引）"
res/s0i.xml,632,.xml,undefined,unused,"未引用（保留索引）"
res/s17.xml,536,.xml,undefined,unused,"未引用（保留索引）"
res/s29.xml,3400,.xml,undefined,unused,"未引用（保留索引）"
res/s2i.xml,932,.xml,undefined,unused,"未引用（保留索引）"
res/s2v.9.png,217,.png,undefined,unused,"未引用（保留索引）"
res/s3-.png,607,.png,undefined,unused,"未引用（保留索引）"
res/s3a.webp,4530,.webp,undefined,unused,"未引用（保留索引）"
res/s4i.xml,1848,.xml,undefined,unused,"未引用（保留索引）"
res/s6G.xml,1076,.xml,undefined,unused,"未引用（保留索引）"
res/s6N.xml,1128,.xml,undefined,unused,"未引用（保留索引）"
res/s6t.xml,704,.xml,undefined,unused,"未引用（保留索引）"
res/s6v.xml,704,.xml,undefined,unused,"未引用（保留索引）"
res/s71.png,1511,.png,undefined,unused,"未引用（保留索引）"
res/s7Y.xml,2292,.xml,undefined,unused,"未引用（保留索引）"
res/s8n.xml,13612,.xml,undefined,unused,"未引用（保留索引）"
res/s8t.9.png,14639,.png,undefined,unused,"未引用（保留索引）"
res/sA0.png,8373,.png,undefined,unused,"未引用（保留索引）"
res/sAU.png,12021,.png,undefined,unused,"未引用（保留索引）"
res/sAX.png,2840,.png,undefined,unused,"未引用（保留索引）"
res/sAu.png,2309,.png,undefined,unused,"未引用（保留索引）"
res/sB-.xml,1168,.xml,undefined,unused,"未引用（保留索引）"
res/sB9.png,9519,.png,undefined,unused,"未引用（保留索引）"
res/sBC.png,6055,.png,undefined,unused,"未引用（保留索引）"
res/sBU.xml,848,.xml,undefined,unused,"未引用（保留索引）"
res/sBX.xml,1780,.xml,undefined,unused,"未引用（保留索引）"
res/sCB.png,2994,.png,undefined,unused,"未引用（保留索引）"
res/sE7.9.png,5957,.png,undefined,unused,"未引用（保留索引）"
res/sF7.webp,2884,.webp,undefined,unused,"未引用（保留索引）"
res/sF9.png,24235,.png,undefined,unused,"未引用（保留索引）"
res/sFJ.png,600,.png,undefined,unused,"未引用（保留索引）"
res/sG3.xml,2112,.xml,undefined,unused,"未引用（保留索引）"
res/sHM.xml,1744,.xml,undefined,unused,"未引用（保留索引）"
res/sHY.png,209667,.png,undefined,unused,"未引用（保留索引）"
res/sIM.png,2522,.png,undefined,unused,"未引用（保留索引）"
res/sIa.webp,776,.webp,undefined,unused,"未引用（保留索引）"
res/sIs.png,472,.png,undefined,unused,"未引用（保留索引）"
res/sIv.xml,5640,.xml,undefined,unused,"未引用（保留索引）"
res/sJ1.webp,11578,.webp,undefined,unused,"未引用（保留索引）"
res/sJO.webp,4692,.webp,undefined,unused,"未引用（保留索引）"
res/sK4.xml,5720,.xml,undefined,unused,"未引用（保留索引）"
res/sKO.png,51117,.png,undefined,unused,"未引用（保留索引）"
res/sKm.png,2890,.png,undefined,unused,"未引用（保留索引）"
res/sLH.png,802,.png,undefined,unused,"未引用（保留索引）"
res/sLJ.9.png,318,.png,undefined,unused,"未引用（保留索引）"
res/sLW.webp,5258,.webp,undefined,unused,"未引用（保留索引）"
res/sLp.webp,756,.webp,undefined,unused,"未引用（保留索引）"
res/sLw.webp,13282,.webp,undefined,unused,"未引用（保留索引）"
res/sMk.png,61707,.png,undefined,unused,"未引用（保留索引）"
res/sNL.xml,1808,.xml,undefined,unused,"未引用（保留索引）"
res/sNS.png,782,.png,undefined,unused,"未引用（保留索引）"
res/sNc.png,1927,.png,undefined,unused,"未引用（保留索引）"
res/sNq.png,474,.png,undefined,unused,"未引用（保留索引）"
res/sO-.png,2720,.png,undefined,unused,"未引用（保留索引）"
res/sOK.xml,1596,.xml,undefined,unused,"未引用（保留索引）"
res/sPW.png,539,.png,undefined,unused,"未引用（保留索引）"
res/sPY.xml,5824,.xml,undefined,unused,"未引用（保留索引）"
res/sPh.png,290,.png,undefined,unused,"未引用（保留索引）"
res/sQs.png,3091,.png,undefined,unused,"未引用（保留索引）"
res/sR3.png,3448,.png,undefined,unused,"未引用（保留索引）"
res/sRR.png,478,.png,undefined,unused,"未引用（保留索引）"
res/sRk.xml,6480,.xml,undefined,unused,"未引用（保留索引）"
res/sSW.webp,50684,.webp,undefined,unused,"未引用（保留索引）"
res/sSk.xml,9680,.xml,undefined,unused,"未引用（保留索引）"
res/sSu.png,53396,.png,undefined,unused,"未引用（保留索引）"
res/sTb.png,3881,.png,undefined,unused,"未引用（保留索引）"
res/sU0.webp,402,.webp,undefined,unused,"未引用（保留索引）"
res/sUi.png,1073,.png,undefined,unused,"未引用（保留索引）"
res/sUu.xml,296,.xml,undefined,unused,"未引用（保留索引）"
res/sVX.xml,604,.xml,undefined,unused,"未引用（保留索引）"
res/sWu.png,220,.png,undefined,unused,"未引用（保留索引）"
res/sX5.xml,392,.xml,undefined,unused,"未引用（保留索引）"
res/sXd.xml,1224,.xml,undefined,unused,"未引用（保留索引）"
res/sY3.png,4167,.png,undefined,unused,"未引用（保留索引）"
res/sYN.png,8615,.png,undefined,unused,"未引用（保留索引）"
res/sYp.xml,2588,.xml,undefined,unused,"未引用（保留索引）"
res/sZh.xml,3164,.xml,undefined,unused,"未引用（保留索引）"
res/sZm.xml,2272,.xml,undefined,unused,"未引用（保留索引）"
res/s_5.xml,2564,.xml,undefined,unused,"未引用（保留索引）"
res/s_F.png,3265,.png,undefined,unused,"未引用（保留索引）"
res/s_H.png,1031,.png,undefined,unused,"未引用（保留索引）"
res/s_n.xml,656,.xml,undefined,unused,"未引用（保留索引）"
res/sc-.xml,816,.xml,undefined,unused,"未引用（保留索引）"
res/scG.xml,516,.xml,undefined,unused,"未引用（保留索引）"
res/sdR.png,6334,.png,undefined,unused,"未引用（保留索引）"
res/se9.webp,3114,.webp,undefined,unused,"未引用（保留索引）"
res/seb.xml,420,.xml,undefined,unused,"未引用（保留索引）"
res/sf6.png,579,.png,undefined,unused,"未引用（保留索引）"
res/sfv.xml,3356,.xml,undefined,unused,"未引用（保留索引）"
res/she.xml,16612,.xml,undefined,unused,"未引用（保留索引）"
res/shg.png,1599,.png,undefined,unused,"未引用（保留索引）"
res/sho.png,12752,.png,undefined,unused,"未引用（保留索引）"
res/siP.xml,992,.xml,undefined,unused,"未引用（保留索引）"
res/siY.xml,3104,.xml,undefined,unused,"未引用（保留索引）"
res/skL.xml,2952,.xml,undefined,unused,"未引用（保留索引）"
res/skO.png,409,.png,undefined,unused,"未引用（保留索引）"
res/skT.xml,484,.xml,undefined,unused,"未引用（保留索引）"
res/skb.xml,760,.xml,undefined,unused,"未引用（保留索引）"
res/skv.xml,752,.xml,undefined,unused,"未引用（保留索引）"
res/slF.png,1234,.png,undefined,unused,"未引用（保留索引）"
res/sle.png,1382,.png,undefined,unused,"未引用（保留索引）"
res/slo.png,2024,.png,undefined,unused,"未引用（保留索引）"
res/sm_.png,5148,.png,undefined,unused,"未引用（保留索引）"
res/sn4.xml,464,.xml,undefined,unused,"未引用（保留索引）"
res/snj.webp,23736,.webp,undefined,unused,"未引用（保留索引）"
res/spF.webp,19668,.webp,undefined,unused,"未引用（保留索引）"
res/sq3.png,879,.png,undefined,unused,"未引用（保留索引）"
res/sq9.png,943,.png,undefined,unused,"未引用（保留索引）"
res/sq_.xml,1228,.xml,undefined,unused,"未引用（保留索引）"
res/srU.mp4,1814506,.mp4,undefined,unused,"未引用（保留索引）"
res/ssg.webp,17336,.webp,undefined,unused,"未引用（保留索引）"
res/stG.webp,4342,.webp,undefined,unused,"未引用（保留索引）"
res/stT.9.png,448,.png,undefined,unused,"未引用（保留索引）"
res/suq.xml,2012,.xml,undefined,unused,"未引用（保留索引）"
res/sus.png,711,.png,undefined,unused,"未引用（保留索引）"
res/suy.xml,408,.xml,undefined,unused,"未引用（保留索引）"
res/sv-.png,595,.png,undefined,unused,"未引用（保留索引）"
res/svy.png,3078,.png,undefined,unused,"未引用（保留索引）"
res/sw_.png,533,.png,undefined,unused,"未引用（保留索引）"
res/sxD.png,15980,.png,undefined,unused,"未引用（保留索引）"
res/sxL.xml,3280,.xml,undefined,unused,"未引用（保留索引）"
res/sxW.xml,6004,.xml,undefined,unused,"未引用（保留索引）"
res/sy9.xml,836,.xml,undefined,unused,"未引用（保留索引）"
res/syM.xml,1504,.xml,undefined,unused,"未引用（保留索引）"
res/syN.xml,4852,.xml,undefined,unused,"未引用（保留索引）"
res/szT.xml,3076,.xml,undefined,unused,"未引用（保留索引）"
res/t-K.xml,2904,.xml,undefined,unused,"未引用（保留索引）"
res/t-g.xml,656,.xml,undefined,unused,"未引用（保留索引）"
res/t0v.xml,488,.xml,undefined,unused,"未引用（保留索引）"
res/t17.png,703,.png,undefined,unused,"未引用（保留索引）"
res/t1a.webp,496,.webp,undefined,unused,"未引用（保留索引）"
res/t23.xml,1000,.xml,undefined,unused,"未引用（保留索引）"
res/t2F.webp,532,.webp,undefined,unused,"未引用（保留索引）"
res/t2c.png,1966,.png,undefined,unused,"未引用（保留索引）"
res/t3N.xml,484,.xml,undefined,unused,"未引用（保留索引）"
res/t3i.webp,382,.webp,undefined,unused,"未引用（保留索引）"
res/t3r.xml,104,.xml,undefined,unused,"未引用（保留索引）"
res/t3s.png,282,.png,undefined,unused,"未引用（保留索引）"
res/t3v.png,22491,.png,undefined,unused,"未引用（保留索引）"
res/t4A.webp,5644,.webp,undefined,unused,"未引用（保留索引）"
res/t4c.webp,196,.webp,undefined,unused,"未引用（保留索引）"
res/t4x.xml,2388,.xml,undefined,unused,"未引用（保留索引）"
res/t54.png,499,.png,undefined,unused,"未引用（保留索引）"
res/t5X.xml,3084,.xml,undefined,unused,"未引用（保留索引）"
res/t5c.xml,11356,.xml,undefined,unused,"未引用（保留索引）"
res/t5d.png,383,.png,undefined,unused,"未引用（保留索引）"
res/t5j.webp,418,.webp,undefined,unused,"未引用（保留索引）"
res/t6e.xml,668,.xml,undefined,unused,"未引用（保留索引）"
res/t75.webp,139240,.webp,undefined,unused,"未引用（保留索引）"
res/t7C.png,10300,.png,undefined,unused,"未引用（保留索引）"
res/t7x.xml,2604,.xml,undefined,unused,"未引用（保留索引）"
res/t8g.xml,5444,.xml,undefined,unused,"未引用（保留索引）"
res/t91.png,759,.png,undefined,unused,"未引用（保留索引）"
res/t9R.png,67,.png,undefined,unused,"未引用（保留索引）"
res/t9_.xml,616,.xml,undefined,unused,"未引用（保留索引）"
res/t9d.png,4255,.png,undefined,unused,"未引用（保留索引）"
res/tA-.png,14186,.png,undefined,unused,"未引用（保留索引）"
res/tA5.webp,888,.webp,undefined,unused,"未引用（保留索引）"
res/tA8.png,14680,.png,undefined,unused,"未引用（保留索引）"
res/tAA.png,11244,.png,undefined,unused,"未引用（保留索引）"
res/tAC.png,15751,.png,undefined,unused,"未引用（保留索引）"
res/tAD.png,14299,.png,undefined,unused,"未引用（保留索引）"
res/tAF.png,17641,.png,undefined,unused,"未引用（保留索引）"
res/tAG.png,16681,.png,undefined,unused,"未引用（保留索引）"
res/tAJ.png,14451,.png,undefined,unused,"未引用（保留索引）"
res/tAK.xml,504,.xml,undefined,unused,"未引用（保留索引）"
res/tAS.png,1594,.png,undefined,unused,"未引用（保留索引）"
res/tAX.xml,1880,.xml,undefined,unused,"未引用（保留索引）"
res/tA_.png,12428,.png,undefined,unused,"未引用（保留索引）"
res/tAa.xml,1304,.xml,undefined,unused,"未引用（保留索引）"
res/tAv.png,16086,.png,undefined,unused,"未引用（保留索引）"
res/tBO.png,17097,.png,undefined,unused,"未引用（保留索引）"
res/tBY.xml,696,.xml,undefined,unused,"未引用（保留索引）"
res/tBi.webp,880,.webp,undefined,unused,"未引用（保留索引）"
res/tBm.webp,1332,.webp,undefined,unused,"未引用（保留索引）"
res/tCB.xml,756,.xml,undefined,unused,"未引用（保留索引）"
res/tD-.png,31446,.png,undefined,unused,"未引用（保留索引）"
res/tD0.webp,898,.webp,undefined,unused,"未引用（保留索引）"
res/tD2.png,4900,.png,undefined,unused,"未引用（保留索引）"
res/tDH.png,2351,.png,undefined,unused,"未引用（保留索引）"
res/tDX.png,21408,.png,undefined,unused,"未引用（保留索引）"
res/tE5.xml,816,.xml,undefined,unused,"未引用（保留索引）"
res/tEi.png,3557,.png,undefined,unused,"未引用（保留索引）"
res/tFG.png,511,.png,undefined,unused,"未引用（保留索引）"
res/tFl.xml,704,.xml,undefined,unused,"未引用（保留索引）"
res/tGX.xml,724,.xml,undefined,unused,"未引用（保留索引）"
res/tGl.png,940,.png,undefined,unused,"未引用（保留索引）"
res/tGu.png,26005,.png,undefined,unused,"未引用（保留索引）"
res/tIg.webp,2370,.webp,undefined,unused,"未引用（保留索引）"
res/tJH.xml,1532,.xml,undefined,unused,"未引用（保留索引）"
res/tKQ.xml,888,.xml,undefined,unused,"未引用（保留索引）"
res/tKj.png,4286,.png,undefined,unused,"未引用（保留索引）"
res/tKw.xml,2076,.xml,undefined,unused,"未引用（保留索引）"
res/tL5.png,15265,.png,undefined,unused,"未引用（保留索引）"
res/tLP.png,3006,.png,undefined,unused,"未引用（保留索引）"
res/tLT.webp,11960,.webp,undefined,unused,"未引用（保留索引）"
res/tM5.png,443,.png,undefined,unused,"未引用（保留索引）"
res/tMV.webp,11602,.webp,undefined,unused,"未引用（保留索引）"
res/tMX.9.png,212,.png,undefined,unused,"未引用（保留索引）"
res/tMu.xml,704,.xml,undefined,unused,"未引用（保留索引）"
res/tN-.xml,500,.xml,undefined,unused,"未引用（保留索引）"
res/tN8.png,661,.png,undefined,unused,"未引用（保留索引）"
res/tND.xml,2688,.xml,undefined,unused,"未引用（保留索引）"
res/tNN.png,56914,.png,undefined,unused,"未引用（保留索引）"
res/tO8.xml,624,.xml,undefined,unused,"未引用（保留索引）"
res/tPR.webp,1374,.webp,undefined,unused,"未引用（保留索引）"
res/tQ6.png,479,.png,undefined,unused,"未引用（保留索引）"
res/tQB.png,1435,.png,undefined,unused,"未引用（保留索引）"
res/tQT.xml,360,.xml,undefined,unused,"未引用（保留索引）"
res/tQX.xml,488,.xml,undefined,unused,"未引用（保留索引）"
res/tRQ.xml,688,.xml,undefined,unused,"未引用（保留索引）"
res/tSB.png,460,.png,undefined,unused,"未引用（保留索引）"
res/tSJ.png,83,.png,undefined,unused,"未引用（保留索引）"
res/tSW.xml,3124,.xml,undefined,unused,"未引用（保留索引）"
res/tTD.xml,592,.xml,undefined,unused,"未引用（保留索引）"
res/tTd.png,52908,.png,undefined,unused,"未引用（保留索引）"
res/tTf.xml,2812,.xml,undefined,unused,"未引用（保留索引）"
res/tU_.png,173,.png,undefined,unused,"未引用（保留索引）"
res/tVd.xml,2340,.xml,undefined,unused,"未引用（保留索引）"
res/tVf.png,7699,.png,undefined,unused,"未引用（保留索引）"
res/tVq.webp,4950,.webp,undefined,unused,"未引用（保留索引）"
res/tWH.xml,1596,.xml,undefined,unused,"未引用（保留索引）"
res/tY2.png,431,.png,undefined,unused,"未引用（保留索引）"
res/tYh.webp,530,.webp,undefined,unused,"未引用（保留索引）"
res/tYs.xml,2952,.xml,undefined,unused,"未引用（保留索引）"
res/tYs1.xml,3664,.xml,undefined,unused,"未引用（保留索引）"
res/tZ2.xml,1904,.xml,undefined,unused,"未引用（保留索引）"
res/tZC.webp,14542,.webp,undefined,unused,"未引用（保留索引）"
res/tZK.xml,3900,.xml,undefined,unused,"未引用（保留索引）"
res/tZe.png,315097,.png,undefined,unused,"未引用（保留索引）"
res/t_U.png,6563,.png,undefined,unused,"未引用（保留索引）"
res/t_h.png,1534,.png,undefined,unused,"未引用（保留索引）"
res/taL.webp,598,.webp,undefined,unused,"未引用（保留索引）"
res/tac.xml,1804,.xml,undefined,unused,"未引用（保留索引）"
res/tbM.webp,562,.webp,undefined,unused,"未引用（保留索引）"
res/tbc.xml,452,.xml,undefined,unused,"未引用（保留索引）"
res/tbs.png,16169,.png,undefined,unused,"未引用（保留索引）"
res/tby.xml,2700,.xml,undefined,unused,"未引用（保留索引）"
res/tc6.png,338,.png,undefined,unused,"未引用（保留索引）"
res/tcN.webp,686,.webp,undefined,unused,"未引用（保留索引）"
res/tcS.xml,2564,.xml,undefined,unused,"未引用（保留索引）"
res/tcw.png,3952,.png,undefined,unused,"未引用（保留索引）"
res/td0.png,14731,.png,undefined,unused,"未引用（保留索引）"
res/tdT.png,2704,.png,undefined,unused,"未引用（保留索引）"
res/tdu.webp,622,.webp,undefined,unused,"未引用（保留索引）"
res/te1.png,17358,.png,undefined,unused,"未引用（保留索引）"
res/teG.png,5777,.png,undefined,unused,"未引用（保留索引）"
res/teH.png,1667,.png,undefined,unused,"未引用（保留索引）"
res/ten.webp,830,.webp,undefined,unused,"未引用（保留索引）"
res/tfQ.webp,782,.webp,undefined,unused,"未引用（保留索引）"
res/tfR.png,1219,.png,undefined,unused,"未引用（保留索引）"
res/tfn.png,2680,.png,undefined,unused,"未引用（保留索引）"
res/tg4.webp,348,.webp,undefined,unused,"未引用（保留索引）"
res/tgH.png,17315,.png,undefined,unused,"未引用（保留索引）"
res/tgU.webp,48760,.webp,undefined,unused,"未引用（保留索引）"
res/tgV.webp,828,.webp,undefined,unused,"未引用（保留索引）"
res/tgf.png,59082,.png,undefined,unused,"未引用（保留索引）"
res/tgn.png,3487,.png,undefined,unused,"未引用（保留索引）"
res/thM.png,67,.png,undefined,unused,"未引用（保留索引）"
res/thc.webp,12638,.webp,undefined,unused,"未引用（保留索引）"
res/thy.webp,97086,.webp,undefined,unused,"未引用（保留索引）"
res/ti7.png,1869,.png,undefined,unused,"未引用（保留索引）"
res/tiF.xml,1352,.xml,undefined,unused,"未引用（保留索引）"
res/tiQ.png,519,.png,undefined,unused,"未引用（保留索引）"
res/tir.xml,9908,.xml,undefined,unused,"未引用（保留索引）"
res/tis.png,396,.png,undefined,unused,"未引用（保留索引）"
res/tit.png,23249,.png,undefined,unused,"未引用（保留索引）"
res/tjF.webp,8266,.webp,undefined,unused,"未引用（保留索引）"
res/tjW.xml,704,.xml,undefined,unused,"未引用（保留索引）"
res/tji.xml,644,.xml,undefined,unused,"未引用（保留索引）"
res/tjl.9.png,2505,.png,undefined,unused,"未引用（保留索引）"
res/tkg.png,17927,.png,undefined,unused,"未引用（保留索引）"
res/tlf.png,5495,.png,undefined,unused,"未引用（保留索引）"
res/tlr.png,26560,.png,undefined,unused,"未引用（保留索引）"
res/tmJ.png,2428,.png,undefined,unused,"未引用（保留索引）"
res/tmL.png,1480,.png,undefined,unused,"未引用（保留索引）"
res/tmN.png,2322,.png,undefined,unused,"未引用（保留索引）"
res/tmh.xml,3012,.xml,undefined,unused,"未引用（保留索引）"
res/tnn.png,35900,.png,undefined,unused,"未引用（保留索引）"
res/tnt.png,257,.png,undefined,unused,"未引用（保留索引）"
res/toa.png,16209,.png,undefined,unused,"未引用（保留索引）"
res/tp8.xml,8068,.xml,undefined,unused,"未引用（保留索引）"
res/tps.png,3118,.png,undefined,unused,"未引用（保留索引）"
res/tqP.webp,1074,.webp,undefined,unused,"未引用（保留索引）"
res/tqn.xml,3964,.xml,undefined,unused,"未引用（保留索引）"
res/trC.9.png,252,.png,undefined,unused,"未引用（保留索引）"
res/trF.xml,2892,.xml,undefined,unused,"未引用（保留索引）"
res/trG.png,857,.png,undefined,unused,"未引用（保留索引）"
res/tra.png,4956,.png,undefined,unused,"未引用（保留索引）"
res/tra.xml,684,.xml,undefined,unused,"未引用（保留索引）"
res/tsJ.png,7789,.png,undefined,unused,"未引用（保留索引）"
res/tsd.webp,160,.webp,undefined,unused,"未引用（保留索引）"
res/tt8.png,7827,.png,undefined,unused,"未引用（保留索引）"
res/ttK.png,4033,.png,undefined,unused,"未引用（保留索引）"
res/tto.png,88539,.png,undefined,unused,"未引用（保留索引）"
res/ttu.png,1396,.png,undefined,unused,"未引用（保留索引）"
res/ttz.png,7366,.png,undefined,unused,"未引用（保留索引）"
res/tuU.webp,62854,.webp,undefined,unused,"未引用（保留索引）"
res/tuc.xml,6248,.xml,undefined,unused,"未引用（保留索引）"
res/tun.png,26219,.png,undefined,unused,"未引用（保留索引）"
res/tuq.webp,7342,.webp,undefined,unused,"未引用（保留索引）"
res/tv5.xml,712,.xml,undefined,unused,"未引用（保留索引）"
res/twE.xml,1472,.xml,undefined,unused,"未引用（保留索引）"
res/twG.xml,3076,.xml,undefined,unused,"未引用（保留索引）"
res/txL.xml,468,.xml,undefined,unused,"未引用（保留索引）"
res/ty7.png,7489,.png,undefined,unused,"未引用（保留索引）"
res/tyK.png,9395,.png,undefined,unused,"未引用（保留索引）"
res/tzB.xml,704,.xml,undefined,unused,"未引用（保留索引）"
res/tzF.xml,704,.xml,undefined,unused,"未引用（保留索引）"
res/tzb.xml,704,.xml,undefined,unused,"未引用（保留索引）"
res/u0g.webp,21152,.webp,undefined,unused,"未引用（保留索引）"
res/u0t.webp,1354,.webp,undefined,unused,"未引用（保留索引）"
res/u1t.webp,10284,.webp,undefined,unused,"未引用（保留索引）"
res/u1z.png,4783,.png,undefined,unused,"未引用（保留索引）"
res/u36.xml,3732,.xml,undefined,unused,"未引用（保留索引）"
res/u3P.png,2142,.png,undefined,unused,"未引用（保留索引）"
res/u3S.webp,1754,.webp,undefined,unused,"未引用（保留索引）"
res/u3j.png,251,.png,undefined,unused,"未引用（保留索引）"
res/u3x.xml,1208,.xml,undefined,unused,"未引用（保留索引）"
res/u5p.png,3020,.png,undefined,unused,"未引用（保留索引）"
res/u5q.xml,1852,.xml,undefined,unused,"未引用（保留索引）"
res/u5y.webp,10710,.webp,undefined,unused,"未引用（保留索引）"
res/u62.png,353,.png,undefined,unused,"未引用（保留索引）"
res/u6h.xml,1252,.xml,undefined,unused,"未引用（保留索引）"
res/u72.png,286,.png,undefined,unused,"未引用（保留索引）"
res/u7H.png,5201,.png,undefined,unused,"未引用（保留索引）"
res/u7R.xml,488,.xml,undefined,unused,"未引用（保留索引）"
res/u7a.png,62111,.png,undefined,unused,"未引用（保留索引）"
res/u7g.webp,2062,.webp,undefined,unused,"未引用（保留索引）"
res/u8-.png,7328,.png,undefined,unused,"未引用（保留索引）"
res/u8z.png,271,.png,undefined,unused,"未引用（保留索引）"
res/u97.xml,576,.xml,undefined,unused,"未引用（保留索引）"
res/u9N.png,223,.png,undefined,unused,"未引用（保留索引）"
res/u9V.webp,236,.webp,undefined,unused,"未引用（保留索引）"
res/u9u.png,4269,.png,undefined,unused,"未引用（保留索引）"
res/uAZ.xml,2056,.xml,undefined,unused,"未引用（保留索引）"
res/uAd.png,3209,.png,undefined,unused,"未引用（保留索引）"
res/uB4.webp,10958,.webp,undefined,unused,"未引用（保留索引）"
res/uBa.9.png,966,.png,undefined,unused,"未引用（保留索引）"
res/uBg.xml,2660,.xml,undefined,unused,"未引用（保留索引）"
res/uD6.png,5575,.png,undefined,unused,"未引用（保留索引）"
res/uDR.xml,6620,.xml,undefined,unused,"未引用（保留索引）"
res/uF5.xml,2316,.xml,undefined,unused,"未引用（保留索引）"
res/uFJ.xml,4580,.xml,undefined,unused,"未引用（保留索引）"
res/uFV.png,5490,.png,undefined,unused,"未引用（保留索引）"
res/uFa.xml,416,.xml,undefined,unused,"未引用（保留索引）"
res/uFc.png,421,.png,undefined,unused,"未引用（保留索引）"
res/uFg.webp,76378,.webp,undefined,unused,"未引用（保留索引）"
res/uGz.webp,35712,.webp,undefined,unused,"未引用（保留索引）"
res/uHB.png,4527,.png,undefined,unused,"未引用（保留索引）"
res/uHE.webp,14784,.webp,undefined,unused,"未引用（保留索引）"
res/uI4.xml,12644,.xml,undefined,unused,"未引用（保留索引）"
res/uIA.9.png,1670,.png,undefined,unused,"未引用（保留索引）"
res/uIS.xml,2300,.xml,undefined,unused,"未引用（保留索引）"
res/uJ-.webp,8056,.webp,undefined,unused,"未引用（保留索引）"
res/uJk.png,1266,.png,undefined,unused,"未引用（保留索引）"
res/uK9.png,602,.png,undefined,unused,"未引用（保留索引）"
res/uK9.xml,508,.xml,undefined,unused,"未引用（保留索引）"
res/uK91.xml,1344,.xml,undefined,unused,"未引用（保留索引）"
res/uLM.xml,3384,.xml,undefined,unused,"未引用（保留索引）"
res/uMB.xml,1588,.xml,undefined,unused,"未引用（保留索引）"
res/uMD.xml,432,.xml,undefined,unused,"未引用（保留索引）"
res/uN1.xml,1000,.xml,undefined,unused,"未引用（保留索引）"
res/uNG.png,7605,.png,undefined,unused,"未引用（保留索引）"
res/uNW.webp,13912,.webp,undefined,unused,"未引用（保留索引）"
res/uNk.png,24616,.png,undefined,unused,"未引用（保留索引）"
res/uNr.webp,948,.webp,undefined,unused,"未引用（保留索引）"
res/uPJ.webp,12030,.webp,undefined,unused,"未引用（保留索引）"
res/uPJ.xml,716,.xml,undefined,unused,"未引用（保留索引）"
res/uPN.xml,504,.xml,undefined,unused,"未引用（保留索引）"
res/uQ6.xml,7880,.xml,undefined,unused,"未引用（保留索引）"
res/uQH.xml,8908,.xml,undefined,unused,"未引用（保留索引）"
res/uQN.xml,3684,.xml,undefined,unused,"未引用（保留索引）"
res/uQa.png,2154,.png,undefined,unused,"未引用（保留索引）"
res/uRD.png,4012,.png,undefined,unused,"未引用（保留索引）"
res/uRd.xml,620,.xml,undefined,unused,"未引用（保留索引）"
res/uRz.xml,1104,.xml,undefined,unused,"未引用（保留索引）"
res/uSP.webp,75968,.webp,undefined,unused,"未引用（保留索引）"
res/uSh.xml,5300,.xml,undefined,unused,"未引用（保留索引）"
res/uSu.png,603,.png,undefined,unused,"未引用（保留索引）"
res/uTD.webp,24772,.webp,undefined,unused,"未引用（保留索引）"
res/uTL.png,12123,.png,undefined,unused,"未引用（保留索引）"
res/uUG.xml,1488,.xml,undefined,unused,"未引用（保留索引）"
res/uUZ.xml,936,.xml,undefined,unused,"未引用（保留索引）"
res/uVA.png,1877,.png,undefined,unused,"未引用（保留索引）"
res/uVB.png,519,.png,undefined,unused,"未引用（保留索引）"
res/uVE.png,9625,.png,undefined,unused,"未引用（保留索引）"
res/uVn.otf,42416,.otf,undefined,unused,"未引用（保留索引）"
res/uW4.png,115,.png,undefined,unused,"未引用（保留索引）"
res/uWH.xml,484,.xml,undefined,unused,"未引用（保留索引）"
res/uWT.webp,546,.webp,undefined,unused,"未引用（保留索引）"
res/uXN.png,228,.png,undefined,unused,"未引用（保留索引）"
res/uXX.png,39525,.png,undefined,unused,"未引用（保留索引）"
res/uYN.xml,3632,.xml,undefined,unused,"未引用（保留索引）"
res/uYU.png,996,.png,undefined,unused,"未引用（保留索引）"
res/uZI.xml,1704,.xml,undefined,unused,"未引用（保留索引）"
res/uZv.webp,3922,.webp,undefined,unused,"未引用（保留索引）"
res/u_H.webp,26244,.webp,undefined,unused,"未引用（保留索引）"
res/u_c.xml,596,.xml,undefined,unused,"未引用（保留索引）"
res/u_h.png,252,.png,undefined,unused,"未引用（保留索引）"
res/u_y.png,29397,.png,undefined,unused,"未引用（保留索引）"
res/u_z.png,242,.png,undefined,unused,"未引用（保留索引）"
res/ua1.xml,1092,.xml,undefined,unused,"未引用（保留索引）"
res/uaM.png,70415,.png,undefined,unused,"未引用（保留索引）"
res/uad.png,871,.png,undefined,unused,"未引用（保留索引）"
res/uad1.png,353,.png,undefined,unused,"未引用（保留索引）"
res/ubD.xml,1572,.xml,undefined,unused,"未引用（保留索引）"
res/ube.png,34214,.png,undefined,unused,"未引用（保留索引）"
res/ucE.png,542,.png,undefined,unused,"未引用（保留索引）"
res/uce.xml,1400,.xml,undefined,unused,"未引用（保留索引）"
res/udE.ttc,487620,.ttc,undefined,unused,"未引用（保留索引）"
res/udk.png,418,.png,undefined,unused,"未引用（保留索引）"
res/ueA.xml,540,.xml,undefined,unused,"未引用（保留索引）"
res/uew.xml,2068,.xml,undefined,unused,"未引用（保留索引）"
res/uf3.png,22167,.png,undefined,unused,"未引用（保留索引）"
res/ufC.png,1011,.png,undefined,unused,"未引用（保留索引）"
res/ufh.png,67,.png,undefined,unused,"未引用（保留索引）"
res/ufq.xml,1708,.xml,undefined,unused,"未引用（保留索引）"
res/ug2.png,5037,.png,undefined,unused,"未引用（保留索引）"
res/ugl.png,20779,.png,undefined,unused,"未引用（保留索引）"
res/ugm.webp,1430,.webp,undefined,unused,"未引用（保留索引）"
res/ugr.xml,316,.xml,undefined,unused,"未引用（保留索引）"
res/ugz.png,878,.png,undefined,unused,"未引用（保留索引）"
res/uhE.webp,842,.webp,undefined,unused,"未引用（保留索引）"
res/uhp.xml,1008,.xml,undefined,unused,"未引用（保留索引）"
res/uhw.png,2710,.png,undefined,unused,"未引用（保留索引）"
res/ui2.xml,904,.xml,undefined,unused,"未引用（保留索引）"
res/ui3.png,579,.png,undefined,unused,"未引用（保留索引）"
res/uiU.xml,9656,.xml,undefined,unused,"未引用（保留索引）"
res/uih.webp,4132,.webp,undefined,unused,"未引用（保留索引）"
res/uj0.xml,1308,.xml,undefined,unused,"未引用（保留索引）"
res/ujR.xml,7636,.xml,undefined,unused,"未引用（保留索引）"
res/ujW.png,31445,.png,undefined,unused,"未引用（保留索引）"
res/uji.png,30720,.png,undefined,unused,"未引用（保留索引）"
res/ujm.png,5597,.png,undefined,unused,"未引用（保留索引）"
res/ukD.xml,5676,.xml,undefined,unused,"未引用（保留索引）"
res/uk_.xml,1804,.xml,undefined,unused,"未引用（保留索引）"
res/um1.png,2227,.png,undefined,unused,"未引用（保留索引）"
res/umM.webp,38858,.webp,undefined,unused,"未引用（保留索引）"
res/unS.png,10606,.png,undefined,unused,"未引用（保留索引）"
res/unY.png,32918,.png,undefined,unused,"未引用（保留索引）"
res/ung.xml,484,.xml,undefined,unused,"未引用（保留索引）"
res/uoB.xml,1012,.xml,undefined,unused,"未引用（保留索引）"
res/uoG.png,520,.png,undefined,unused,"未引用（保留索引）"
res/upO.xml,3932,.xml,undefined,unused,"未引用（保留索引）"
res/uq0.xml,3600,.xml,undefined,unused,"未引用（保留索引）"
res/uqE.png,20933,.png,undefined,unused,"未引用（保留索引）"
res/uqN.xml,468,.xml,undefined,unused,"未引用（保留索引）"
res/uqb.xml,3740,.xml,undefined,unused,"未引用（保留索引）"
res/ur9.webp,3766,.webp,undefined,unused,"未引用（保留索引）"
res/urG.xml,632,.xml,undefined,unused,"未引用（保留索引）"
res/urb.png,631,.png,undefined,unused,"未引用（保留索引）"
res/urk.xml,1452,.xml,undefined,unused,"未引用（保留索引）"
res/uro.xml,944,.xml,undefined,unused,"未引用（保留索引）"
res/urw.webp,7358,.webp,undefined,unused,"未引用（保留索引）"
res/ut9.xml,4560,.xml,undefined,unused,"未引用（保留索引）"
res/utq.png,7114,.png,undefined,unused,"未引用（保留索引）"
res/uuD.webp,644,.webp,undefined,unused,"未引用（保留索引）"
res/uuD.xml,4024,.xml,undefined,unused,"未引用（保留索引）"
res/uuZ.xml,1316,.xml,undefined,unused,"未引用（保留索引）"
res/uuy.png,318,.png,undefined,unused,"未引用（保留索引）"
res/uvL.png,12528,.png,undefined,unused,"未引用（保留索引）"
res/uvQ.png,3978,.png,undefined,unused,"未引用（保留索引）"
res/uwN.png,5004,.png,undefined,unused,"未引用（保留索引）"
res/uwS.xml,9404,.xml,undefined,unused,"未引用（保留索引）"
res/uwZ.png,11905,.png,undefined,unused,"未引用（保留索引）"
res/ux2.png,340,.png,undefined,unused,"未引用（保留索引）"
res/uys.png,8187,.png,undefined,unused,"未引用（保留索引）"
res/uzw.xml,448,.xml,undefined,unused,"未引用（保留索引）"
res/uzx.xml,656,.xml,undefined,unused,"未引用（保留索引）"
res/v-I.png,9024,.png,undefined,unused,"未引用（保留索引）"
res/v-p.png,24430,.png,undefined,unused,"未引用（保留索引）"
res/v0H.png,430,.png,undefined,unused,"未引用（保留索引）"
res/v0t.xml,4388,.xml,undefined,unused,"未引用（保留索引）"
res/v0y.png,531,.png,undefined,unused,"未引用（保留索引）"
res/v1G.xml,1340,.xml,undefined,unused,"未引用（保留索引）"
res/v1H.xml,3788,.xml,undefined,unused,"未引用（保留索引）"
res/v1R.png,1277,.png,undefined,unused,"未引用（保留索引）"
res/v23.xml,852,.xml,undefined,unused,"未引用（保留索引）"
res/v25.xml,1248,.xml,undefined,unused,"未引用（保留索引）"
res/v2D.png,1367,.png,undefined,unused,"未引用（保留索引）"
res/v2q.webp,13668,.webp,undefined,unused,"未引用（保留索引）"
res/v3M.xml,628,.xml,undefined,unused,"未引用（保留索引）"
res/v3l.xml,3168,.xml,undefined,unused,"未引用（保留索引）"
res/v40.png,8797,.png,undefined,unused,"未引用（保留索引）"
res/v41.png,10644,.png,undefined,unused,"未引用（保留索引）"
res/v44.xml,1248,.xml,undefined,unused,"未引用（保留索引）"
res/v4o.png,9315,.png,undefined,unused,"未引用（保留索引）"
res/v4p.png,9831,.png,undefined,unused,"未引用（保留索引）"
res/v4q.png,7944,.png,undefined,unused,"未引用（保留索引）"
res/v4r.png,9935,.png,undefined,unused,"未引用（保留索引）"
res/v4v.png,10173,.png,undefined,unused,"未引用（保留索引）"
res/v59.png,26146,.png,undefined,unused,"未引用（保留索引）"
res/v5a.png,6632,.png,undefined,unused,"未引用（保留索引）"
res/v5e.xml,2600,.xml,undefined,unused,"未引用（保留索引）"
res/v5t.webp,744,.webp,undefined,unused,"未引用（保留索引）"
res/v6G.9.png,194,.png,undefined,unused,"未引用（保留索引）"
res/v6f.xml,468,.xml,undefined,unused,"未引用（保留索引）"
res/v6k.xml,1056,.xml,undefined,unused,"未引用（保留索引）"
res/v6l.webp,24094,.webp,undefined,unused,"未引用（保留索引）"
res/v6m.webp,3612,.webp,undefined,unused,"未引用（保留索引）"
res/v6v.xml,1532,.xml,undefined,unused,"未引用（保留索引）"
res/v71.xml,4228,.xml,undefined,unused,"未引用（保留索引）"
res/v74.png,13734,.png,undefined,unused,"未引用（保留索引）"
res/v7P.webp,16776,.webp,undefined,unused,"未引用（保留索引）"
res/v80.webp,1308,.webp,undefined,unused,"未引用（保留索引）"
res/v8R.webp,974,.webp,undefined,unused,"未引用（保留索引）"
res/v8_.webp,4746,.webp,undefined,unused,"未引用（保留索引）"
res/v8o.xml,396,.xml,undefined,unused,"未引用（保留索引）"
res/v8q.xml,4116,.xml,undefined,unused,"未引用（保留索引）"
res/v8r.png,51963,.png,undefined,unused,"未引用（保留索引）"
res/v99.png,91058,.png,undefined,unused,"未引用（保留索引）"
res/v9I.xml,2924,.xml,undefined,unused,"未引用（保留索引）"
res/vAU.webp,1064,.webp,undefined,unused,"未引用（保留索引）"
res/vB6.png,796,.png,undefined,unused,"未引用（保留索引）"
res/vCe.png,2111,.png,undefined,unused,"未引用（保留索引）"
res/vDJ.9.png,77,.png,undefined,unused,"未引用（保留索引）"
res/vDK.xml,1584,.xml,undefined,unused,"未引用（保留索引）"
res/vDT.png,2960,.png,undefined,unused,"未引用（保留索引）"
res/vDu.png,429,.png,undefined,unused,"未引用（保留索引）"
res/vEi.png,12609,.png,undefined,unused,"未引用（保留索引）"
res/vF9.png,747,.png,undefined,unused,"未引用（保留索引）"
res/vG3.webp,0,.webp,undefined,unused,"未引用（保留索引）"
res/vGf.xml,1404,.xml,undefined,unused,"未引用（保留索引）"
res/vH5.xml,1684,.xml,undefined,unused,"未引用（保留索引）"
res/vHn.xml,2140,.xml,undefined,unused,"未引用（保留索引）"
res/vHx.png,895,.png,undefined,unused,"未引用（保留索引）"
res/vID.webp,1573632,.webp,undefined,unused,"未引用（保留索引）"
res/vIH.xml,3324,.xml,undefined,unused,"未引用（保留索引）"
res/vIZ.xml,1704,.xml,undefined,unused,"未引用（保留索引）"
res/vIa.xml,1104,.xml,undefined,unused,"未引用（保留索引）"
res/vIa1.xml,3500,.xml,undefined,unused,"未引用（保留索引）"
res/vIe.png,261,.png,undefined,unused,"未引用（保留索引）"
res/vJ3.png,1588,.png,undefined,unused,"未引用（保留索引）"
res/vJ7.otf,28280,.otf,undefined,unused,"未引用（保留索引）"
res/vJy.xml,3396,.xml,undefined,unused,"未引用（保留索引）"
res/vKJ.png,2223,.png,undefined,unused,"未引用（保留索引）"
res/vKP.webp,26450,.webp,undefined,unused,"未引用（保留索引）"
res/vL4.xml,8276,.xml,undefined,unused,"未引用（保留索引）"
res/vLE.xml,2180,.xml,undefined,unused,"未引用（保留索引）"
res/vLw.webp,3632,.webp,undefined,unused,"未引用（保留索引）"
res/vM-.png,3532,.png,undefined,unused,"未引用（保留索引）"
res/vMB.xml,3812,.xml,undefined,unused,"未引用（保留索引）"
res/vMD.jpg,12303,.jpg,undefined,unused,"未引用（保留索引）"
res/vMR.xml,1676,.xml,undefined,unused,"未引用（保留索引）"
res/vMh.xml,4576,.xml,undefined,unused,"未引用（保留索引）"
res/vNE.png,12039,.png,undefined,unused,"未引用（保留索引）"
res/vOw.png,15273,.png,undefined,unused,"未引用（保留索引）"
res/vPo.xml,940,.xml,undefined,unused,"未引用（保留索引）"
res/vQL.png,180968,.png,undefined,unused,"未引用（保留索引）"
res/vQb.xml,448,.xml,undefined,unused,"未引用（保留索引）"
res/vRA.png,16543,.png,undefined,unused,"未引用（保留索引）"
res/vRj.xml,3136,.xml,undefined,unused,"未引用（保留索引）"
res/vRq.png,22732,.png,undefined,unused,"未引用（保留索引）"
res/vSH.png,73123,.png,undefined,unused,"未引用（保留索引）"
res/vSs.png,4018,.png,undefined,unused,"未引用（保留索引）"
res/vTB.xml,644,.xml,undefined,unused,"未引用（保留索引）"
res/vTe.9.png,758,.png,undefined,unused,"未引用（保留索引）"
res/vUZ.xml,3228,.xml,undefined,unused,"未引用（保留索引）"
res/vUb.xml,2068,.xml,undefined,unused,"未引用（保留索引）"
res/vUw.webp,6252,.webp,undefined,unused,"未引用（保留索引）"
res/vVM.jpg,50803,.jpg,undefined,unused,"未引用（保留索引）"
res/vVP.xml,12900,.xml,undefined,unused,"未引用（保留索引）"
res/vWR.xml,820,.xml,undefined,unused,"未引用（保留索引）"
res/vWh.xml,2116,.xml,undefined,unused,"未引用（保留索引）"
res/vWs.xml,4980,.xml,undefined,unused,"未引用（保留索引）"
res/vXZ.xml,3744,.xml,undefined,unused,"未引用（保留索引）"
res/vXb.png,8704,.png,undefined,unused,"未引用（保留索引）"
res/vXl.png,1100,.png,undefined,unused,"未引用（保留索引）"
res/vXy.png,6606,.png,undefined,unused,"未引用（保留索引）"
res/vXz.png,5622,.png,undefined,unused,"未引用（保留索引）"
res/vYB.png,2399,.png,undefined,unused,"未引用（保留索引）"
res/vYF.webp,21410,.webp,undefined,unused,"未引用（保留索引）"
res/vYo.webp,39756,.webp,undefined,unused,"未引用（保留索引）"
res/vZz.xml,940,.xml,undefined,unused,"未引用（保留索引）"
res/va7.png,322,.png,undefined,unused,"未引用（保留索引）"
res/vaO.xml,956,.xml,undefined,unused,"未引用（保留索引）"
res/vaS.webp,520,.webp,undefined,unused,"未引用（保留索引）"
res/vay.xml,2880,.xml,undefined,unused,"未引用（保留索引）"
res/vbl.xml,3560,.xml,undefined,unused,"未引用（保留索引）"
res/vc2.webp,47454,.webp,undefined,unused,"未引用（保留索引）"
res/vcK.webp,28780,.webp,undefined,unused,"未引用（保留索引）"
res/vcN.xml,896,.xml,undefined,unused,"未引用（保留索引）"
res/vcR.webp,13532,.webp,undefined,unused,"未引用（保留索引）"
res/vcr.xml,848,.xml,undefined,unused,"未引用（保留索引）"
res/vcy.png,67,.png,undefined,unused,"未引用（保留索引）"
res/vd5.png,267,.png,undefined,unused,"未引用（保留索引）"
res/vdc.9.png,420,.png,undefined,unused,"未引用（保留索引）"
res/vf9.png,500,.png,undefined,unused,"未引用（保留索引）"
res/vfF.xml,500,.xml,undefined,unused,"未引用（保留索引）"
res/vfH.xml,2568,.xml,undefined,unused,"未引用（保留索引）"
res/vfU.png,1496,.png,undefined,unused,"未引用（保留索引）"
res/vfZ.xml,576,.xml,undefined,unused,"未引用（保留索引）"
res/vfc.png,25557,.png,undefined,unused,"未引用（保留索引）"
res/vgq.webp,4530,.webp,undefined,unused,"未引用（保留索引）"
res/vhB.png,2917,.png,undefined,unused,"未引用（保留索引）"
res/vhP.webp,2168,.webp,undefined,unused,"未引用（保留索引）"
res/vhb.png,22906,.png,undefined,unused,"未引用（保留索引）"
res/vhq.png,657,.png,undefined,unused,"未引用（保留索引）"
res/vhq.webp,502,.webp,undefined,unused,"未引用（保留索引）"
res/vhq1.png,13907,.png,undefined,unused,"未引用（保留索引）"
res/viT.xml,8620,.xml,undefined,unused,"未引用（保留索引）"
res/vit.png,4973,.png,undefined,unused,"未引用（保留索引）"
res/vj1.xml,3132,.xml,undefined,unused,"未引用（保留索引）"
res/vk-.xml,1816,.xml,undefined,unused,"未引用（保留索引）"
res/vkO.webp,1104,.webp,undefined,unused,"未引用（保留索引）"
res/vku.png,15245,.png,undefined,unused,"未引用（保留索引）"
res/vlJ.xml,608,.xml,undefined,unused,"未引用（保留索引）"
res/vlj.xml,2172,.xml,undefined,unused,"未引用（保留索引）"
res/vmB.xml,704,.xml,undefined,unused,"未引用（保留索引）"
res/vnZ.webp,13706,.webp,undefined,unused,"未引用（保留索引）"
res/vnk.xml,10468,.xml,undefined,unused,"未引用（保留索引）"
res/vnn.xml,1720,.xml,undefined,unused,"未引用（保留索引）"
res/vns.xml,576,.xml,undefined,unused,"未引用（保留索引）"
res/vnx.png,836,.png,undefined,unused,"未引用（保留索引）"
res/vo-.xml,3680,.xml,undefined,unused,"未引用（保留索引）"
res/vo9.png,600,.png,undefined,unused,"未引用（保留索引）"
res/vos.xml,1784,.xml,undefined,unused,"未引用（保留索引）"
res/vp0.xml,2756,.xml,undefined,unused,"未引用（保留索引）"
res/vp3.xml,388,.xml,undefined,unused,"未引用（保留索引）"
res/vpq.9.png,4504,.png,undefined,unused,"未引用（保留索引）"
res/vq5.webp,13050,.webp,undefined,unused,"未引用（保留索引）"
res/vqP.png,2187,.png,undefined,unused,"未引用（保留索引）"
res/vrX.xml,12756,.xml,undefined,unused,"未引用（保留索引）"
res/vs-.xml,1972,.xml,undefined,unused,"未引用（保留索引）"
res/vs_.png,1039,.png,undefined,unused,"未引用（保留索引）"
res/vsx.xml,3832,.xml,undefined,unused,"未引用（保留索引）"
res/vtV.png,67,.png,undefined,unused,"未引用（保留索引）"
res/vtq.png,6974,.png,undefined,unused,"未引用（保留索引）"
res/vug.png,2476,.png,undefined,unused,"未引用（保留索引）"
res/vv7.xml,988,.xml,undefined,unused,"未引用（保留索引）"
res/vvL.png,14195,.png,undefined,unused,"未引用（保留索引）"
res/vvR.xml,3324,.xml,undefined,unused,"未引用（保留索引）"
res/vw0.png,22490,.png,undefined,unused,"未引用（保留索引）"
res/vwM.xml,14720,.xml,undefined,unused,"未引用（保留索引）"
res/vwQ.xml,2896,.xml,undefined,unused,"未引用（保留索引）"
res/vwl.xml,1536,.xml,undefined,unused,"未引用（保留索引）"
res/vwm.xml,2596,.xml,undefined,unused,"未引用（保留索引）"
res/vxI.png,99034,.png,undefined,unused,"未引用（保留索引）"
res/vxg.png,513,.png,undefined,unused,"未引用（保留索引）"
res/vxq.png,789,.png,undefined,unused,"未引用（保留索引）"
res/vy0.9.png,226,.png,undefined,unused,"未引用（保留索引）"
res/vyP.xml,520,.xml,undefined,unused,"未引用（保留索引）"
res/vyr.png,786,.png,undefined,unused,"未引用（保留索引）"
res/vz5.xml,18360,.xml,undefined,unused,"未引用（保留索引）"
res/vz6.webp,20596,.webp,undefined,unused,"未引用（保留索引）"
res/vz9.xml,856,.xml,undefined,unused,"未引用（保留索引）"
res/vzE.xml,9768,.xml,undefined,unused,"未引用（保留索引）"
res/vzV.png,3535,.png,undefined,unused,"未引用（保留索引）"
res/vzy.webp,25138,.webp,undefined,unused,"未引用（保留索引）"
res/w-c.png,11223,.png,undefined,unused,"未引用（保留索引）"
res/w03.xml,1188,.xml,undefined,unused,"未引用（保留索引）"
res/w07.png,1491,.png,undefined,unused,"未引用（保留索引）"
res/w0S.xml,11360,.xml,undefined,unused,"未引用（保留索引）"
res/w0W.xml,888,.xml,undefined,unused,"未引用（保留索引）"
res/w0g.webp,4166,.webp,undefined,unused,"未引用（保留索引）"
res/w0x.9.png,3671,.png,undefined,unused,"未引用（保留索引）"
res/w1I.webp,102180,.webp,undefined,unused,"未引用（保留索引）"
res/w1J.png,357,.png,undefined,unused,"未引用（保留索引）"
res/w1c.xml,1204,.xml,undefined,unused,"未引用（保留索引）"
res/w1h.webp,1562,.webp,undefined,unused,"未引用（保留索引）"
res/w2Q.png,250,.png,undefined,unused,"未引用（保留索引）"
res/w2U.xml,2904,.xml,undefined,unused,"未引用（保留索引）"
res/w3U.xml,1140,.xml,undefined,unused,"未引用（保留索引）"
res/w3p.xml,484,.xml,undefined,unused,"未引用（保留索引）"
res/w46.webp,26286,.webp,undefined,unused,"未引用（保留索引）"
res/w4J.xml,4696,.xml,undefined,unused,"未引用（保留索引）"
res/w4k.png,980,.png,undefined,unused,"未引用（保留索引）"
res/w4o.xml,488,.xml,undefined,unused,"未引用（保留索引）"
res/w4x.xml,2652,.xml,undefined,unused,"未引用（保留索引）"
res/w5y.png,821,.png,undefined,unused,"未引用（保留索引）"
res/w64.png,5608,.png,undefined,unused,"未引用（保留索引）"
res/w6A.webp,15608,.webp,undefined,unused,"未引用（保留索引）"
res/w6H.xml,5116,.xml,undefined,unused,"未引用（保留索引）"
res/w6R.png,5620,.png,undefined,unused,"未引用（保留索引）"
res/w6S.png,296,.png,undefined,unused,"未引用（保留索引）"
res/w6V.png,7055,.png,undefined,unused,"未引用（保留索引）"
res/w7W.xml,1436,.xml,undefined,unused,"未引用（保留索引）"
res/w7w.xml,4952,.xml,undefined,unused,"未引用（保留索引）"
res/w8-.png,326,.png,undefined,unused,"未引用（保留索引）"
res/w8M.png,323,.png,undefined,unused,"未引用（保留索引）"
res/w8r.xml,4736,.xml,undefined,unused,"未引用（保留索引）"
res/w8z.png,5557,.png,undefined,unused,"未引用（保留索引）"
res/wA9.xml,1576,.xml,undefined,unused,"未引用（保留索引）"
res/wAC.xml,472,.xml,undefined,unused,"未引用（保留索引）"
res/wAb.xml,312,.xml,undefined,unused,"未引用（保留索引）"
res/wBe.png,2498,.png,undefined,unused,"未引用（保留索引）"
res/wCM.xml,1140,.xml,undefined,unused,"未引用（保留索引）"
res/wCS.xml,372,.xml,undefined,unused,"未引用（保留索引）"
res/wCp.xml,740,.xml,undefined,unused,"未引用（保留索引）"
res/wDI.png,286,.png,undefined,unused,"未引用（保留索引）"
res/wDg.xml,2768,.xml,undefined,unused,"未引用（保留索引）"
res/wEs.xml,3732,.xml,undefined,unused,"未引用（保留索引）"
res/wFQ.xml,448,.xml,undefined,unused,"未引用（保留索引）"
res/wFg.png,35656,.png,undefined,unused,"未引用（保留索引）"
res/wG7.png,9046,.png,undefined,unused,"未引用（保留索引）"
res/wGo.xml,796,.xml,undefined,unused,"未引用（保留索引）"
res/wGs.webp,4030,.webp,undefined,unused,"未引用（保留索引）"
res/wHQ.9.png,4882,.png,undefined,unused,"未引用（保留索引）"
res/wHZ.xml,520,.xml,undefined,unused,"未引用（保留索引）"
res/wIc.xml,1272,.xml,undefined,unused,"未引用（保留索引）"
res/wIt.png,2154,.png,undefined,unused,"未引用（保留索引）"
res/wJ8.png,4838,.png,undefined,unused,"未引用（保留索引）"
res/wJJ.png,2831,.png,undefined,unused,"未引用（保留索引）"
res/wJc.png,981,.png,undefined,unused,"未引用（保留索引）"
res/wKb.xml,804,.xml,undefined,unused,"未引用（保留索引）"
res/wKe.webp,706,.webp,undefined,unused,"未引用（保留索引）"
res/wKl.9.png,209,.png,undefined,unused,"未引用（保留索引）"
res/wL0.9.png,192,.png,undefined,unused,"未引用（保留索引）"
res/wLH.png,765,.png,undefined,unused,"未引用（保留索引）"
res/wLk.webp,260,.webp,undefined,unused,"未引用（保留索引）"
res/wLq.webp,3392,.webp,undefined,unused,"未引用（保留索引）"
res/wMd.xml,880,.xml,undefined,unused,"未引用（保留索引）"
res/wNe.png,224,.png,undefined,unused,"未引用（保留索引）"
res/wNx.png,13504,.png,undefined,unused,"未引用（保留索引）"
res/wP6.png,1867,.png,undefined,unused,"未引用（保留索引）"
res/wP7.xml,3376,.xml,undefined,unused,"未引用（保留索引）"
res/wPa.9.png,896,.png,undefined,unused,"未引用（保留索引）"
res/wQ-.xml,3544,.xml,undefined,unused,"未引用（保留索引）"
res/wRw.xml,532,.xml,undefined,unused,"未引用（保留索引）"
res/wSN.png,505,.png,undefined,unused,"未引用（保留索引）"
res/wSj.png,6177,.png,undefined,unused,"未引用（保留索引）"
res/wT-.9.png,1214,.png,undefined,unused,"未引用（保留索引）"
res/wTU.png,267,.png,undefined,unused,"未引用（保留索引）"
res/wTc.png,320,.png,undefined,unused,"未引用（保留索引）"
res/wTv.xml,7552,.xml,undefined,unused,"未引用（保留索引）"
res/wUb.xml,1420,.xml,undefined,unused,"未引用（保留索引）"
res/wVx.png,993,.png,undefined,unused,"未引用（保留索引）"
res/wW7.webp,1822,.webp,undefined,unused,"未引用（保留索引）"
res/wWm.png,86360,.png,undefined,unused,"未引用（保留索引）"
res/wWy.png,251,.png,undefined,unused,"未引用（保留索引）"
res/wXL.webp,26080,.webp,undefined,unused,"未引用（保留索引）"
res/wXf.png,77649,.png,undefined,unused,"未引用（保留索引）"
res/wYC.xml,468,.xml,undefined,unused,"未引用（保留索引）"
res/wYO.xml,2972,.xml,undefined,unused,"未引用（保留索引）"
res/wYv.xml,740,.xml,undefined,unused,"未引用（保留索引）"
res/wZ-.png,2065,.png,undefined,unused,"未引用（保留索引）"
res/wZK.xml,484,.xml,undefined,unused,"未引用（保留索引）"
res/w_5.png,2651,.png,undefined,unused,"未引用（保留索引）"
res/w_8.xml,2592,.xml,undefined,unused,"未引用（保留索引）"
res/w_Q.xml,924,.xml,undefined,unused,"未引用（保留索引）"
res/w_p.png,5694,.png,undefined,unused,"未引用（保留索引）"
res/wa3.png,42179,.png,undefined,unused,"未引用（保留索引）"
res/waN.png,129,.png,undefined,unused,"未引用（保留索引）"
res/waV.png,10706,.png,undefined,unused,"未引用（保留索引）"
res/wal.png,623,.png,undefined,unused,"未引用（保留索引）"
res/wal1.png,8958,.png,undefined,unused,"未引用（保留索引）"
res/wav.png,247,.png,undefined,unused,"未引用（保留索引）"
res/wbB.xml,6768,.xml,undefined,unused,"未引用（保留索引）"
res/wbJ.png,398,.png,undefined,unused,"未引用（保留索引）"
res/wbM.png,427,.png,undefined,unused,"未引用（保留索引）"
res/wbp.otf,31144,.otf,undefined,unused,"未引用（保留索引）"
res/wck.webp,24626,.webp,undefined,unused,"未引用（保留索引）"
res/wdU.webp,3228,.webp,undefined,unused,"未引用（保留索引）"
res/we4.webp,13754,.webp,undefined,unused,"未引用（保留索引）"
res/we7.xml,2884,.xml,undefined,unused,"未引用（保留索引）"
res/weM.png,628,.png,undefined,unused,"未引用（保留索引）"
res/wer.xml,1520,.xml,undefined,unused,"未引用（保留索引）"
res/wf1.png,6877,.png,undefined,unused,"未引用（保留索引）"
res/wfF.xml,456,.xml,undefined,unused,"未引用（保留索引）"
res/wfH.png,55964,.png,undefined,unused,"未引用（保留索引）"
res/wgB.png,581,.png,undefined,unused,"未引用（保留索引）"
res/wgj.png,1319,.png,undefined,unused,"未引用（保留索引）"
res/wgm.xml,2668,.xml,undefined,unused,"未引用（保留索引）"
res/whJ.xml,3040,.xml,undefined,unused,"未引用（保留索引）"
res/whb.webp,30878,.webp,undefined,unused,"未引用（保留索引）"
res/whn.png,8473,.png,undefined,unused,"未引用（保留索引）"
res/who.png,9774,.png,undefined,unused,"未引用（保留索引）"
res/whq.png,9506,.png,undefined,unused,"未引用（保留索引）"
res/whz.png,8720,.png,undefined,unused,"未引用（保留索引）"
res/wiH.9.png,1243,.png,undefined,unused,"未引用（保留索引）"
res/wiO.webp,938,.webp,undefined,unused,"未引用（保留索引）"
res/wiS.9.png,1731,.png,undefined,unused,"未引用（保留索引）"
res/wik.png,67,.png,undefined,unused,"未引用（保留索引）"
res/wj3.xml,1444,.xml,undefined,unused,"未引用（保留索引）"
res/wjE.webp,1116,.webp,undefined,unused,"未引用（保留索引）"
res/wjN.xml,2340,.xml,undefined,unused,"未引用（保留索引）"
res/wjn.png,132388,.png,undefined,unused,"未引用（保留索引）"
res/wkC.xml,464,.xml,undefined,unused,"未引用（保留索引）"
res/wkJ.png,845,.png,undefined,unused,"未引用（保留索引）"
res/wkX.png,509,.png,undefined,unused,"未引用（保留索引）"
res/wkx.xml,7176,.xml,undefined,unused,"未引用（保留索引）"
res/wlq.png,3651,.png,undefined,unused,"未引用（保留索引）"
res/wlv.png,13230,.png,undefined,unused,"未引用（保留索引）"
res/wme.png,6996,.png,undefined,unused,"未引用（保留索引）"
res/wmo.png,2377,.png,undefined,unused,"未引用（保留索引）"
res/wn2.png,2654,.png,undefined,unused,"未引用（保留索引）"
res/wn2.xml,564,.xml,undefined,unused,"未引用（保留索引）"
res/wnK.png,2322,.png,undefined,unused,"未引用（保留索引）"
res/wnM.png,1025,.png,undefined,unused,"未引用（保留索引）"
res/wnf.xml,396,.xml,undefined,unused,"未引用（保留索引）"
res/wnj.png,1225,.png,undefined,unused,"未引用（保留索引）"
res/wnn.xml,476,.xml,undefined,unused,"未引用（保留索引）"
res/woY.xml,796,.xml,undefined,unused,"未引用（保留索引）"
res/woq.png,91793,.png,undefined,unused,"未引用（保留索引）"
res/wpO.png,471,.png,undefined,unused,"未引用（保留索引）"
res/wpz.png,67,.png,undefined,unused,"未引用（保留索引）"
res/wqX.webp,11416,.webp,undefined,unused,"未引用（保留索引）"
res/wr6.png,751,.png,undefined,unused,"未引用（保留索引）"
res/wrE.xml,6936,.xml,undefined,unused,"未引用（保留索引）"
res/wrN.png,9846,.png,undefined,unused,"未引用（保留索引）"
res/wr_.webp,8084,.webp,undefined,unused,"未引用（保留索引）"
res/wrg.png,6901,.png,undefined,unused,"未引用（保留索引）"
res/wsA.xml,616,.xml,undefined,unused,"未引用（保留索引）"
res/wt9.png,9028,.png,undefined,unused,"未引用（保留索引）"
res/wvI.9.png,720,.png,undefined,unused,"未引用（保留索引）"
res/wvl.xml,5008,.xml,undefined,unused,"未引用（保留索引）"
res/ww1.xml,272,.xml,undefined,unused,"未引用（保留索引）"
res/ww7.webp,4662,.webp,undefined,unused,"未引用（保留索引）"
res/wwq.webp,72998,.webp,undefined,unused,"未引用（保留索引）"
res/wxj.png,2381,.png,undefined,unused,"未引用（保留索引）"
res/wyC.webp,1880,.webp,undefined,unused,"未引用（保留索引）"
res/wyR.png,51152,.png,undefined,unused,"未引用（保留索引）"
res/wyY.xml,484,.xml,undefined,unused,"未引用（保留索引）"
res/wyq.png,9824,.png,undefined,unused,"未引用（保留索引）"
res/wz-.xml,468,.xml,undefined,unused,"未引用（保留索引）"
res/wzF.xml,716,.xml,undefined,unused,"未引用（保留索引）"
res/wzW.xml,1016,.xml,undefined,unused,"未引用（保留索引）"
res/x06.xml,584,.xml,undefined,unused,"未引用（保留索引）"
res/x19.webp,5832,.webp,undefined,unused,"未引用（保留索引）"
res/x1j.png,4056,.png,undefined,unused,"未引用（保留索引）"
res/x1p.xml,516,.xml,undefined,unused,"未引用（保留索引）"
res/x2r.png,2224,.png,undefined,unused,"未引用（保留索引）"
res/x32.png,17255,.png,undefined,unused,"未引用（保留索引）"
res/x3B.png,1851,.png,undefined,unused,"未引用（保留索引）"
res/x3g.png,801,.png,undefined,unused,"未引用（保留索引）"
res/x3k.xml,1612,.xml,undefined,unused,"未引用（保留索引）"
res/x49.xml,724,.xml,undefined,unused,"未引用（保留索引）"
res/x4c.webp,3964,.webp,undefined,unused,"未引用（保留索引）"
res/x4p.xml,1152,.xml,undefined,unused,"未引用（保留索引）"
res/x4w.webp,2732,.webp,undefined,unused,"未引用（保留索引）"
res/x5I.png,760,.png,undefined,unused,"未引用（保留索引）"
res/x5n.9.png,345,.png,undefined,unused,"未引用（保留索引）"
res/x7J.xml,1140,.xml,undefined,unused,"未引用（保留索引）"
res/x7U.xml,696,.xml,undefined,unused,"未引用（保留索引）"
res/x7s.png,16033,.png,undefined,unused,"未引用（保留索引）"
res/x89.webp,2724,.webp,undefined,unused,"未引用（保留索引）"
res/x8t.png,2301,.png,undefined,unused,"未引用（保留索引）"
res/x9J.xml,468,.xml,undefined,unused,"未引用（保留索引）"
res/x9N.png,17707,.png,undefined,unused,"未引用（保留索引）"
res/x9u.png,2273,.png,undefined,unused,"未引用（保留索引）"
res/xAh.xml,1380,.xml,undefined,unused,"未引用（保留索引）"
res/xAy.xml,556,.xml,undefined,unused,"未引用（保留索引）"
res/xB2.png,7736,.png,undefined,unused,"未引用（保留索引）"
res/xB8.xml,880,.xml,undefined,unused,"未引用（保留索引）"
res/xBP.xml,1128,.xml,undefined,unused,"未引用（保留索引）"
res/xBW.xml,448,.xml,undefined,unused,"未引用（保留索引）"
res/xBa.png,7585,.png,undefined,unused,"未引用（保留索引）"
res/xCJ.xml,9760,.xml,undefined,unused,"未引用（保留索引）"
res/xCf.xml,724,.xml,undefined,unused,"未引用（保留索引）"
res/xDB.png,603,.png,undefined,unused,"未引用（保留索引）"
res/xDF.xml,484,.xml,undefined,unused,"未引用（保留索引）"
res/xDJ.png,67193,.png,undefined,unused,"未引用（保留索引）"
res/xDL.png,1456,.png,undefined,unused,"未引用（保留索引）"
res/xDO.png,426,.png,undefined,unused,"未引用（保留索引）"
res/xEI.xml,8000,.xml,undefined,unused,"未引用（保留索引）"
res/xFA.png,24348,.png,undefined,unused,"未引用（保留索引）"
res/xFL.png,19830,.png,undefined,unused,"未引用（保留索引）"
res/xGH.webp,4386,.webp,undefined,unused,"未引用（保留索引）"
res/xGd.png,4231,.png,undefined,unused,"未引用（保留索引）"
res/xGg.png,8319,.png,undefined,unused,"未引用（保留索引）"
res/xGi.png,354,.png,undefined,unused,"未引用（保留索引）"
res/xGs.png,6536,.png,undefined,unused,"未引用（保留索引）"
res/xGx.png,1295,.png,undefined,unused,"未引用（保留索引）"
res/xHL.xml,2596,.xml,undefined,unused,"未引用（保留索引）"
res/xHh.xml,468,.xml,undefined,unused,"未引用（保留索引）"
res/xHu.png,3684,.png,undefined,unused,"未引用（保留索引）"
res/xIM.xml,3136,.xml,undefined,unused,"未引用（保留索引）"
res/xIO.png,3018,.png,undefined,unused,"未引用（保留索引）"
res/xIV.xml,2160,.xml,undefined,unused,"未引用（保留索引）"
res/xIj.webp,3920,.webp,undefined,unused,"未引用（保留索引）"
res/xJ8.png,92241,.png,undefined,unused,"未引用（保留索引）"
res/xJ81.png,2162,.png,undefined,unused,"未引用（保留索引）"
res/xJB.xml,984,.xml,undefined,unused,"未引用（保留索引）"
res/xJJ.xml,2532,.xml,undefined,unused,"未引用（保留索引）"
res/xJL.webp,70800,.webp,undefined,unused,"未引用（保留索引）"
res/xJL.xml,8448,.xml,undefined,unused,"未引用（保留索引）"
res/xKK.png,9596,.png,undefined,unused,"未引用（保留索引）"
res/xKQ.png,16930,.png,undefined,unused,"未引用（保留索引）"
res/xLk.png,7410,.png,undefined,unused,"未引用（保留索引）"
res/xLm.xml,488,.xml,undefined,unused,"未引用（保留索引）"
res/xM9.png,3785,.png,undefined,unused,"未引用（保留索引）"
res/xMt.webp,3994,.webp,undefined,unused,"未引用（保留索引）"
res/xNM.xml,1592,.xml,undefined,unused,"未引用（保留索引）"
res/xNN.png,1119,.png,undefined,unused,"未引用（保留索引）"
res/xNW.xml,2372,.xml,undefined,unused,"未引用（保留索引）"
res/xNZ.webp,4728,.webp,undefined,unused,"未引用（保留索引）"
res/xNm.xml,464,.xml,undefined,unused,"未引用（保留索引）"
res/xO0.png,3193,.png,undefined,unused,"未引用（保留索引）"
res/xOP.png,1007,.png,undefined,unused,"未引用（保留索引）"
res/xOu.webp,6720,.webp,undefined,unused,"未引用（保留索引）"
res/xPT.webp,17266,.webp,undefined,unused,"未引用（保留索引）"
res/xPr.xml,2348,.xml,undefined,unused,"未引用（保留索引）"
res/xQ7.xml,1892,.xml,undefined,unused,"未引用（保留索引）"
res/xRI.png,304,.png,undefined,unused,"未引用（保留索引）"
res/xS2.png,701,.png,undefined,unused,"未引用（保留索引）"
res/xSH.png,23844,.png,undefined,unused,"未引用（保留索引）"
res/xT2.png,1255,.png,undefined,unused,"未引用（保留索引）"
res/xTQ.xml,2116,.xml,undefined,unused,"未引用（保留索引）"
res/xTq.png,7107,.png,undefined,unused,"未引用（保留索引）"
res/xTq1.png,1303,.png,undefined,unused,"未引用（保留索引）"
res/xTs.png,426,.png,undefined,unused,"未引用（保留索引）"
res/xTt.png,694,.png,undefined,unused,"未引用（保留索引）"
res/xU2.xml,1424,.xml,undefined,unused,"未引用（保留索引）"
res/xUL.xml,576,.xml,undefined,unused,"未引用（保留索引）"
res/xVT.png,880,.png,undefined,unused,"未引用（保留索引）"
res/xVw.webp,548,.webp,undefined,unused,"未引用（保留索引）"
res/xWo.png,8452,.png,undefined,unused,"未引用（保留索引）"
res/xWs.webp,3688,.webp,undefined,unused,"未引用（保留索引）"
res/xYJ.png,782,.png,undefined,unused,"未引用（保留索引）"
res/xYU.png,4535,.png,undefined,unused,"未引用（保留索引）"
res/xYc.webp,148052,.webp,undefined,unused,"未引用（保留索引）"
res/xYn.xml,484,.xml,undefined,unused,"未引用（保留索引）"
res/xZ9.xml,704,.xml,undefined,unused,"未引用（保留索引）"
res/xZz.xml,5512,.xml,undefined,unused,"未引用（保留索引）"
res/x_4.png,1678,.png,undefined,unused,"未引用（保留索引）"
res/x_T.xml,6116,.xml,undefined,unused,"未引用（保留索引）"
res/xbH.webp,4638,.webp,undefined,unused,"未引用（保留索引）"
res/xbf.png,1438,.png,undefined,unused,"未引用（保留索引）"
res/xc3.png,1576,.png,undefined,unused,"未引用（保留索引）"
res/xcT.xml,1156,.xml,undefined,unused,"未引用（保留索引）"
res/xcf.png,154,.png,undefined,unused,"未引用（保留索引）"
res/xd7.png,258,.png,undefined,unused,"未引用（保留索引）"
res/xdT.png,77573,.png,undefined,unused,"未引用（保留索引）"
res/xda.png,325,.png,undefined,unused,"未引用（保留索引）"
res/xdi.png,6471,.png,undefined,unused,"未引用（保留索引）"
res/xdl.xml,1048,.xml,undefined,unused,"未引用（保留索引）"
res/xdy.webp,18324,.webp,undefined,unused,"未引用（保留索引）"
res/xeC.webp,10938,.webp,undefined,unused,"未引用（保留索引）"
res/xem.png,3393,.png,undefined,unused,"未引用（保留索引）"
res/xer.xml,3736,.xml,undefined,unused,"未引用（保留索引）"
res/xfE.webp,9146,.webp,undefined,unused,"未引用（保留索引）"
res/xfY.png,387,.png,undefined,unused,"未引用（保留索引）"
res/xfo.webp,1042,.webp,undefined,unused,"未引用（保留索引）"
res/xgM.png,729,.png,undefined,unused,"未引用（保留索引）"
res/xgl.webp,46724,.webp,undefined,unused,"未引用（保留索引）"
res/xhA.webp,11468,.webp,undefined,unused,"未引用（保留索引）"
res/xi4.xml,616,.xml,undefined,unused,"未引用（保留索引）"
res/xi8.webp,80728,.webp,undefined,unused,"未引用（保留索引）"
res/xi9.png,13521,.png,undefined,unused,"未引用（保留索引）"
res/xiD.xml,7512,.xml,undefined,unused,"未引用（保留索引）"
res/xiX.png,17671,.png,undefined,unused,"未引用（保留索引）"
res/xiu.xml,3988,.xml,undefined,unused,"未引用（保留索引）"
res/xjO.xml,544,.xml,undefined,unused,"未引用（保留索引）"
res/xjZ.png,7329,.png,undefined,unused,"未引用（保留索引）"
res/xjx.png,1964,.png,undefined,unused,"未引用（保留索引）"
res/xkz.png,1835,.png,undefined,unused,"未引用（保留索引）"
res/xlX.xml,1120,.xml,undefined,unused,"未引用（保留索引）"
res/xls.xml,1356,.xml,undefined,unused,"未引用（保留索引）"
res/xls1.xml,2884,.xml,undefined,unused,"未引用（保留索引）"
res/xm7.xml,836,.xml,undefined,unused,"未引用（保留索引）"
res/xmH.webp,482,.webp,undefined,unused,"未引用（保留索引）"
res/xmS.xml,2280,.xml,undefined,unused,"未引用（保留索引）"
res/xmX.webp,1350,.webp,undefined,unused,"未引用（保留索引）"
res/xmn.xml,704,.xml,undefined,unused,"未引用（保留索引）"
res/xmo.xml,2984,.xml,undefined,unused,"未引用（保留索引）"
res/xnB.xml,1068,.xml,undefined,unused,"未引用（保留索引）"
res/xnW.webp,1012,.webp,undefined,unused,"未引用（保留索引）"
res/xnr.png,2556,.png,undefined,unused,"未引用（保留索引）"
res/xny.xml,3188,.xml,undefined,unused,"未引用（保留索引）"
res/xoQ.webp,16256,.webp,undefined,unused,"未引用（保留索引）"
res/xoh.xml,5896,.xml,undefined,unused,"未引用（保留索引）"
res/xp2.png,1126,.png,undefined,unused,"未引用（保留索引）"
res/xp3.xml,468,.xml,undefined,unused,"未引用（保留索引）"
res/xpU.png,10279,.png,undefined,unused,"未引用（保留索引）"
res/xpW.png,10717,.png,undefined,unused,"未引用（保留索引）"
res/xpX.png,10609,.png,undefined,unused,"未引用（保留索引）"
res/xpg.png,10814,.png,undefined,unused,"未引用（保留索引）"
res/xpi.png,10295,.png,undefined,unused,"未引用（保留索引）"
res/xpj.png,10429,.png,undefined,unused,"未引用（保留索引）"
res/xpr.png,451,.png,undefined,unused,"未引用（保留索引）"
res/xpu.png,10675,.png,undefined,unused,"未引用（保留索引）"
res/xpv.png,10388,.png,undefined,unused,"未引用（保留索引）"
res/xpy.webp,10992,.webp,undefined,unused,"未引用（保留索引）"
res/xqN.png,3203,.png,undefined,unused,"未引用（保留索引）"
res/xqh.webp,576,.webp,undefined,unused,"未引用（保留索引）"
res/xr-.png,52303,.png,undefined,unused,"未引用（保留索引）"
res/xr5.webp,10010,.webp,undefined,unused,"未引用（保留索引）"
res/xrP.xml,4404,.xml,undefined,unused,"未引用（保留索引）"
res/xrR.png,2288,.png,undefined,unused,"未引用（保留索引）"
res/xrV.png,2134,.png,undefined,unused,"未引用（保留索引）"
res/xrj.png,75444,.png,undefined,unused,"未引用（保留索引）"
res/xs6.png,18322,.png,undefined,unused,"未引用（保留索引）"
res/xsg.png,1868,.png,undefined,unused,"未引用（保留索引）"
res/xso.xml,1128,.xml,undefined,unused,"未引用（保留索引）"
res/xuH.webp,1806,.webp,undefined,unused,"未引用（保留索引）"
res/xue.xml,2836,.xml,undefined,unused,"未引用（保留索引）"
res/xwO.png,1264,.png,undefined,unused,"未引用（保留索引）"
res/xwX.webp,7816,.webp,undefined,unused,"未引用（保留索引）"
res/xwX.xml,1536,.xml,undefined,unused,"未引用（保留索引）"
res/xwj.xml,2696,.xml,undefined,unused,"未引用（保留索引）"
res/xxE.webp,196692,.webp,undefined,unused,"未引用（保留索引）"
res/xxi.png,1209,.png,undefined,unused,"未引用（保留索引）"
res/xxt.png,22041,.png,undefined,unused,"未引用（保留索引）"
res/xxy.xml,576,.xml,undefined,unused,"未引用（保留索引）"
res/xyD.png,1389,.png,undefined,unused,"未引用（保留索引）"
res/xyU.xml,1980,.xml,undefined,unused,"未引用（保留索引）"
res/xyg.png,2401,.png,undefined,unused,"未引用（保留索引）"
res/xyp.xml,1888,.xml,undefined,unused,"未引用（保留索引）"
res/xyv.xml,3772,.xml,undefined,unused,"未引用（保留索引）"
res/xz-.xml,704,.xml,undefined,unused,"未引用（保留索引）"
res/xz4.xml,1276,.xml,undefined,unused,"未引用（保留索引）"
res/xzG.png,7320,.png,undefined,unused,"未引用（保留索引）"
res/xzH.png,276,.png,undefined,unused,"未引用（保留索引）"
res/xzQ.xml,484,.xml,undefined,unused,"未引用（保留索引）"
res/y-4.xml,2752,.xml,undefined,unused,"未引用（保留索引）"
res/y-J.xml,6236,.xml,undefined,unused,"未引用（保留索引）"
res/y-l.xml,1008,.xml,undefined,unused,"未引用（保留索引）"
res/y-s.xml,1656,.xml,undefined,unused,"未引用（保留索引）"
res/y-t.png,2020,.png,undefined,unused,"未引用（保留索引）"
res/y08.png,466,.png,undefined,unused,"未引用（保留索引）"
res/y09.xml,484,.xml,undefined,unused,"未引用（保留索引）"
res/y0Q.webp,8108,.webp,undefined,unused,"未引用（保留索引）"
res/y0X.xml,2336,.xml,undefined,unused,"未引用（保留索引）"
res/y0t.png,396,.png,undefined,unused,"未引用（保留索引）"
res/y1F.png,606,.png,undefined,unused,"未引用（保留索引）"
res/y1G.xml,3352,.xml,undefined,unused,"未引用（保留索引）"
res/y2D.webp,386,.webp,undefined,unused,"未引用（保留索引）"
res/y2T.webp,118922,.webp,undefined,unused,"未引用（保留索引）"
res/y3A.xml,3796,.xml,undefined,unused,"未引用（保留索引）"
res/y3T.webp,98424,.webp,undefined,unused,"未引用（保留索引）"
res/y3Z.webp,584,.webp,undefined,unused,"未引用（保留索引）"
res/y3_.webp,1130,.webp,undefined,unused,"未引用（保留索引）"
res/y3l.xml,484,.xml,undefined,unused,"未引用（保留索引）"
res/y4A.xml,4220,.xml,undefined,unused,"未引用（保留索引）"
res/y50.png,548759,.png,undefined,unused,"未引用（保留索引）"
res/y5T.xml,940,.xml,undefined,unused,"未引用（保留索引）"
res/y5q.png,4507,.png,undefined,unused,"未引用（保留索引）"
res/y6E.xml,1320,.xml,undefined,unused,"未引用（保留索引）"
res/y6z.png,3271,.png,undefined,unused,"未引用（保留索引）"
res/y86.xml,3224,.xml,undefined,unused,"未引用（保留索引）"
res/y8B.xml,5952,.xml,undefined,unused,"未引用（保留索引）"
res/y8L.xml,1052,.xml,undefined,unused,"未引用（保留索引）"
res/y8R.xml,1020,.xml,undefined,unused,"未引用（保留索引）"
res/y8S.xml,2596,.xml,undefined,unused,"未引用（保留索引）"
res/y8n.xml,1180,.xml,undefined,unused,"未引用（保留索引）"
res/y91.xml,640,.xml,undefined,unused,"未引用（保留索引）"
res/y92.xml,2632,.xml,undefined,unused,"未引用（保留索引）"
res/y9D.png,4223,.png,undefined,unused,"未引用（保留索引）"
res/yAK.webp,216,.webp,undefined,unused,"未引用（保留索引）"
res/yBb.xml,1416,.xml,undefined,unused,"未引用（保留索引）"
res/yBe.png,2859,.png,undefined,unused,"未引用（保留索引）"
res/yBh.xml,5644,.xml,undefined,unused,"未引用（保留索引）"
res/yBp.webp,244,.webp,undefined,unused,"未引用（保留索引）"
res/yCI.xml,604,.xml,undefined,unused,"未引用（保留索引）"
res/yCM.webp,290,.webp,undefined,unused,"未引用（保留索引）"
res/yCN.xml,1704,.xml,undefined,unused,"未引用（保留索引）"
res/yCO.png,3336,.png,undefined,unused,"未引用（保留索引）"
res/yCs.png,222,.png,undefined,unused,"未引用（保留索引）"
res/yD-.xml,3124,.xml,undefined,unused,"未引用（保留索引）"
res/yDQ.xml,1076,.xml,undefined,unused,"未引用（保留索引）"
res/yDr.webp,334,.webp,undefined,unused,"未引用（保留索引）"
res/yEs.png,1528,.png,undefined,unused,"未引用（保留索引）"
res/yF7.png,27526,.png,undefined,unused,"未引用（保留索引）"
res/yFG.xml,1256,.xml,undefined,unused,"未引用（保留索引）"
res/yFP.png,682,.png,undefined,unused,"未引用（保留索引）"
res/yFs.png,16334,.png,undefined,unused,"未引用（保留索引）"
res/yFv.xml,12224,.xml,undefined,unused,"未引用（保留索引）"
res/yGM.png,5892,.png,undefined,unused,"未引用（保留索引）"
res/yGo.png,745,.png,undefined,unused,"未引用（保留索引）"
res/yHr.png,519,.png,undefined,unused,"未引用（保留索引）"
res/yIS.webp,358,.webp,undefined,unused,"未引用（保留索引）"
res/yKQ.png,12916,.png,undefined,unused,"未引用（保留索引）"
res/yLV.webp,9142,.webp,undefined,unused,"未引用（保留索引）"
res/yL_.xml,468,.xml,undefined,unused,"未引用（保留索引）"
res/yLx.xml,3776,.xml,undefined,unused,"未引用（保留索引）"
res/yMe.webp,360,.webp,undefined,unused,"未引用（保留索引）"
res/yMv.xml,3008,.xml,undefined,unused,"未引用（保留索引）"
res/yN1.png,11086,.png,undefined,unused,"未引用（保留索引）"
res/yN1.webp,396,.webp,undefined,unused,"未引用（保留索引）"
res/yN3.xml,14172,.xml,undefined,unused,"未引用（保留索引）"
res/yNX.png,974,.png,undefined,unused,"未引用（保留索引）"
res/yO0.xml,1740,.xml,undefined,unused,"未引用（保留索引）"
res/yO1.9.png,221,.png,undefined,unused,"未引用（保留索引）"
res/yOQ.webp,412,.webp,undefined,unused,"未引用（保留索引）"
res/yOS.xml,1884,.xml,undefined,unused,"未引用（保留索引）"
res/yOX.png,190179,.png,undefined,unused,"未引用（保留索引）"
res/yP3.webp,392,.webp,undefined,unused,"未引用（保留索引）"
res/yP5.xml,1716,.xml,undefined,unused,"未引用（保留索引）"
res/yPG.png,67,.png,undefined,unused,"未引用（保留索引）"
res/yQF.webp,256982,.webp,undefined,unused,"未引用（保留索引）"
res/yQo.png,732,.png,undefined,unused,"未引用（保留索引）"
res/yQy.png,6635,.png,undefined,unused,"未引用（保留索引）"
res/yR4.xml,4364,.xml,undefined,unused,"未引用（保留索引）"
res/yRJ.xml,3840,.xml,undefined,unused,"未引用（保留索引）"
res/yRg.png,1143,.png,undefined,unused,"未引用（保留索引）"
res/ySS.xml,484,.xml,undefined,unused,"未引用（保留索引）"
res/ySe.png,250,.png,undefined,unused,"未引用（保留索引）"
res/yT7.png,1097,.png,undefined,unused,"未引用（保留索引）"
res/yTC.xml,1008,.xml,undefined,unused,"未引用（保留索引）"
res/yTs.png,42829,.png,undefined,unused,"未引用（保留索引）"
res/yU9.xml,1940,.xml,undefined,unused,"未引用（保留索引）"
res/yUO.xml,3372,.xml,undefined,unused,"未引用（保留索引）"
res/yUT.png,559,.png,undefined,unused,"未引用（保留索引）"
res/yV1.png,11290,.png,undefined,unused,"未引用（保留索引）"
res/yVU.png,17380,.png,undefined,unused,"未引用（保留索引）"
res/yW6.png,142287,.png,undefined,unused,"未引用（保留索引）"
res/yW_.png,733,.png,undefined,unused,"未引用（保留索引）"
res/yWc.png,423,.png,undefined,unused,"未引用（保留索引）"
res/yWw.png,4712,.png,undefined,unused,"未引用（保留索引）"
res/yXB.png,15171,.png,undefined,unused,"未引用（保留索引）"
res/yXq.xml,1248,.xml,undefined,unused,"未引用（保留索引）"
res/yYL.xml,2096,.xml,undefined,unused,"未引用（保留索引）"
res/yZE.xml,6752,.xml,undefined,unused,"未引用（保留索引）"
res/yZa.png,67,.png,undefined,unused,"未引用（保留索引）"
res/yZy.xml,2024,.xml,undefined,unused,"未引用（保留索引）"
res/y_J.xml,468,.xml,undefined,unused,"未引用（保留索引）"
res/yaH.xml,752,.xml,undefined,unused,"未引用（保留索引）"
res/yaO.png,2563,.png,undefined,unused,"未引用（保留索引）"
res/yaV.xml,3840,.xml,undefined,unused,"未引用（保留索引）"
res/yaY.xml,3216,.xml,undefined,unused,"未引用（保留索引）"
res/yb1.xml,932,.xml,undefined,unused,"未引用（保留索引）"
res/yb5.png,5092,.png,undefined,unused,"未引用（保留索引）"
res/ybH.xml,2636,.xml,undefined,unused,"未引用（保留索引）"
res/ybX.xml,11808,.xml,undefined,unused,"未引用（保留索引）"
res/ycC.png,14029,.png,undefined,unused,"未引用（保留索引）"
res/ycZ.png,2122,.png,undefined,unused,"未引用（保留索引）"
res/ydE.xml,2008,.xml,undefined,unused,"未引用（保留索引）"
res/ydF.png,8405,.png,undefined,unused,"未引用（保留索引）"
res/ydf.webp,10832,.webp,undefined,unused,"未引用（保留索引）"
res/ydl.png,71155,.png,undefined,unused,"未引用（保留索引）"
res/ye9.png,297,.png,undefined,unused,"未引用（保留索引）"
res/yeq.png,3493,.png,undefined,unused,"未引用（保留索引）"
res/yf5.xml,556,.xml,undefined,unused,"未引用（保留索引）"
res/yfV.png,300,.png,undefined,unused,"未引用（保留索引）"
res/yfX.png,3760,.png,undefined,unused,"未引用（保留索引）"
res/yfZ.xml,2256,.xml,undefined,unused,"未引用（保留索引）"
res/yfd.xml,1416,.xml,undefined,unused,"未引用（保留索引）"
res/yfk.png,93534,.png,undefined,unused,"未引用（保留索引）"
res/ygq.webp,13026,.webp,undefined,unused,"未引用（保留索引）"
res/ygs.png,6861,.png,undefined,unused,"未引用（保留索引）"
res/yhM.png,16343,.png,undefined,unused,"未引用（保留索引）"
res/yhg.png,65262,.png,undefined,unused,"未引用（保留索引）"
res/yhq.webp,24412,.webp,undefined,unused,"未引用（保留索引）"
res/yhr.png,67,.png,undefined,unused,"未引用（保留索引）"
res/yiT.xml,1000,.xml,undefined,unused,"未引用（保留索引）"
res/yiv.xml,576,.xml,undefined,unused,"未引用（保留索引）"
res/yjB.png,1537,.png,undefined,unused,"未引用（保留索引）"
res/yjs.xml,596,.xml,undefined,unused,"未引用（保留索引）"
res/yju.png,26794,.png,undefined,unused,"未引用（保留索引）"
res/yk3.png,3590,.png,undefined,unused,"未引用（保留索引）"
res/ylw.png,2577,.png,undefined,unused,"未引用（保留索引）"
res/ymI.webp,372,.webp,undefined,unused,"未引用（保留索引）"
res/ym_.xml,844,.xml,undefined,unused,"未引用（保留索引）"
res/ymi.webp,18104,.webp,undefined,unused,"未引用（保留索引）"
res/ymn.png,7823,.png,undefined,unused,"未引用（保留索引）"
res/ymy.xml,4988,.xml,undefined,unused,"未引用（保留索引）"
res/ynH.webp,516,.webp,undefined,unused,"未引用（保留索引）"
res/ynR.png,378,.png,undefined,unused,"未引用（保留索引）"
res/ynq.webp,186,.webp,undefined,unused,"未引用（保留索引）"
res/yoH.png,5040,.png,undefined,unused,"未引用（保留索引）"
res/yol.png,3030,.png,undefined,unused,"未引用（保留索引）"
res/yoo.png,15785,.png,undefined,unused,"未引用（保留索引）"
res/yot.png,4564,.png,undefined,unused,"未引用（保留索引）"
res/ypO.png,259,.png,undefined,unused,"未引用（保留索引）"
res/yq6.png,2457,.png,undefined,unused,"未引用（保留索引）"
res/yqg.webp,21998,.webp,undefined,unused,"未引用（保留索引）"
res/yqw.png,270,.png,undefined,unused,"未引用（保留索引）"
res/yqy.xml,1224,.xml,undefined,unused,"未引用（保留索引）"
res/yrO.xml,13512,.xml,undefined,unused,"未引用（保留索引）"
res/ys-.png,521,.png,undefined,unused,"未引用（保留索引）"
res/ysE.xml,484,.xml,undefined,unused,"未引用（保留索引）"
res/ysk.png,9467,.png,undefined,unused,"未引用（保留索引）"
res/ysk.xml,5600,.xml,undefined,unused,"未引用（保留索引）"
res/ytG.png,15670,.png,undefined,unused,"未引用（保留索引）"
res/yuj.9.png,1959,.png,undefined,unused,"未引用（保留索引）"
res/yv-.png,1137,.png,undefined,unused,"未引用（保留索引）"
res/yvE.xml,448,.xml,undefined,unused,"未引用（保留索引）"
res/yvV.xml,376,.xml,undefined,unused,"未引用（保留索引）"
res/yvc.png,2985,.png,undefined,unused,"未引用（保留索引）"
res/ywL.webp,454,.webp,undefined,unused,"未引用（保留索引）"
res/ywM.xml,628,.xml,undefined,unused,"未引用（保留索引）"
res/ywN.png,16524,.png,undefined,unused,"未引用（保留索引）"
res/yxQ.webp,26668,.webp,undefined,unused,"未引用（保留索引）"
res/yxc.xml,1140,.xml,undefined,unused,"未引用（保留索引）"
res/yxg.webp,228,.webp,undefined,unused,"未引用（保留索引）"
res/yyB.xml,972,.xml,undefined,unused,"未引用（保留索引）"
res/yyh.xml,7836,.xml,undefined,unused,"未引用（保留索引）"
res/yyo.xml,2264,.xml,undefined,unused,"未引用（保留索引）"
res/yyu.png,342,.png,undefined,unused,"未引用（保留索引）"
res/yzB.png,3643,.png,undefined,unused,"未引用（保留索引）"
res/z0A.png,10675,.png,undefined,unused,"未引用（保留索引）"
res/z0K.png,2015,.png,undefined,unused,"未引用（保留索引）"
res/z1N.xml,424,.xml,undefined,unused,"未引用（保留索引）"
res/z1i.webp,6786,.webp,undefined,unused,"未引用（保留索引）"
res/z1n.webp,3424,.webp,undefined,unused,"未引用（保留索引）"
res/z23.png,1614,.png,undefined,unused,"未引用（保留索引）"
res/z2F.webp,2030,.webp,undefined,unused,"未引用（保留索引）"
res/z2x.png,617,.png,undefined,unused,"未引用（保留索引）"
res/z31.xml,816,.xml,undefined,unused,"未引用（保留索引）"
res/z3T.xml,396,.xml,undefined,unused,"未引用（保留索引）"
res/z3s.png,6843,.png,undefined,unused,"未引用（保留索引）"
res/z4C.png,222,.png,undefined,unused,"未引用（保留索引）"
res/z4L.webp,5980,.webp,undefined,unused,"未引用（保留索引）"
res/z4M.webp,14842,.webp,undefined,unused,"未引用（保留索引）"
res/z5C.png,1478,.png,undefined,unused,"未引用（保留索引）"
res/z5R.webp,19140,.webp,undefined,unused,"未引用（保留索引）"
res/z5p.png,423,.png,undefined,unused,"未引用（保留索引）"
res/z6d.xml,7980,.xml,undefined,unused,"未引用（保留索引）"
res/z7I.png,493,.png,undefined,unused,"未引用（保留索引）"
res/z92.xml,704,.xml,undefined,unused,"未引用（保留索引）"
res/z94.xml,3156,.xml,undefined,unused,"未引用（保留索引）"
res/z99.png,1102,.png,undefined,unused,"未引用（保留索引）"
res/z9q.png,52398,.png,undefined,unused,"未引用（保留索引）"
res/zA7.webp,1664,.webp,undefined,unused,"未引用（保留索引）"
res/zAj.xml,2260,.xml,undefined,unused,"未引用（保留索引）"
res/zAp.xml,4164,.xml,undefined,unused,"未引用（保留索引）"
res/zBC.xml,612,.xml,undefined,unused,"未引用（保留索引）"
res/zBJ.png,2156,.png,undefined,unused,"未引用（保留索引）"
res/zBJ1.png,951,.png,undefined,unused,"未引用（保留索引）"
res/zBV.png,446,.png,undefined,unused,"未引用（保留索引）"
res/zDJ.png,38749,.png,undefined,unused,"未引用（保留索引）"
res/zDU.png,421,.png,undefined,unused,"未引用（保留索引）"
res/zE1.png,7254,.png,undefined,unused,"未引用（保留索引）"
res/zES.png,196,.png,undefined,unused,"未引用（保留索引）"
res/zET.9.png,11765,.png,undefined,unused,"未引用（保留索引）"
res/zEV.webp,3542,.webp,undefined,unused,"未引用（保留索引）"
res/zEe.xml,3776,.xml,undefined,unused,"未引用（保留索引）"
res/zF-.png,385,.png,undefined,unused,"未引用（保留索引）"
res/zFG.png,1269,.png,undefined,unused,"未引用（保留索引）"
res/zG4.webp,666,.webp,undefined,unused,"未引用（保留索引）"
res/zGA.xml,956,.xml,undefined,unused,"未引用（保留索引）"
res/zGX.xml,3700,.xml,undefined,unused,"未引用（保留索引）"
res/zH-.png,28316,.png,undefined,unused,"未引用（保留索引）"
res/zH3.png,849,.png,undefined,unused,"未引用（保留索引）"
res/zH3.webp,16206,.webp,undefined,unused,"未引用（保留索引）"
res/zH6.png,22196,.png,undefined,unused,"未引用（保留索引）"
res/zHG.png,18593,.png,undefined,unused,"未引用（保留索引）"
res/zHI.webp,0,.webp,undefined,unused,"未引用（保留索引）"
res/zHc.xml,1116,.xml,undefined,unused,"未引用（保留索引）"
res/zIM.png,23336,.png,undefined,unused,"未引用（保留索引）"
res/zIo.png,17224,.png,undefined,unused,"未引用（保留索引）"
res/zJX.xml,17124,.xml,undefined,unused,"未引用（保留索引）"
res/zJa.webp,0,.webp,undefined,unused,"未引用（保留索引）"
res/zJe.png,6146,.png,undefined,unused,"未引用（保留索引）"
res/zJt.xml,3804,.xml,undefined,unused,"未引用（保留索引）"
res/zKA.png,332,.png,undefined,unused,"未引用（保留索引）"
res/zKZ.png,1938,.png,undefined,unused,"未引用（保留索引）"
res/zKi.png,11823,.png,undefined,unused,"未引用（保留索引）"
res/zLx.webp,12726,.webp,undefined,unused,"未引用（保留索引）"
res/zNP.xml,1348,.xml,undefined,unused,"未引用（保留索引）"
res/zNk.png,16314,.png,undefined,unused,"未引用（保留索引）"
res/zNl.xml,464,.xml,undefined,unused,"未引用（保留索引）"
res/zNx.xml,6756,.xml,undefined,unused,"未引用（保留索引）"
res/zOM.png,433,.png,undefined,unused,"未引用（保留索引）"
res/zOP.xml,2520,.xml,undefined,unused,"未引用（保留索引）"
res/zOb.xml,412,.xml,undefined,unused,"未引用（保留索引）"
res/zPC.xml,5804,.xml,undefined,unused,"未引用（保留索引）"
res/zQ4.png,10978,.png,undefined,unused,"未引用（保留索引）"
res/zQ5.png,464,.png,undefined,unused,"未引用（保留索引）"
res/zQ6.webp,290,.webp,undefined,unused,"未引用（保留索引）"
res/zQO.png,4346,.png,undefined,unused,"未引用（保留索引）"
res/zQg.xml,4192,.xml,undefined,unused,"未引用（保留索引）"
res/zQm.png,1023,.png,undefined,unused,"未引用（保留索引）"
res/zQt.xml,3596,.xml,undefined,unused,"未引用（保留索引）"
res/zRV.xml,676,.xml,undefined,unused,"未引用（保留索引）"
res/zSK.xml,16416,.xml,undefined,unused,"未引用（保留索引）"
res/zT_.png,15549,.png,undefined,unused,"未引用（保留索引）"
res/zTb.webp,7758,.webp,undefined,unused,"未引用（保留索引）"
res/zUB.webp,18872,.webp,undefined,unused,"未引用（保留索引）"
res/zVI.xml,576,.xml,undefined,unused,"未引用（保留索引）"
res/zVk.webp,31920,.webp,undefined,unused,"未引用（保留索引）"
res/zWL.png,9201,.png,undefined,unused,"未引用（保留索引）"
res/zWY.png,39704,.png,undefined,unused,"未引用（保留索引）"
res/zX4.xml,776,.xml,undefined,unused,"未引用（保留索引）"
res/zXP.webp,348,.webp,undefined,unused,"未引用（保留索引）"
res/zXh.xml,4684,.xml,undefined,unused,"未引用（保留索引）"
res/zXq.png,2252,.png,undefined,unused,"未引用（保留索引）"
res/zYb.xml,752,.xml,undefined,unused,"未引用（保留索引）"
res/zZ2.webp,0,.webp,undefined,unused,"未引用（保留索引）"
res/zZO.png,6876,.png,undefined,unused,"未引用（保留索引）"
res/zZc.png,699,.png,undefined,unused,"未引用（保留索引）"
res/z_P.webp,11388,.webp,undefined,unused,"未引用（保留索引）"
res/z_b.png,2805,.png,undefined,unused,"未引用（保留索引）"
res/za6.png,7605,.png,undefined,unused,"未引用（保留索引）"
res/zaj.png,4013,.png,undefined,unused,"未引用（保留索引）"
res/zba.xml,13188,.xml,undefined,unused,"未引用（保留索引）"
res/zdc.xml,1024,.xml,undefined,unused,"未引用（保留索引）"
res/zde.xml,3076,.xml,undefined,unused,"未引用（保留索引）"
res/zdt.xml,2516,.xml,undefined,unused,"未引用（保留索引）"
res/zdv.png,298,.png,undefined,unused,"未引用（保留索引）"
res/ze7.xml,468,.xml,undefined,unused,"未引用（保留索引）"
res/zeA.9.png,31624,.png,undefined,unused,"未引用（保留索引）"
res/zeo.xml,576,.xml,undefined,unused,"未引用（保留索引）"
res/zfF.png,336,.png,undefined,unused,"未引用（保留索引）"
res/zfI.webp,1016,.webp,undefined,unused,"未引用（保留索引）"
res/zfT.xml,4284,.xml,undefined,unused,"未引用（保留索引）"
res/zgV.png,3846,.png,undefined,unused,"未引用（保留索引）"
res/zgm.png,17836,.png,undefined,unused,"未引用（保留索引）"
res/zh7.xml,484,.xml,undefined,unused,"未引用（保留索引）"
res/zhP.webp,12114,.webp,undefined,unused,"未引用（保留索引）"
res/zhq.webp,200,.webp,undefined,unused,"未引用（保留索引）"
res/zi-.xml,4764,.xml,undefined,unused,"未引用（保留索引）"
res/zi8.xml,9616,.xml,undefined,unused,"未引用（保留索引）"
res/ziK.xml,2996,.xml,undefined,unused,"未引用（保留索引）"
res/ziZ.png,1637,.png,undefined,unused,"未引用（保留索引）"
res/zim.png,15337,.png,undefined,unused,"未引用（保留索引）"
res/zjE.png,17291,.png,undefined,unused,"未引用（保留索引）"
res/zjF.xml,15396,.xml,undefined,unused,"未引用（保留索引）"
res/zjb.webp,11772,.webp,undefined,unused,"未引用（保留索引）"
res/zjq.png,3874,.png,undefined,unused,"未引用（保留索引）"
res/zkN.webp,166,.webp,undefined,unused,"未引用（保留索引）"
res/zkg.xml,848,.xml,undefined,unused,"未引用（保留索引）"
res/zl1.webp,12084,.webp,undefined,unused,"未引用（保留索引）"
res/zln.xml,2852,.xml,undefined,unused,"未引用（保留索引）"
res/zlt.xml,5016,.xml,undefined,unused,"未引用（保留索引）"
res/zmB.png,12908,.png,undefined,unused,"未引用（保留索引）"
res/zmS.webp,19024,.webp,undefined,unused,"未引用（保留索引）"
res/zmj.xml,468,.xml,undefined,unused,"未引用（保留索引）"
res/zn6.png,752,.png,undefined,unused,"未引用（保留索引）"
res/znK.xml,464,.xml,undefined,unused,"未引用（保留索引）"
res/znf.png,2824,.png,undefined,unused,"未引用（保留索引）"
res/zoJ.png,591,.png,undefined,unused,"未引用（保留索引）"
res/zoL.webp,16012,.webp,undefined,unused,"未引用（保留索引）"
res/zoa.xml,2096,.xml,undefined,unused,"未引用（保留索引）"
res/zog.xml,704,.xml,undefined,unused,"未引用（保留索引）"
res/zp9.png,7061,.png,undefined,unused,"未引用（保留索引）"
res/zpC.webp,316,.webp,undefined,unused,"未引用（保留索引）"
res/zpD.xml,4376,.xml,undefined,unused,"未引用（保留索引）"
res/zpV.xml,5664,.xml,undefined,unused,"未引用（保留索引）"
res/zpa.png,1353,.png,undefined,unused,"未引用（保留索引）"
res/zq1.png,2603,.png,undefined,unused,"未引用（保留索引）"
res/zqD.webp,318,.webp,undefined,unused,"未引用（保留索引）"
res/zqc.xml,840,.xml,undefined,unused,"未引用（保留索引）"
res/zqu.webp,33460,.webp,undefined,unused,"未引用（保留索引）"
res/zr6.png,1686,.png,undefined,unused,"未引用（保留索引）"
res/zrE.webp,234,.webp,undefined,unused,"未引用（保留索引）"
res/zrM.xml,484,.xml,undefined,unused,"未引用（保留索引）"
res/zra.png,2159,.png,undefined,unused,"未引用（保留索引）"
res/zrc.xml,4000,.xml,undefined,unused,"未引用（保留索引）"
res/zrd.png,4970,.png,undefined,unused,"未引用（保留索引）"
res/zsF.webp,334,.webp,undefined,unused,"未引用（保留索引）"
res/zsJ.webp,2028,.webp,undefined,unused,"未引用（保留索引）"
res/zsn.xml,10628,.xml,undefined,unused,"未引用（保留索引）"
res/zsr.png,947,.png,undefined,unused,"未引用（保留索引）"
res/ztC.webp,22162,.webp,undefined,unused,"未引用（保留索引）"
res/ztG.webp,308,.webp,undefined,unused,"未引用（保留索引）"
res/ztQ.webp,488,.webp,undefined,unused,"未引用（保留索引）"
res/ztY.png,4469,.png,undefined,unused,"未引用（保留索引）"
res/zta.xml,3424,.xml,undefined,unused,"未引用（保留索引）"
res/zty.xml,448,.xml,undefined,unused,"未引用（保留索引）"
res/zuH.webp,210,.webp,undefined,unused,"未引用（保留索引）"
res/zuV.png,38166,.png,undefined,unused,"未引用（保留索引）"
res/zux.png,1541,.png,undefined,unused,"未引用（保留索引）"
res/zv_.png,747,.png,undefined,unused,"未引用（保留索引）"
res/zv_1.png,2638,.png,undefined,unused,"未引用（保留索引）"
res/zve.png,1601,.png,undefined,unused,"未引用（保留索引）"
res/zvj.xml,900,.xml,undefined,unused,"未引用（保留索引）"
res/zvl.png,870,.png,undefined,unused,"未引用（保留索引）"
res/zwC.png,18795,.png,undefined,unused,"未引用（保留索引）"
res/zwv.xml,3312,.xml,undefined,unused,"未引用（保留索引）"
res/zx3.png,1555,.png,undefined,unused,"未引用（保留索引）"
res/zxD.webp,410,.webp,undefined,unused,"未引用（保留索引）"
res/zxw.xml,7416,.xml,undefined,unused,"未引用（保留索引）"
res/zyt.png,38795,.png,undefined,unused,"未引用（保留索引）"
res/zz5.xml,604,.xml,undefined,unused,"未引用（保留索引）"
res/zzN.xml,484,.xml,undefined,unused,"未引用（保留索引）"
resources.arsc,2859184,.arsc,undefined,third-party,"不移植：由微信平台能力替代"
META-INF/LOMO.SF,1286994,.sf,undefined,third-party,"不移植：由微信平台能力替代"
META-INF/LOMO.RSA,1106,.rsa,undefined,third-party,"不移植：由微信平台能力替代"
META-INF/MANIFEST.MF,1286870,.mf,undefined,third-party,"不移植：由微信平台能力替代"