basename,count,paths
address.json,2,"assets/address/address.json | assets/moonaddress/address.json"
avoid.mp3,2,"assets/blockBattleRoyal/avoid.mp3 | assets/sound/avoid.mp3"
countdownMusic.mp3,2,"assets/blockBattleRoyal/countdownMusic.mp3 | assets/sound/countdownMusic.mp3"
killBGM.mp3,2,"assets/blockBattleRoyal/killBGM.mp3 | assets/sound/killBGM.mp3"
kill_coloured_ribbon.pag,2,"assets/blockBattleRoyal/kill_coloured_ribbon.pag | assets/pag/kill_coloured_ribbon.pag"
killed.mp3,2,"assets/blockBattleRoyal/killed.mp3 | assets/sound/killed.mp3"
killer_kill_action.pag,2,"assets/blockBattleRoyal/killer_kill_action.pag | assets/pag/battleRoyal/killer_kill_action.pag"
killer_walk.pag,2,"assets/blockBattleRoyal/killer_walk.pag | assets/pag/battleRoyal/killer_walk.pag"
killer_wield_knife.mp3,2,"assets/blockBattleRoyal/killer_wield_knife.mp3 | assets/sound/killer_wield_knife.mp3"
myself_idle_copper.pag,2,"assets/blockBattleRoyal/myself_idle_copper.pag | assets/pag/battleRoyal/myself_idle_copper.pag"
myself_idle_gold.pag,2,"assets/blockBattleRoyal/myself_idle_gold.pag | assets/pag/battleRoyal/myself_idle_gold.pag"
myself_idle_normal.pag,2,"assets/blockBattleRoyal/myself_idle_normal.pag | assets/pag/battleRoyal/myself_idle_normal.pag"
myself_idle_silver.pag,2,"assets/blockBattleRoyal/myself_idle_silver.pag | assets/pag/battleRoyal/myself_idle_silver.pag"
myself_walk_copper.pag,2,"assets/blockBattleRoyal/myself_walk_copper.pag | assets/pag/battleRoyal/myself_walk_copper.pag"
myself_walk_gold.pag,2,"assets/blockBattleRoyal/myself_walk_gold.pag | assets/pag/battleRoyal/myself_walk_gold.pag"
myself_walk_normal.pag,2,"assets/blockBattleRoyal/myself_walk_normal.pag | assets/pag/battleRoyal/myself_walk_normal.pag"
myself_walk_silver.pag,2,"assets/blockBattleRoyal/myself_walk_silver.pag | assets/pag/battleRoyal/myself_walk_silver.pag"
playClick.mp3,2,"assets/blockBattleRoyal/playClick.mp3 | assets/sound/playClick.mp3"
data.json,83,"assets/lottie/ape/cleanSite/data.json | assets/lottie/ape/goToNextFloor/data.json | assets/lottie/ape/join/data.json | assets/lottie/ape/startOpenLottery/data.json | assets/lottie/apeBorder/data.json | assets/lottie/battleRoyal/otherMonkey/walk/data.json | assets/lottie/beginLottery/data.json | assets/lottie/bigMushroomEat/data.json | assets/lottie/bigMushroomGrow/data.json | assets/lottie/bom/data.json | assets/lottie/bombHundred/data.json | assets/lottie/bombOne/data.json | assets/lottie/bombTen/data.json | assets/lottie/brickOther/data.json | assets/lottie/brickSelf/data.json | assets/lottie/bricksRupture/data.json | assets/lottie/broom/data.json | assets/lottie/catBack/data.json | assets/lottie/catLeft/data.json | assets/lottie/catPositive/data.json | assets/lottie/catRight/data.json | assets/lottie/cleanSite/data.json | assets/lottie/coinRotate/data.json | assets/lottie/drawResult/data.json | assets/lottie/fire/data.json | assets/lottie/flashcard/data.json | assets/lottie/goNextFloor/data.json | assets/lottie/hand/data.json | assets/lottie/handClick/data.json | assets/lottie/handMove/data.json | assets/lottie/hb/data.json | assets/lottie/hbRotate/data.json | assets/lottie/hearts/data.json | assets/lottie/join/data.json | assets/lottie/jointGuide/data.json | assets/lottie/killerKnife/data.json | assets/lottie/killerMonkey/data.json | assets/lottie/midMushroomEat/data.json | assets/lottie/midMushroomGrow/data.json | assets/lottie/modelEntry/data.json | assets/lottie/monkeyFight/Idle/1/data.json | assets/lottie/monkeyFight/Idle/10/data.json | assets/lottie/monkeyFight/Idle/11/data.json | assets/lottie/monkeyFight/Idle/2/data.json | assets/lottie/monkeyFight/Idle/3/data.json | assets/lottie/monkeyFight/Idle/4/data.json | assets/lottie/monkeyFight/Idle/5/data.json | assets/lottie/monkeyFight/Idle/6/data.json | assets/lottie/monkeyFight/Idle/7/data.json | assets/lottie/monkeyFight/Idle/8/data.json | assets/lottie/monkeyFight/Idle/9/data.json | assets/lottie/monkeyFight/walk/1/data.json | assets/lottie/monkeyFight/walk/10/data.json | assets/lottie/monkeyFight/walk/11/data.json | assets/lottie/monkeyFight/walk/2/data.json | assets/lottie/monkeyFight/walk/3/data.json | assets/lottie/monkeyFight/walk/4/data.json | assets/lottie/monkeyFight/walk/5/data.json | assets/lottie/monkeyFight/walk/6/data.json | assets/lottie/monkeyFight/walk/7/data.json | assets/lottie/monkeyFight/walk/8/data.json | assets/lottie/monkeyFight/walk/9/data.json | assets/lottie/myMonkey/data.json | assets/lottie/otherMonkey/data.json | assets/lottie/popOpen/data.json | assets/lottie/prizeRibbon/data.json | assets/lottie/shipBack/data.json | assets/lottie/shipDismissLight/data.json | assets/lottie/shipLaunch/data.json | assets/lottie/shipLaunchShort/data.json | assets/lottie/smMushroomEat/data.json | assets/lottie/smMushroomGrow/data.json | assets/lottie/stairway/data.json | assets/lottie/star/data.json | assets/lottie/strike/data.json | assets/lottie/strikeLight/data.json | assets/lottie/tideEntry/data.json | assets/lottie/tideRabbit/data.json | assets/lottie/tideStairway/data.json | assets/lottie/ufo/data.json | assets/lottie/useBomb/data.json | assets/lottie/warehouse/data.json | assets/lottie/winDraw/data.json"
img_0.png,80,"assets/lottie/ape/cleanSite/images/img_0.png | assets/lottie/ape/goToNextFloor/images/img_0.png | assets/lottie/ape/join/images/img_0.png | assets/lottie/ape/startOpenLottery/images/img_0.png | assets/lottie/apeBorder/images/img_0.png | assets/lottie/battleRoyal/otherMonkey/walk/images/img_0.png | assets/lottie/beginLottery/images/img_0.png | assets/lottie/bigMushroomEat/images/img_0.png | assets/lottie/bigMushroomGrow/images/img_0.png | assets/lottie/bom/images/img_0.png | assets/lottie/bombHundred/images/img_0.png | assets/lottie/bombOne/images/img_0.png | assets/lottie/bombTen/images/img_0.png | assets/lottie/boredapeairship/images/img_0.png | assets/lottie/brickOther/images/img_0.png | assets/lottie/brickSelf/images/img_0.png | assets/lottie/bricksRupture/images/img_0.png | assets/lottie/broom/images/img_0.png | assets/lottie/catBack/images/img_0.png | assets/lottie/catLeft/images/img_0.png | assets/lottie/catPositive/images/img_0.png | assets/lottie/catRight/images/img_0.png | assets/lottie/cleanSite/images/img_0.png | assets/lottie/coinRotate/images/img_0.png | assets/lottie/drawResult/images/img_0.png | assets/lottie/flashcard/images/img_0.png | assets/lottie/goNextFloor/images/img_0.png | assets/lottie/hand/images/img_0.png | assets/lottie/handClick/images/img_0.png | assets/lottie/handMove/images/img_0.png | assets/lottie/hb/images/img_0.png | assets/lottie/hbRotate/images/img_0.png | assets/lottie/hearts/images/img_0.png | assets/lottie/join/images/img_0.png | assets/lottie/killerKnife/images/img_0.png | assets/lottie/killerMonkey/images/img_0.png | assets/lottie/midMushroomEat/images/img_0.png | assets/lottie/midMushroomGrow/images/img_0.png | assets/lottie/modelEntry/images/img_0.png | assets/lottie/monkeyFight/Idle/1/images/img_0.png | assets/lottie/monkeyFight/Idle/10/images/img_0.png | assets/lottie/monkeyFight/Idle/11/images/img_0.png | assets/lottie/monkeyFight/Idle/2/images/img_0.png | assets/lottie/monkeyFight/Idle/3/images/img_0.png | assets/lottie/monkeyFight/Idle/4/images/img_0.png | assets/lottie/monkeyFight/Idle/5/images/img_0.png | assets/lottie/monkeyFight/Idle/6/images/img_0.png | assets/lottie/monkeyFight/Idle/7/images/img_0.png | assets/lottie/monkeyFight/Idle/8/images/img_0.png | assets/lottie/monkeyFight/Idle/9/images/img_0.png | assets/lottie/monkeyFight/walk/1/images/img_0.png | assets/lottie/monkeyFight/walk/10/images/img_0.png | assets/lottie/monkeyFight/walk/11/images/img_0.png | assets/lottie/monkeyFight/walk/2/images/img_0.png | assets/lottie/monkeyFight/walk/3/images/img_0.png | assets/lottie/monkeyFight/walk/4/images/img_0.png | assets/lottie/monkeyFight/walk/5/images/img_0.png | assets/lottie/monkeyFight/walk/6/images/img_0.png | assets/lottie/monkeyFight/walk/7/images/img_0.png | assets/lottie/monkeyFight/walk/8/images/img_0.png | assets/lottie/monkeyFight/walk/9/images/img_0.png | assets/lottie/myMonkey/images/img_0.png | assets/lottie/otherMonkey/images/img_0.png | assets/lottie/popOpen/images/img_0.png | assets/lottie/shipBack/images/img_0.png | assets/lottie/shipDismissLight/images/img_0.png | assets/lottie/shipLaunch/images/img_0.png | assets/lottie/shipLaunchShort/images/img_0.png | assets/lottie/smMushroomEat/images/img_0.png | assets/lottie/smMushroomGrow/images/img_0.png | assets/lottie/stairway/images/img_0.png | assets/lottie/strike/images/img_0.png | assets/lottie/strikeLight/images/img_0.png | assets/lottie/tideEntry/images/img_0.png | assets/lottie/tideRabbit/images/img_0.png | assets/lottie/tideStairway/images/img_0.png | assets/lottie/ufo/images/img_0.png | assets/lottie/useBomb/images/img_0.png | assets/lottie/warehouse/images/img_0.png | assets/lottie/winDraw/images/img_0.png"
img_1.png,53,"assets/lottie/ape/cleanSite/images/img_1.png | assets/lottie/ape/goToNextFloor/images/img_1.png | assets/lottie/ape/join/images/img_1.png | assets/lottie/ape/startOpenLottery/images/img_1.png | assets/lottie/apeBorder/images/img_1.png | assets/lottie/battleRoyal/otherMonkey/walk/images/img_1.png | assets/lottie/beginLottery/images/img_1.png | assets/lottie/bom/images/img_1.png | assets/lottie/bombHundred/images/img_1.png | assets/lottie/bombOne/images/img_1.png | assets/lottie/bombTen/images/img_1.png | assets/lottie/boredapeairship/images/img_1.png | assets/lottie/brickOther/images/img_1.png | assets/lottie/brickSelf/images/img_1.png | assets/lottie/bricksRupture/images/img_1.png | assets/lottie/broom/images/img_1.png | assets/lottie/catBack/images/img_1.png | assets/lottie/catLeft/images/img_1.png | assets/lottie/catPositive/images/img_1.png | assets/lottie/catRight/images/img_1.png | assets/lottie/cleanSite/images/img_1.png | assets/lottie/coinRotate/images/img_1.png | assets/lottie/drawResult/images/img_1.png | assets/lottie/flashcard/images/img_1.png | assets/lottie/goNextFloor/images/img_1.png | assets/lottie/handClick/images/img_1.png | assets/lottie/handMove/images/img_1.png | assets/lottie/hb/images/img_1.png | assets/lottie/hbRotate/images/img_1.png | assets/lottie/join/images/img_1.png | assets/lottie/monkeyFight/walk/1/images/img_1.png | assets/lottie/monkeyFight/walk/10/images/img_1.png | assets/lottie/monkeyFight/walk/11/images/img_1.png | assets/lottie/monkeyFight/walk/2/images/img_1.png | assets/lottie/monkeyFight/walk/3/images/img_1.png | assets/lottie/monkeyFight/walk/4/images/img_1.png | assets/lottie/monkeyFight/walk/5/images/img_1.png | assets/lottie/monkeyFight/walk/6/images/img_1.png | assets/lottie/monkeyFight/walk/7/images/img_1.png | assets/lottie/monkeyFight/walk/8/images/img_1.png | assets/lottie/monkeyFight/walk/9/images/img_1.png | assets/lottie/popOpen/images/img_1.png | assets/lottie/shipBack/images/img_1.png | assets/lottie/shipLaunch/images/img_1.png | assets/lottie/shipLaunchShort/images/img_1.png | assets/lottie/stairway/images/img_1.png | assets/lottie/strike/images/img_1.png | assets/lottie/tideEntry/images/img_1.png | assets/lottie/tideStairway/images/img_1.png | assets/lottie/ufo/images/img_1.png | assets/lottie/useBomb/images/img_1.png | assets/lottie/warehouse/images/img_1.png | assets/lottie/winDraw/images/img_1.png"
img_2.png,43,"assets/lottie/battleRoyal/otherMonkey/walk/images/img_2.png | assets/lottie/beginLottery/images/img_2.png | assets/lottie/bom/images/img_2.png | assets/lottie/bombHundred/images/img_2.png | assets/lottie/bombOne/images/img_2.png | assets/lottie/bombTen/images/img_2.png | assets/lottie/boredapeairship/images/img_2.png | assets/lottie/brickOther/images/img_2.png | assets/lottie/brickSelf/images/img_2.png | assets/lottie/bricksRupture/images/img_2.png | assets/lottie/broom/images/img_2.png | assets/lottie/catBack/images/img_2.png | assets/lottie/catLeft/images/img_2.png | assets/lottie/catPositive/images/img_2.png | assets/lottie/catRight/images/img_2.png | assets/lottie/cleanSite/images/img_2.png | assets/lottie/coinRotate/images/img_2.png | assets/lottie/drawResult/images/img_2.png | assets/lottie/flashcard/images/img_2.png | assets/lottie/goNextFloor/images/img_2.png | assets/lottie/hb/images/img_2.png | assets/lottie/hbRotate/images/img_2.png | assets/lottie/join/images/img_2.png | assets/lottie/monkeyFight/walk/1/images/img_2.png | assets/lottie/monkeyFight/walk/10/images/img_2.png | assets/lottie/monkeyFight/walk/11/images/img_2.png | assets/lottie/monkeyFight/walk/2/images/img_2.png | assets/lottie/monkeyFight/walk/3/images/img_2.png | assets/lottie/monkeyFight/walk/4/images/img_2.png | assets/lottie/monkeyFight/walk/5/images/img_2.png | assets/lottie/monkeyFight/walk/6/images/img_2.png | assets/lottie/monkeyFight/walk/7/images/img_2.png | assets/lottie/monkeyFight/walk/8/images/img_2.png | assets/lottie/monkeyFight/walk/9/images/img_2.png | assets/lottie/popOpen/images/img_2.png | assets/lottie/shipBack/images/img_2.png | assets/lottie/shipLaunch/images/img_2.png | assets/lottie/shipLaunchShort/images/img_2.png | assets/lottie/strike/images/img_2.png | assets/lottie/ufo/images/img_2.png | assets/lottie/useBomb/images/img_2.png | assets/lottie/warehouse/images/img_2.png | assets/lottie/winDraw/images/img_2.png"
img_3.png,39,"assets/lottie/beginLottery/images/img_3.png | assets/lottie/bom/images/img_3.png | assets/lottie/bombHundred/images/img_3.png | assets/lottie/bombOne/images/img_3.png | assets/lottie/bombTen/images/img_3.png | assets/lottie/brickOther/images/img_3.png | assets/lottie/brickSelf/images/img_3.png | assets/lottie/bricksRupture/images/img_3.png | assets/lottie/catBack/images/img_3.png | assets/lottie/catLeft/images/img_3.png | assets/lottie/catPositive/images/img_3.png | assets/lottie/catRight/images/img_3.png | assets/lottie/cleanSite/images/img_3.png | assets/lottie/coinRotate/images/img_3.png | assets/lottie/drawResult/images/img_3.png | assets/lottie/flashcard/images/img_3.png | assets/lottie/goNextFloor/images/img_3.png | assets/lottie/hbRotate/images/img_3.png | assets/lottie/join/images/img_3.png | assets/lottie/monkeyFight/walk/1/images/img_3.png | assets/lottie/monkeyFight/walk/10/images/img_3.png | assets/lottie/monkeyFight/walk/11/images/img_3.png | assets/lottie/monkeyFight/walk/2/images/img_3.png | assets/lottie/monkeyFight/walk/3/images/img_3.png | assets/lottie/monkeyFight/walk/4/images/img_3.png | assets/lottie/monkeyFight/walk/5/images/img_3.png | assets/lottie/monkeyFight/walk/6/images/img_3.png | assets/lottie/monkeyFight/walk/7/images/img_3.png | assets/lottie/monkeyFight/walk/8/images/img_3.png | assets/lottie/monkeyFight/walk/9/images/img_3.png | assets/lottie/popOpen/images/img_3.png | assets/lottie/shipBack/images/img_3.png | assets/lottie/shipLaunch/images/img_3.png | assets/lottie/shipLaunchShort/images/img_3.png | assets/lottie/strike/images/img_3.png | assets/lottie/ufo/images/img_3.png | assets/lottie/useBomb/images/img_3.png | assets/lottie/warehouse/images/img_3.png | assets/lottie/winDraw/images/img_3.png"
img_4.png,35,"assets/lottie/beginLottery/images/img_4.png | assets/lottie/bom/images/img_4.png | assets/lottie/bombHundred/images/img_4.png | assets/lottie/bombOne/images/img_4.png | assets/lottie/bombTen/images/img_4.png | assets/lottie/brickOther/images/img_4.png | assets/lottie/brickSelf/images/img_4.png | assets/lottie/bricksRupture/images/img_4.png | assets/lottie/catBack/images/img_4.png | assets/lottie/catLeft/images/img_4.png | assets/lottie/catPositive/images/img_4.png | assets/lottie/catRight/images/img_4.png | assets/lottie/coinRotate/images/img_4.png | assets/lottie/drawResult/images/img_4.png | assets/lottie/flashcard/images/img_4.png | assets/lottie/goNextFloor/images/img_4.png | assets/lottie/hbRotate/images/img_4.png | assets/lottie/monkeyFight/walk/1/images/img_4.png | assets/lottie/monkeyFight/walk/10/images/img_4.png | assets/lottie/monkeyFight/walk/11/images/img_4.png | assets/lottie/monkeyFight/walk/2/images/img_4.png | assets/lottie/monkeyFight/walk/3/images/img_4.png | assets/lottie/monkeyFight/walk/4/images/img_4.png | assets/lottie/monkeyFight/walk/5/images/img_4.png | assets/lottie/monkeyFight/walk/6/images/img_4.png | assets/lottie/monkeyFight/walk/7/images/img_4.png | assets/lottie/monkeyFight/walk/8/images/img_4.png | assets/lottie/monkeyFight/walk/9/images/img_4.png | assets/lottie/shipBack/images/img_4.png | assets/lottie/shipLaunch/images/img_4.png | assets/lottie/shipLaunchShort/images/img_4.png | assets/lottie/ufo/images/img_4.png | assets/lottie/useBomb/images/img_4.png | assets/lottie/warehouse/images/img_4.png | assets/lottie/winDraw/images/img_4.png"
img_5.png,32,"assets/lottie/beginLottery/images/img_5.png | assets/lottie/bom/images/img_5.png | assets/lottie/bombHundred/images/img_5.png | assets/lottie/bombOne/images/img_5.png | assets/lottie/bombTen/images/img_5.png | assets/lottie/bricksRupture/images/img_5.png | assets/lottie/catBack/images/img_5.png | assets/lottie/catLeft/images/img_5.png | assets/lottie/catPositive/images/img_5.png | assets/lottie/catRight/images/img_5.png | assets/lottie/coinRotate/images/img_5.png | assets/lottie/drawResult/images/img_5.png | assets/lottie/flashcard/images/img_5.png | assets/lottie/hbRotate/images/img_5.png | assets/lottie/monkeyFight/walk/1/images/img_5.png | assets/lottie/monkeyFight/walk/10/images/img_5.png | assets/lottie/monkeyFight/walk/11/images/img_5.png | assets/lottie/monkeyFight/walk/2/images/img_5.png | assets/lottie/monkeyFight/walk/3/images/img_5.png | assets/lottie/monkeyFight/walk/4/images/img_5.png | assets/lottie/monkeyFight/walk/5/images/img_5.png | assets/lottie/monkeyFight/walk/6/images/img_5.png | assets/lottie/monkeyFight/walk/7/images/img_5.png | assets/lottie/monkeyFight/walk/8/images/img_5.png | assets/lottie/monkeyFight/walk/9/images/img_5.png | assets/lottie/shipBack/images/img_5.png | assets/lottie/shipLaunch/images/img_5.png | assets/lottie/shipLaunchShort/images/img_5.png | assets/lottie/ufo/images/img_5.png | assets/lottie/useBomb/images/img_5.png | assets/lottie/warehouse/images/img_5.png | assets/lottie/winDraw/images/img_5.png"
img_6.png,21,"assets/lottie/beginLottery/images/img_6.png | assets/lottie/bom/images/img_6.png | assets/lottie/bombHundred/images/img_6.png | assets/lottie/bombOne/images/img_6.png | assets/lottie/bombTen/images/img_6.png | assets/lottie/bricksRupture/images/img_6.png | assets/lottie/catBack/images/img_6.png | assets/lottie/catLeft/images/img_6.png | assets/lottie/catPositive/images/img_6.png | assets/lottie/catRight/images/img_6.png | assets/lottie/coinRotate/images/img_6.png | assets/lottie/drawResult/images/img_6.png | assets/lottie/flashcard/images/img_6.png | assets/lottie/hbRotate/images/img_6.png | assets/lottie/shipBack/images/img_6.png | assets/lottie/shipLaunch/images/img_6.png | assets/lottie/shipLaunchShort/images/img_6.png | assets/lottie/ufo/images/img_6.png | assets/lottie/useBomb/images/img_6.png | assets/lottie/warehouse/images/img_6.png | assets/lottie/winDraw/images/img_6.png"
img_7.png,19,"assets/lottie/bom/images/img_7.png | assets/lottie/bombHundred/images/img_7.png | assets/lottie/bombOne/images/img_7.png | assets/lottie/bombTen/images/img_7.png | assets/lottie/bricksRupture/images/img_7.png | assets/lottie/catBack/images/img_7.png | assets/lottie/catLeft/images/img_7.png | assets/lottie/catPositive/images/img_7.png | assets/lottie/catRight/images/img_7.png | assets/lottie/coinRotate/images/img_7.png | assets/lottie/drawResult/images/img_7.png | assets/lottie/flashcard/images/img_7.png | assets/lottie/hbRotate/images/img_7.png | assets/lottie/shipBack/images/img_7.png | assets/lottie/shipLaunch/images/img_7.png | assets/lottie/shipLaunchShort/images/img_7.png | assets/lottie/ufo/images/img_7.png | assets/lottie/useBomb/images/img_7.png | assets/lottie/warehouse/images/img_7.png"
img_8.png,19,"assets/lottie/bom/images/img_8.png | assets/lottie/bombHundred/images/img_8.png | assets/lottie/bombOne/images/img_8.png | assets/lottie/bombTen/images/img_8.png | assets/lottie/bricksRupture/images/img_8.png | assets/lottie/catBack/images/img_8.png | assets/lottie/catLeft/images/img_8.png | assets/lottie/catPositive/images/img_8.png | assets/lottie/catRight/images/img_8.png | assets/lottie/coinRotate/images/img_8.png | assets/lottie/drawResult/images/img_8.png | assets/lottie/flashcard/images/img_8.png | assets/lottie/hbRotate/images/img_8.png | assets/lottie/shipBack/images/img_8.png | assets/lottie/shipLaunch/images/img_8.png | assets/lottie/shipLaunchShort/images/img_8.png | assets/lottie/ufo/images/img_8.png | assets/lottie/useBomb/images/img_8.png | assets/lottie/warehouse/images/img_8.png"
img_9.png,14,"assets/lottie/bom/images/img_9.png | assets/lottie/bombHundred/images/img_9.png | assets/lottie/bombOne/images/img_9.png | assets/lottie/bombTen/images/img_9.png | assets/lottie/coinRotate/images/img_9.png | assets/lottie/drawResult/images/img_9.png | assets/lottie/flashcard/images/img_9.png | assets/lottie/hbRotate/images/img_9.png | assets/lottie/shipBack/images/img_9.png | assets/lottie/shipLaunch/images/img_9.png | assets/lottie/shipLaunchShort/images/img_9.png | assets/lottie/ufo/images/img_9.png | assets/lottie/useBomb/images/img_9.png | assets/lottie/warehouse/images/img_9.png"
img_10.png,12,"assets/lottie/bombHundred/images/img_10.png | assets/lottie/bombOne/images/img_10.png | assets/lottie/bombTen/images/img_10.png | assets/lottie/coinRotate/images/img_10.png | assets/lottie/drawResult/images/img_10.png | assets/lottie/flashcard/images/img_10.png | assets/lottie/hbRotate/images/img_10.png | assets/lottie/shipBack/images/img_10.png | assets/lottie/shipLaunch/images/img_10.png | assets/lottie/shipLaunchShort/images/img_10.png | assets/lottie/useBomb/images/img_10.png | assets/lottie/warehouse/images/img_10.png"
img_11.png,9,"assets/lottie/bombHundred/images/img_11.png | assets/lottie/bombOne/images/img_11.png | assets/lottie/bombTen/images/img_11.png | assets/lottie/coinRotate/images/img_11.png | assets/lottie/drawResult/images/img_11.png | assets/lottie/flashcard/images/img_11.png | assets/lottie/hbRotate/images/img_11.png | assets/lottie/useBomb/images/img_11.png | assets/lottie/warehouse/images/img_11.png"
img_12.png,7,"assets/lottie/bombHundred/images/img_12.png | assets/lottie/bombOne/images/img_12.png | assets/lottie/bombTen/images/img_12.png | assets/lottie/drawResult/images/img_12.png | assets/lottie/flashcard/images/img_12.png | assets/lottie/hbRotate/images/img_12.png | assets/lottie/useBomb/images/img_12.png"
img_13.png,6,"assets/lottie/bombHundred/images/img_13.png | assets/lottie/bombOne/images/img_13.png | assets/lottie/bombTen/images/img_13.png | assets/lottie/drawResult/images/img_13.png | assets/lottie/flashcard/images/img_13.png | assets/lottie/hbRotate/images/img_13.png"
img_14.png,3,"assets/lottie/drawResult/images/img_14.png | assets/lottie/flashcard/images/img_14.png | assets/lottie/hbRotate/images/img_14.png"
img_15.png,3,"assets/lottie/drawResult/images/img_15.png | assets/lottie/flashcard/images/img_15.png | assets/lottie/hbRotate/images/img_15.png"
img_16.png,3,"assets/lottie/drawResult/images/img_16.png | assets/lottie/flashcard/images/img_16.png | assets/lottie/hbRotate/images/img_16.png"
img_17.png,3,"assets/lottie/drawResult/images/img_17.png | assets/lottie/flashcard/images/img_17.png | assets/lottie/hbRotate/images/img_17.png"
img_18.png,3,"assets/lottie/drawResult/images/img_18.png | assets/lottie/flashcard/images/img_18.png | assets/lottie/hbRotate/images/img_18.png"
img_19.png,3,"assets/lottie/drawResult/images/img_19.png | assets/lottie/flashcard/images/img_19.png | assets/lottie/hbRotate/images/img_19.png"
img_20.png,3,"assets/lottie/drawResult/images/img_20.png | assets/lottie/flashcard/images/img_20.png | assets/lottie/hbRotate/images/img_20.png"
img_21.png,3,"assets/lottie/drawResult/images/img_21.png | assets/lottie/flashcard/images/img_21.png | assets/lottie/hbRotate/images/img_21.png"
img_22.png,3,"assets/lottie/drawResult/images/img_22.png | assets/lottie/flashcard/images/img_22.png | assets/lottie/hbRotate/images/img_22.png"
img_23.png,3,"assets/lottie/drawResult/images/img_23.png | assets/lottie/flashcard/images/img_23.png | assets/lottie/hbRotate/images/img_23.png"
img_24.png,2,"assets/lottie/drawResult/images/img_24.png | assets/lottie/flashcard/images/img_24.png"
img_25.png,2,"assets/lottie/drawResult/images/img_25.png | assets/lottie/flashcard/images/img_25.png"
img_26.png,2,"assets/lottie/drawResult/images/img_26.png | assets/lottie/flashcard/images/img_26.png"
img_27.png,2,"assets/lottie/drawResult/images/img_27.png | assets/lottie/flashcard/images/img_27.png"
img_28.png,2,"assets/lottie/drawResult/images/img_28.png | assets/lottie/flashcard/images/img_28.png"
img_29.png,2,"assets/lottie/drawResult/images/img_29.png | assets/lottie/flashcard/images/img_29.png"
img_30.png,2,"assets/lottie/drawResult/images/img_30.png | assets/lottie/flashcard/images/img_30.png"
img_31.png,2,"assets/lottie/drawResult/images/img_31.png | assets/lottie/flashcard/images/img_31.png"
img_32.png,2,"assets/lottie/drawResult/images/img_32.png | assets/lottie/flashcard/images/img_32.png"
img_33.png,2,"assets/lottie/drawResult/images/img_33.png | assets/lottie/flashcard/images/img_33.png"
img_34.png,2,"assets/lottie/drawResult/images/img_34.png | assets/lottie/flashcard/images/img_34.png"
img_35.png,2,"assets/lottie/drawResult/images/img_35.png | assets/lottie/flashcard/images/img_35.png"
img_36.png,2,"assets/lottie/drawResult/images/img_36.png | assets/lottie/flashcard/images/img_36.png"
img_37.png,2,"assets/lottie/drawResult/images/img_37.png | assets/lottie/flashcard/images/img_37.png"
img_38.png,2,"assets/lottie/drawResult/images/img_38.png | assets/lottie/flashcard/images/img_38.png"
img_39.png,2,"assets/lottie/drawResult/images/img_39.png | assets/lottie/flashcard/images/img_39.png"
img_40.png,2,"assets/lottie/drawResult/images/img_40.png | assets/lottie/flashcard/images/img_40.png"
img_41.png,2,"assets/lottie/drawResult/images/img_41.png | assets/lottie/flashcard/images/img_41.png"
img_42.png,2,"assets/lottie/drawResult/images/img_42.png | assets/lottie/flashcard/images/img_42.png"
img_43.png,2,"assets/lottie/drawResult/images/img_43.png | assets/lottie/flashcard/images/img_43.png"
img_44.png,2,"assets/lottie/drawResult/images/img_44.png | assets/lottie/flashcard/images/img_44.png"
img_45.png,2,"assets/lottie/drawResult/images/img_45.png | assets/lottie/flashcard/images/img_45.png"
img_46.png,2,"assets/lottie/drawResult/images/img_46.png | assets/lottie/flashcard/images/img_46.png"
img_47.png,2,"assets/lottie/drawResult/images/img_47.png | assets/lottie/flashcard/images/img_47.png"
img_48.png,2,"assets/lottie/drawResult/images/img_48.png | assets/lottie/flashcard/images/img_48.png"
img_49.png,2,"assets/lottie/drawResult/images/img_49.png | assets/lottie/flashcard/images/img_49.png"
img_50.png,2,"assets/lottie/drawResult/images/img_50.png | assets/lottie/flashcard/images/img_50.png"
img_51.png,2,"assets/lottie/drawResult/images/img_51.png | assets/lottie/flashcard/images/img_51.png"
img_52.png,2,"assets/lottie/drawResult/images/img_52.png | assets/lottie/flashcard/images/img_52.png"
img_53.png,2,"assets/lottie/drawResult/images/img_53.png | assets/lottie/flashcard/images/img_53.png"
img_54.png,2,"assets/lottie/drawResult/images/img_54.png | assets/lottie/flashcard/images/img_54.png"
img_55.png,2,"assets/lottie/drawResult/images/img_55.png | assets/lottie/flashcard/images/img_55.png"
img_56.png,2,"assets/lottie/drawResult/images/img_56.png | assets/lottie/flashcard/images/img_56.png"
img_57.png,2,"assets/lottie/drawResult/images/img_57.png | assets/lottie/flashcard/images/img_57.png"
img_58.png,2,"assets/lottie/drawResult/images/img_58.png | assets/lottie/flashcard/images/img_58.png"
seq_0_0.png,4,"assets/lottie/killerKnife/images/seq_0_0.png | assets/lottie/killerMonkey/images/seq_0_0.png | assets/lottie/myMonkey/images/seq_0_0.png | assets/lottie/otherMonkey/images/seq_0_0.png"
seq_0_1.png,4,"assets/lottie/killerKnife/images/seq_0_1.png | assets/lottie/killerMonkey/images/seq_0_1.png | assets/lottie/myMonkey/images/seq_0_1.png | assets/lottie/otherMonkey/images/seq_0_1.png"
seq_0_10.png,4,"assets/lottie/killerKnife/images/seq_0_10.png | assets/lottie/killerMonkey/images/seq_0_10.png | assets/lottie/myMonkey/images/seq_0_10.png | assets/lottie/otherMonkey/images/seq_0_10.png"
seq_0_11.png,4,"assets/lottie/killerKnife/images/seq_0_11.png | assets/lottie/killerMonkey/images/seq_0_11.png | assets/lottie/myMonkey/images/seq_0_11.png | assets/lottie/otherMonkey/images/seq_0_11.png"
seq_0_12.png,4,"assets/lottie/killerKnife/images/seq_0_12.png | assets/lottie/killerMonkey/images/seq_0_12.png | assets/lottie/myMonkey/images/seq_0_12.png | assets/lottie/otherMonkey/images/seq_0_12.png"
seq_0_13.png,4,"assets/lottie/killerKnife/images/seq_0_13.png | assets/lottie/killerMonkey/images/seq_0_13.png | assets/lottie/myMonkey/images/seq_0_13.png | assets/lottie/otherMonkey/images/seq_0_13.png"
seq_0_14.png,4,"assets/lottie/killerKnife/images/seq_0_14.png | assets/lottie/killerMonkey/images/seq_0_14.png | assets/lottie/myMonkey/images/seq_0_14.png | assets/lottie/otherMonkey/images/seq_0_14.png"
seq_0_15.png,4,"assets/lottie/killerKnife/images/seq_0_15.png | assets/lottie/killerMonkey/images/seq_0_15.png | assets/lottie/myMonkey/images/seq_0_15.png | assets/lottie/otherMonkey/images/seq_0_15.png"
seq_0_16.png,4,"assets/lottie/killerKnife/images/seq_0_16.png | assets/lottie/killerMonkey/images/seq_0_16.png | assets/lottie/myMonkey/images/seq_0_16.png | assets/lottie/otherMonkey/images/seq_0_16.png"
seq_0_17.png,4,"assets/lottie/killerKnife/images/seq_0_17.png | assets/lottie/killerMonkey/images/seq_0_17.png | assets/lottie/myMonkey/images/seq_0_17.png | assets/lottie/otherMonkey/images/seq_0_17.png"
seq_0_18.png,4,"assets/lottie/killerKnife/images/seq_0_18.png | assets/lottie/killerMonkey/images/seq_0_18.png | assets/lottie/myMonkey/images/seq_0_18.png | assets/lottie/otherMonkey/images/seq_0_18.png"
seq_0_19.png,4,"assets/lottie/killerKnife/images/seq_0_19.png | assets/lottie/killerMonkey/images/seq_0_19.png | assets/lottie/myMonkey/images/seq_0_19.png | assets/lottie/otherMonkey/images/seq_0_19.png"
seq_0_2.png,4,"assets/lottie/killerKnife/images/seq_0_2.png | assets/lottie/killerMonkey/images/seq_0_2.png | assets/lottie/myMonkey/images/seq_0_2.png | assets/lottie/otherMonkey/images/seq_0_2.png"
seq_0_20.png,4,"assets/lottie/killerKnife/images/seq_0_20.png | assets/lottie/killerMonkey/images/seq_0_20.png | assets/lottie/myMonkey/images/seq_0_20.png | assets/lottie/otherMonkey/images/seq_0_20.png"
seq_0_21.png,4,"assets/lottie/killerKnife/images/seq_0_21.png | assets/lottie/killerMonkey/images/seq_0_21.png | assets/lottie/myMonkey/images/seq_0_21.png | assets/lottie/otherMonkey/images/seq_0_21.png"
seq_0_22.png,4,"assets/lottie/killerKnife/images/seq_0_22.png | assets/lottie/killerMonkey/images/seq_0_22.png | assets/lottie/myMonkey/images/seq_0_22.png | assets/lottie/otherMonkey/images/seq_0_22.png"
seq_0_23.png,4,"assets/lottie/killerKnife/images/seq_0_23.png | assets/lottie/killerMonkey/images/seq_0_23.png | assets/lottie/myMonkey/images/seq_0_23.png | assets/lottie/otherMonkey/images/seq_0_23.png"
seq_0_24.png,4,"assets/lottie/killerKnife/images/seq_0_24.png | assets/lottie/killerMonkey/images/seq_0_24.png | assets/lottie/myMonkey/images/seq_0_24.png | assets/lottie/otherMonkey/images/seq_0_24.png"
seq_0_25.png,4,"assets/lottie/killerKnife/images/seq_0_25.png | assets/lottie/killerMonkey/images/seq_0_25.png | assets/lottie/myMonkey/images/seq_0_25.png | assets/lottie/otherMonkey/images/seq_0_25.png"
seq_0_26.png,4,"assets/lottie/killerKnife/images/seq_0_26.png | assets/lottie/killerMonkey/images/seq_0_26.png | assets/lottie/myMonkey/images/seq_0_26.png | assets/lottie/otherMonkey/images/seq_0_26.png"
seq_0_27.png,4,"assets/lottie/killerKnife/images/seq_0_27.png | assets/lottie/killerMonkey/images/seq_0_27.png | assets/lottie/myMonkey/images/seq_0_27.png | assets/lottie/otherMonkey/images/seq_0_27.png"
seq_0_28.png,4,"assets/lottie/killerKnife/images/seq_0_28.png | assets/lottie/killerMonkey/images/seq_0_28.png | assets/lottie/myMonkey/images/seq_0_28.png | assets/lottie/otherMonkey/images/seq_0_28.png"
seq_0_29.png,4,"assets/lottie/killerKnife/images/seq_0_29.png | assets/lottie/killerMonkey/images/seq_0_29.png | assets/lottie/myMonkey/images/seq_0_29.png | assets/lottie/otherMonkey/images/seq_0_29.png"
seq_0_3.png,4,"assets/lottie/killerKnife/images/seq_0_3.png | assets/lottie/killerMonkey/images/seq_0_3.png | assets/lottie/myMonkey/images/seq_0_3.png | assets/lottie/otherMonkey/images/seq_0_3.png"
seq_0_30.png,4,"assets/lottie/killerKnife/images/seq_0_30.png | assets/lottie/killerMonkey/images/seq_0_30.png | assets/lottie/myMonkey/images/seq_0_30.png | assets/lottie/otherMonkey/images/seq_0_30.png"
seq_0_31.png,4,"assets/lottie/killerKnife/images/seq_0_31.png | assets/lottie/killerMonkey/images/seq_0_31.png | assets/lottie/myMonkey/images/seq_0_31.png | assets/lottie/otherMonkey/images/seq_0_31.png"
seq_0_32.png,4,"assets/lottie/killerKnife/images/seq_0_32.png | assets/lottie/killerMonkey/images/seq_0_32.png | assets/lottie/myMonkey/images/seq_0_32.png | assets/lottie/otherMonkey/images/seq_0_32.png"
seq_0_33.png,4,"assets/lottie/killerKnife/images/seq_0_33.png | assets/lottie/killerMonkey/images/seq_0_33.png | assets/lottie/myMonkey/images/seq_0_33.png | assets/lottie/otherMonkey/images/seq_0_33.png"
seq_0_34.png,4,"assets/lottie/killerKnife/images/seq_0_34.png | assets/lottie/killerMonkey/images/seq_0_34.png | assets/lottie/myMonkey/images/seq_0_34.png | assets/lottie/otherMonkey/images/seq_0_34.png"
seq_0_35.png,4,"assets/lottie/killerKnife/images/seq_0_35.png | assets/lottie/killerMonkey/images/seq_0_35.png | assets/lottie/myMonkey/images/seq_0_35.png | assets/lottie/otherMonkey/images/seq_0_35.png"
seq_0_36.png,4,"assets/lottie/killerKnife/images/seq_0_36.png | assets/lottie/killerMonkey/images/seq_0_36.png | assets/lottie/myMonkey/images/seq_0_36.png | assets/lottie/otherMonkey/images/seq_0_36.png"
seq_0_37.png,4,"assets/lottie/killerKnife/images/seq_0_37.png | assets/lottie/killerMonkey/images/seq_0_37.png | assets/lottie/myMonkey/images/seq_0_37.png | assets/lottie/otherMonkey/images/seq_0_37.png"
seq_0_38.png,4,"assets/lottie/killerKnife/images/seq_0_38.png | assets/lottie/killerMonkey/images/seq_0_38.png | assets/lottie/myMonkey/images/seq_0_38.png | assets/lottie/otherMonkey/images/seq_0_38.png"
seq_0_39.png,4,"assets/lottie/killerKnife/images/seq_0_39.png | assets/lottie/killerMonkey/images/seq_0_39.png | assets/lottie/myMonkey/images/seq_0_39.png | assets/lottie/otherMonkey/images/seq_0_39.png"
seq_0_4.png,4,"assets/lottie/killerKnife/images/seq_0_4.png | assets/lottie/killerMonkey/images/seq_0_4.png | assets/lottie/myMonkey/images/seq_0_4.png | assets/lottie/otherMonkey/images/seq_0_4.png"
seq_0_40.png,4,"assets/lottie/killerKnife/images/seq_0_40.png | assets/lottie/killerMonkey/images/seq_0_40.png | assets/lottie/myMonkey/images/seq_0_40.png | assets/lottie/otherMonkey/images/seq_0_40.png"
seq_0_41.png,4,"assets/lottie/killerKnife/images/seq_0_41.png | assets/lottie/killerMonkey/images/seq_0_41.png | assets/lottie/myMonkey/images/seq_0_41.png | assets/lottie/otherMonkey/images/seq_0_41.png"
seq_0_42.png,4,"assets/lottie/killerKnife/images/seq_0_42.png | assets/lottie/killerMonkey/images/seq_0_42.png | assets/lottie/myMonkey/images/seq_0_42.png | assets/lottie/otherMonkey/images/seq_0_42.png"
seq_0_43.png,4,"assets/lottie/killerKnife/images/seq_0_43.png | assets/lottie/killerMonkey/images/seq_0_43.png | assets/lottie/myMonkey/images/seq_0_43.png | assets/lottie/otherMonkey/images/seq_0_43.png"
seq_0_44.png,4,"assets/lottie/killerKnife/images/seq_0_44.png | assets/lottie/killerMonkey/images/seq_0_44.png | assets/lottie/myMonkey/images/seq_0_44.png | assets/lottie/otherMonkey/images/seq_0_44.png"
seq_0_45.png,4,"assets/lottie/killerKnife/images/seq_0_45.png | assets/lottie/killerMonkey/images/seq_0_45.png | assets/lottie/myMonkey/images/seq_0_45.png | assets/lottie/otherMonkey/images/seq_0_45.png"
seq_0_46.png,4,"assets/lottie/killerKnife/images/seq_0_46.png | assets/lottie/killerMonkey/images/seq_0_46.png | assets/lottie/myMonkey/images/seq_0_46.png | assets/lottie/otherMonkey/images/seq_0_46.png"
seq_0_47.png,4,"assets/lottie/killerKnife/images/seq_0_47.png | assets/lottie/killerMonkey/images/seq_0_47.png | assets/lottie/myMonkey/images/seq_0_47.png | assets/lottie/otherMonkey/images/seq_0_47.png"
seq_0_48.png,4,"assets/lottie/killerKnife/images/seq_0_48.png | assets/lottie/killerMonkey/images/seq_0_48.png | assets/lottie/myMonkey/images/seq_0_48.png | assets/lottie/otherMonkey/images/seq_0_48.png"
seq_0_49.png,4,"assets/lottie/killerKnife/images/seq_0_49.png | assets/lottie/killerMonkey/images/seq_0_49.png | assets/lottie/myMonkey/images/seq_0_49.png | assets/lottie/otherMonkey/images/seq_0_49.png"
seq_0_5.png,4,"assets/lottie/killerKnife/images/seq_0_5.png | assets/lottie/killerMonkey/images/seq_0_5.png | assets/lottie/myMonkey/images/seq_0_5.png | assets/lottie/otherMonkey/images/seq_0_5.png"
seq_0_50.png,4,"assets/lottie/killerKnife/images/seq_0_50.png | assets/lottie/killerMonkey/images/seq_0_50.png | assets/lottie/myMonkey/images/seq_0_50.png | assets/lottie/otherMonkey/images/seq_0_50.png"
seq_0_51.png,4,"assets/lottie/killerKnife/images/seq_0_51.png | assets/lottie/killerMonkey/images/seq_0_51.png | assets/lottie/myMonkey/images/seq_0_51.png | assets/lottie/otherMonkey/images/seq_0_51.png"
seq_0_52.png,4,"assets/lottie/killerKnife/images/seq_0_52.png | assets/lottie/killerMonkey/images/seq_0_52.png | assets/lottie/myMonkey/images/seq_0_52.png | assets/lottie/otherMonkey/images/seq_0_52.png"
seq_0_53.png,4,"assets/lottie/killerKnife/images/seq_0_53.png | assets/lottie/killerMonkey/images/seq_0_53.png | assets/lottie/myMonkey/images/seq_0_53.png | assets/lottie/otherMonkey/images/seq_0_53.png"
seq_0_54.png,4,"assets/lottie/killerKnife/images/seq_0_54.png | assets/lottie/killerMonkey/images/seq_0_54.png | assets/lottie/myMonkey/images/seq_0_54.png | assets/lottie/otherMonkey/images/seq_0_54.png"
seq_0_55.png,4,"assets/lottie/killerKnife/images/seq_0_55.png | assets/lottie/killerMonkey/images/seq_0_55.png | assets/lottie/myMonkey/images/seq_0_55.png | assets/lottie/otherMonkey/images/seq_0_55.png"
seq_0_56.png,4,"assets/lottie/killerKnife/images/seq_0_56.png | assets/lottie/killerMonkey/images/seq_0_56.png | assets/lottie/myMonkey/images/seq_0_56.png | assets/lottie/otherMonkey/images/seq_0_56.png"
seq_0_57.png,4,"assets/lottie/killerKnife/images/seq_0_57.png | assets/lottie/killerMonkey/images/seq_0_57.png | assets/lottie/myMonkey/images/seq_0_57.png | assets/lottie/otherMonkey/images/seq_0_57.png"
seq_0_58.png,4,"assets/lottie/killerKnife/images/seq_0_58.png | assets/lottie/killerMonkey/images/seq_0_58.png | assets/lottie/myMonkey/images/seq_0_58.png | assets/lottie/otherMonkey/images/seq_0_58.png"
seq_0_59.png,4,"assets/lottie/killerKnife/images/seq_0_59.png | assets/lottie/killerMonkey/images/seq_0_59.png | assets/lottie/myMonkey/images/seq_0_59.png | assets/lottie/otherMonkey/images/seq_0_59.png"
seq_0_6.png,4,"assets/lottie/killerKnife/images/seq_0_6.png | assets/lottie/killerMonkey/images/seq_0_6.png | assets/lottie/myMonkey/images/seq_0_6.png | assets/lottie/otherMonkey/images/seq_0_6.png"
seq_0_60.png,2,"assets/lottie/killerKnife/images/seq_0_60.png | assets/lottie/killerMonkey/images/seq_0_60.png"
seq_0_61.png,2,"assets/lottie/killerKnife/images/seq_0_61.png | assets/lottie/killerMonkey/images/seq_0_61.png"
seq_0_62.png,2,"assets/lottie/killerKnife/images/seq_0_62.png | assets/lottie/killerMonkey/images/seq_0_62.png"
seq_0_63.png,2,"assets/lottie/killerKnife/images/seq_0_63.png | assets/lottie/killerMonkey/images/seq_0_63.png"
seq_0_64.png,2,"assets/lottie/killerKnife/images/seq_0_64.png | assets/lottie/killerMonkey/images/seq_0_64.png"
seq_0_65.png,2,"assets/lottie/killerKnife/images/seq_0_65.png | assets/lottie/killerMonkey/images/seq_0_65.png"
seq_0_66.png,2,"assets/lottie/killerKnife/images/seq_0_66.png | assets/lottie/killerMonkey/images/seq_0_66.png"
seq_0_67.png,2,"assets/lottie/killerKnife/images/seq_0_67.png | assets/lottie/killerMonkey/images/seq_0_67.png"
seq_0_68.png,2,"assets/lottie/killerKnife/images/seq_0_68.png | assets/lottie/killerMonkey/images/seq_0_68.png"
seq_0_69.png,2,"assets/lottie/killerKnife/images/seq_0_69.png | assets/lottie/killerMonkey/images/seq_0_69.png"
seq_0_7.png,4,"assets/lottie/killerKnife/images/seq_0_7.png | assets/lottie/killerMonkey/images/seq_0_7.png | assets/lottie/myMonkey/images/seq_0_7.png | assets/lottie/otherMonkey/images/seq_0_7.png"
seq_0_70.png,2,"assets/lottie/killerKnife/images/seq_0_70.png | assets/lottie/killerMonkey/images/seq_0_70.png"
seq_0_71.png,2,"assets/lottie/killerKnife/images/seq_0_71.png | assets/lottie/killerMonkey/images/seq_0_71.png"
seq_0_72.png,2,"assets/lottie/killerKnife/images/seq_0_72.png | assets/lottie/killerMonkey/images/seq_0_72.png"
seq_0_73.png,2,"assets/lottie/killerKnife/images/seq_0_73.png | assets/lottie/killerMonkey/images/seq_0_73.png"
seq_0_74.png,2,"assets/lottie/killerKnife/images/seq_0_74.png | assets/lottie/killerMonkey/images/seq_0_74.png"
seq_0_75.png,2,"assets/lottie/killerKnife/images/seq_0_75.png | assets/lottie/killerMonkey/images/seq_0_75.png"
seq_0_76.png,2,"assets/lottie/killerKnife/images/seq_0_76.png | assets/lottie/killerMonkey/images/seq_0_76.png"
seq_0_77.png,2,"assets/lottie/killerKnife/images/seq_0_77.png | assets/lottie/killerMonkey/images/seq_0_77.png"
seq_0_78.png,2,"assets/lottie/killerKnife/images/seq_0_78.png | assets/lottie/killerMonkey/images/seq_0_78.png"
seq_0_79.png,2,"assets/lottie/killerKnife/images/seq_0_79.png | assets/lottie/killerMonkey/images/seq_0_79.png"
seq_0_8.png,4,"assets/lottie/killerKnife/images/seq_0_8.png | assets/lottie/killerMonkey/images/seq_0_8.png | assets/lottie/myMonkey/images/seq_0_8.png | assets/lottie/otherMonkey/images/seq_0_8.png"
seq_0_80.png,2,"assets/lottie/killerKnife/images/seq_0_80.png | assets/lottie/killerMonkey/images/seq_0_80.png"
seq_0_81.png,2,"assets/lottie/killerKnife/images/seq_0_81.png | assets/lottie/killerMonkey/images/seq_0_81.png"
seq_0_9.png,4,"assets/lottie/killerKnife/images/seq_0_9.png | assets/lottie/killerMonkey/images/seq_0_9.png | assets/lottie/myMonkey/images/seq_0_9.png | assets/lottie/otherMonkey/images/seq_0_9.png"
bgm.mp3,5,"assets/music/chicken/bgm.mp3 | assets/music/escape/bgm.mp3 | assets/music/marbles/bgm.mp3 | assets/music/sport/bgm.mp3 | assets/sound/arena/bgm.mp3"
click.mp3,4,"assets/music/chicken/click.mp3 | assets/music/sport/click.mp3 | assets/tug/click.mp3 | assets/voice/click.mp3"
countdown.mp3,3,"assets/music/chicken/countdown.mp3 | assets/music/sport/countdown.mp3 | assets/voice/countdown.mp3"
fail.mp3,3,"assets/music/chicken/fail.mp3 | assets/music/sport/fail.mp3 | assets/voice/ape/fail.mp3"
win.mp3,4,"assets/music/chicken/win.mp3 | assets/music/marbles/win.mp3 | assets/music/sport/win.mp3 | assets/voice/ape/win.mp3"
r.jks,2,"assets/nim/rsa/r.jks | assets/nim/sm2/r.jks"
t.jks,2,"assets/nim/rsa/t.jks | assets/nim/sm2/t.jks"
smog_big.pag,2,"assets/pag/ape/smog_big.pag | assets/pag/smog_big.pag"
smog_middle.pag,2,"assets/pag/ape/smog_middle.pag | assets/pag/smog_middle.pag"
smog_small.pag,2,"assets/pag/ape/smog_small.pag | assets/pag/smog_small.pag"
countdown.pag,2,"assets/pag/countdown.pag | assets/pag/escape_animal/countdown.pag"
body_up.pag,3,"assets/pag/dress_medal/body_up.pag | assets/pag/dress_normal/body_up.pag | assets/pag/dress_rock/body_up.pag"
head_up.pag,3,"assets/pag/dress_medal/head_up.pag | assets/pag/dress_normal/head_up.pag | assets/pag/dress_rock/head_up.pag"
left_ear_up.pag,3,"assets/pag/dress_medal/left_ear_up.pag | assets/pag/dress_normal/left_ear_up.pag | assets/pag/dress_rock/left_ear_up.pag"
left_footer_up.pag,3,"assets/pag/dress_medal/left_footer_up.pag | assets/pag/dress_normal/left_footer_up.pag | assets/pag/dress_rock/left_footer_up.pag"
left_hand_up.pag,3,"assets/pag/dress_medal/left_hand_up.pag | assets/pag/dress_normal/left_hand_up.pag | assets/pag/dress_rock/left_hand_up.pag"
leg_up.pag,3,"assets/pag/dress_medal/leg_up.pag | assets/pag/dress_normal/leg_up.pag | assets/pag/dress_rock/leg_up.pag"
right_ear_up.pag,3,"assets/pag/dress_medal/right_ear_up.pag | assets/pag/dress_normal/right_ear_up.pag | assets/pag/dress_rock/right_ear_up.pag"
right_footer_up.pag,3,"assets/pag/dress_medal/right_footer_up.pag | assets/pag/dress_normal/right_footer_up.pag | assets/pag/dress_rock/right_footer_up.pag"
right_hand_up.pag,3,"assets/pag/dress_medal/right_hand_up.pag | assets/pag/dress_normal/right_hand_up.pag | assets/pag/dress_rock/right_hand_up.pag"
catch.pag,6,"assets/pag/escape_animal/cow/catch.pag | assets/pag/escape_animal/dog/catch.pag | assets/pag/escape_animal/fox/catch.pag | assets/pag/escape_animal/monkey/catch.pag | assets/pag/escape_animal/pig/catch.pag | assets/pag/escape_animal/raccoon/catch.pag"
choice.pag,6,"assets/pag/escape_animal/cow/choice.pag | assets/pag/escape_animal/dog/choice.pag | assets/pag/escape_animal/fox/choice.pag | assets/pag/escape_animal/monkey/choice.pag | assets/pag/escape_animal/pig/choice.pag | assets/pag/escape_animal/raccoon/choice.pag"
fall_down.pag,7,"assets/pag/escape_animal/cow/fall_down.pag | assets/pag/escape_animal/dog/fall_down.pag | assets/pag/escape_animal/fox/fall_down.pag | assets/pag/escape_animal/monkey/fall_down.pag | assets/pag/escape_animal/pig/fall_down.pag | assets/pag/escape_animal/raccoon/fall_down.pag | assets/pag/escape_animal/tiger/fall_down.pag"
idle.pag,11,"assets/pag/escape_animal/cow/idle.pag | assets/pag/escape_animal/dog/idle.pag | assets/pag/escape_animal/fox/idle.pag | assets/pag/escape_animal/monkey/idle.pag | assets/pag/escape_animal/pig/idle.pag | assets/pag/escape_animal/prop/invincible/idle.pag | assets/pag/escape_animal/prop/shield/idle.pag | assets/pag/escape_animal/prop/speed/idle.pag | assets/pag/escape_animal/raccoon/idle.pag | assets/pag/escape_animal/tiger/idle.pag | assets/pag/me/idle.pag"
idle_choice.pag,6,"assets/pag/escape_animal/cow/idle_choice.pag | assets/pag/escape_animal/dog/idle_choice.pag | assets/pag/escape_animal/fox/idle_choice.pag | assets/pag/escape_animal/monkey/idle_choice.pag | assets/pag/escape_animal/pig/idle_choice.pag | assets/pag/escape_animal/raccoon/idle_choice.pag"
mud.pag,7,"assets/pag/escape_animal/cow/mud.pag | assets/pag/escape_animal/dog/mud.pag | assets/pag/escape_animal/fox/mud.pag | assets/pag/escape_animal/monkey/mud.pag | assets/pag/escape_animal/pig/mud.pag | assets/pag/escape_animal/raccoon/mud.pag | assets/pag/escape_animal/tiger/mud.pag"
palsy.pag,7,"assets/pag/escape_animal/cow/palsy.pag | assets/pag/escape_animal/dog/palsy.pag | assets/pag/escape_animal/fox/palsy.pag | assets/pag/escape_animal/monkey/palsy.pag | assets/pag/escape_animal/pig/palsy.pag | assets/pag/escape_animal/raccoon/palsy.pag | assets/pag/escape_animal/tiger/palsy.pag"
run.pag,8,"assets/pag/escape_animal/cow/run.pag | assets/pag/escape_animal/dog/run.pag | assets/pag/escape_animal/fox/run.pag | assets/pag/escape_animal/monkey/run.pag | assets/pag/escape_animal/pig/run.pag | assets/pag/escape_animal/raccoon/run.pag | assets/pag/escape_animal/tiger/run.pag | assets/pag/me/run.pag"
run_choice.pag,6,"assets/pag/escape_animal/cow/run_choice.pag | assets/pag/escape_animal/dog/run_choice.pag | assets/pag/escape_animal/fox/run_choice.pag | assets/pag/escape_animal/monkey/run_choice.pag | assets/pag/escape_animal/pig/run_choice.pag | assets/pag/escape_animal/raccoon/run_choice.pag"
ready_go.pag,2,"assets/pag/escape_animal/ready_go.pag | assets/pag/ready_go/ready_go.pag"
left.pag,4,"assets/pag/marbles/gray/left.pag | assets/pag/marbles/orange/left.pag | assets/pag/marbles/white/left.pag | assets/pag/marbles/yellow/left.pag"
left_down.pag,4,"assets/pag/marbles/gray/left_down.pag | assets/pag/marbles/orange/left_down.pag | assets/pag/marbles/white/left_down.pag | assets/pag/marbles/yellow/left_down.pag"
left_jump.pag,4,"assets/pag/marbles/gray/left_jump.pag | assets/pag/marbles/orange/left_jump.pag | assets/pag/marbles/white/left_jump.pag | assets/pag/marbles/yellow/left_jump.pag"
middle.pag,4,"assets/pag/marbles/gray/middle.pag | assets/pag/marbles/orange/middle.pag | assets/pag/marbles/white/middle.pag | assets/pag/marbles/yellow/middle.pag"
quick.pag,4,"assets/pag/marbles/gray/quick.pag | assets/pag/marbles/orange/quick.pag | assets/pag/marbles/white/quick.pag | assets/pag/marbles/yellow/quick.pag"
right.pag,4,"assets/pag/marbles/gray/right.pag | assets/pag/marbles/orange/right.pag | assets/pag/marbles/white/right.pag | assets/pag/marbles/yellow/right.pag"
right_down.pag,4,"assets/pag/marbles/gray/right_down.pag | assets/pag/marbles/orange/right_down.pag | assets/pag/marbles/white/right_down.pag | assets/pag/marbles/yellow/right_down.pag"
right_jump.pag,4,"assets/pag/marbles/gray/right_jump.pag | assets/pag/marbles/orange/right_jump.pag | assets/pag/marbles/white/right_jump.pag | assets/pag/marbles/yellow/right_jump.pag"
slow.pag,4,"assets/pag/marbles/gray/slow.pag | assets/pag/marbles/orange/slow.pag | assets/pag/marbles/white/slow.pag | assets/pag/marbles/yellow/slow.pag"
standby.pag,4,"assets/pag/marbles/gray/standby.pag | assets/pag/marbles/orange/standby.pag | assets/pag/marbles/white/standby.pag | assets/pag/marbles/yellow/standby.pag"
appear_00020.png,5,"assets/png/miner/1001/appear/appear_00020.png | assets/png/miner/1002/appear/appear_00020.png | assets/png/miner/1003/appear/appear_00020.png | assets/png/miner/1004/appear/appear_00020.png | assets/png/miner/1005/appear/appear_00020.png"
appear_00022.png,5,"assets/png/miner/1001/appear/appear_00022.png | assets/png/miner/1002/appear/appear_00022.png | assets/png/miner/1003/appear/appear_00022.png | assets/png/miner/1004/appear/appear_00022.png | assets/png/miner/1005/appear/appear_00022.png"
appear_00024.png,4,"assets/png/miner/1001/appear/appear_00024.png | assets/png/miner/1002/appear/appear_00024.png | assets/png/miner/1004/appear/appear_00024.png | assets/png/miner/1005/appear/appear_00024.png"
appear_00026.png,4,"assets/png/miner/1001/appear/appear_00026.png | assets/png/miner/1002/appear/appear_00026.png | assets/png/miner/1004/appear/appear_00026.png | assets/png/miner/1005/appear/appear_00026.png"
appear_00028.png,5,"assets/png/miner/1001/appear/appear_00028.png | assets/png/miner/1002/appear/appear_00028.png | assets/png/miner/1003/appear/appear_00028.png | assets/png/miner/1004/appear/appear_00028.png | assets/png/miner/1005/appear/appear_00028.png"
appear_00030.png,5,"assets/png/miner/1001/appear/appear_00030.png | assets/png/miner/1002/appear/appear_00030.png | assets/png/miner/1003/appear/appear_00030.png | assets/png/miner/1004/appear/appear_00030.png | assets/png/miner/1005/appear/appear_00030.png"
appear_00032.png,5,"assets/png/miner/1001/appear/appear_00032.png | assets/png/miner/1002/appear/appear_00032.png | assets/png/miner/1003/appear/appear_00032.png | assets/png/miner/1004/appear/appear_00032.png | assets/png/miner/1005/appear/appear_00032.png"
appear_00034.png,4,"assets/png/miner/1001/appear/appear_00034.png | assets/png/miner/1002/appear/appear_00034.png | assets/png/miner/1004/appear/appear_00034.png | assets/png/miner/1005/appear/appear_00034.png"
appear_00036.png,4,"assets/png/miner/1001/appear/appear_00036.png | assets/png/miner/1002/appear/appear_00036.png | assets/png/miner/1004/appear/appear_00036.png | assets/png/miner/1005/appear/appear_00036.png"
appear_00038.png,5,"assets/png/miner/1001/appear/appear_00038.png | assets/png/miner/1002/appear/appear_00038.png | assets/png/miner/1003/appear/appear_00038.png | assets/png/miner/1004/appear/appear_00038.png | assets/png/miner/1005/appear/appear_00038.png"
appear_00040.png,5,"assets/png/miner/1001/appear/appear_00040.png | assets/png/miner/1002/appear/appear_00040.png | assets/png/miner/1003/appear/appear_00040.png | assets/png/miner/1004/appear/appear_00040.png | assets/png/miner/1005/appear/appear_00040.png"
appear_00042.png,5,"assets/png/miner/1001/appear/appear_00042.png | assets/png/miner/1002/appear/appear_00042.png | assets/png/miner/1003/appear/appear_00042.png | assets/png/miner/1004/appear/appear_00042.png | assets/png/miner/1005/appear/appear_00042.png"
appear_00044.png,4,"assets/png/miner/1001/appear/appear_00044.png | assets/png/miner/1002/appear/appear_00044.png | assets/png/miner/1004/appear/appear_00044.png | assets/png/miner/1005/appear/appear_00044.png"
appear_00046.png,4,"assets/png/miner/1001/appear/appear_00046.png | assets/png/miner/1002/appear/appear_00046.png | assets/png/miner/1004/appear/appear_00046.png | assets/png/miner/1005/appear/appear_00046.png"
appear_00048.png,5,"assets/png/miner/1001/appear/appear_00048.png | assets/png/miner/1002/appear/appear_00048.png | assets/png/miner/1003/appear/appear_00048.png | assets/png/miner/1004/appear/appear_00048.png | assets/png/miner/1005/appear/appear_00048.png"
appear_00050.png,5,"assets/png/miner/1001/appear/appear_00050.png | assets/png/miner/1002/appear/appear_00050.png | assets/png/miner/1003/appear/appear_00050.png | assets/png/miner/1004/appear/appear_00050.png | assets/png/miner/1005/appear/appear_00050.png"
back_00000.png,5,"assets/png/miner/1001/back/back_00000.png | assets/png/miner/1002/back/back_00000.png | assets/png/miner/1003/back/back_00000.png | assets/png/miner/1004/back/back_00000.png | assets/png/miner/1005/back/back_00000.png"
back_00002.png,5,"assets/png/miner/1001/back/back_00002.png | assets/png/miner/1002/back/back_00002.png | assets/png/miner/1003/back/back_00002.png | assets/png/miner/1004/back/back_00002.png | assets/png/miner/1005/back/back_00002.png"
back_00004.png,5,"assets/png/miner/1001/back/back_00004.png | assets/png/miner/1002/back/back_00004.png | assets/png/miner/1003/back/back_00004.png | assets/png/miner/1004/back/back_00004.png | assets/png/miner/1005/back/back_00004.png"
back_00006.png,5,"assets/png/miner/1001/back/back_00006.png | assets/png/miner/1002/back/back_00006.png | assets/png/miner/1003/back/back_00006.png | assets/png/miner/1004/back/back_00006.png | assets/png/miner/1005/back/back_00006.png"
back_00008.png,5,"assets/png/miner/1001/back/back_00008.png | assets/png/miner/1002/back/back_00008.png | assets/png/miner/1003/back/back_00008.png | assets/png/miner/1004/back/back_00008.png | assets/png/miner/1005/back/back_00008.png"
back_00010.png,5,"assets/png/miner/1001/back/back_00010.png | assets/png/miner/1002/back/back_00010.png | assets/png/miner/1003/back/back_00010.png | assets/png/miner/1004/back/back_00010.png | assets/png/miner/1005/back/back_00010.png"
back_00012.png,5,"assets/png/miner/1001/back/back_00012.png | assets/png/miner/1002/back/back_00012.png | assets/png/miner/1003/back/back_00012.png | assets/png/miner/1004/back/back_00012.png | assets/png/miner/1005/back/back_00012.png"
back_00014.png,5,"assets/png/miner/1001/back/back_00014.png | assets/png/miner/1002/back/back_00014.png | assets/png/miner/1003/back/back_00014.png | assets/png/miner/1004/back/back_00014.png | assets/png/miner/1005/back/back_00014.png"
back_00016.png,5,"assets/png/miner/1001/back/back_00016.png | assets/png/miner/1002/back/back_00016.png | assets/png/miner/1003/back/back_00016.png | assets/png/miner/1004/back/back_00016.png | assets/png/miner/1005/back/back_00016.png"
back_00018.png,5,"assets/png/miner/1001/back/back_00018.png | assets/png/miner/1002/back/back_00018.png | assets/png/miner/1003/back/back_00018.png | assets/png/miner/1004/back/back_00018.png | assets/png/miner/1005/back/back_00018.png"
back_00020.png,5,"assets/png/miner/1001/back/back_00020.png | assets/png/miner/1002/back/back_00020.png | assets/png/miner/1003/back/back_00020.png | assets/png/miner/1004/back/back_00020.png | assets/png/miner/1005/back/back_00020.png"
back_00022.png,5,"assets/png/miner/1001/back/back_00022.png | assets/png/miner/1002/back/back_00022.png | assets/png/miner/1003/back/back_00022.png | assets/png/miner/1004/back/back_00022.png | assets/png/miner/1005/back/back_00022.png"
back_00024.png,5,"assets/png/miner/1001/back/back_00024.png | assets/png/miner/1002/back/back_00024.png | assets/png/miner/1003/back/back_00024.png | assets/png/miner/1004/back/back_00024.png | assets/png/miner/1005/back/back_00024.png"
back_00026.png,5,"assets/png/miner/1001/back/back_00026.png | assets/png/miner/1002/back/back_00026.png | assets/png/miner/1003/back/back_00026.png | assets/png/miner/1004/back/back_00026.png | assets/png/miner/1005/back/back_00026.png"
back_00028.png,5,"assets/png/miner/1001/back/back_00028.png | assets/png/miner/1002/back/back_00028.png | assets/png/miner/1003/back/back_00028.png | assets/png/miner/1004/back/back_00028.png | assets/png/miner/1005/back/back_00028.png"
back_00030.png,5,"assets/png/miner/1001/back/back_00030.png | assets/png/miner/1002/back/back_00030.png | assets/png/miner/1003/back/back_00030.png | assets/png/miner/1004/back/back_00030.png | assets/png/miner/1005/back/back_00030.png"
back_00032.png,5,"assets/png/miner/1001/back/back_00032.png | assets/png/miner/1002/back/back_00032.png | assets/png/miner/1003/back/back_00032.png | assets/png/miner/1004/back/back_00032.png | assets/png/miner/1005/back/back_00032.png"
back_00034.png,5,"assets/png/miner/1001/back/back_00034.png | assets/png/miner/1002/back/back_00034.png | assets/png/miner/1003/back/back_00034.png | assets/png/miner/1004/back/back_00034.png | assets/png/miner/1005/back/back_00034.png"
back_00036.png,5,"assets/png/miner/1001/back/back_00036.png | assets/png/miner/1002/back/back_00036.png | assets/png/miner/1003/back/back_00036.png | assets/png/miner/1004/back/back_00036.png | assets/png/miner/1005/back/back_00036.png"
back_00038.png,5,"assets/png/miner/1001/back/back_00038.png | assets/png/miner/1002/back/back_00038.png | assets/png/miner/1003/back/back_00038.png | assets/png/miner/1004/back/back_00038.png | assets/png/miner/1005/back/back_00038.png"
back_00040.png,5,"assets/png/miner/1001/back/back_00040.png | assets/png/miner/1002/back/back_00040.png | assets/png/miner/1003/back/back_00040.png | assets/png/miner/1004/back/back_00040.png | assets/png/miner/1005/back/back_00040.png"
back_00042.png,5,"assets/png/miner/1001/back/back_00042.png | assets/png/miner/1002/back/back_00042.png | assets/png/miner/1003/back/back_00042.png | assets/png/miner/1004/back/back_00042.png | assets/png/miner/1005/back/back_00042.png"
back_00044.png,5,"assets/png/miner/1001/back/back_00044.png | assets/png/miner/1002/back/back_00044.png | assets/png/miner/1003/back/back_00044.png | assets/png/miner/1004/back/back_00044.png | assets/png/miner/1005/back/back_00044.png"
front_00000.png,5,"assets/png/miner/1001/front/front_00000.png | assets/png/miner/1002/front/front_00000.png | assets/png/miner/1003/front/front_00000.png | assets/png/miner/1004/front/front_00000.png | assets/png/miner/1005/front/front_00000.png"
front_00002.png,5,"assets/png/miner/1001/front/front_00002.png | assets/png/miner/1002/front/front_00002.png | assets/png/miner/1003/front/front_00002.png | assets/png/miner/1004/front/front_00002.png | assets/png/miner/1005/front/front_00002.png"
front_00004.png,5,"assets/png/miner/1001/front/front_00004.png | assets/png/miner/1002/front/front_00004.png | assets/png/miner/1003/front/front_00004.png | assets/png/miner/1004/front/front_00004.png | assets/png/miner/1005/front/front_00004.png"
front_00006.png,5,"assets/png/miner/1001/front/front_00006.png | assets/png/miner/1002/front/front_00006.png | assets/png/miner/1003/front/front_00006.png | assets/png/miner/1004/front/front_00006.png | assets/png/miner/1005/front/front_00006.png"
front_00008.png,5,"assets/png/miner/1001/front/front_00008.png | assets/png/miner/1002/front/front_00008.png | assets/png/miner/1003/front/front_00008.png | assets/png/miner/1004/front/front_00008.png | assets/png/miner/1005/front/front_00008.png"
front_00010.png,5,"assets/png/miner/1001/front/front_00010.png | assets/png/miner/1002/front/front_00010.png | assets/png/miner/1003/front/front_00010.png | assets/png/miner/1004/front/front_00010.png | assets/png/miner/1005/front/front_00010.png"
front_00012.png,5,"assets/png/miner/1001/front/front_00012.png | assets/png/miner/1002/front/front_00012.png | assets/png/miner/1003/front/front_00012.png | assets/png/miner/1004/front/front_00012.png | assets/png/miner/1005/front/front_00012.png"
front_00014.png,5,"assets/png/miner/1001/front/front_00014.png | assets/png/miner/1002/front/front_00014.png | assets/png/miner/1003/front/front_00014.png | assets/png/miner/1004/front/front_00014.png | assets/png/miner/1005/front/front_00014.png"
front_00016.png,5,"assets/png/miner/1001/front/front_00016.png | assets/png/miner/1002/front/front_00016.png | assets/png/miner/1003/front/front_00016.png | assets/png/miner/1004/front/front_00016.png | assets/png/miner/1005/front/front_00016.png"
front_00018.png,5,"assets/png/miner/1001/front/front_00018.png | assets/png/miner/1002/front/front_00018.png | assets/png/miner/1003/front/front_00018.png | assets/png/miner/1004/front/front_00018.png | assets/png/miner/1005/front/front_00018.png"
front_00020.png,5,"assets/png/miner/1001/front/front_00020.png | assets/png/miner/1002/front/front_00020.png | assets/png/miner/1003/front/front_00020.png | assets/png/miner/1004/front/front_00020.png | assets/png/miner/1005/front/front_00020.png"
front_00022.png,5,"assets/png/miner/1001/front/front_00022.png | assets/png/miner/1002/front/front_00022.png | assets/png/miner/1003/front/front_00022.png | assets/png/miner/1004/front/front_00022.png | assets/png/miner/1005/front/front_00022.png"
front_00024.png,5,"assets/png/miner/1001/front/front_00024.png | assets/png/miner/1002/front/front_00024.png | assets/png/miner/1003/front/front_00024.png | assets/png/miner/1004/front/front_00024.png | assets/png/miner/1005/front/front_00024.png"
front_00026.png,5,"assets/png/miner/1001/front/front_00026.png | assets/png/miner/1002/front/front_00026.png | assets/png/miner/1003/front/front_00026.png | assets/png/miner/1004/front/front_00026.png | assets/png/miner/1005/front/front_00026.png"
front_00028.png,5,"assets/png/miner/1001/front/front_00028.png | assets/png/miner/1002/front/front_00028.png | assets/png/miner/1003/front/front_00028.png | assets/png/miner/1004/front/front_00028.png | assets/png/miner/1005/front/front_00028.png"
front_00030.png,5,"assets/png/miner/1001/front/front_00030.png | assets/png/miner/1002/front/front_00030.png | assets/png/miner/1003/front/front_00030.png | assets/png/miner/1004/front/front_00030.png | assets/png/miner/1005/front/front_00030.png"
front_00032.png,5,"assets/png/miner/1001/front/front_00032.png | assets/png/miner/1002/front/front_00032.png | assets/png/miner/1003/front/front_00032.png | assets/png/miner/1004/front/front_00032.png | assets/png/miner/1005/front/front_00032.png"
front_00034.png,5,"assets/png/miner/1001/front/front_00034.png | assets/png/miner/1002/front/front_00034.png | assets/png/miner/1003/front/front_00034.png | assets/png/miner/1004/front/front_00034.png | assets/png/miner/1005/front/front_00034.png"
front_00036.png,5,"assets/png/miner/1001/front/front_00036.png | assets/png/miner/1002/front/front_00036.png | assets/png/miner/1003/front/front_00036.png | assets/png/miner/1004/front/front_00036.png | assets/png/miner/1005/front/front_00036.png"
front_00038.png,5,"assets/png/miner/1001/front/front_00038.png | assets/png/miner/1002/front/front_00038.png | assets/png/miner/1003/front/front_00038.png | assets/png/miner/1004/front/front_00038.png | assets/png/miner/1005/front/front_00038.png"
front_00040.png,5,"assets/png/miner/1001/front/front_00040.png | assets/png/miner/1002/front/front_00040.png | assets/png/miner/1003/front/front_00040.png | assets/png/miner/1004/front/front_00040.png | assets/png/miner/1005/front/front_00040.png"
front_00042.png,5,"assets/png/miner/1001/front/front_00042.png | assets/png/miner/1002/front/front_00042.png | assets/png/miner/1003/front/front_00042.png | assets/png/miner/1004/front/front_00042.png | assets/png/miner/1005/front/front_00042.png"
front_00044.png,5,"assets/png/miner/1001/front/front_00044.png | assets/png/miner/1002/front/front_00044.png | assets/png/miner/1003/front/front_00044.png | assets/png/miner/1004/front/front_00044.png | assets/png/miner/1005/front/front_00044.png"
idle_00000.png,5,"assets/png/miner/1001/idle/idle_00000.png | assets/png/miner/1002/idle/idle_00000.png | assets/png/miner/1003/idle/idle_00000.png | assets/png/miner/1004/idle/idle_00000.png | assets/png/miner/1005/idle/idle_00000.png"
idle_00002.png,5,"assets/png/miner/1001/idle/idle_00002.png | assets/png/miner/1002/idle/idle_00002.png | assets/png/miner/1003/idle/idle_00002.png | assets/png/miner/1004/idle/idle_00002.png | assets/png/miner/1005/idle/idle_00002.png"
idle_00004.png,5,"assets/png/miner/1001/idle/idle_00004.png | assets/png/miner/1002/idle/idle_00004.png | assets/png/miner/1003/idle/idle_00004.png | assets/png/miner/1004/idle/idle_00004.png | assets/png/miner/1005/idle/idle_00004.png"
idle_00006.png,5,"assets/png/miner/1001/idle/idle_00006.png | assets/png/miner/1002/idle/idle_00006.png | assets/png/miner/1003/idle/idle_00006.png | assets/png/miner/1004/idle/idle_00006.png | assets/png/miner/1005/idle/idle_00006.png"
idle_00008.png,5,"assets/png/miner/1001/idle/idle_00008.png | assets/png/miner/1002/idle/idle_00008.png | assets/png/miner/1003/idle/idle_00008.png | assets/png/miner/1004/idle/idle_00008.png | assets/png/miner/1005/idle/idle_00008.png"
idle_00010.png,5,"assets/png/miner/1001/idle/idle_00010.png | assets/png/miner/1002/idle/idle_00010.png | assets/png/miner/1003/idle/idle_00010.png | assets/png/miner/1004/idle/idle_00010.png | assets/png/miner/1005/idle/idle_00010.png"
idle_00012.png,5,"assets/png/miner/1001/idle/idle_00012.png | assets/png/miner/1002/idle/idle_00012.png | assets/png/miner/1003/idle/idle_00012.png | assets/png/miner/1004/idle/idle_00012.png | assets/png/miner/1005/idle/idle_00012.png"
idle_00014.png,5,"assets/png/miner/1001/idle/idle_00014.png | assets/png/miner/1002/idle/idle_00014.png | assets/png/miner/1003/idle/idle_00014.png | assets/png/miner/1004/idle/idle_00014.png | assets/png/miner/1005/idle/idle_00014.png"
idle_00016.png,5,"assets/png/miner/1001/idle/idle_00016.png | assets/png/miner/1002/idle/idle_00016.png | assets/png/miner/1003/idle/idle_00016.png | assets/png/miner/1004/idle/idle_00016.png | assets/png/miner/1005/idle/idle_00016.png"
idle_00018.png,5,"assets/png/miner/1001/idle/idle_00018.png | assets/png/miner/1002/idle/idle_00018.png | assets/png/miner/1003/idle/idle_00018.png | assets/png/miner/1004/idle/idle_00018.png | assets/png/miner/1005/idle/idle_00018.png"
idle_00020.png,5,"assets/png/miner/1001/idle/idle_00020.png | assets/png/miner/1002/idle/idle_00020.png | assets/png/miner/1003/idle/idle_00020.png | assets/png/miner/1004/idle/idle_00020.png | assets/png/miner/1005/idle/idle_00020.png"
idle_00022.png,5,"assets/png/miner/1001/idle/idle_00022.png | assets/png/miner/1002/idle/idle_00022.png | assets/png/miner/1003/idle/idle_00022.png | assets/png/miner/1004/idle/idle_00022.png | assets/png/miner/1005/idle/idle_00022.png"
idle_00024.png,5,"assets/png/miner/1001/idle/idle_00024.png | assets/png/miner/1002/idle/idle_00024.png | assets/png/miner/1003/idle/idle_00024.png | assets/png/miner/1004/idle/idle_00024.png | assets/png/miner/1005/idle/idle_00024.png"
idle_00026.png,5,"assets/png/miner/1001/idle/idle_00026.png | assets/png/miner/1002/idle/idle_00026.png | assets/png/miner/1003/idle/idle_00026.png | assets/png/miner/1004/idle/idle_00026.png | assets/png/miner/1005/idle/idle_00026.png"
idle_00028.png,5,"assets/png/miner/1001/idle/idle_00028.png | assets/png/miner/1002/idle/idle_00028.png | assets/png/miner/1003/idle/idle_00028.png | assets/png/miner/1004/idle/idle_00028.png | assets/png/miner/1005/idle/idle_00028.png"
idle_00030.png,5,"assets/png/miner/1001/idle/idle_00030.png | assets/png/miner/1002/idle/idle_00030.png | assets/png/miner/1003/idle/idle_00030.png | assets/png/miner/1004/idle/idle_00030.png | assets/png/miner/1005/idle/idle_00030.png"
idle_00032.png,5,"assets/png/miner/1001/idle/idle_00032.png | assets/png/miner/1002/idle/idle_00032.png | assets/png/miner/1003/idle/idle_00032.png | assets/png/miner/1004/idle/idle_00032.png | assets/png/miner/1005/idle/idle_00032.png"
idle_00034.png,5,"assets/png/miner/1001/idle/idle_00034.png | assets/png/miner/1002/idle/idle_00034.png | assets/png/miner/1003/idle/idle_00034.png | assets/png/miner/1004/idle/idle_00034.png | assets/png/miner/1005/idle/idle_00034.png"
idle_00036.png,5,"assets/png/miner/1001/idle/idle_00036.png | assets/png/miner/1002/idle/idle_00036.png | assets/png/miner/1003/idle/idle_00036.png | assets/png/miner/1004/idle/idle_00036.png | assets/png/miner/1005/idle/idle_00036.png"
idle_00038.png,5,"assets/png/miner/1001/idle/idle_00038.png | assets/png/miner/1002/idle/idle_00038.png | assets/png/miner/1003/idle/idle_00038.png | assets/png/miner/1004/idle/idle_00038.png | assets/png/miner/1005/idle/idle_00038.png"
idle_00040.png,5,"assets/png/miner/1001/idle/idle_00040.png | assets/png/miner/1002/idle/idle_00040.png | assets/png/miner/1003/idle/idle_00040.png | assets/png/miner/1004/idle/idle_00040.png | assets/png/miner/1005/idle/idle_00040.png"
idle_00042.png,5,"assets/png/miner/1001/idle/idle_00042.png | assets/png/miner/1002/idle/idle_00042.png | assets/png/miner/1003/idle/idle_00042.png | assets/png/miner/1004/idle/idle_00042.png | assets/png/miner/1005/idle/idle_00042.png"
idle_00044.png,5,"assets/png/miner/1001/idle/idle_00044.png | assets/png/miner/1002/idle/idle_00044.png | assets/png/miner/1003/idle/idle_00044.png | assets/png/miner/1004/idle/idle_00044.png | assets/png/miner/1005/idle/idle_00044.png"
idle_00046.png,5,"assets/png/miner/1001/idle/idle_00046.png | assets/png/miner/1002/idle/idle_00046.png | assets/png/miner/1003/idle/idle_00046.png | assets/png/miner/1004/idle/idle_00046.png | assets/png/miner/1005/idle/idle_00046.png"
idle_00048.png,5,"assets/png/miner/1001/idle/idle_00048.png | assets/png/miner/1002/idle/idle_00048.png | assets/png/miner/1003/idle/idle_00048.png | assets/png/miner/1004/idle/idle_00048.png | assets/png/miner/1005/idle/idle_00048.png"
idle_00050.png,5,"assets/png/miner/1001/idle/idle_00050.png | assets/png/miner/1002/idle/idle_00050.png | assets/png/miner/1003/idle/idle_00050.png | assets/png/miner/1004/idle/idle_00050.png | assets/png/miner/1005/idle/idle_00050.png"
idle_00052.png,5,"assets/png/miner/1001/idle/idle_00052.png | assets/png/miner/1002/idle/idle_00052.png | assets/png/miner/1003/idle/idle_00052.png | assets/png/miner/1004/idle/idle_00052.png | assets/png/miner/1005/idle/idle_00052.png"
idle_00054.png,5,"assets/png/miner/1001/idle/idle_00054.png | assets/png/miner/1002/idle/idle_00054.png | assets/png/miner/1003/idle/idle_00054.png | assets/png/miner/1004/idle/idle_00054.png | assets/png/miner/1005/idle/idle_00054.png"
idle_00056.png,5,"assets/png/miner/1001/idle/idle_00056.png | assets/png/miner/1002/idle/idle_00056.png | assets/png/miner/1003/idle/idle_00056.png | assets/png/miner/1004/idle/idle_00056.png | assets/png/miner/1005/idle/idle_00056.png"
idle_00058.png,5,"assets/png/miner/1001/idle/idle_00058.png | assets/png/miner/1002/idle/idle_00058.png | assets/png/miner/1003/idle/idle_00058.png | assets/png/miner/1004/idle/idle_00058.png | assets/png/miner/1005/idle/idle_00058.png"
idle_00060.png,5,"assets/png/miner/1001/idle/idle_00060.png | assets/png/miner/1002/idle/idle_00060.png | assets/png/miner/1003/idle/idle_00060.png | assets/png/miner/1004/idle/idle_00060.png | assets/png/miner/1005/idle/idle_00060.png"
idle_00062.png,5,"assets/png/miner/1001/idle/idle_00062.png | assets/png/miner/1002/idle/idle_00062.png | assets/png/miner/1003/idle/idle_00062.png | assets/png/miner/1004/idle/idle_00062.png | assets/png/miner/1005/idle/idle_00062.png"
idle_00064.png,5,"assets/png/miner/1001/idle/idle_00064.png | assets/png/miner/1002/idle/idle_00064.png | assets/png/miner/1003/idle/idle_00064.png | assets/png/miner/1004/idle/idle_00064.png | assets/png/miner/1005/idle/idle_00064.png"
idle_00066.png,5,"assets/png/miner/1001/idle/idle_00066.png | assets/png/miner/1002/idle/idle_00066.png | assets/png/miner/1003/idle/idle_00066.png | assets/png/miner/1004/idle/idle_00066.png | assets/png/miner/1005/idle/idle_00066.png"
idle_00068.png,5,"assets/png/miner/1001/idle/idle_00068.png | assets/png/miner/1002/idle/idle_00068.png | assets/png/miner/1003/idle/idle_00068.png | assets/png/miner/1004/idle/idle_00068.png | assets/png/miner/1005/idle/idle_00068.png"
idle_00070.png,5,"assets/png/miner/1001/idle/idle_00070.png | assets/png/miner/1002/idle/idle_00070.png | assets/png/miner/1003/idle/idle_00070.png | assets/png/miner/1004/idle/idle_00070.png | assets/png/miner/1005/idle/idle_00070.png"
idle_00072.png,5,"assets/png/miner/1001/idle/idle_00072.png | assets/png/miner/1002/idle/idle_00072.png | assets/png/miner/1003/idle/idle_00072.png | assets/png/miner/1004/idle/idle_00072.png | assets/png/miner/1005/idle/idle_00072.png"
idle_00074.png,5,"assets/png/miner/1001/idle/idle_00074.png | assets/png/miner/1002/idle/idle_00074.png | assets/png/miner/1003/idle/idle_00074.png | assets/png/miner/1004/idle/idle_00074.png | assets/png/miner/1005/idle/idle_00074.png"
left_00000.png,5,"assets/png/miner/1001/left/left_00000.png | assets/png/miner/1002/left/left_00000.png | assets/png/miner/1003/left/left_00000.png | assets/png/miner/1004/left/left_00000.png | assets/png/miner/1005/left/left_00000.png"
left_00002.png,5,"assets/png/miner/1001/left/left_00002.png | assets/png/miner/1002/left/left_00002.png | assets/png/miner/1003/left/left_00002.png | assets/png/miner/1004/left/left_00002.png | assets/png/miner/1005/left/left_00002.png"
left_00004.png,5,"assets/png/miner/1001/left/left_00004.png | assets/png/miner/1002/left/left_00004.png | assets/png/miner/1003/left/left_00004.png | assets/png/miner/1004/left/left_00004.png | assets/png/miner/1005/left/left_00004.png"
left_00006.png,5,"assets/png/miner/1001/left/left_00006.png | assets/png/miner/1002/left/left_00006.png | assets/png/miner/1003/left/left_00006.png | assets/png/miner/1004/left/left_00006.png | assets/png/miner/1005/left/left_00006.png"
left_00008.png,5,"assets/png/miner/1001/left/left_00008.png | assets/png/miner/1002/left/left_00008.png | assets/png/miner/1003/left/left_00008.png | assets/png/miner/1004/left/left_00008.png | assets/png/miner/1005/left/left_00008.png"
left_00010.png,5,"assets/png/miner/1001/left/left_00010.png | assets/png/miner/1002/left/left_00010.png | assets/png/miner/1003/left/left_00010.png | assets/png/miner/1004/left/left_00010.png | assets/png/miner/1005/left/left_00010.png"
left_00012.png,5,"assets/png/miner/1001/left/left_00012.png | assets/png/miner/1002/left/left_00012.png | assets/png/miner/1003/left/left_00012.png | assets/png/miner/1004/left/left_00012.png | assets/png/miner/1005/left/left_00012.png"
left_00014.png,5,"assets/png/miner/1001/left/left_00014.png | assets/png/miner/1002/left/left_00014.png | assets/png/miner/1003/left/left_00014.png | assets/png/miner/1004/left/left_00014.png | assets/png/miner/1005/left/left_00014.png"
left_00016.png,5,"assets/png/miner/1001/left/left_00016.png | assets/png/miner/1002/left/left_00016.png | assets/png/miner/1003/left/left_00016.png | assets/png/miner/1004/left/left_00016.png | assets/png/miner/1005/left/left_00016.png"
left_00018.png,5,"assets/png/miner/1001/left/left_00018.png | assets/png/miner/1002/left/left_00018.png | assets/png/miner/1003/left/left_00018.png | assets/png/miner/1004/left/left_00018.png | assets/png/miner/1005/left/left_00018.png"
left_00020.png,5,"assets/png/miner/1001/left/left_00020.png | assets/png/miner/1002/left/left_00020.png | assets/png/miner/1003/left/left_00020.png | assets/png/miner/1004/left/left_00020.png | assets/png/miner/1005/left/left_00020.png"
left_00022.png,5,"assets/png/miner/1001/left/left_00022.png | assets/png/miner/1002/left/left_00022.png | assets/png/miner/1003/left/left_00022.png | assets/png/miner/1004/left/left_00022.png | assets/png/miner/1005/left/left_00022.png"
left_00024.png,5,"assets/png/miner/1001/left/left_00024.png | assets/png/miner/1002/left/left_00024.png | assets/png/miner/1003/left/left_00024.png | assets/png/miner/1004/left/left_00024.png | assets/png/miner/1005/left/left_00024.png"
left_00026.png,5,"assets/png/miner/1001/left/left_00026.png | assets/png/miner/1002/left/left_00026.png | assets/png/miner/1003/left/left_00026.png | assets/png/miner/1004/left/left_00026.png | assets/png/miner/1005/left/left_00026.png"
left_00028.png,5,"assets/png/miner/1001/left/left_00028.png | assets/png/miner/1002/left/left_00028.png | assets/png/miner/1003/left/left_00028.png | assets/png/miner/1004/left/left_00028.png | assets/png/miner/1005/left/left_00028.png"
left_00030.png,5,"assets/png/miner/1001/left/left_00030.png | assets/png/miner/1002/left/left_00030.png | assets/png/miner/1003/left/left_00030.png | assets/png/miner/1004/left/left_00030.png | assets/png/miner/1005/left/left_00030.png"
left_00032.png,5,"assets/png/miner/1001/left/left_00032.png | assets/png/miner/1002/left/left_00032.png | assets/png/miner/1003/left/left_00032.png | assets/png/miner/1004/left/left_00032.png | assets/png/miner/1005/left/left_00032.png"
left_00034.png,5,"assets/png/miner/1001/left/left_00034.png | assets/png/miner/1002/left/left_00034.png | assets/png/miner/1003/left/left_00034.png | assets/png/miner/1004/left/left_00034.png | assets/png/miner/1005/left/left_00034.png"
left_00036.png,5,"assets/png/miner/1001/left/left_00036.png | assets/png/miner/1002/left/left_00036.png | assets/png/miner/1003/left/left_00036.png | assets/png/miner/1004/left/left_00036.png | assets/png/miner/1005/left/left_00036.png"
left_00038.png,5,"assets/png/miner/1001/left/left_00038.png | assets/png/miner/1002/left/left_00038.png | assets/png/miner/1003/left/left_00038.png | assets/png/miner/1004/left/left_00038.png | assets/png/miner/1005/left/left_00038.png"
left_00040.png,5,"assets/png/miner/1001/left/left_00040.png | assets/png/miner/1002/left/left_00040.png | assets/png/miner/1003/left/left_00040.png | assets/png/miner/1004/left/left_00040.png | assets/png/miner/1005/left/left_00040.png"
left_00042.png,5,"assets/png/miner/1001/left/left_00042.png | assets/png/miner/1002/left/left_00042.png | assets/png/miner/1003/left/left_00042.png | assets/png/miner/1004/left/left_00042.png | assets/png/miner/1005/left/left_00042.png"
left_00044.png,5,"assets/png/miner/1001/left/left_00044.png | assets/png/miner/1002/left/left_00044.png | assets/png/miner/1003/left/left_00044.png | assets/png/miner/1004/left/left_00044.png | assets/png/miner/1005/left/left_00044.png"
right_00000.png,5,"assets/png/miner/1001/right/right_00000.png | assets/png/miner/1002/right/right_00000.png | assets/png/miner/1003/right/right_00000.png | assets/png/miner/1004/right/right_00000.png | assets/png/miner/1005/right/right_00000.png"
right_00002.png,5,"assets/png/miner/1001/right/right_00002.png | assets/png/miner/1002/right/right_00002.png | assets/png/miner/1003/right/right_00002.png | assets/png/miner/1004/right/right_00002.png | assets/png/miner/1005/right/right_00002.png"
right_00004.png,5,"assets/png/miner/1001/right/right_00004.png | assets/png/miner/1002/right/right_00004.png | assets/png/miner/1003/right/right_00004.png | assets/png/miner/1004/right/right_00004.png | assets/png/miner/1005/right/right_00004.png"
right_00006.png,5,"assets/png/miner/1001/right/right_00006.png | assets/png/miner/1002/right/right_00006.png | assets/png/miner/1003/right/right_00006.png | assets/png/miner/1004/right/right_00006.png | assets/png/miner/1005/right/right_00006.png"
right_00008.png,5,"assets/png/miner/1001/right/right_00008.png | assets/png/miner/1002/right/right_00008.png | assets/png/miner/1003/right/right_00008.png | assets/png/miner/1004/right/right_00008.png | assets/png/miner/1005/right/right_00008.png"
right_00010.png,5,"assets/png/miner/1001/right/right_00010.png | assets/png/miner/1002/right/right_00010.png | assets/png/miner/1003/right/right_00010.png | assets/png/miner/1004/right/right_00010.png | assets/png/miner/1005/right/right_00010.png"
right_00012.png,5,"assets/png/miner/1001/right/right_00012.png | assets/png/miner/1002/right/right_00012.png | assets/png/miner/1003/right/right_00012.png | assets/png/miner/1004/right/right_00012.png | assets/png/miner/1005/right/right_00012.png"
right_00014.png,5,"assets/png/miner/1001/right/right_00014.png | assets/png/miner/1002/right/right_00014.png | assets/png/miner/1003/right/right_00014.png | assets/png/miner/1004/right/right_00014.png | assets/png/miner/1005/right/right_00014.png"
right_00016.png,5,"assets/png/miner/1001/right/right_00016.png | assets/png/miner/1002/right/right_00016.png | assets/png/miner/1003/right/right_00016.png | assets/png/miner/1004/right/right_00016.png | assets/png/miner/1005/right/right_00016.png"
right_00018.png,5,"assets/png/miner/1001/right/right_00018.png | assets/png/miner/1002/right/right_00018.png | assets/png/miner/1003/right/right_00018.png | assets/png/miner/1004/right/right_00018.png | assets/png/miner/1005/right/right_00018.png"
right_00020.png,5,"assets/png/miner/1001/right/right_00020.png | assets/png/miner/1002/right/right_00020.png | assets/png/miner/1003/right/right_00020.png | assets/png/miner/1004/right/right_00020.png | assets/png/miner/1005/right/right_00020.png"
right_00022.png,5,"assets/png/miner/1001/right/right_00022.png | assets/png/miner/1002/right/right_00022.png | assets/png/miner/1003/right/right_00022.png | assets/png/miner/1004/right/right_00022.png | assets/png/miner/1005/right/right_00022.png"
right_00024.png,5,"assets/png/miner/1001/right/right_00024.png | assets/png/miner/1002/right/right_00024.png | assets/png/miner/1003/right/right_00024.png | assets/png/miner/1004/right/right_00024.png | assets/png/miner/1005/right/right_00024.png"
right_00026.png,5,"assets/png/miner/1001/right/right_00026.png | assets/png/miner/1002/right/right_00026.png | assets/png/miner/1003/right/right_00026.png | assets/png/miner/1004/right/right_00026.png | assets/png/miner/1005/right/right_00026.png"
right_00028.png,5,"assets/png/miner/1001/right/right_00028.png | assets/png/miner/1002/right/right_00028.png | assets/png/miner/1003/right/right_00028.png | assets/png/miner/1004/right/right_00028.png | assets/png/miner/1005/right/right_00028.png"
right_00030.png,5,"assets/png/miner/1001/right/right_00030.png | assets/png/miner/1002/right/right_00030.png | assets/png/miner/1003/right/right_00030.png | assets/png/miner/1004/right/right_00030.png | assets/png/miner/1005/right/right_00030.png"
right_00032.png,5,"assets/png/miner/1001/right/right_00032.png | assets/png/miner/1002/right/right_00032.png | assets/png/miner/1003/right/right_00032.png | assets/png/miner/1004/right/right_00032.png | assets/png/miner/1005/right/right_00032.png"
right_00034.png,5,"assets/png/miner/1001/right/right_00034.png | assets/png/miner/1002/right/right_00034.png | assets/png/miner/1003/right/right_00034.png | assets/png/miner/1004/right/right_00034.png | assets/png/miner/1005/right/right_00034.png"
right_00036.png,5,"assets/png/miner/1001/right/right_00036.png | assets/png/miner/1002/right/right_00036.png | assets/png/miner/1003/right/right_00036.png | assets/png/miner/1004/right/right_00036.png | assets/png/miner/1005/right/right_00036.png"
right_00038.png,5,"assets/png/miner/1001/right/right_00038.png | assets/png/miner/1002/right/right_00038.png | assets/png/miner/1003/right/right_00038.png | assets/png/miner/1004/right/right_00038.png | assets/png/miner/1005/right/right_00038.png"
right_00040.png,5,"assets/png/miner/1001/right/right_00040.png | assets/png/miner/1002/right/right_00040.png | assets/png/miner/1003/right/right_00040.png | assets/png/miner/1004/right/right_00040.png | assets/png/miner/1005/right/right_00040.png"
right_00042.png,5,"assets/png/miner/1001/right/right_00042.png | assets/png/miner/1002/right/right_00042.png | assets/png/miner/1003/right/right_00042.png | assets/png/miner/1004/right/right_00042.png | assets/png/miner/1005/right/right_00042.png"
right_00044.png,5,"assets/png/miner/1001/right/right_00044.png | assets/png/miner/1002/right/right_00044.png | assets/png/miner/1003/right/right_00044.png | assets/png/miner/1004/right/right_00044.png | assets/png/miner/1005/right/right_00044.png"
appear_00020.webp,6,"assets/png/miner/afro/appear/appear_00020.webp | assets/png/miner/black_man/appear/appear_00020.webp | assets/png/miner/blue_women/appear/appear_00020.webp | assets/png/miner/cap/appear/appear_00020.webp | assets/png/miner/default/appear/appear_00020.webp | assets/png/miner/headset/appear/appear_00020.webp"
appear_00022.webp,6,"assets/png/miner/afro/appear/appear_00022.webp | assets/png/miner/black_man/appear/appear_00022.webp | assets/png/miner/blue_women/appear/appear_00022.webp | assets/png/miner/cap/appear/appear_00022.webp | assets/png/miner/default/appear/appear_00022.webp | assets/png/miner/headset/appear/appear_00022.webp"
appear_00024.webp,6,"assets/png/miner/afro/appear/appear_00024.webp | assets/png/miner/black_man/appear/appear_00024.webp | assets/png/miner/blue_women/appear/appear_00024.webp | assets/png/miner/cap/appear/appear_00024.webp | assets/png/miner/default/appear/appear_00024.webp | assets/png/miner/headset/appear/appear_00024.webp"
appear_00026.webp,6,"assets/png/miner/afro/appear/appear_00026.webp | assets/png/miner/black_man/appear/appear_00026.webp | assets/png/miner/blue_women/appear/appear_00026.webp | assets/png/miner/cap/appear/appear_00026.webp | assets/png/miner/default/appear/appear_00026.webp | assets/png/miner/headset/appear/appear_00026.webp"
appear_00028.webp,6,"assets/png/miner/afro/appear/appear_00028.webp | assets/png/miner/black_man/appear/appear_00028.webp | assets/png/miner/blue_women/appear/appear_00028.webp | assets/png/miner/cap/appear/appear_00028.webp | assets/png/miner/default/appear/appear_00028.webp | assets/png/miner/headset/appear/appear_00028.webp"
appear_00030.webp,6,"assets/png/miner/afro/appear/appear_00030.webp | assets/png/miner/black_man/appear/appear_00030.webp | assets/png/miner/blue_women/appear/appear_00030.webp | assets/png/miner/cap/appear/appear_00030.webp | assets/png/miner/default/appear/appear_00030.webp | assets/png/miner/headset/appear/appear_00030.webp"
appear_00032.webp,6,"assets/png/miner/afro/appear/appear_00032.webp | assets/png/miner/black_man/appear/appear_00032.webp | assets/png/miner/blue_women/appear/appear_00032.webp | assets/png/miner/cap/appear/appear_00032.webp | assets/png/miner/default/appear/appear_00032.webp | assets/png/miner/headset/appear/appear_00032.webp"
appear_00034.webp,6,"assets/png/miner/afro/appear/appear_00034.webp | assets/png/miner/black_man/appear/appear_00034.webp | assets/png/miner/blue_women/appear/appear_00034.webp | assets/png/miner/cap/appear/appear_00034.webp | assets/png/miner/default/appear/appear_00034.webp | assets/png/miner/headset/appear/appear_00034.webp"
appear_00036.webp,6,"assets/png/miner/afro/appear/appear_00036.webp | assets/png/miner/black_man/appear/appear_00036.webp | assets/png/miner/blue_women/appear/appear_00036.webp | assets/png/miner/cap/appear/appear_00036.webp | assets/png/miner/default/appear/appear_00036.webp | assets/png/miner/headset/appear/appear_00036.webp"
appear_00038.webp,6,"assets/png/miner/afro/appear/appear_00038.webp | assets/png/miner/black_man/appear/appear_00038.webp | assets/png/miner/blue_women/appear/appear_00038.webp | assets/png/miner/cap/appear/appear_00038.webp | assets/png/miner/default/appear/appear_00038.webp | assets/png/miner/headset/appear/appear_00038.webp"
appear_00040.webp,6,"assets/png/miner/afro/appear/appear_00040.webp | assets/png/miner/black_man/appear/appear_00040.webp | assets/png/miner/blue_women/appear/appear_00040.webp | assets/png/miner/cap/appear/appear_00040.webp | assets/png/miner/default/appear/appear_00040.webp | assets/png/miner/headset/appear/appear_00040.webp"
appear_00042.webp,6,"assets/png/miner/afro/appear/appear_00042.webp | assets/png/miner/black_man/appear/appear_00042.webp | assets/png/miner/blue_women/appear/appear_00042.webp | assets/png/miner/cap/appear/appear_00042.webp | assets/png/miner/default/appear/appear_00042.webp | assets/png/miner/headset/appear/appear_00042.webp"
appear_00044.webp,6,"assets/png/miner/afro/appear/appear_00044.webp | assets/png/miner/black_man/appear/appear_00044.webp | assets/png/miner/blue_women/appear/appear_00044.webp | assets/png/miner/cap/appear/appear_00044.webp | assets/png/miner/default/appear/appear_00044.webp | assets/png/miner/headset/appear/appear_00044.webp"
back_00000.webp,6,"assets/png/miner/afro/back/back_00000.webp | assets/png/miner/black_man/back/back_00000.webp | assets/png/miner/blue_women/back/back_00000.webp | assets/png/miner/cap/back/back_00000.webp | assets/png/miner/default/back/back_00000.webp | assets/png/miner/headset/back/back_00000.webp"
back_00002.webp,6,"assets/png/miner/afro/back/back_00002.webp | assets/png/miner/black_man/back/back_00002.webp | assets/png/miner/blue_women/back/back_00002.webp | assets/png/miner/cap/back/back_00002.webp | assets/png/miner/default/back/back_00002.webp | assets/png/miner/headset/back/back_00002.webp"
back_00004.webp,6,"assets/png/miner/afro/back/back_00004.webp | assets/png/miner/black_man/back/back_00004.webp | assets/png/miner/blue_women/back/back_00004.webp | assets/png/miner/cap/back/back_00004.webp | assets/png/miner/default/back/back_00004.webp | assets/png/miner/headset/back/back_00004.webp"
back_00006.webp,6,"assets/png/miner/afro/back/back_00006.webp | assets/png/miner/black_man/back/back_00006.webp | assets/png/miner/blue_women/back/back_00006.webp | assets/png/miner/cap/back/back_00006.webp | assets/png/miner/default/back/back_00006.webp | assets/png/miner/headset/back/back_00006.webp"
back_00008.webp,6,"assets/png/miner/afro/back/back_00008.webp | assets/png/miner/black_man/back/back_00008.webp | assets/png/miner/blue_women/back/back_00008.webp | assets/png/miner/cap/back/back_00008.webp | assets/png/miner/default/back/back_00008.webp | assets/png/miner/headset/back/back_00008.webp"
back_00010.webp,6,"assets/png/miner/afro/back/back_00010.webp | assets/png/miner/black_man/back/back_00010.webp | assets/png/miner/blue_women/back/back_00010.webp | assets/png/miner/cap/back/back_00010.webp | assets/png/miner/default/back/back_00010.webp | assets/png/miner/headset/back/back_00010.webp"
back_00012.webp,6,"assets/png/miner/afro/back/back_00012.webp | assets/png/miner/black_man/back/back_00012.webp | assets/png/miner/blue_women/back/back_00012.webp | assets/png/miner/cap/back/back_00012.webp | assets/png/miner/default/back/back_00012.webp | assets/png/miner/headset/back/back_00012.webp"
back_00014.webp,6,"assets/png/miner/afro/back/back_00014.webp | assets/png/miner/black_man/back/back_00014.webp | assets/png/miner/blue_women/back/back_00014.webp | assets/png/miner/cap/back/back_00014.webp | assets/png/miner/default/back/back_00014.webp | assets/png/miner/headset/back/back_00014.webp"
back_00016.webp,6,"assets/png/miner/afro/back/back_00016.webp | assets/png/miner/black_man/back/back_00016.webp | assets/png/miner/blue_women/back/back_00016.webp | assets/png/miner/cap/back/back_00016.webp | assets/png/miner/default/back/back_00016.webp | assets/png/miner/headset/back/back_00016.webp"
back_00018.webp,6,"assets/png/miner/afro/back/back_00018.webp | assets/png/miner/black_man/back/back_00018.webp | assets/png/miner/blue_women/back/back_00018.webp | assets/png/miner/cap/back/back_00018.webp | assets/png/miner/default/back/back_00018.webp | assets/png/miner/headset/back/back_00018.webp"
back_00020.webp,6,"assets/png/miner/afro/back/back_00020.webp | assets/png/miner/black_man/back/back_00020.webp | assets/png/miner/blue_women/back/back_00020.webp | assets/png/miner/cap/back/back_00020.webp | assets/png/miner/default/back/back_00020.webp | assets/png/miner/headset/back/back_00020.webp"
back_00022.webp,6,"assets/png/miner/afro/back/back_00022.webp | assets/png/miner/black_man/back/back_00022.webp | assets/png/miner/blue_women/back/back_00022.webp | assets/png/miner/cap/back/back_00022.webp | assets/png/miner/default/back/back_00022.webp | assets/png/miner/headset/back/back_00022.webp"
back_00024.webp,6,"assets/png/miner/afro/back/back_00024.webp | assets/png/miner/black_man/back/back_00024.webp | assets/png/miner/blue_women/back/back_00024.webp | assets/png/miner/cap/back/back_00024.webp | assets/png/miner/default/back/back_00024.webp | assets/png/miner/headset/back/back_00024.webp"
back_00026.webp,6,"assets/png/miner/afro/back/back_00026.webp | assets/png/miner/black_man/back/back_00026.webp | assets/png/miner/blue_women/back/back_00026.webp | assets/png/miner/cap/back/back_00026.webp | assets/png/miner/default/back/back_00026.webp | assets/png/miner/headset/back/back_00026.webp"
back_00028.webp,6,"assets/png/miner/afro/back/back_00028.webp | assets/png/miner/black_man/back/back_00028.webp | assets/png/miner/blue_women/back/back_00028.webp | assets/png/miner/cap/back/back_00028.webp | assets/png/miner/default/back/back_00028.webp | assets/png/miner/headset/back/back_00028.webp"
back_00030.webp,6,"assets/png/miner/afro/back/back_00030.webp | assets/png/miner/black_man/back/back_00030.webp | assets/png/miner/blue_women/back/back_00030.webp | assets/png/miner/cap/back/back_00030.webp | assets/png/miner/default/back/back_00030.webp | assets/png/miner/headset/back/back_00030.webp"
back_00032.webp,6,"assets/png/miner/afro/back/back_00032.webp | assets/png/miner/black_man/back/back_00032.webp | assets/png/miner/blue_women/back/back_00032.webp | assets/png/miner/cap/back/back_00032.webp | assets/png/miner/default/back/back_00032.webp | assets/png/miner/headset/back/back_00032.webp"
back_00034.webp,6,"assets/png/miner/afro/back/back_00034.webp | assets/png/miner/black_man/back/back_00034.webp | assets/png/miner/blue_women/back/back_00034.webp | assets/png/miner/cap/back/back_00034.webp | assets/png/miner/default/back/back_00034.webp | assets/png/miner/headset/back/back_00034.webp"
back_00036.webp,6,"assets/png/miner/afro/back/back_00036.webp | assets/png/miner/black_man/back/back_00036.webp | assets/png/miner/blue_women/back/back_00036.webp | assets/png/miner/cap/back/back_00036.webp | assets/png/miner/default/back/back_00036.webp | assets/png/miner/headset/back/back_00036.webp"
back_00038.webp,6,"assets/png/miner/afro/back/back_00038.webp | assets/png/miner/black_man/back/back_00038.webp | assets/png/miner/blue_women/back/back_00038.webp | assets/png/miner/cap/back/back_00038.webp | assets/png/miner/default/back/back_00038.webp | assets/png/miner/headset/back/back_00038.webp"
back_00040.webp,6,"assets/png/miner/afro/back/back_00040.webp | assets/png/miner/black_man/back/back_00040.webp | assets/png/miner/blue_women/back/back_00040.webp | assets/png/miner/cap/back/back_00040.webp | assets/png/miner/default/back/back_00040.webp | assets/png/miner/headset/back/back_00040.webp"
back_00042.webp,6,"assets/png/miner/afro/back/back_00042.webp | assets/png/miner/black_man/back/back_00042.webp | assets/png/miner/blue_women/back/back_00042.webp | assets/png/miner/cap/back/back_00042.webp | assets/png/miner/default/back/back_00042.webp | assets/png/miner/headset/back/back_00042.webp"
back_00044.webp,6,"assets/png/miner/afro/back/back_00044.webp | assets/png/miner/black_man/back/back_00044.webp | assets/png/miner/blue_women/back/back_00044.webp | assets/png/miner/cap/back/back_00044.webp | assets/png/miner/default/back/back_00044.webp | assets/png/miner/headset/back/back_00044.webp"
front_00000.webp,6,"assets/png/miner/afro/front/front_00000.webp | assets/png/miner/black_man/front/front_00000.webp | assets/png/miner/blue_women/front/front_00000.webp | assets/png/miner/cap/front/front_00000.webp | assets/png/miner/default/front/front_00000.webp | assets/png/miner/headset/front/front_00000.webp"
front_00002.webp,6,"assets/png/miner/afro/front/front_00002.webp | assets/png/miner/black_man/front/front_00002.webp | assets/png/miner/blue_women/front/front_00002.webp | assets/png/miner/cap/front/front_00002.webp | assets/png/miner/default/front/front_00002.webp | assets/png/miner/headset/front/front_00002.webp"
front_00004.webp,6,"assets/png/miner/afro/front/front_00004.webp | assets/png/miner/black_man/front/front_00004.webp | assets/png/miner/blue_women/front/front_00004.webp | assets/png/miner/cap/front/front_00004.webp | assets/png/miner/default/front/front_00004.webp | assets/png/miner/headset/front/front_00004.webp"
front_00006.webp,6,"assets/png/miner/afro/front/front_00006.webp | assets/png/miner/black_man/front/front_00006.webp | assets/png/miner/blue_women/front/front_00006.webp | assets/png/miner/cap/front/front_00006.webp | assets/png/miner/default/front/front_00006.webp | assets/png/miner/headset/front/front_00006.webp"
front_00008.webp,6,"assets/png/miner/afro/front/front_00008.webp | assets/png/miner/black_man/front/front_00008.webp | assets/png/miner/blue_women/front/front_00008.webp | assets/png/miner/cap/front/front_00008.webp | assets/png/miner/default/front/front_00008.webp | assets/png/miner/headset/front/front_00008.webp"
front_00010.webp,6,"assets/png/miner/afro/front/front_00010.webp | assets/png/miner/black_man/front/front_00010.webp | assets/png/miner/blue_women/front/front_00010.webp | assets/png/miner/cap/front/front_00010.webp | assets/png/miner/default/front/front_00010.webp | assets/png/miner/headset/front/front_00010.webp"
front_00012.webp,6,"assets/png/miner/afro/front/front_00012.webp | assets/png/miner/black_man/front/front_00012.webp | assets/png/miner/blue_women/front/front_00012.webp | assets/png/miner/cap/front/front_00012.webp | assets/png/miner/default/front/front_00012.webp | assets/png/miner/headset/front/front_00012.webp"
front_00014.webp,6,"assets/png/miner/afro/front/front_00014.webp | assets/png/miner/black_man/front/front_00014.webp | assets/png/miner/blue_women/front/front_00014.webp | assets/png/miner/cap/front/front_00014.webp | assets/png/miner/default/front/front_00014.webp | assets/png/miner/headset/front/front_00014.webp"
front_00016.webp,6,"assets/png/miner/afro/front/front_00016.webp | assets/png/miner/black_man/front/front_00016.webp | assets/png/miner/blue_women/front/front_00016.webp | assets/png/miner/cap/front/front_00016.webp | assets/png/miner/default/front/front_00016.webp | assets/png/miner/headset/front/front_00016.webp"
front_00018.webp,6,"assets/png/miner/afro/front/front_00018.webp | assets/png/miner/black_man/front/front_00018.webp | assets/png/miner/blue_women/front/front_00018.webp | assets/png/miner/cap/front/front_00018.webp | assets/png/miner/default/front/front_00018.webp | assets/png/miner/headset/front/front_00018.webp"
front_00020.webp,6,"assets/png/miner/afro/front/front_00020.webp | assets/png/miner/black_man/front/front_00020.webp | assets/png/miner/blue_women/front/front_00020.webp | assets/png/miner/cap/front/front_00020.webp | assets/png/miner/default/front/front_00020.webp | assets/png/miner/headset/front/front_00020.webp"
front_00022.webp,6,"assets/png/miner/afro/front/front_00022.webp | assets/png/miner/black_man/front/front_00022.webp | assets/png/miner/blue_women/front/front_00022.webp | assets/png/miner/cap/front/front_00022.webp | assets/png/miner/default/front/front_00022.webp | assets/png/miner/headset/front/front_00022.webp"
front_00024.webp,6,"assets/png/miner/afro/front/front_00024.webp | assets/png/miner/black_man/front/front_00024.webp | assets/png/miner/blue_women/front/front_00024.webp | assets/png/miner/cap/front/front_00024.webp | assets/png/miner/default/front/front_00024.webp | assets/png/miner/headset/front/front_00024.webp"
front_00026.webp,6,"assets/png/miner/afro/front/front_00026.webp | assets/png/miner/black_man/front/front_00026.webp | assets/png/miner/blue_women/front/front_00026.webp | assets/png/miner/cap/front/front_00026.webp | assets/png/miner/default/front/front_00026.webp | assets/png/miner/headset/front/front_00026.webp"
front_00028.webp,6,"assets/png/miner/afro/front/front_00028.webp | assets/png/miner/black_man/front/front_00028.webp | assets/png/miner/blue_women/front/front_00028.webp | assets/png/miner/cap/front/front_00028.webp | assets/png/miner/default/front/front_00028.webp | assets/png/miner/headset/front/front_00028.webp"
front_00030.webp,6,"assets/png/miner/afro/front/front_00030.webp | assets/png/miner/black_man/front/front_00030.webp | assets/png/miner/blue_women/front/front_00030.webp | assets/png/miner/cap/front/front_00030.webp | assets/png/miner/default/front/front_00030.webp | assets/png/miner/headset/front/front_00030.webp"
front_00032.webp,6,"assets/png/miner/afro/front/front_00032.webp | assets/png/miner/black_man/front/front_00032.webp | assets/png/miner/blue_women/front/front_00032.webp | assets/png/miner/cap/front/front_00032.webp | assets/png/miner/default/front/front_00032.webp | assets/png/miner/headset/front/front_00032.webp"
front_00034.webp,6,"assets/png/miner/afro/front/front_00034.webp | assets/png/miner/black_man/front/front_00034.webp | assets/png/miner/blue_women/front/front_00034.webp | assets/png/miner/cap/front/front_00034.webp | assets/png/miner/default/front/front_00034.webp | assets/png/miner/headset/front/front_00034.webp"
front_00036.webp,6,"assets/png/miner/afro/front/front_00036.webp | assets/png/miner/black_man/front/front_00036.webp | assets/png/miner/blue_women/front/front_00036.webp | assets/png/miner/cap/front/front_00036.webp | assets/png/miner/default/front/front_00036.webp | assets/png/miner/headset/front/front_00036.webp"
front_00038.webp,6,"assets/png/miner/afro/front/front_00038.webp | assets/png/miner/black_man/front/front_00038.webp | assets/png/miner/blue_women/front/front_00038.webp | assets/png/miner/cap/front/front_00038.webp | assets/png/miner/default/front/front_00038.webp | assets/png/miner/headset/front/front_00038.webp"
front_00040.webp,6,"assets/png/miner/afro/front/front_00040.webp | assets/png/miner/black_man/front/front_00040.webp | assets/png/miner/blue_women/front/front_00040.webp | assets/png/miner/cap/front/front_00040.webp | assets/png/miner/default/front/front_00040.webp | assets/png/miner/headset/front/front_00040.webp"
front_00042.webp,6,"assets/png/miner/afro/front/front_00042.webp | assets/png/miner/black_man/front/front_00042.webp | assets/png/miner/blue_women/front/front_00042.webp | assets/png/miner/cap/front/front_00042.webp | assets/png/miner/default/front/front_00042.webp | assets/png/miner/headset/front/front_00042.webp"
front_00044.webp,6,"assets/png/miner/afro/front/front_00044.webp | assets/png/miner/black_man/front/front_00044.webp | assets/png/miner/blue_women/front/front_00044.webp | assets/png/miner/cap/front/front_00044.webp | assets/png/miner/default/front/front_00044.webp | assets/png/miner/headset/front/front_00044.webp"
idle_00000.webp,6,"assets/png/miner/afro/idle/idle_00000.webp | assets/png/miner/black_man/idle/idle_00000.webp | assets/png/miner/blue_women/idle/idle_00000.webp | assets/png/miner/cap/idle/idle_00000.webp | assets/png/miner/default/idle/idle_00000.webp | assets/png/miner/headset/idle/idle_00000.webp"
idle_00002.webp,6,"assets/png/miner/afro/idle/idle_00002.webp | assets/png/miner/black_man/idle/idle_00002.webp | assets/png/miner/blue_women/idle/idle_00002.webp | assets/png/miner/cap/idle/idle_00002.webp | assets/png/miner/default/idle/idle_00002.webp | assets/png/miner/headset/idle/idle_00002.webp"
idle_00004.webp,6,"assets/png/miner/afro/idle/idle_00004.webp | assets/png/miner/black_man/idle/idle_00004.webp | assets/png/miner/blue_women/idle/idle_00004.webp | assets/png/miner/cap/idle/idle_00004.webp | assets/png/miner/default/idle/idle_00004.webp | assets/png/miner/headset/idle/idle_00004.webp"
idle_00006.webp,6,"assets/png/miner/afro/idle/idle_00006.webp | assets/png/miner/black_man/idle/idle_00006.webp | assets/png/miner/blue_women/idle/idle_00006.webp | assets/png/miner/cap/idle/idle_00006.webp | assets/png/miner/default/idle/idle_00006.webp | assets/png/miner/headset/idle/idle_00006.webp"
idle_00008.webp,6,"assets/png/miner/afro/idle/idle_00008.webp | assets/png/miner/black_man/idle/idle_00008.webp | assets/png/miner/blue_women/idle/idle_00008.webp | assets/png/miner/cap/idle/idle_00008.webp | assets/png/miner/default/idle/idle_00008.webp | assets/png/miner/headset/idle/idle_00008.webp"
idle_00010.webp,6,"assets/png/miner/afro/idle/idle_00010.webp | assets/png/miner/black_man/idle/idle_00010.webp | assets/png/miner/blue_women/idle/idle_00010.webp | assets/png/miner/cap/idle/idle_00010.webp | assets/png/miner/default/idle/idle_00010.webp | assets/png/miner/headset/idle/idle_00010.webp"
idle_00012.webp,6,"assets/png/miner/afro/idle/idle_00012.webp | assets/png/miner/black_man/idle/idle_00012.webp | assets/png/miner/blue_women/idle/idle_00012.webp | assets/png/miner/cap/idle/idle_00012.webp | assets/png/miner/default/idle/idle_00012.webp | assets/png/miner/headset/idle/idle_00012.webp"
idle_00014.webp,6,"assets/png/miner/afro/idle/idle_00014.webp | assets/png/miner/black_man/idle/idle_00014.webp | assets/png/miner/blue_women/idle/idle_00014.webp | assets/png/miner/cap/idle/idle_00014.webp | assets/png/miner/default/idle/idle_00014.webp | assets/png/miner/headset/idle/idle_00014.webp"
idle_00016.webp,6,"assets/png/miner/afro/idle/idle_00016.webp | assets/png/miner/black_man/idle/idle_00016.webp | assets/png/miner/blue_women/idle/idle_00016.webp | assets/png/miner/cap/idle/idle_00016.webp | assets/png/miner/default/idle/idle_00016.webp | assets/png/miner/headset/idle/idle_00016.webp"
idle_00018.webp,6,"assets/png/miner/afro/idle/idle_00018.webp | assets/png/miner/black_man/idle/idle_00018.webp | assets/png/miner/blue_women/idle/idle_00018.webp | assets/png/miner/cap/idle/idle_00018.webp | assets/png/miner/default/idle/idle_00018.webp | assets/png/miner/headset/idle/idle_00018.webp"
idle_00020.webp,6,"assets/png/miner/afro/idle/idle_00020.webp | assets/png/miner/black_man/idle/idle_00020.webp | assets/png/miner/blue_women/idle/idle_00020.webp | assets/png/miner/cap/idle/idle_00020.webp | assets/png/miner/default/idle/idle_00020.webp | assets/png/miner/headset/idle/idle_00020.webp"
idle_00022.webp,6,"assets/png/miner/afro/idle/idle_00022.webp | assets/png/miner/black_man/idle/idle_00022.webp | assets/png/miner/blue_women/idle/idle_00022.webp | assets/png/miner/cap/idle/idle_00022.webp | assets/png/miner/default/idle/idle_00022.webp | assets/png/miner/headset/idle/idle_00022.webp"
idle_00024.webp,6,"assets/png/miner/afro/idle/idle_00024.webp | assets/png/miner/black_man/idle/idle_00024.webp | assets/png/miner/blue_women/idle/idle_00024.webp | assets/png/miner/cap/idle/idle_00024.webp | assets/png/miner/default/idle/idle_00024.webp | assets/png/miner/headset/idle/idle_00024.webp"
idle_00026.webp,6,"assets/png/miner/afro/idle/idle_00026.webp | assets/png/miner/black_man/idle/idle_00026.webp | assets/png/miner/blue_women/idle/idle_00026.webp | assets/png/miner/cap/idle/idle_00026.webp | assets/png/miner/default/idle/idle_00026.webp | assets/png/miner/headset/idle/idle_00026.webp"
idle_00028.webp,6,"assets/png/miner/afro/idle/idle_00028.webp | assets/png/miner/black_man/idle/idle_00028.webp | assets/png/miner/blue_women/idle/idle_00028.webp | assets/png/miner/cap/idle/idle_00028.webp | assets/png/miner/default/idle/idle_00028.webp | assets/png/miner/headset/idle/idle_00028.webp"
idle_00030.webp,6,"assets/png/miner/afro/idle/idle_00030.webp | assets/png/miner/black_man/idle/idle_00030.webp | assets/png/miner/blue_women/idle/idle_00030.webp | assets/png/miner/cap/idle/idle_00030.webp | assets/png/miner/default/idle/idle_00030.webp | assets/png/miner/headset/idle/idle_00030.webp"
idle_00032.webp,6,"assets/png/miner/afro/idle/idle_00032.webp | assets/png/miner/black_man/idle/idle_00032.webp | assets/png/miner/blue_women/idle/idle_00032.webp | assets/png/miner/cap/idle/idle_00032.webp | assets/png/miner/default/idle/idle_00032.webp | assets/png/miner/headset/idle/idle_00032.webp"
idle_00034.webp,6,"assets/png/miner/afro/idle/idle_00034.webp | assets/png/miner/black_man/idle/idle_00034.webp | assets/png/miner/blue_women/idle/idle_00034.webp | assets/png/miner/cap/idle/idle_00034.webp | assets/png/miner/default/idle/idle_00034.webp | assets/png/miner/headset/idle/idle_00034.webp"
idle_00036.webp,6,"assets/png/miner/afro/idle/idle_00036.webp | assets/png/miner/black_man/idle/idle_00036.webp | assets/png/miner/blue_women/idle/idle_00036.webp | assets/png/miner/cap/idle/idle_00036.webp | assets/png/miner/default/idle/idle_00036.webp | assets/png/miner/headset/idle/idle_00036.webp"
idle_00038.webp,6,"assets/png/miner/afro/idle/idle_00038.webp | assets/png/miner/black_man/idle/idle_00038.webp | assets/png/miner/blue_women/idle/idle_00038.webp | assets/png/miner/cap/idle/idle_00038.webp | assets/png/miner/default/idle/idle_00038.webp | assets/png/miner/headset/idle/idle_00038.webp"
idle_00040.webp,6,"assets/png/miner/afro/idle/idle_00040.webp | assets/png/miner/black_man/idle/idle_00040.webp | assets/png/miner/blue_women/idle/idle_00040.webp | assets/png/miner/cap/idle/idle_00040.webp | assets/png/miner/default/idle/idle_00040.webp | assets/png/miner/headset/idle/idle_00040.webp"
idle_00042.webp,6,"assets/png/miner/afro/idle/idle_00042.webp | assets/png/miner/black_man/idle/idle_00042.webp | assets/png/miner/blue_women/idle/idle_00042.webp | assets/png/miner/cap/idle/idle_00042.webp | assets/png/miner/default/idle/idle_00042.webp | assets/png/miner/headset/idle/idle_00042.webp"
idle_00044.webp,6,"assets/png/miner/afro/idle/idle_00044.webp | assets/png/miner/black_man/idle/idle_00044.webp | assets/png/miner/blue_women/idle/idle_00044.webp | assets/png/miner/cap/idle/idle_00044.webp | assets/png/miner/default/idle/idle_00044.webp | assets/png/miner/headset/idle/idle_00044.webp"
idle_00046.webp,6,"assets/png/miner/afro/idle/idle_00046.webp | assets/png/miner/black_man/idle/idle_00046.webp | assets/png/miner/blue_women/idle/idle_00046.webp | assets/png/miner/cap/idle/idle_00046.webp | assets/png/miner/default/idle/idle_00046.webp | assets/png/miner/headset/idle/idle_00046.webp"
idle_00048.webp,6,"assets/png/miner/afro/idle/idle_00048.webp | assets/png/miner/black_man/idle/idle_00048.webp | assets/png/miner/blue_women/idle/idle_00048.webp | assets/png/miner/cap/idle/idle_00048.webp | assets/png/miner/default/idle/idle_00048.webp | assets/png/miner/headset/idle/idle_00048.webp"
idle_00050.webp,6,"assets/png/miner/afro/idle/idle_00050.webp | assets/png/miner/black_man/idle/idle_00050.webp | assets/png/miner/blue_women/idle/idle_00050.webp | assets/png/miner/cap/idle/idle_00050.webp | assets/png/miner/default/idle/idle_00050.webp | assets/png/miner/headset/idle/idle_00050.webp"
idle_00052.webp,6,"assets/png/miner/afro/idle/idle_00052.webp | assets/png/miner/black_man/idle/idle_00052.webp | assets/png/miner/blue_women/idle/idle_00052.webp | assets/png/miner/cap/idle/idle_00052.webp | assets/png/miner/default/idle/idle_00052.webp | assets/png/miner/headset/idle/idle_00052.webp"
idle_00054.webp,6,"assets/png/miner/afro/idle/idle_00054.webp | assets/png/miner/black_man/idle/idle_00054.webp | assets/png/miner/blue_women/idle/idle_00054.webp | assets/png/miner/cap/idle/idle_00054.webp | assets/png/miner/default/idle/idle_00054.webp | assets/png/miner/headset/idle/idle_00054.webp"
idle_00056.webp,6,"assets/png/miner/afro/idle/idle_00056.webp | assets/png/miner/black_man/idle/idle_00056.webp | assets/png/miner/blue_women/idle/idle_00056.webp | assets/png/miner/cap/idle/idle_00056.webp | assets/png/miner/default/idle/idle_00056.webp | assets/png/miner/headset/idle/idle_00056.webp"
idle_00058.webp,6,"assets/png/miner/afro/idle/idle_00058.webp | assets/png/miner/black_man/idle/idle_00058.webp | assets/png/miner/blue_women/idle/idle_00058.webp | assets/png/miner/cap/idle/idle_00058.webp | assets/png/miner/default/idle/idle_00058.webp | assets/png/miner/headset/idle/idle_00058.webp"
idle_00060.webp,6,"assets/png/miner/afro/idle/idle_00060.webp | assets/png/miner/black_man/idle/idle_00060.webp | assets/png/miner/blue_women/idle/idle_00060.webp | assets/png/miner/cap/idle/idle_00060.webp | assets/png/miner/default/idle/idle_00060.webp | assets/png/miner/headset/idle/idle_00060.webp"
idle_00062.webp,6,"assets/png/miner/afro/idle/idle_00062.webp | assets/png/miner/black_man/idle/idle_00062.webp | assets/png/miner/blue_women/idle/idle_00062.webp | assets/png/miner/cap/idle/idle_00062.webp | assets/png/miner/default/idle/idle_00062.webp | assets/png/miner/headset/idle/idle_00062.webp"
idle_00064.webp,6,"assets/png/miner/afro/idle/idle_00064.webp | assets/png/miner/black_man/idle/idle_00064.webp | assets/png/miner/blue_women/idle/idle_00064.webp | assets/png/miner/cap/idle/idle_00064.webp | assets/png/miner/default/idle/idle_00064.webp | assets/png/miner/headset/idle/idle_00064.webp"
idle_00066.webp,6,"assets/png/miner/afro/idle/idle_00066.webp | assets/png/miner/black_man/idle/idle_00066.webp | assets/png/miner/blue_women/idle/idle_00066.webp | assets/png/miner/cap/idle/idle_00066.webp | assets/png/miner/default/idle/idle_00066.webp | assets/png/miner/headset/idle/idle_00066.webp"
idle_00068.webp,6,"assets/png/miner/afro/idle/idle_00068.webp | assets/png/miner/black_man/idle/idle_00068.webp | assets/png/miner/blue_women/idle/idle_00068.webp | assets/png/miner/cap/idle/idle_00068.webp | assets/png/miner/default/idle/idle_00068.webp | assets/png/miner/headset/idle/idle_00068.webp"
idle_00070.webp,6,"assets/png/miner/afro/idle/idle_00070.webp | assets/png/miner/black_man/idle/idle_00070.webp | assets/png/miner/blue_women/idle/idle_00070.webp | assets/png/miner/cap/idle/idle_00070.webp | assets/png/miner/default/idle/idle_00070.webp | assets/png/miner/headset/idle/idle_00070.webp"
idle_00072.webp,6,"assets/png/miner/afro/idle/idle_00072.webp | assets/png/miner/black_man/idle/idle_00072.webp | assets/png/miner/blue_women/idle/idle_00072.webp | assets/png/miner/cap/idle/idle_00072.webp | assets/png/miner/default/idle/idle_00072.webp | assets/png/miner/headset/idle/idle_00072.webp"
idle_00074.webp,6,"assets/png/miner/afro/idle/idle_00074.webp | assets/png/miner/black_man/idle/idle_00074.webp | assets/png/miner/blue_women/idle/idle_00074.webp | assets/png/miner/cap/idle/idle_00074.webp | assets/png/miner/default/idle/idle_00074.webp | assets/png/miner/headset/idle/idle_00074.webp"
left_00000.webp,6,"assets/png/miner/afro/left/left_00000.webp | assets/png/miner/black_man/left/left_00000.webp | assets/png/miner/blue_women/left/left_00000.webp | assets/png/miner/cap/left/left_00000.webp | assets/png/miner/default/left/left_00000.webp | assets/png/miner/headset/left/left_00000.webp"
left_00002.webp,6,"assets/png/miner/afro/left/left_00002.webp | assets/png/miner/black_man/left/left_00002.webp | assets/png/miner/blue_women/left/left_00002.webp | assets/png/miner/cap/left/left_00002.webp | assets/png/miner/default/left/left_00002.webp | assets/png/miner/headset/left/left_00002.webp"
left_00004.webp,6,"assets/png/miner/afro/left/left_00004.webp | assets/png/miner/black_man/left/left_00004.webp | assets/png/miner/blue_women/left/left_00004.webp | assets/png/miner/cap/left/left_00004.webp | assets/png/miner/default/left/left_00004.webp | assets/png/miner/headset/left/left_00004.webp"
left_00006.webp,6,"assets/png/miner/afro/left/left_00006.webp | assets/png/miner/black_man/left/left_00006.webp | assets/png/miner/blue_women/left/left_00006.webp | assets/png/miner/cap/left/left_00006.webp | assets/png/miner/default/left/left_00006.webp | assets/png/miner/headset/left/left_00006.webp"
left_00008.webp,6,"assets/png/miner/afro/left/left_00008.webp | assets/png/miner/black_man/left/left_00008.webp | assets/png/miner/blue_women/left/left_00008.webp | assets/png/miner/cap/left/left_00008.webp | assets/png/miner/default/left/left_00008.webp | assets/png/miner/headset/left/left_00008.webp"
left_00010.webp,6,"assets/png/miner/afro/left/left_00010.webp | assets/png/miner/black_man/left/left_00010.webp | assets/png/miner/blue_women/left/left_00010.webp | assets/png/miner/cap/left/left_00010.webp | assets/png/miner/default/left/left_00010.webp | assets/png/miner/headset/left/left_00010.webp"
left_00012.webp,6,"assets/png/miner/afro/left/left_00012.webp | assets/png/miner/black_man/left/left_00012.webp | assets/png/miner/blue_women/left/left_00012.webp | assets/png/miner/cap/left/left_00012.webp | assets/png/miner/default/left/left_00012.webp | assets/png/miner/headset/left/left_00012.webp"
left_00014.webp,6,"assets/png/miner/afro/left/left_00014.webp | assets/png/miner/black_man/left/left_00014.webp | assets/png/miner/blue_women/left/left_00014.webp | assets/png/miner/cap/left/left_00014.webp | assets/png/miner/default/left/left_00014.webp | assets/png/miner/headset/left/left_00014.webp"
left_00016.webp,6,"assets/png/miner/afro/left/left_00016.webp | assets/png/miner/black_man/left/left_00016.webp | assets/png/miner/blue_women/left/left_00016.webp | assets/png/miner/cap/left/left_00016.webp | assets/png/miner/default/left/left_00016.webp | assets/png/miner/headset/left/left_00016.webp"
left_00018.webp,6,"assets/png/miner/afro/left/left_00018.webp | assets/png/miner/black_man/left/left_00018.webp | assets/png/miner/blue_women/left/left_00018.webp | assets/png/miner/cap/left/left_00018.webp | assets/png/miner/default/left/left_00018.webp | assets/png/miner/headset/left/left_00018.webp"
left_00020.webp,6,"assets/png/miner/afro/left/left_00020.webp | assets/png/miner/black_man/left/left_00020.webp | assets/png/miner/blue_women/left/left_00020.webp | assets/png/miner/cap/left/left_00020.webp | assets/png/miner/default/left/left_00020.webp | assets/png/miner/headset/left/left_00020.webp"
left_00022.webp,6,"assets/png/miner/afro/left/left_00022.webp | assets/png/miner/black_man/left/left_00022.webp | assets/png/miner/blue_women/left/left_00022.webp | assets/png/miner/cap/left/left_00022.webp | assets/png/miner/default/left/left_00022.webp | assets/png/miner/headset/left/left_00022.webp"
left_00024.webp,6,"assets/png/miner/afro/left/left_00024.webp | assets/png/miner/black_man/left/left_00024.webp | assets/png/miner/blue_women/left/left_00024.webp | assets/png/miner/cap/left/left_00024.webp | assets/png/miner/default/left/left_00024.webp | assets/png/miner/headset/left/left_00024.webp"
left_00026.webp,6,"assets/png/miner/afro/left/left_00026.webp | assets/png/miner/black_man/left/left_00026.webp | assets/png/miner/blue_women/left/left_00026.webp | assets/png/miner/cap/left/left_00026.webp | assets/png/miner/default/left/left_00026.webp | assets/png/miner/headset/left/left_00026.webp"
left_00028.webp,6,"assets/png/miner/afro/left/left_00028.webp | assets/png/miner/black_man/left/left_00028.webp | assets/png/miner/blue_women/left/left_00028.webp | assets/png/miner/cap/left/left_00028.webp | assets/png/miner/default/left/left_00028.webp | assets/png/miner/headset/left/left_00028.webp"
left_00030.webp,6,"assets/png/miner/afro/left/left_00030.webp | assets/png/miner/black_man/left/left_00030.webp | assets/png/miner/blue_women/left/left_00030.webp | assets/png/miner/cap/left/left_00030.webp | assets/png/miner/default/left/left_00030.webp | assets/png/miner/headset/left/left_00030.webp"
left_00032.webp,6,"assets/png/miner/afro/left/left_00032.webp | assets/png/miner/black_man/left/left_00032.webp | assets/png/miner/blue_women/left/left_00032.webp | assets/png/miner/cap/left/left_00032.webp | assets/png/miner/default/left/left_00032.webp | assets/png/miner/headset/left/left_00032.webp"
left_00034.webp,6,"assets/png/miner/afro/left/left_00034.webp | assets/png/miner/black_man/left/left_00034.webp | assets/png/miner/blue_women/left/left_00034.webp | assets/png/miner/cap/left/left_00034.webp | assets/png/miner/default/left/left_00034.webp | assets/png/miner/headset/left/left_00034.webp"
left_00036.webp,6,"assets/png/miner/afro/left/left_00036.webp | assets/png/miner/black_man/left/left_00036.webp | assets/png/miner/blue_women/left/left_00036.webp | assets/png/miner/cap/left/left_00036.webp | assets/png/miner/default/left/left_00036.webp | assets/png/miner/headset/left/left_00036.webp"
left_00038.webp,6,"assets/png/miner/afro/left/left_00038.webp | assets/png/miner/black_man/left/left_00038.webp | assets/png/miner/blue_women/left/left_00038.webp | assets/png/miner/cap/left/left_00038.webp | assets/png/miner/default/left/left_00038.webp | assets/png/miner/headset/left/left_00038.webp"
left_00040.webp,6,"assets/png/miner/afro/left/left_00040.webp | assets/png/miner/black_man/left/left_00040.webp | assets/png/miner/blue_women/left/left_00040.webp | assets/png/miner/cap/left/left_00040.webp | assets/png/miner/default/left/left_00040.webp | assets/png/miner/headset/left/left_00040.webp"
left_00042.webp,6,"assets/png/miner/afro/left/left_00042.webp | assets/png/miner/black_man/left/left_00042.webp | assets/png/miner/blue_women/left/left_00042.webp | assets/png/miner/cap/left/left_00042.webp | assets/png/miner/default/left/left_00042.webp | assets/png/miner/headset/left/left_00042.webp"
left_00044.webp,6,"assets/png/miner/afro/left/left_00044.webp | assets/png/miner/black_man/left/left_00044.webp | assets/png/miner/blue_women/left/left_00044.webp | assets/png/miner/cap/left/left_00044.webp | assets/png/miner/default/left/left_00044.webp | assets/png/miner/headset/left/left_00044.webp"
right_00000.webp,6,"assets/png/miner/afro/right/right_00000.webp | assets/png/miner/black_man/right/right_00000.webp | assets/png/miner/blue_women/right/right_00000.webp | assets/png/miner/cap/right/right_00000.webp | assets/png/miner/default/right/right_00000.webp | assets/png/miner/headset/right/right_00000.webp"
right_00002.webp,6,"assets/png/miner/afro/right/right_00002.webp | assets/png/miner/black_man/right/right_00002.webp | assets/png/miner/blue_women/right/right_00002.webp | assets/png/miner/cap/right/right_00002.webp | assets/png/miner/default/right/right_00002.webp | assets/png/miner/headset/right/right_00002.webp"
right_00004.webp,6,"assets/png/miner/afro/right/right_00004.webp | assets/png/miner/black_man/right/right_00004.webp | assets/png/miner/blue_women/right/right_00004.webp | assets/png/miner/cap/right/right_00004.webp | assets/png/miner/default/right/right_00004.webp | assets/png/miner/headset/right/right_00004.webp"
right_00006.webp,6,"assets/png/miner/afro/right/right_00006.webp | assets/png/miner/black_man/right/right_00006.webp | assets/png/miner/blue_women/right/right_00006.webp | assets/png/miner/cap/right/right_00006.webp | assets/png/miner/default/right/right_00006.webp | assets/png/miner/headset/right/right_00006.webp"
right_00008.webp,6,"assets/png/miner/afro/right/right_00008.webp | assets/png/miner/black_man/right/right_00008.webp | assets/png/miner/blue_women/right/right_00008.webp | assets/png/miner/cap/right/right_00008.webp | assets/png/miner/default/right/right_00008.webp | assets/png/miner/headset/right/right_00008.webp"
right_00010.webp,6,"assets/png/miner/afro/right/right_00010.webp | assets/png/miner/black_man/right/right_00010.webp | assets/png/miner/blue_women/right/right_00010.webp | assets/png/miner/cap/right/right_00010.webp | assets/png/miner/default/right/right_00010.webp | assets/png/miner/headset/right/right_00010.webp"
right_00012.webp,6,"assets/png/miner/afro/right/right_00012.webp | assets/png/miner/black_man/right/right_00012.webp | assets/png/miner/blue_women/right/right_00012.webp | assets/png/miner/cap/right/right_00012.webp | assets/png/miner/default/right/right_00012.webp | assets/png/miner/headset/right/right_00012.webp"
right_00014.webp,6,"assets/png/miner/afro/right/right_00014.webp | assets/png/miner/black_man/right/right_00014.webp | assets/png/miner/blue_women/right/right_00014.webp | assets/png/miner/cap/right/right_00014.webp | assets/png/miner/default/right/right_00014.webp | assets/png/miner/headset/right/right_00014.webp"
right_00016.webp,6,"assets/png/miner/afro/right/right_00016.webp | assets/png/miner/black_man/right/right_00016.webp | assets/png/miner/blue_women/right/right_00016.webp | assets/png/miner/cap/right/right_00016.webp | assets/png/miner/default/right/right_00016.webp | assets/png/miner/headset/right/right_00016.webp"
right_00018.webp,6,"assets/png/miner/afro/right/right_00018.webp | assets/png/miner/black_man/right/right_00018.webp | assets/png/miner/blue_women/right/right_00018.webp | assets/png/miner/cap/right/right_00018.webp | assets/png/miner/default/right/right_00018.webp | assets/png/miner/headset/right/right_00018.webp"
right_00020.webp,6,"assets/png/miner/afro/right/right_00020.webp | assets/png/miner/black_man/right/right_00020.webp | assets/png/miner/blue_women/right/right_00020.webp | assets/png/miner/cap/right/right_00020.webp | assets/png/miner/default/right/right_00020.webp | assets/png/miner/headset/right/right_00020.webp"
right_00022.webp,6,"assets/png/miner/afro/right/right_00022.webp | assets/png/miner/black_man/right/right_00022.webp | assets/png/miner/blue_women/right/right_00022.webp | assets/png/miner/cap/right/right_00022.webp | assets/png/miner/default/right/right_00022.webp | assets/png/miner/headset/right/right_00022.webp"
right_00024.webp,6,"assets/png/miner/afro/right/right_00024.webp | assets/png/miner/black_man/right/right_00024.webp | assets/png/miner/blue_women/right/right_00024.webp | assets/png/miner/cap/right/right_00024.webp | assets/png/miner/default/right/right_00024.webp | assets/png/miner/headset/right/right_00024.webp"
right_00026.webp,6,"assets/png/miner/afro/right/right_00026.webp | assets/png/miner/black_man/right/right_00026.webp | assets/png/miner/blue_women/right/right_00026.webp | assets/png/miner/cap/right/right_00026.webp | assets/png/miner/default/right/right_00026.webp | assets/png/miner/headset/right/right_00026.webp"
right_00028.webp,6,"assets/png/miner/afro/right/right_00028.webp | assets/png/miner/black_man/right/right_00028.webp | assets/png/miner/blue_women/right/right_00028.webp | assets/png/miner/cap/right/right_00028.webp | assets/png/miner/default/right/right_00028.webp | assets/png/miner/headset/right/right_00028.webp"
right_00030.webp,6,"assets/png/miner/afro/right/right_00030.webp | assets/png/miner/black_man/right/right_00030.webp | assets/png/miner/blue_women/right/right_00030.webp | assets/png/miner/cap/right/right_00030.webp | assets/png/miner/default/right/right_00030.webp | assets/png/miner/headset/right/right_00030.webp"
right_00032.webp,6,"assets/png/miner/afro/right/right_00032.webp | assets/png/miner/black_man/right/right_00032.webp | assets/png/miner/blue_women/right/right_00032.webp | assets/png/miner/cap/right/right_00032.webp | assets/png/miner/default/right/right_00032.webp | assets/png/miner/headset/right/right_00032.webp"
right_00034.webp,6,"assets/png/miner/afro/right/right_00034.webp | assets/png/miner/black_man/right/right_00034.webp | assets/png/miner/blue_women/right/right_00034.webp | assets/png/miner/cap/right/right_00034.webp | assets/png/miner/default/right/right_00034.webp | assets/png/miner/headset/right/right_00034.webp"
right_00036.webp,6,"assets/png/miner/afro/right/right_00036.webp | assets/png/miner/black_man/right/right_00036.webp | assets/png/miner/blue_women/right/right_00036.webp | assets/png/miner/cap/right/right_00036.webp | assets/png/miner/default/right/right_00036.webp | assets/png/miner/headset/right/right_00036.webp"
right_00038.webp,6,"assets/png/miner/afro/right/right_00038.webp | assets/png/miner/black_man/right/right_00038.webp | assets/png/miner/blue_women/right/right_00038.webp | assets/png/miner/cap/right/right_00038.webp | assets/png/miner/default/right/right_00038.webp | assets/png/miner/headset/right/right_00038.webp"
right_00040.webp,6,"assets/png/miner/afro/right/right_00040.webp | assets/png/miner/black_man/right/right_00040.webp | assets/png/miner/blue_women/right/right_00040.webp | assets/png/miner/cap/right/right_00040.webp | assets/png/miner/default/right/right_00040.webp | assets/png/miner/headset/right/right_00040.webp"
right_00042.webp,6,"assets/png/miner/afro/right/right_00042.webp | assets/png/miner/black_man/right/right_00042.webp | assets/png/miner/blue_women/right/right_00042.webp | assets/png/miner/cap/right/right_00042.webp | assets/png/miner/default/right/right_00042.webp | assets/png/miner/headset/right/right_00042.webp"
right_00044.webp,6,"assets/png/miner/afro/right/right_00044.webp | assets/png/miner/black_man/right/right_00044.webp | assets/png/miner/blue_women/right/right_00044.webp | assets/png/miner/cap/right/right_00044.webp | assets/png/miner/default/right/right_00044.webp | assets/png/miner/headset/right/right_00044.webp"
00000.png,12,"assets/seq/rob/1/attack/00000.png | assets/seq/rob/1/walk/00000.png | assets/seq/rob/2/attack/00000.png | assets/seq/rob/2/walk/00000.png | assets/seq/rob/3/attack/00000.png | assets/seq/rob/3/walk/00000.png | assets/seq/rob/4/attack/00000.png | assets/seq/rob/4/walk/00000.png | assets/seq/rob/5/attack/00000.png | assets/seq/rob/5/walk/00000.png | assets/seq/rob/6/attack/00000.png | assets/seq/rob/6/walk/00000.png"
00001.png,12,"assets/seq/rob/1/attack/00001.png | assets/seq/rob/1/walk/00001.png | assets/seq/rob/2/attack/00001.png | assets/seq/rob/2/walk/00001.png | assets/seq/rob/3/attack/00001.png | assets/seq/rob/3/walk/00001.png | assets/seq/rob/4/attack/00001.png | assets/seq/rob/4/walk/00001.png | assets/seq/rob/5/attack/00001.png | assets/seq/rob/5/walk/00001.png | assets/seq/rob/6/attack/00001.png | assets/seq/rob/6/walk/00001.png"
00002.png,12,"assets/seq/rob/1/attack/00002.png | assets/seq/rob/1/walk/00002.png | assets/seq/rob/2/attack/00002.png | assets/seq/rob/2/walk/00002.png | assets/seq/rob/3/attack/00002.png | assets/seq/rob/3/walk/00002.png | assets/seq/rob/4/attack/00002.png | assets/seq/rob/4/walk/00002.png | assets/seq/rob/5/attack/00002.png | assets/seq/rob/5/walk/00002.png | assets/seq/rob/6/attack/00002.png | assets/seq/rob/6/walk/00002.png"
00003.png,12,"assets/seq/rob/1/attack/00003.png | assets/seq/rob/1/walk/00003.png | assets/seq/rob/2/attack/00003.png | assets/seq/rob/2/walk/00003.png | assets/seq/rob/3/attack/00003.png | assets/seq/rob/3/walk/00003.png | assets/seq/rob/4/attack/00003.png | assets/seq/rob/4/walk/00003.png | assets/seq/rob/5/attack/00003.png | assets/seq/rob/5/walk/00003.png | assets/seq/rob/6/attack/00003.png | assets/seq/rob/6/walk/00003.png"
00004.png,12,"assets/seq/rob/1/attack/00004.png | assets/seq/rob/1/walk/00004.png | assets/seq/rob/2/attack/00004.png | assets/seq/rob/2/walk/00004.png | assets/seq/rob/3/attack/00004.png | assets/seq/rob/3/walk/00004.png | assets/seq/rob/4/attack/00004.png | assets/seq/rob/4/walk/00004.png | assets/seq/rob/5/attack/00004.png | assets/seq/rob/5/walk/00004.png | assets/seq/rob/6/attack/00004.png | assets/seq/rob/6/walk/00004.png"
00005.png,12,"assets/seq/rob/1/attack/00005.png | assets/seq/rob/1/walk/00005.png | assets/seq/rob/2/attack/00005.png | assets/seq/rob/2/walk/00005.png | assets/seq/rob/3/attack/00005.png | assets/seq/rob/3/walk/00005.png | assets/seq/rob/4/attack/00005.png | assets/seq/rob/4/walk/00005.png | assets/seq/rob/5/attack/00005.png | assets/seq/rob/5/walk/00005.png | assets/seq/rob/6/attack/00005.png | assets/seq/rob/6/walk/00005.png"
00006.png,12,"assets/seq/rob/1/attack/00006.png | assets/seq/rob/1/walk/00006.png | assets/seq/rob/2/attack/00006.png | assets/seq/rob/2/walk/00006.png | assets/seq/rob/3/attack/00006.png | assets/seq/rob/3/walk/00006.png | assets/seq/rob/4/attack/00006.png | assets/seq/rob/4/walk/00006.png | assets/seq/rob/5/attack/00006.png | assets/seq/rob/5/walk/00006.png | assets/seq/rob/6/attack/00006.png | assets/seq/rob/6/walk/00006.png"
00007.png,12,"assets/seq/rob/1/attack/00007.png | assets/seq/rob/1/walk/00007.png | assets/seq/rob/2/attack/00007.png | assets/seq/rob/2/walk/00007.png | assets/seq/rob/3/attack/00007.png | assets/seq/rob/3/walk/00007.png | assets/seq/rob/4/attack/00007.png | assets/seq/rob/4/walk/00007.png | assets/seq/rob/5/attack/00007.png | assets/seq/rob/5/walk/00007.png | assets/seq/rob/6/attack/00007.png | assets/seq/rob/6/walk/00007.png"
00008.png,12,"assets/seq/rob/1/attack/00008.png | assets/seq/rob/1/walk/00008.png | assets/seq/rob/2/attack/00008.png | assets/seq/rob/2/walk/00008.png | assets/seq/rob/3/attack/00008.png | assets/seq/rob/3/walk/00008.png | assets/seq/rob/4/attack/00008.png | assets/seq/rob/4/walk/00008.png | assets/seq/rob/5/attack/00008.png | assets/seq/rob/5/walk/00008.png | assets/seq/rob/6/attack/00008.png | assets/seq/rob/6/walk/00008.png"
00009.png,12,"assets/seq/rob/1/attack/00009.png | assets/seq/rob/1/walk/00009.png | assets/seq/rob/2/attack/00009.png | assets/seq/rob/2/walk/00009.png | assets/seq/rob/3/attack/00009.png | assets/seq/rob/3/walk/00009.png | assets/seq/rob/4/attack/00009.png | assets/seq/rob/4/walk/00009.png | assets/seq/rob/5/attack/00009.png | assets/seq/rob/5/walk/00009.png | assets/seq/rob/6/attack/00009.png | assets/seq/rob/6/walk/00009.png"
00010.png,12,"assets/seq/rob/1/attack/00010.png | assets/seq/rob/1/walk/00010.png | assets/seq/rob/2/attack/00010.png | assets/seq/rob/2/walk/00010.png | assets/seq/rob/3/attack/00010.png | assets/seq/rob/3/walk/00010.png | assets/seq/rob/4/attack/00010.png | assets/seq/rob/4/walk/00010.png | assets/seq/rob/5/attack/00010.png | assets/seq/rob/5/walk/00010.png | assets/seq/rob/6/attack/00010.png | assets/seq/rob/6/walk/00010.png"
battle.mp3,2,"assets/sound/arena/battle.mp3 | assets/voice/battle.mp3"
libAPSE_7.0.1.so,2,"lib/arm64-v8a/libAPSE_7.0.1.so | lib/armeabi-v7a/libAPSE_7.0.1.so"
libAPSE_J.so,2,"lib/arm64-v8a/libAPSE_J.so | lib/armeabi-v7a/libAPSE_J.so"
libEncryptorP.so,2,"lib/arm64-v8a/libEncryptorP.so | lib/armeabi-v7a/libEncryptorP.so"
libRSSupport.so,2,"lib/arm64-v8a/libRSSupport.so | lib/armeabi-v7a/libRSSupport.so"
libaliyunaf.so,2,"lib/arm64-v8a/libaliyunaf.so | lib/armeabi-v7a/libaliyunaf.so"
libbdsword.so,2,"lib/arm64-v8a/libbdsword.so | lib/armeabi-v7a/libbdsword.so"
libbizssdk_ml.so,2,"lib/arm64-v8a/libbizssdk_ml.so | lib/armeabi-v7a/libbizssdk_ml.so"
libc++_shared.so,2,"lib/arm64-v8a/libc++_shared.so | lib/armeabi-v7a/libc++_shared.so"
libcrashsdk.so,2,"lib/arm64-v8a/libcrashsdk.so | lib/armeabi-v7a/libcrashsdk.so"
libfacedevice.so,2,"lib/arm64-v8a/libfacedevice.so | lib/armeabi-v7a/libfacedevice.so"
libffavc.so,2,"lib/arm64-v8a/libffavc.so | lib/armeabi-v7a/libffavc.so"
libjcore272.so,2,"lib/arm64-v8a/libjcore272.so | lib/armeabi-v7a/libjcore272.so"
libnpth.so,2,"lib/arm64-v8a/libnpth.so | lib/armeabi-v7a/libnpth.so"
libnpth_dl.so,2,"lib/arm64-v8a/libnpth_dl.so | lib/armeabi-v7a/libnpth_dl.so"
libnpth_dumper.so,2,"lib/arm64-v8a/libnpth_dumper.so | lib/armeabi-v7a/libnpth_dumper.so"
libnpth_logcat.so,2,"lib/arm64-v8a/libnpth_logcat.so | lib/armeabi-v7a/libnpth_logcat.so"
libnpth_tls_monitor.so,2,"lib/arm64-v8a/libnpth_tls_monitor.so | lib/armeabi-v7a/libnpth_tls_monitor.so"
libpag.so,2,"lib/arm64-v8a/libpag.so | lib/armeabi-v7a/libpag.so"
libpangleflipped.so,2,"lib/arm64-v8a/libpangleflipped.so | lib/armeabi-v7a/libpangleflipped.so"
libqiyune_audio.so,2,"lib/arm64-v8a/libqiyune_audio.so | lib/armeabi-v7a/libqiyune_audio.so"
libqiyutraceroute.so,2,"lib/arm64-v8a/libqiyutraceroute.so | lib/armeabi-v7a/libqiyutraceroute.so"
librsjni.so,2,"lib/arm64-v8a/librsjni.so | lib/armeabi-v7a/librsjni.so"
librsjni_androidx.so,2,"lib/arm64-v8a/librsjni_androidx.so | lib/armeabi-v7a/librsjni_androidx.so"
libscannative.so,2,"lib/arm64-v8a/libscannative.so | lib/armeabi-v7a/libscannative.so"
libsecuritydevice.so,2,"lib/arm64-v8a/libsecuritydevice.so | lib/armeabi-v7a/libsecuritydevice.so"
libsgcore.so,2,"lib/arm64-v8a/libsgcore.so | lib/armeabi-v7a/libsgcore.so"
libsmash.so,2,"lib/arm64-v8a/libsmash.so | lib/armeabi-v7a/libsmash.so"
libtoyger.so,2,"lib/arm64-v8a/libtoyger.so | lib/armeabi-v7a/libtoyger.so"
libumeng-spy.so,2,"lib/arm64-v8a/libumeng-spy.so | lib/armeabi-v7a/libumeng-spy.so"
libxnn.so,2,"lib/arm64-v8a/libxnn.so | lib/armeabi-v7a/libxnn.so"
libxnnloader.so,2,"lib/arm64-v8a/libxnnloader.so | lib/armeabi-v7a/libxnnloader.so"
libzkfv_tj.so,2,"lib/arm64-v8a/libzkfv_tj.so | lib/armeabi-v7a/libzkfv_tj.so"
material_timepicker_button_stroke.xml,2,"res/color-night-v8/material_timepicker_button_stroke.xml | res/color/material_timepicker_button_stroke.xml"
material_timepicker_clockface.xml,2,"res/color-night-v8/material_timepicker_clockface.xml | res/color/material_timepicker_clockface.xml"
material_timepicker_modebutton_tint.xml,2,"res/color-night-v8/material_timepicker_modebutton_tint.xml | res/color/material_timepicker_modebutton_tint.xml"